<?xml version="1.0" encoding="utf-8" standalone="no"?>
<billStatus>
  <version>3.0.0</version>
  <bill>
    <number>491</number>
    <updateDate>2023-01-11T13:47:52Z</updateDate>
    <updateDateIncludingText>2023-01-11T13:47:52Z</updateDateIncludingText>
    <originChamber>Senate</originChamber>
    <type>S</type>
    <introducedDate>2021-03-01</introducedDate>
    <congress>117</congress>
    <committees>
      <item>
        <systemCode>sseg00</systemCode>
        <name>Energy and Natural Resources Committee</name>
        <chamber>Senate</chamber>
        <type>Standing</type>
        <subcommittees>
          <item>
            <systemCode>sseg04</systemCode>
            <name>National Parks Subcommittee</name>
            <activities>
              <item>
                <name>Hearings by</name>
                <date>2021-06-23T14:00:24Z</date>
              </item>
            </activities>
          </item>
        </subcommittees>
        <activities>
          <item>
            <name>Reported by</name>
            <date>2021-12-16T22:15:15Z</date>
          </item>
          <item>
            <name>Markup by</name>
            <date>2021-11-18T15:09:33Z</date>
          </item>
          <item>
            <name>Referred to</name>
            <date>2021-03-01T21:00:40Z</date>
          </item>
        </activities>
      </item>
    </committees>
    <committeeReports>
      <committeeReport>
        <citation>S. Rept. 117-50</citation>
      </committeeReport>
    </committeeReports>
    <relatedBills>
      <item>
        <title>York River Wild and Scenic River Act of 2021</title>
        <congress>117</congress>
        <number>1469</number>
        <type>HR</type>
        <latestAction>
          <actionDate>2021-11-09</actionDate>
          <text>Subcommittee Hearings Held.</text>
        </latestAction>
        <relationshipDetails>
          <item>
            <type>Related bill</type>
            <identifiedBy>CRS</identifiedBy>
          </item>
        </relationshipDetails>
      </item>
    </relatedBills>
    <actions>
      <item>
        <actionDate>2021-12-16</actionDate>
        <sourceSystem>
          <name>Senate</name>
        </sourceSystem>
        <text>Placed on Senate Legislative Calendar under General Orders. Calendar No. 200.</text>
        <type>Calendars</type>
      </item>
      <item>
        <actionDate>2021-12-16</actionDate>
        <committees>
          <item>
            <systemCode>sseg00</systemCode>
            <name>Energy and Natural Resources Committee</name>
          </item>
        </committees>
        <sourceSystem>
          <name>Senate</name>
        </sourceSystem>
        <text>Committee on Energy and Natural Resources. Reported by Senator Manchin without amendment. With written report No. 117-50.</text>
        <type>Committee</type>
      </item>
      <item>
        <actionDate>2021-12-16</actionDate>
        <text>Committee on Energy and Natural Resources. Reported by Senator Manchin without amendment. With written report No. 117-50.</text>
        <type>Committee</type>
        <actionCode>14000</actionCode>
        <sourceSystem>
          <code>9</code>
          <name>Library of Congress</name>
        </sourceSystem>
        <committees>
          <item>
            <systemCode>sseg00</systemCode>
            <name>Energy and Natural Resources Committee</name>
          </item>
        </committees>
      </item>
      <item>
        <actionDate>2021-11-18</actionDate>
        <committees>
          <item>
            <systemCode>sseg00</systemCode>
            <name>Energy and Natural Resources Committee</name>
          </item>
        </committees>
        <sourceSystem>
          <name>Senate</name>
        </sourceSystem>
        <text>Committee on Energy and Natural Resources. Ordered to be reported without amendment favorably.</text>
        <type>Committee</type>
      </item>
      <item>
        <actionDate>2021-06-23</actionDate>
        <committees>
          <item>
            <systemCode>sseg04</systemCode>
            <name>National Parks Subcommittee</name>
          </item>
        </committees>
        <sourceSystem>
          <name>Senate</name>
        </sourceSystem>
        <text>Committee on Energy and Natural Resources Subcommittee on National Parks. Hearings held.</text>
        <type>Committee</type>
      </item>
      <item>
        <actionDate>2021-03-01</actionDate>
        <committees>
          <item>
            <systemCode>sseg00</systemCode>
            <name>Energy and Natural Resources Committee</name>
          </item>
        </committees>
        <sourceSystem>
          <name>Senate</name>
        </sourceSystem>
        <text>Read twice and referred to the Committee on Energy and Natural Resources.</text>
        <type>IntroReferral</type>
      </item>
      <item>
        <actionDate>2021-03-01</actionDate>
        <text>Introduced in Senate</text>
        <type>IntroReferral</type>
        <actionCode>10000</actionCode>
        <sourceSystem>
          <code>9</code>
          <name>Library of Congress</name>
        </sourceSystem>
      </item>
    </actions>
    <sponsors>
      <item>
        <bioguideId>K000383</bioguideId>
        <fullName>Sen. King, Angus S., Jr. [I-ME]</fullName>
        <firstName>Angus</firstName>
        <lastName>King</lastName>
        <party>I</party>
        <state>ME</state>
        <identifiers>
          <bioguideId>K000383</bioguideId>
        </identifiers>
        <middleName>S.</middleName>
        <isByRequest>N</isByRequest>
      </item>
    </sponsors>
    <cosponsors>
      <item>
        <bioguideId>C001035</bioguideId>
        <fullName>Sen. Collins, Susan M. [R-ME]</fullName>
        <firstName>Susan</firstName>
        <lastName>Collins</lastName>
        <party>R</party>
        <state>ME</state>
        <identifiers>
          <bioguideId>C001035</bioguideId>
        </identifiers>
        <middleName>M.</middleName>
        <sponsorshipDate>2021-03-01</sponsorshipDate>
        <isOriginalCosponsor>True</isOriginalCosponsor>
      </item>
    </cosponsors>
    <cboCostEstimates>
      <item>
        <pubDate>2022-02-24T21:38:00Z</pubDate>
        <title>S. 491, York River Wild and Scenic River Act of 2021</title>
        <url>https://www.cbo.gov/publication/57871</url>
        <description>As reported by the Senate Committee on Energy and Natural Resources on December 16, 2021</description>
      </item>
    </cboCostEstimates>
    <policyArea>
      <name>Public Lands and Natural Resources</name>
    </policyArea>
    <subjects>
      <legislativeSubjects>
        <item>
          <name>Lakes and rivers</name>
        </item>
        <item>
          <name>Land transfers</name>
        </item>
        <item>
          <name>Land use and conservation</name>
        </item>
        <item>
          <name>Maine</name>
        </item>
        <item>
          <name>Wilderness and natural areas, wildlife refuges, wild rivers, habitats</name>
        </item>
      </legislativeSubjects>
      <policyArea>
        <name>Public Lands and Natural Resources</name>
      </policyArea>
    </subjects>
    <summaries>
      <summary>
        <versionCode>00</versionCode>
        <actionDate>2021-03-01</actionDate>
        <actionDesc>Introduced in Senate</actionDesc>
        <updateDate>2021-03-25T16:55:36Z</updateDate>
        <text>
          <![CDATA[ <p><b>York River Wild and Scenic River Act of 2021</b></p> <p>This bill designates specified segments of the main stem and the tributaries of the York River in Maine as a recreational river.</p> <p>The Department of the Interior may enter into cooperative agreements to provide for the long-term protection, preservation, and enhancement of the river segments. </p> <p>No land or interest in land within the watersheds of the river segments may be acquired by condemnation. </p>]]>
        </text>
      </summary>
      <summary>
        <versionCode>25</versionCode>
        <actionDate>2021-12-16</actionDate>
        <actionDesc>Reported to Senate</actionDesc>
        <updateDate>2021-12-24T02:41:48Z</updateDate>
        <text>
          <![CDATA[ <p><b>York River Wild and Scenic River Act of 2021</b></p> <p>This bill designates specified segments of the main stem and the tributaries of the York River in Maine as a recreational river.</p> <p>The Department of the Interior may enter into cooperative agreements to provide for the long-term protection, preservation, and enhancement of the river segments. </p> <p>No land or interest in land within the watersheds of the river segments may be acquired by condemnation. </p>]]>
        </text>
      </summary>
    </summaries>
    <title>York River Wild and Scenic River Act of 2021</title>
    <titles>
      <item>
        <titleType>Display Title</titleType>
        <title>York River Wild and Scenic River Act of 2021</title>
      </item>
      <item>
        <titleType>Official Title as Introduced</titleType>
        <title>A bill to amend the Wild and Scenic Rivers Act to designate certain river segments in the York River watershed in the State of Maine as components of the National Wild and Scenic Rivers System, and for other purposes.</title>
        <billTextVersionName>Introduced in Senate</billTextVersionName>
        <billTextVersionCode>IS</billTextVersionCode>
      </item>
      <item>
        <titleType>Short Title(s) as Introduced</titleType>
        <title>York River Wild and Scenic River Act of 2021</title>
        <billTextVersionName>Introduced in Senate</billTextVersionName>
        <billTextVersionCode>IS</billTextVersionCode>
      </item>
      <item>
        <titleType>Short Title(s) as Reported to Senate</titleType>
        <title>York River Wild and Scenic River Act of 2021</title>
        <chamberCode>S</chamberCode>
        <chamberName>Senate</chamberName>
        <billTextVersionName>Reported to Senate</billTextVersionName>
        <billTextVersionCode>RS</billTextVersionCode>
      </item>
    </titles>
    <textVersions>
      <item>
        <type>Reported to Senate</type>
        <date>2021-12-16T05:00:00Z</date>
        <formats>
          <item>
            <url>https://www.govinfo.gov/content/pkg/BILLS-117s491rs/xml/BILLS-117s491rs.xml</url>
          </item>
        </formats>
      </item>
      <item>
        <type>Introduced in Senate</type>
        <date>2021-03-01T05:00:00Z</date>
        <formats>
          <item>
            <url>https://www.govinfo.gov/content/pkg/BILLS-117s491is/xml/BILLS-117s491is.xml</url>
          </item>
        </formats>
      </item>
      <item>
        <date/>
        <formats/>
        <type/>
      </item>
    </textVersions>
    <latestAction>
      <actionDate>2021-12-16</actionDate>
      <text>Placed on Senate Legislative Calendar under General Orders. Calendar No. 200.</text>
    </latestAction>
  </bill>
  <dublinCore xmlns:dc="http://purl.org/dc/elements/1.1/">
    <dc:format>text/xml</dc:format>
    <dc:language>EN</dc:language>
    <dc:rights>Pursuant to Title 17 Section 105 of the United States Code, this file is not subject to copyright protection and is in the public domain.</dc:rights>
    <dc:contributor>Congressional Research Service, Library of Congress</dc:contributor>
    <dc:description>This file contains bill summaries and statuses for federal legislation. A bill summary describes the most significant provisions of a piece of legislation and details the effects the legislative text may have on current law and federal programs. Bill summaries are authored by the Congressional Research Service (CRS) of the Library of Congress. As stated in Public Law 91-510 (2 USC 166 (d)(6)), one of the duties of CRS is "to prepare summaries and digests of bills and resolutions of a public general nature introduced in the Senate or House of Representatives". For more information, refer to the User Guide that accompanies this file.</dc:description>
  </dublinCore>
</billStatus>
