<?xml version="1.0" encoding="utf-8" standalone="no"?>
<billStatus>
  <version>3.0.0</version>
  <bill>
    <number>358</number>
    <updateDate>2023-01-11T13:46:34Z</updateDate>
    <updateDateIncludingText>2023-01-11T13:46:34Z</updateDateIncludingText>
    <originChamber>Senate</originChamber>
    <type>S</type>
    <introducedDate>2021-02-23</introducedDate>
    <congress>117</congress>
    <committees>
      <item>
        <systemCode>slia00</systemCode>
        <name>Indian Affairs Committee</name>
        <chamber>Senate</chamber>
        <type>Other</type>
        <activities>
          <item>
            <name>Referred to</name>
            <date>2021-02-23T16:27:54Z</date>
          </item>
        </activities>
      </item>
    </committees>
    <relatedBills>
      <item>
        <title>Tribal Transportation Equity and Transparency Improvement Act of 2021</title>
        <congress>117</congress>
        <number>4093</number>
        <type>HR</type>
        <latestAction>
          <actionDate>2021-07-22</actionDate>
          <text>Referred to the Subcommittee for Indigenous Peoples of the United States.</text>
        </latestAction>
        <relationshipDetails>
          <item>
            <type>Identical bill</type>
            <identifiedBy>CRS</identifiedBy>
          </item>
        </relationshipDetails>
      </item>
    </relatedBills>
    <actions>
      <item>
        <actionDate>2021-02-23</actionDate>
        <committees>
          <item>
            <systemCode>slia00</systemCode>
            <name>Indian Affairs Committee</name>
          </item>
        </committees>
        <sourceSystem>
          <name>Senate</name>
        </sourceSystem>
        <text>Read twice and referred to the Committee on Indian Affairs.</text>
        <type>IntroReferral</type>
      </item>
      <item>
        <actionDate>2021-02-23</actionDate>
        <text>Introduced in Senate</text>
        <type>IntroReferral</type>
        <actionCode>10000</actionCode>
        <sourceSystem>
          <code>9</code>
          <name>Library of Congress</name>
        </sourceSystem>
      </item>
    </actions>
    <sponsors>
      <item>
        <bioguideId>T000250</bioguideId>
        <fullName>Sen. Thune, John [R-SD]</fullName>
        <firstName>John</firstName>
        <lastName>Thune</lastName>
        <party>R</party>
        <state>SD</state>
        <identifiers>
          <bioguideId>T000250</bioguideId>
        </identifiers>
        <middleName>R.</middleName>
        <isByRequest>N</isByRequest>
      </item>
    </sponsors>
    <cosponsors>
      <item>
        <bioguideId>S001191</bioguideId>
        <fullName>Sen. Sinema, Kyrsten [D-AZ]</fullName>
        <firstName>Kyrsten</firstName>
        <lastName>Sinema</lastName>
        <party>D</party>
        <state>AZ</state>
        <identifiers>
          <bioguideId>S001191</bioguideId>
        </identifiers>
        <sponsorshipDate>2021-02-23</sponsorshipDate>
        <isOriginalCosponsor>True</isOriginalCosponsor>
      </item>
    </cosponsors>
    <policyArea>
      <name>Native Americans</name>
    </policyArea>
    <subjects>
      <legislativeSubjects>
        <item>
          <name>Advisory bodies</name>
        </item>
        <item>
          <name>Congressional oversight</name>
        </item>
        <item>
          <name>Disaster relief and insurance</name>
        </item>
        <item>
          <name>Federal-Indian relations</name>
        </item>
        <item>
          <name>Government information and archives</name>
        </item>
        <item>
          <name>Government studies and investigations</name>
        </item>
        <item>
          <name>Indian lands and resources rights</name>
        </item>
        <item>
          <name>Natural disasters</name>
        </item>
        <item>
          <name>Public transit</name>
        </item>
        <item>
          <name>Roads and highways</name>
        </item>
        <item>
          <name>Transportation programs funding</name>
        </item>
        <item>
          <name>Transportation safety and security</name>
        </item>
      </legislativeSubjects>
      <policyArea>
        <name>Native Americans</name>
      </policyArea>
    </subjects>
    <summaries>
      <summary>
        <versionCode>00</versionCode>
        <actionDate>2021-02-23</actionDate>
        <actionDesc>Introduced in Senate</actionDesc>
        <updateDate>2021-03-24T19:02:48Z</updateDate>
        <text>
          <![CDATA[ <p><b>Tribal Transportation Equity and Transparency Improvement Act of 2021</b></p> <p>This bill revises certain programs related to tribal transportation.</p> <p>First, the bill revises the Tribal Transportation Program (TTP) by directing the Department of the Interior to (1) request proposals from Indian tribes to include additional transportation facilities in the National Tribal Transportation Facility Inventory, and (2) ensure that all nonconfidential information from the inventory is made available on its website.</p> <p>Next, the bill specifies that funding allocations (i.e., tribal shares) under the TTP must be determined using the facility inventory for the most recent fiscal year for which data is available instead of using FY2012 data. It also requires each Indian tribe that intends to include a proposed road in the inventory to complete and submit certain documentation for the road.</p> <p>It also requires independent audits by the inspectors general of Interior and the Department of Transportation, as well as the Government Accountability Office, to review the administration of the TTP.</p> <p>Additionally, the bill permits Indian tribes to use funds for carrying out highway safety programs in cooperation with states, counties, and other local subdivisions.</p> <p>It also increases the federal share for Indian tribes under the Nationally Significant Federal Lands and Tribal Projects Program and allows Indian tribes to use planning and design funds for grant applications under the program.</p> <p>Finally, the bill establishes the Tribal Transportation Advisory Committee, which must provide advice to Interior and study issues related to tribal transportation.</p>]]>
        </text>
      </summary>
    </summaries>
    <title>Tribal Transportation Equity and Transparency Improvement Act of 2021</title>
    <titles>
      <item>
        <titleType>Display Title</titleType>
        <title>Tribal Transportation Equity and Transparency Improvement Act of 2021</title>
      </item>
      <item>
        <titleType>Official Title as Introduced</titleType>
        <title>A bill to amend title 23, United States Code, to modify the distribution of funds under the tribal transportation program, and for other purposes.</title>
        <billTextVersionName>Introduced in Senate</billTextVersionName>
        <billTextVersionCode>IS</billTextVersionCode>
      </item>
      <item>
        <titleType>Short Title(s) as Introduced</titleType>
        <title>Tribal Transportation Equity and Transparency Improvement Act of 2021</title>
        <billTextVersionName>Introduced in Senate</billTextVersionName>
        <billTextVersionCode>IS</billTextVersionCode>
      </item>
    </titles>
    <textVersions>
      <item>
        <type>Introduced in Senate</type>
        <date>2021-02-23T05:00:00Z</date>
        <formats>
          <item>
            <url>https://www.govinfo.gov/content/pkg/BILLS-117s358is/xml/BILLS-117s358is.xml</url>
          </item>
        </formats>
      </item>
      <item>
        <date/>
        <formats/>
        <type/>
      </item>
    </textVersions>
    <latestAction>
      <actionDate>2021-02-23</actionDate>
      <text>Read twice and referred to the Committee on Indian Affairs.</text>
    </latestAction>
  </bill>
  <dublinCore xmlns:dc="http://purl.org/dc/elements/1.1/">
    <dc:format>text/xml</dc:format>
    <dc:language>EN</dc:language>
    <dc:rights>Pursuant to Title 17 Section 105 of the United States Code, this file is not subject to copyright protection and is in the public domain.</dc:rights>
    <dc:contributor>Congressional Research Service, Library of Congress</dc:contributor>
    <dc:description>This file contains bill summaries and statuses for federal legislation. A bill summary describes the most significant provisions of a piece of legislation and details the effects the legislative text may have on current law and federal programs. Bill summaries are authored by the Congressional Research Service (CRS) of the Library of Congress. As stated in Public Law 91-510 (2 USC 166 (d)(6)), one of the duties of CRS is "to prepare summaries and digests of bills and resolutions of a public general nature introduced in the Senate or House of Representatives". For more information, refer to the User Guide that accompanies this file.</dc:description>
  </dublinCore>
</billStatus>
