<?xml version="1.0" encoding="utf-8" standalone="no"?>
<billStatus>
  <version>3.0.0</version>
  <bill>
    <number>623</number>
    <updateDate>2023-01-11T13:47:47Z</updateDate>
    <updateDateIncludingText>2023-01-11T13:47:47Z</updateDateIncludingText>
    <originChamber>Senate</originChamber>
    <type>S</type>
    <introducedDate>2021-03-09</introducedDate>
    <congress>117</congress>
    <committees>
      <item>
        <systemCode>sscm00</systemCode>
        <name>Commerce, Science, and Transportation Committee</name>
        <chamber>Senate</chamber>
        <type>Standing</type>
        <activities>
          <item>
            <name>Discharged from</name>
            <date>2022-03-15T18:34:18Z</date>
          </item>
          <item>
            <name>Referred to</name>
            <date>2021-03-09T21:54:34Z</date>
          </item>
        </activities>
      </item>
    </committees>
    <relatedBills>
      <item>
        <title>Sunshine Protection Act of 2021</title>
        <congress>117</congress>
        <number>69</number>
        <type>HR</type>
        <latestAction>
          <actionDate>2022-12-15</actionDate>
          <text>Motion to Discharge Committee filed by Mr. Mooney. Petition No: 117-18.</text>
        </latestAction>
        <relationshipDetails>
          <item>
            <type>Identical bill</type>
            <identifiedBy>CRS</identifiedBy>
          </item>
        </relationshipDetails>
      </item>
    </relatedBills>
    <actions>
      <item>
        <actionDate>2022-03-16</actionDate>
        <actionTime>10:03:23</actionTime>
        <text>Held at the desk.</text>
        <type>Floor</type>
        <actionCode>H15000</actionCode>
        <sourceSystem>
          <code>2</code>
          <name>House floor actions</name>
        </sourceSystem>
      </item>
      <item>
        <actionDate>2022-03-16</actionDate>
        <actionTime>10:01:25</actionTime>
        <text>Received in the House.</text>
        <type>Floor</type>
        <actionCode>H14000</actionCode>
        <sourceSystem>
          <code>2</code>
          <name>House floor actions</name>
        </sourceSystem>
      </item>
      <item>
        <actionDate>2022-03-16</actionDate>
        <sourceSystem>
          <name>Senate</name>
        </sourceSystem>
        <text>Message on Senate action sent to the House.</text>
        <type>Floor</type>
      </item>
      <item>
        <actionDate>2022-03-15</actionDate>
        <sourceSystem>
          <name>Senate</name>
        </sourceSystem>
        <text>Passed Senate with an amendment by Unanimous Consent.</text>
        <type>Floor</type>
      </item>
      <item>
        <actionDate>2022-03-15</actionDate>
        <text>Passed/agreed to in Senate: Passed Senate with an amendment by Unanimous Consent.</text>
        <type>Floor</type>
        <actionCode>17000</actionCode>
        <sourceSystem>
          <code>9</code>
          <name>Library of Congress</name>
        </sourceSystem>
      </item>
      <item>
        <actionDate>2022-03-15</actionDate>
        <sourceSystem>
          <name>Senate</name>
        </sourceSystem>
        <text>Measure laid before Senate by unanimous consent. (consideration: CR S1165-1167)</text>
        <type>Floor</type>
      </item>
      <item>
        <actionDate>2022-03-15</actionDate>
        <committees>
          <item>
            <systemCode>sscm00</systemCode>
            <name>Commerce, Science, and Transportation Committee</name>
          </item>
        </committees>
        <sourceSystem>
          <name>Senate</name>
        </sourceSystem>
        <text>Senate Committee on Commerce, Science, and Transportation discharged by Unanimous Consent.</text>
        <type>Discharge</type>
      </item>
      <item>
        <actionDate>2022-03-15</actionDate>
        <text>Senate Committee on Commerce, Science, and Transportation discharged by Unanimous Consent.</text>
        <type>Committee</type>
        <actionCode>14500</actionCode>
        <sourceSystem>
          <code>9</code>
          <name>Library of Congress</name>
        </sourceSystem>
        <committees>
          <item>
            <systemCode>sscm00</systemCode>
            <name>Commerce, Science, and Transportation Committee</name>
          </item>
        </committees>
      </item>
      <item>
        <actionDate>2021-03-09</actionDate>
        <committees>
          <item>
            <systemCode>sscm00</systemCode>
            <name>Commerce, Science, and Transportation Committee</name>
          </item>
        </committees>
        <sourceSystem>
          <name>Senate</name>
        </sourceSystem>
        <text>Read twice and referred to the Committee on Commerce, Science, and Transportation.</text>
        <type>IntroReferral</type>
      </item>
      <item>
        <actionDate>2021-03-09</actionDate>
        <text>Introduced in Senate</text>
        <type>IntroReferral</type>
        <actionCode>10000</actionCode>
        <sourceSystem>
          <code>9</code>
          <name>Library of Congress</name>
        </sourceSystem>
      </item>
    </actions>
    <sponsors>
      <item>
        <bioguideId>R000595</bioguideId>
        <fullName>Sen. Rubio, Marco [R-FL]</fullName>
        <firstName>Marco</firstName>
        <lastName>Rubio</lastName>
        <party>R</party>
        <state>FL</state>
        <identifiers>
          <bioguideId>R000595</bioguideId>
        </identifiers>
        <isByRequest>N</isByRequest>
      </item>
    </sponsors>
    <cosponsors>
      <item>
        <bioguideId>L000575</bioguideId>
        <fullName>Sen. Lankford, James [R-OK]</fullName>
        <firstName>James</firstName>
        <lastName>Lankford</lastName>
        <party>R</party>
        <state>OK</state>
        <identifiers>
          <bioguideId>L000575</bioguideId>
        </identifiers>
        <sponsorshipDate>2021-03-09</sponsorshipDate>
        <isOriginalCosponsor>True</isOriginalCosponsor>
      </item>
      <item>
        <bioguideId>B000575</bioguideId>
        <fullName>Sen. Blunt, Roy [R-MO]</fullName>
        <firstName>Roy</firstName>
        <lastName>Blunt</lastName>
        <party>R</party>
        <state>MO</state>
        <identifiers>
          <bioguideId>B000575</bioguideId>
        </identifiers>
        <sponsorshipDate>2021-03-09</sponsorshipDate>
        <isOriginalCosponsor>True</isOriginalCosponsor>
      </item>
      <item>
        <bioguideId>W000802</bioguideId>
        <fullName>Sen. Whitehouse, Sheldon [D-RI]</fullName>
        <firstName>Sheldon</firstName>
        <lastName>Whitehouse</lastName>
        <party>D</party>
        <state>RI</state>
        <identifiers>
          <bioguideId>W000802</bioguideId>
        </identifiers>
        <sponsorshipDate>2021-03-09</sponsorshipDate>
        <isOriginalCosponsor>True</isOriginalCosponsor>
      </item>
      <item>
        <bioguideId>W000779</bioguideId>
        <fullName>Sen. Wyden, Ron [D-OR]</fullName>
        <firstName>Ron</firstName>
        <lastName>Wyden</lastName>
        <party>D</party>
        <state>OR</state>
        <identifiers>
          <bioguideId>W000779</bioguideId>
        </identifiers>
        <sponsorshipDate>2021-03-09</sponsorshipDate>
        <isOriginalCosponsor>True</isOriginalCosponsor>
      </item>
      <item>
        <bioguideId>S001217</bioguideId>
        <fullName>Sen. Scott, Rick [R-FL]</fullName>
        <firstName>Rick</firstName>
        <lastName>Scott</lastName>
        <party>R</party>
        <state>FL</state>
        <identifiers>
          <bioguideId>S001217</bioguideId>
        </identifiers>
        <sponsorshipDate>2021-03-09</sponsorshipDate>
        <isOriginalCosponsor>True</isOriginalCosponsor>
      </item>
      <item>
        <bioguideId>H001079</bioguideId>
        <fullName>Sen. Hyde-Smith, Cindy [R-MS]</fullName>
        <firstName>Cindy</firstName>
        <lastName>Hyde-Smith</lastName>
        <party>R</party>
        <state>MS</state>
        <identifiers>
          <bioguideId>H001079</bioguideId>
        </identifiers>
        <sponsorshipDate>2021-03-09</sponsorshipDate>
        <isOriginalCosponsor>True</isOriginalCosponsor>
      </item>
      <item>
        <bioguideId>M000133</bioguideId>
        <fullName>Sen. Markey, Edward J. [D-MA]</fullName>
        <firstName>Edward</firstName>
        <lastName>Markey</lastName>
        <party>D</party>
        <state>MA</state>
        <identifiers>
          <bioguideId>M000133</bioguideId>
        </identifiers>
        <middleName>J.</middleName>
        <sponsorshipDate>2021-03-09</sponsorshipDate>
        <isOriginalCosponsor>True</isOriginalCosponsor>
      </item>
      <item>
        <bioguideId>H000601</bioguideId>
        <fullName>Sen. Hagerty, Bill [R-TN]</fullName>
        <firstName>Bill</firstName>
        <lastName>Hagerty</lastName>
        <party>R</party>
        <state>TN</state>
        <identifiers>
          <bioguideId>H000601</bioguideId>
        </identifiers>
        <sponsorshipDate>2021-03-09</sponsorshipDate>
        <isOriginalCosponsor>True</isOriginalCosponsor>
      </item>
      <item>
        <bioguideId>I000024</bioguideId>
        <fullName>Sen. Inhofe, James M. [R-OK]</fullName>
        <firstName>Jim</firstName>
        <lastName>Inhofe</lastName>
        <party>R</party>
        <state>OK</state>
        <identifiers>
          <bioguideId>I000024</bioguideId>
        </identifiers>
        <sponsorshipDate>2021-03-10</sponsorshipDate>
        <isOriginalCosponsor>False</isOriginalCosponsor>
      </item>
      <item>
        <bioguideId>M001111</bioguideId>
        <fullName>Sen. Murray, Patty [D-WA]</fullName>
        <firstName>Patty</firstName>
        <lastName>Murray</lastName>
        <party>D</party>
        <state>WA</state>
        <identifiers>
          <bioguideId>M001111</bioguideId>
        </identifiers>
        <sponsorshipDate>2021-03-16</sponsorshipDate>
        <isOriginalCosponsor>False</isOriginalCosponsor>
      </item>
      <item>
        <bioguideId>P000145</bioguideId>
        <fullName>Sen. Padilla, Alex [D-CA]</fullName>
        <firstName>Alex</firstName>
        <lastName>Padilla</lastName>
        <party>D</party>
        <state>CA</state>
        <identifiers>
          <bioguideId>P000145</bioguideId>
        </identifiers>
        <sponsorshipDate>2021-03-16</sponsorshipDate>
        <isOriginalCosponsor>False</isOriginalCosponsor>
      </item>
      <item>
        <bioguideId>B001243</bioguideId>
        <fullName>Sen. Blackburn, Marsha [R-TN]</fullName>
        <firstName>Marsha</firstName>
        <lastName>Blackburn</lastName>
        <party>R</party>
        <state>TN</state>
        <identifiers>
          <bioguideId>B001243</bioguideId>
        </identifiers>
        <sponsorshipDate>2021-03-16</sponsorshipDate>
        <isOriginalCosponsor>False</isOriginalCosponsor>
      </item>
      <item>
        <bioguideId>H001046</bioguideId>
        <fullName>Sen. Heinrich, Martin [D-NM]</fullName>
        <firstName>Martin</firstName>
        <lastName>Heinrich</lastName>
        <party>D</party>
        <state>NM</state>
        <identifiers>
          <bioguideId>H001046</bioguideId>
        </identifiers>
        <middleName>T.</middleName>
        <sponsorshipDate>2021-03-24</sponsorshipDate>
        <isOriginalCosponsor>False</isOriginalCosponsor>
      </item>
      <item>
        <bioguideId>T000461</bioguideId>
        <fullName>Sen. Toomey, Patrick [R-PA]</fullName>
        <firstName>Patrick</firstName>
        <lastName>Toomey</lastName>
        <party>R</party>
        <state>PA</state>
        <identifiers>
          <bioguideId>T000461</bioguideId>
        </identifiers>
        <middleName>J.</middleName>
        <sponsorshipDate>2021-03-25</sponsorshipDate>
        <isOriginalCosponsor>False</isOriginalCosponsor>
      </item>
      <item>
        <bioguideId>F000062</bioguideId>
        <fullName>Sen. Feinstein, Dianne [D-CA]</fullName>
        <firstName>Dianne</firstName>
        <lastName>Feinstein</lastName>
        <party>D</party>
        <state>CA</state>
        <identifiers>
          <bioguideId>F000062</bioguideId>
        </identifiers>
        <sponsorshipDate>2021-11-16</sponsorshipDate>
        <isOriginalCosponsor>False</isOriginalCosponsor>
      </item>
      <item>
        <bioguideId>T000278</bioguideId>
        <fullName>Sen. Tuberville, Tommy [R-AL]</fullName>
        <firstName>Tommy</firstName>
        <lastName>Tuberville</lastName>
        <party>R</party>
        <state>AL</state>
        <identifiers>
          <bioguideId>T000278</bioguideId>
        </identifiers>
        <sponsorshipDate>2022-02-01</sponsorshipDate>
        <isOriginalCosponsor>False</isOriginalCosponsor>
      </item>
      <item>
        <bioguideId>B001288</bioguideId>
        <fullName>Sen. Booker, Cory A. [D-NJ]</fullName>
        <firstName>Cory</firstName>
        <lastName>Booker</lastName>
        <party>D</party>
        <state>NJ</state>
        <identifiers>
          <bioguideId>B001288</bioguideId>
        </identifiers>
        <sponsorshipDate>2022-03-14</sponsorshipDate>
        <isOriginalCosponsor>False</isOriginalCosponsor>
      </item>
      <item>
        <bioguideId>P000603</bioguideId>
        <fullName>Sen. Paul, Rand [R-KY]</fullName>
        <firstName>Rand</firstName>
        <lastName>Paul</lastName>
        <party>R</party>
        <state>KY</state>
        <identifiers>
          <bioguideId>P000603</bioguideId>
        </identifiers>
        <sponsorshipDate>2022-03-15</sponsorshipDate>
        <isOriginalCosponsor>False</isOriginalCosponsor>
      </item>
    </cosponsors>
    <policyArea>
      <name>Science, Technology, Communications</name>
    </policyArea>
    <subjects>
      <legislativeSubjects>
        <item>
          <name>State and local government operations</name>
        </item>
        <item>
          <name>Time and calendar</name>
        </item>
      </legislativeSubjects>
      <policyArea>
        <name>Science, Technology, Communications</name>
      </policyArea>
    </subjects>
    <summaries>
      <summary>
        <versionCode>00</versionCode>
        <actionDate>2021-03-09</actionDate>
        <actionDesc>Introduced in Senate</actionDesc>
        <updateDate>2021-04-22T16:46:23Z</updateDate>
        <text>
          <![CDATA[ <p><b>Sunshine Protection Act of 2021</b></p> <p>This bill makes daylight saving time the new, permanent standard time.</p> <p>States with areas exempt from daylight saving time may choose the standard time for those areas.</p>]]>
        </text>
      </summary>
      <summary>
        <versionCode>55</versionCode>
        <actionDate>2022-03-15</actionDate>
        <actionDesc>Passed Senate</actionDesc>
        <updateDate>2022-03-17T14:21:19Z</updateDate>
        <text>
          <![CDATA[ <p><b>Sunshine Protection Act of 2021</b></p> <p>This bill makes daylight saving time the new, permanent standard time, effective November 5, 2023.</p> <p>States with areas exempt from daylight saving time may choose the standard time for those areas.</p>]]>
        </text>
      </summary>
    </summaries>
    <title>Sunshine Protection Act of 2021</title>
    <titles>
      <item>
        <titleType>Display Title</titleType>
        <title>Sunshine Protection Act of 2021</title>
      </item>
      <item>
        <titleType>Official Title as Introduced</titleType>
        <title>A bill to make daylight saving time permanent, and for other purposes.</title>
        <billTextVersionName>Introduced in Senate</billTextVersionName>
        <billTextVersionCode>IS</billTextVersionCode>
      </item>
      <item>
        <titleType>Short Title(s) as Passed Senate</titleType>
        <title>Sunshine Protection Act of 2021</title>
        <chamberCode>S</chamberCode>
        <chamberName>Senate</chamberName>
        <billTextVersionName>Engrossed in Senate</billTextVersionName>
        <billTextVersionCode>ES</billTextVersionCode>
      </item>
      <item>
        <titleType>Short Title(s) as Introduced</titleType>
        <title>Sunshine Protection Act of 2021</title>
        <billTextVersionName>Introduced in Senate</billTextVersionName>
        <billTextVersionCode>IS</billTextVersionCode>
      </item>
    </titles>
    <amendments>
      <amendment>
        <number>5000</number>
        <congress>117</congress>
        <type>SAMDT</type>
        <purpose>In the nature of a substitute.</purpose>
        <updateDate>2022-03-16T14:31:16Z</updateDate>
        <number>5000</number>
        <congress>117</congress>
        <type>SAMDT</type>
        <purpose>In the nature of a substitute.</purpose>
        <updateDate>2022-03-16T04:16:18Z</updateDate>
        <latestAction>
          <actionDate>2022-03-15</actionDate>
          <text>Amendment SA 5000 agreed to in Senate by Unanimous Consent.</text>
          <links>
            <link>
              <name>SA 5000</name>
              <url>https://www.congress.gov/amendment/117th-congress/senate-amendment/5000</url>
            </link>
          </links>
        </latestAction>
        <sponsors>
          <item>
            <bioguideId>R000595</bioguideId>
            <fullName>Sen. Rubio, Marco [R-FL]</fullName>
            <firstName>Marco</firstName>
            <lastName>Rubio</lastName>
            <party>R</party>
            <state>FL</state>
            <identifiers>
              <bioguideId>R000595</bioguideId>
            </identifiers>
          </item>
        </sponsors>
        <proposedDate>2022-03-15T04:00:00Z</proposedDate>
        <submittedDate>2022-03-15T04:00:00Z</submittedDate>
        <chamber>Senate</chamber>
        <amendedBill>
          <congress>117</congress>
          <type>S</type>
          <originChamber>Senate</originChamber>
          <originChamberCode>S</originChamberCode>
          <number>623</number>
          <title>Sunshine Protection Act of 2021</title>
          <updateDateIncludingText>2023-01-11T13:47:47Z</updateDateIncludingText>
        </amendedBill>
        <actions>
          <count>6</count>
          <actions>
            <item>
              <actionDate>2022-03-15</actionDate>
              <sourceSystem>
                <code>0</code>
                <name>Senate</name>
              </sourceSystem>
              <text>Amendment SA 5000 agreed to in Senate by Unanimous Consent.</text>
              <type>Floor</type>
            </item>
            <item>
              <actionDate>2022-03-15</actionDate>
              <sourceSystem>
                <code>0</code>
                <name>Senate</name>
              </sourceSystem>
              <text>Amendment SA 5000 proposed by Senator Rubio. (consideration: CR S1165; text: CR S1165) In the nature of a substitute.</text>
              <type>Floor</type>
            </item>
            <item>
              <actionDate>2022-03-15</actionDate>
            </item>
            <item>
              <actionDate>2022-03-15</actionDate>
              <text>Senate amendment submitted</text>
              <type>Floor</type>
              <actionCode>91000</actionCode>
              <sourceSystem>
                <code>9</code>
                <name>Library of Congress</name>
              </sourceSystem>
            </item>
            <item>
              <actionDate>2022-03-15</actionDate>
              <text>Senate amendment proposed (on the floor): Amendment SA 5000 proposed by Senator Rubio.</text>
              <type>Floor</type>
              <actionCode>93000</actionCode>
              <sourceSystem>
                <code>9</code>
                <name>Library of Congress</name>
              </sourceSystem>
            </item>
            <item>
              <actionDate>2022-03-15</actionDate>
              <text>Senate amendment agreed to: Amendment SA 5000 agreed to in Senate by Unanimous Consent.</text>
              <type>Floor</type>
              <actionCode>94000</actionCode>
              <sourceSystem>
                <code>9</code>
                <name>Library of Congress</name>
              </sourceSystem>
            </item>
          </actions>
        </actions>
      </amendment>
    </amendments>
    <textVersions>
      <item>
        <type>Engrossed in Senate</type>
        <date>2022-03-15T04:00:00Z</date>
        <formats>
          <item>
            <url>https://www.govinfo.gov/content/pkg/BILLS-117s623es/xml/BILLS-117s623es.xml</url>
          </item>
        </formats>
      </item>
      <item>
        <type>Introduced in Senate</type>
        <date>2021-03-09T05:00:00Z</date>
        <formats>
          <item>
            <url>https://www.govinfo.gov/content/pkg/BILLS-117s623is/xml/BILLS-117s623is.xml</url>
          </item>
        </formats>
      </item>
      <item>
        <date/>
        <formats/>
        <type/>
      </item>
    </textVersions>
    <latestAction>
      <actionDate>2022-03-16</actionDate>
      <text>Held at the desk.</text>
      <actionTime>10:03:23</actionTime>
    </latestAction>
  </bill>
  <dublinCore xmlns:dc="http://purl.org/dc/elements/1.1/">
    <dc:format>text/xml</dc:format>
    <dc:language>EN</dc:language>
    <dc:rights>Pursuant to Title 17 Section 105 of the United States Code, this file is not subject to copyright protection and is in the public domain.</dc:rights>
    <dc:contributor>Congressional Research Service, Library of Congress</dc:contributor>
    <dc:description>This file contains bill summaries and statuses for federal legislation. A bill summary describes the most significant provisions of a piece of legislation and details the effects the legislative text may have on current law and federal programs. Bill summaries are authored by the Congressional Research Service (CRS) of the Library of Congress. As stated in Public Law 91-510 (2 USC 166 (d)(6)), one of the duties of CRS is "to prepare summaries and digests of bills and resolutions of a public general nature introduced in the Senate or House of Representatives". For more information, refer to the User Guide that accompanies this file.</dc:description>
  </dublinCore>
</billStatus>
