<?xml version="1.0" encoding="utf-8" standalone="no"?>
<billStatus>
  <version>3.0.0</version>
  <bill>
    <number>448</number>
    <updateDate>2023-01-11T13:46:31Z</updateDate>
    <updateDateIncludingText>2023-01-11T13:46:31Z</updateDateIncludingText>
    <originChamber>Senate</originChamber>
    <type>S</type>
    <introducedDate>2021-02-25</introducedDate>
    <congress>117</congress>
    <committees>
      <item>
        <systemCode>ssfi00</systemCode>
        <name>Finance Committee</name>
        <chamber>Senate</chamber>
        <type>Standing</type>
        <activities>
          <item>
            <name>Referred to</name>
            <date>2021-02-25T18:01:30Z</date>
          </item>
        </activities>
      </item>
    </committees>
    <relatedBills>
      <item>
        <title>Ensuring Kids Have Access to Medically Necessary Dental Care Act</title>
        <congress>117</congress>
        <number>1792</number>
        <type>HR</type>
        <latestAction>
          <actionDate>2021-03-12</actionDate>
          <text>Referred to the Subcommittee on Health.</text>
        </latestAction>
        <relationshipDetails>
          <item>
            <type>Identical bill</type>
            <identifiedBy>CRS</identifiedBy>
          </item>
        </relationshipDetails>
      </item>
    </relatedBills>
    <actions>
      <item>
        <actionDate>2021-02-25</actionDate>
        <committees>
          <item>
            <systemCode>ssfi00</systemCode>
            <name>Finance Committee</name>
          </item>
        </committees>
        <sourceSystem>
          <name>Senate</name>
        </sourceSystem>
        <text>Read twice and referred to the Committee on Finance. (Sponsor introductory remarks on measure: CR S892-894)</text>
        <type>IntroReferral</type>
      </item>
      <item>
        <actionDate>2021-02-25</actionDate>
        <text>Introduced in Senate</text>
        <type>IntroReferral</type>
        <actionCode>10000</actionCode>
        <sourceSystem>
          <code>9</code>
          <name>Library of Congress</name>
        </sourceSystem>
      </item>
    </actions>
    <sponsors>
      <item>
        <bioguideId>C000141</bioguideId>
        <fullName>Sen. Cardin, Benjamin L. [D-MD]</fullName>
        <firstName>Ben</firstName>
        <lastName>Cardin</lastName>
        <party>D</party>
        <state>MD</state>
        <identifiers>
          <bioguideId>C000141</bioguideId>
        </identifiers>
        <isByRequest>N</isByRequest>
      </item>
    </sponsors>
    <cosponsors>
      <item>
        <bioguideId>S000770</bioguideId>
        <fullName>Sen. Stabenow, Debbie [D-MI]</fullName>
        <firstName>Debbie</firstName>
        <lastName>Stabenow</lastName>
        <party>D</party>
        <state>MI</state>
        <identifiers>
          <bioguideId>S000770</bioguideId>
        </identifiers>
        <sponsorshipDate>2021-02-25</sponsorshipDate>
        <isOriginalCosponsor>True</isOriginalCosponsor>
      </item>
    </cosponsors>
    <policyArea>
      <name>Health</name>
    </policyArea>
    <subjects>
      <legislativeSubjects>
        <item>
          <name>Child health</name>
        </item>
        <item>
          <name>Dental care</name>
        </item>
        <item>
          <name>Health care costs and insurance</name>
        </item>
        <item>
          <name>Health care coverage and access</name>
        </item>
        <item>
          <name>Poverty and welfare assistance</name>
        </item>
      </legislativeSubjects>
      <policyArea>
        <name>Health</name>
      </policyArea>
    </subjects>
    <summaries>
      <summary>
        <versionCode>00</versionCode>
        <actionDate>2021-02-25</actionDate>
        <actionDesc>Introduced in Senate</actionDesc>
        <updateDate>2021-07-12T17:47:29Z</updateDate>
        <text>
          <![CDATA[ <p><b>Ensuring Kids Have Access to Medically Necessary Dental Care Act</b></p> <p>This bill modifies dental coverage under the Children's Health Insurance Program (CHIP). Specifically, the bill prohibits lifetime or annual limits on CHIP dental coverage. It also requires states to offer dental-only supplemental coverage under CHIP to children who have other health insurance but are otherwise eligible for CHIP (i.e., wraparound coverage); such coverage is currently at the option of the state.</p>]]>
        </text>
      </summary>
    </summaries>
    <title>Ensuring Kids Have Access to Medically Necessary Dental Care Act</title>
    <titles>
      <item>
        <titleType>Display Title</titleType>
        <title>Ensuring Kids Have Access to Medically Necessary Dental Care Act</title>
      </item>
      <item>
        <titleType>Official Title as Introduced</titleType>
        <title>A bill to amend title XXI of the Social Security Act to prohibit lifetime or annual limits on dental coverage under the Children's Health Insurance Program, and to require wraparound coverage of dental services for certain children under such program.</title>
        <billTextVersionName>Introduced in Senate</billTextVersionName>
        <billTextVersionCode>IS</billTextVersionCode>
      </item>
      <item>
        <titleType>Short Title(s) as Introduced</titleType>
        <title>Ensuring Kids Have Access to Medically Necessary Dental Care Act</title>
        <billTextVersionName>Introduced in Senate</billTextVersionName>
        <billTextVersionCode>IS</billTextVersionCode>
      </item>
    </titles>
    <textVersions>
      <item>
        <type>Introduced in Senate</type>
        <date>2021-02-25T05:00:00Z</date>
        <formats>
          <item>
            <url>https://www.govinfo.gov/content/pkg/BILLS-117s448is/xml/BILLS-117s448is.xml</url>
          </item>
        </formats>
      </item>
      <item>
        <date/>
        <formats/>
        <type/>
      </item>
    </textVersions>
    <latestAction>
      <actionDate>2021-02-25</actionDate>
      <text>Read twice and referred to the Committee on Finance. (Sponsor introductory remarks on measure: CR S892-894)</text>
    </latestAction>
  </bill>
  <dublinCore xmlns:dc="http://purl.org/dc/elements/1.1/">
    <dc:format>text/xml</dc:format>
    <dc:language>EN</dc:language>
    <dc:rights>Pursuant to Title 17 Section 105 of the United States Code, this file is not subject to copyright protection and is in the public domain.</dc:rights>
    <dc:contributor>Congressional Research Service, Library of Congress</dc:contributor>
    <dc:description>This file contains bill summaries and statuses for federal legislation. A bill summary describes the most significant provisions of a piece of legislation and details the effects the legislative text may have on current law and federal programs. Bill summaries are authored by the Congressional Research Service (CRS) of the Library of Congress. As stated in Public Law 91-510 (2 USC 166 (d)(6)), one of the duties of CRS is "to prepare summaries and digests of bills and resolutions of a public general nature introduced in the Senate or House of Representatives". For more information, refer to the User Guide that accompanies this file.</dc:description>
  </dublinCore>
</billStatus>
