<?xml version="1.0" encoding="utf-8" standalone="no"?>
<billStatus>
  <version>3.0.0</version>
  <bill>
    <number>409</number>
    <updateDate>2023-01-11T13:46:32Z</updateDate>
    <updateDateIncludingText>2023-01-11T13:46:32Z</updateDateIncludingText>
    <originChamber>Senate</originChamber>
    <type>S</type>
    <introducedDate>2021-02-24</introducedDate>
    <congress>117</congress>
    <committees>
      <item>
        <systemCode>ssaf00</systemCode>
        <name>Agriculture, Nutrition, and Forestry Committee</name>
        <chamber>Senate</chamber>
        <type>Standing</type>
        <activities>
          <item>
            <name>Discharged from</name>
            <date>2021-05-28T16:31:17Z</date>
          </item>
          <item>
            <name>Referred to</name>
            <date>2021-02-24T20:13:26Z</date>
          </item>
        </activities>
      </item>
    </committees>
    <relatedBills>
      <item>
        <title>Providing for consideration of the bill (H.R. 2062) to amend the Age Discrimination in Employment Act of 1967 and other laws to clarify appropriate standards for Federal employment discrimination and retaliation claims, and for other purposes; providing for consideration of the bill (H.R. 239) to amend title 38, United States Code, to provide for limitations on copayments for contraception furnished by the Department of Veterans Affairs, and for other purposes; providing for consideration of the bill (H.R. 1443) to amend the Equal Credit Opportunity Act to require the collection of small business loan data related to LGBTQ- owned businesses; providing for consideration of the joint resolution (S.J. Res. 13) providing for congressional disapproval under chapter 8 of title 5, United States Code, of the rule submitted by the Equal Employment Opportunity Commission relating to Update of Commission’s Conciliation Procedures; providing for consideration of the joint resolution (S.J. Res. 14) providing for congressional disapproval under chapter 8 of title 5, United States Code, of the rule submitted by the Environmental Protection Agency relating to Oil and Natural Gas Sector: Emission Standards for New, Reconstructed, and Modified Sources Review; providing for consideration of the joint resolution (S.J. Res. 15) providing for congressional disapproval under chapter 8 of title 5, United States Code, of the rule submitted by the Office of the Comptroller of Currency relating to National Banks and Federal Savings Associations as Lenders; and for other purposes.</title>
        <congress>117</congress>
        <number>486</number>
        <type>HRES</type>
        <latestAction>
          <actionDate>2021-06-23</actionDate>
          <text>Motion to reconsider laid on the table Agreed to without objection.</text>
          <actionTime>14:20:05</actionTime>
        </latestAction>
        <relationshipDetails>
          <item>
            <type>Related bill</type>
            <identifiedBy>House</identifiedBy>
          </item>
        </relationshipDetails>
      </item>
    </relatedBills>
    <actions>
      <item>
        <actionDate>2021-07-06</actionDate>
        <text>Became Public Law No: 117-25.</text>
        <type>President</type>
        <actionCode>E40000</actionCode>
        <sourceSystem>
          <code>9</code>
          <name>Library of Congress</name>
        </sourceSystem>
      </item>
      <item>
        <actionDate>2021-07-06</actionDate>
        <text>Became Public Law No: 117-25.</text>
        <type>BecameLaw</type>
        <actionCode>36000</actionCode>
        <sourceSystem>
          <code>9</code>
          <name>Library of Congress</name>
        </sourceSystem>
      </item>
      <item>
        <actionDate>2021-07-06</actionDate>
        <text>Signed by President.</text>
        <type>President</type>
        <actionCode>E30000</actionCode>
        <sourceSystem>
          <code>9</code>
          <name>Library of Congress</name>
        </sourceSystem>
      </item>
      <item>
        <actionDate>2021-07-06</actionDate>
        <text>Signed by President.</text>
        <type>BecameLaw</type>
        <actionCode>36000</actionCode>
        <sourceSystem>
          <code>9</code>
          <name>Library of Congress</name>
        </sourceSystem>
      </item>
      <item>
        <actionDate>2021-06-28</actionDate>
        <text>Presented to President.</text>
        <type>Floor</type>
        <actionCode>E20000</actionCode>
        <sourceSystem>
          <code>2</code>
          <name>House floor actions</name>
        </sourceSystem>
      </item>
      <item>
        <actionDate>2021-06-28</actionDate>
        <text>Presented to President.</text>
        <type>President</type>
        <actionCode>28000</actionCode>
        <sourceSystem>
          <code>9</code>
          <name>Library of Congress</name>
        </sourceSystem>
      </item>
      <item>
        <actionDate>2021-06-23</actionDate>
        <actionTime>14:21:43</actionTime>
        <text>Pursuant to section 11 of H. Res. 486, and the motion offered by Mr. McGovern, the following bills passed under suspension of the rules: H.R. 482; H.R. 704; H.R. 961, as amended; H.R. 1314; H.R. 2571, as amended; H.R. 2679, as amended; H.R. 2694; H.R. 2922, as amended; H.R. 3182; H.R. 3239; H.R. 3241, as amended; H.R. 3723; H.R. 3752; H.R. 3841; S. 409; and S. 1340. (consideration: CR H3026-3052; text: CR H3051)</text>
        <type>Floor</type>
        <actionCode>H37300</actionCode>
        <sourceSystem>
          <code>2</code>
          <name>House floor actions</name>
        </sourceSystem>
      </item>
      <item>
        <actionDate>2021-06-23</actionDate>
        <actionTime>14:21:43</actionTime>
        <text>Passed/agreed to in House: Pursuant to section 11 of H. Res. 486, and the motion offered by Mr. McGovern, the following bills passed under suspension of the rules: H.R. 482; H.R. 704; H.R. 961, as amended; H.R. 1314; H.R. 2571, as amended; H.R. 2679, as amended; H.R. 2694; H.R. 2922, as amended; H.R. 3182; H.R. 3239; H.R. 3241, as amended; H.R. 3723; H.R. 3752; H.R. 3841; S. 409; and S. 1340.(consideration: CR H3026-3052; text: CR H3051)</text>
        <type>Floor</type>
        <actionCode>8000</actionCode>
        <sourceSystem>
          <code>9</code>
          <name>Library of Congress</name>
        </sourceSystem>
      </item>
      <item>
        <actionDate>2021-06-23</actionDate>
        <actionTime>14:21:42</actionTime>
        <text>Pursuant to the provisions of H. Res. 486, proceedings on S. 409 are considered vacated.</text>
        <type>Floor</type>
        <actionCode>H1B000</actionCode>
        <sourceSystem>
          <code>2</code>
          <name>House floor actions</name>
        </sourceSystem>
      </item>
      <item>
        <actionDate>2021-06-22</actionDate>
        <actionTime>17:12:40</actionTime>
        <text>At the conclusion of debate, the Yeas and Nays were demanded and ordered. Pursuant to the provisions of clause 8, rule XX, the Chair announced that further proceedings on the motion would be postponed.</text>
        <type>Floor</type>
        <actionCode>H37220</actionCode>
        <sourceSystem>
          <code>2</code>
          <name>House floor actions</name>
        </sourceSystem>
      </item>
      <item>
        <actionDate>2021-06-22</actionDate>
        <actionTime>17:07:30</actionTime>
        <text>DEBATE - The House proceeded with forty minutes of debate on S. 409.</text>
        <type>Floor</type>
        <actionCode>H8D000</actionCode>
        <sourceSystem>
          <code>2</code>
          <name>House floor actions</name>
        </sourceSystem>
      </item>
      <item>
        <actionDate>2021-06-22</actionDate>
        <actionTime>17:07:28</actionTime>
        <text>Considered under suspension of the rules. (consideration: CR H2986-2987; text: CR H2986)</text>
        <type>Floor</type>
        <actionCode>H30000</actionCode>
        <sourceSystem>
          <code>2</code>
          <name>House floor actions</name>
        </sourceSystem>
      </item>
      <item>
        <actionDate>2021-06-22</actionDate>
        <actionTime>17:05:57</actionTime>
        <text>Mr. Khanna moved to suspend the rules and pass the bill.</text>
        <type>Floor</type>
        <actionCode>H30300</actionCode>
        <sourceSystem>
          <code>2</code>
          <name>House floor actions</name>
        </sourceSystem>
      </item>
      <item>
        <actionDate>2021-06-01</actionDate>
        <actionTime>15:31:48</actionTime>
        <text>Held at the desk.</text>
        <type>Floor</type>
        <actionCode>H15000</actionCode>
        <sourceSystem>
          <code>2</code>
          <name>House floor actions</name>
        </sourceSystem>
      </item>
      <item>
        <actionDate>2021-06-01</actionDate>
        <actionTime>15:03:19</actionTime>
        <text>Received in the House.</text>
        <type>Floor</type>
        <actionCode>H14000</actionCode>
        <sourceSystem>
          <code>2</code>
          <name>House floor actions</name>
        </sourceSystem>
      </item>
      <item>
        <actionDate>2021-05-28</actionDate>
        <sourceSystem>
          <name>Senate</name>
        </sourceSystem>
        <text>Message on Senate action sent to the House.</text>
        <type>Floor</type>
      </item>
      <item>
        <actionDate>2021-05-28</actionDate>
        <sourceSystem>
          <name>Senate</name>
        </sourceSystem>
        <text>Passed Senate with an amendment and an amendment to the Title by Unanimous Consent. (text of amendment in the nature of a substitute: CR S3932)</text>
        <type>Floor</type>
      </item>
      <item>
        <actionDate>2021-05-28</actionDate>
        <text>Passed/agreed to in Senate: Passed Senate with an amendment and an amendment to the Title by Unanimous Consent.(text of amendment in the nature of a substitute: CR S3932)</text>
        <type>Floor</type>
        <actionCode>17000</actionCode>
        <sourceSystem>
          <code>9</code>
          <name>Library of Congress</name>
        </sourceSystem>
      </item>
      <item>
        <actionDate>2021-05-28</actionDate>
        <sourceSystem>
          <name>Senate</name>
        </sourceSystem>
        <text>Measure laid before Senate by unanimous consent. (consideration: CR S3931-3932)</text>
        <type>Floor</type>
      </item>
      <item>
        <actionDate>2021-05-28</actionDate>
        <committees>
          <item>
            <systemCode>ssaf00</systemCode>
            <name>Agriculture, Nutrition, and Forestry Committee</name>
          </item>
        </committees>
        <sourceSystem>
          <name>Senate</name>
        </sourceSystem>
        <text>Senate Committee on Agriculture, Nutrition, and Forestry discharged by Unanimous Consent.</text>
        <type>Discharge</type>
      </item>
      <item>
        <actionDate>2021-05-28</actionDate>
        <text>Senate Committee on Agriculture, Nutrition, and Forestry discharged by Unanimous Consent.</text>
        <type>Committee</type>
        <actionCode>14500</actionCode>
        <sourceSystem>
          <code>9</code>
          <name>Library of Congress</name>
        </sourceSystem>
        <committees>
          <item>
            <systemCode>ssaf00</systemCode>
            <name>Agriculture, Nutrition, and Forestry Committee</name>
          </item>
        </committees>
      </item>
      <item>
        <actionDate>2021-02-24</actionDate>
        <committees>
          <item>
            <systemCode>ssaf00</systemCode>
            <name>Agriculture, Nutrition, and Forestry Committee</name>
          </item>
        </committees>
        <sourceSystem>
          <name>Senate</name>
        </sourceSystem>
        <text>Read twice and referred to the Committee on Agriculture, Nutrition, and Forestry.</text>
        <type>IntroReferral</type>
      </item>
      <item>
        <actionDate>2021-02-24</actionDate>
        <text>Introduced in Senate</text>
        <type>IntroReferral</type>
        <actionCode>10000</actionCode>
        <sourceSystem>
          <code>9</code>
          <name>Library of Congress</name>
        </sourceSystem>
      </item>
    </actions>
    <sponsors>
      <item>
        <bioguideId>G000386</bioguideId>
        <fullName>Sen. Grassley, Chuck [R-IA]</fullName>
        <firstName>Charles</firstName>
        <lastName>Grassley</lastName>
        <party>R</party>
        <state>IA</state>
        <identifiers>
          <bioguideId>G000386</bioguideId>
        </identifiers>
        <middleName>E.</middleName>
        <isByRequest>N</isByRequest>
      </item>
    </sponsors>
    <cosponsors>
      <item>
        <bioguideId>H001076</bioguideId>
        <fullName>Sen. Hassan, Margaret Wood [D-NH]</fullName>
        <firstName>Maggie</firstName>
        <lastName>Hassan</lastName>
        <party>D</party>
        <state>NH</state>
        <identifiers>
          <bioguideId>H001076</bioguideId>
        </identifiers>
        <sponsorshipDate>2021-02-24</sponsorshipDate>
        <isOriginalCosponsor>True</isOriginalCosponsor>
      </item>
      <item>
        <bioguideId>E000295</bioguideId>
        <fullName>Sen. Ernst, Joni [R-IA]</fullName>
        <firstName>Joni</firstName>
        <lastName>Ernst</lastName>
        <party>R</party>
        <state>IA</state>
        <identifiers>
          <bioguideId>E000295</bioguideId>
        </identifiers>
        <sponsorshipDate>2021-02-24</sponsorshipDate>
        <isOriginalCosponsor>True</isOriginalCosponsor>
      </item>
      <item>
        <bioguideId>B001230</bioguideId>
        <fullName>Sen. Baldwin, Tammy [D-WI]</fullName>
        <firstName>Tammy</firstName>
        <lastName>Baldwin</lastName>
        <party>D</party>
        <state>WI</state>
        <identifiers>
          <bioguideId>B001230</bioguideId>
        </identifiers>
        <sponsorshipDate>2021-02-24</sponsorshipDate>
        <isOriginalCosponsor>True</isOriginalCosponsor>
      </item>
      <item>
        <bioguideId>C001035</bioguideId>
        <fullName>Sen. Collins, Susan M. [R-ME]</fullName>
        <firstName>Susan</firstName>
        <lastName>Collins</lastName>
        <party>R</party>
        <state>ME</state>
        <identifiers>
          <bioguideId>C001035</bioguideId>
        </identifiers>
        <middleName>M.</middleName>
        <sponsorshipDate>2021-04-13</sponsorshipDate>
        <isOriginalCosponsor>False</isOriginalCosponsor>
      </item>
    </cosponsors>
    <laws>
      <item>
        <type>Public Law</type>
        <number>117-25</number>
      </item>
    </laws>
    <policyArea>
      <name>Finance and Financial Sector</name>
    </policyArea>
    <subjects>
      <legislativeSubjects>
        <item>
          <name>Administrative remedies</name>
        </item>
        <item>
          <name>Civil actions and liability</name>
        </item>
        <item>
          <name>Commodities markets</name>
        </item>
        <item>
          <name>Commodity Futures Trading Commission</name>
        </item>
        <item>
          <name>Congressional oversight</name>
        </item>
        <item>
          <name>Consumer affairs</name>
        </item>
        <item>
          <name>Fraud offenses and financial crimes</name>
        </item>
        <item>
          <name>Government trust funds</name>
        </item>
      </legislativeSubjects>
      <policyArea>
        <name>Finance and Financial Sector</name>
      </policyArea>
    </subjects>
    <summaries>
      <summary>
        <versionCode>00</versionCode>
        <actionDate>2021-02-24</actionDate>
        <actionDesc>Introduced in Senate</actionDesc>
        <updateDate>2021-04-07T14:07:18Z</updateDate>
        <text>
          <![CDATA[ <p>This bill expands the permissible uses of the Commodity Futures Trading Commission Customer Protection Fund to include administrative expenses. </p>]]>
        </text>
      </summary>
      <summary>
        <versionCode>55</versionCode>
        <actionDate>2021-05-28</actionDate>
        <actionDesc>Passed Senate</actionDesc>
        <updateDate>2021-08-10T18:10:18Z</updateDate>
        <text>
          <![CDATA[ <p>This bill expands the permissible uses of the Commodity Futures Trading Commission Customer Protection Fund to include administrative expenses. </p>]]>
        </text>
      </summary>
      <summary>
        <versionCode>53</versionCode>
        <actionDate>2021-06-23</actionDate>
        <actionDesc>Passed House</actionDesc>
        <updateDate>2021-09-24T14:17:17Z</updateDate>
        <text>
          <![CDATA[ <p>This bill expands the permissible uses of the Commodity Futures Trading Commission Customer Protection Fund to include administrative expenses. </p>]]>
        </text>
      </summary>
      <summary>
        <versionCode>49</versionCode>
        <actionDate>2021-07-06</actionDate>
        <actionDesc>Public Law</actionDesc>
        <updateDate>2021-09-27T18:14:36Z</updateDate>
        <text>
          <![CDATA[ <p>This bill expands the permissible uses of the Commodity Futures Trading Commission Customer Protection Fund to include administrative expenses. </p>]]>
        </text>
      </summary>
    </summaries>
    <title>A bill to provide for the availability of amounts for customer education initiatives and non-awards expenses of the Commodity Futures Trading Commission Whistleblower Program, and for other purposes.</title>
    <titles>
      <item>
        <titleType>Display Title</titleType>
        <title>A bill to provide for the availability of amounts for customer education initiatives and non-awards expenses of the Commodity Futures Trading Commission Whistleblower Program, and for other purposes.</title>
      </item>
      <item>
        <titleType>Official Title as Introduced</titleType>
        <title>A bill to amend the Commodity Exchange Act to modify the Commodity Futures Trading Commission Customer Protection Fund, and for other purposes.</title>
        <billTextVersionName>Introduced in Senate</billTextVersionName>
        <billTextVersionCode>IS</billTextVersionCode>
      </item>
      <item>
        <titleType>Official Titles as Amended by Senate</titleType>
        <title>A bill to provide for the availability of amounts for customer education initiatives and non-awards expenses of the Commodity Futures Trading Commission Whistleblower Program, and for other purposes.</title>
        <chamberCode>S</chamberCode>
        <chamberName>Senate</chamberName>
      </item>
    </titles>
    <amendments>
      <amendment>
        <number>2111</number>
        <congress>117</congress>
        <type>SAMDT</type>
        <purpose>To amend the title.</purpose>
        <updateDate>2022-02-09T12:39:30Z</updateDate>
        <number>2111</number>
        <congress>117</congress>
        <type>SAMDT</type>
        <purpose>To amend the title.</purpose>
        <updateDate>2021-07-06T20:43:58Z</updateDate>
        <latestAction>
          <actionDate>2021-05-28</actionDate>
          <text>Amendment SA 2111 agreed to in Senate by Unanimous Consent.</text>
          <links>
            <link>
              <name>SA 2111</name>
              <url>https://www.congress.gov/amendment/117th-congress/senate-amendment/2111</url>
            </link>
          </links>
        </latestAction>
        <sponsors>
          <item>
            <bioguideId>S000770</bioguideId>
            <fullName>Sen. Stabenow, Debbie [D-MI]</fullName>
            <firstName>Debbie</firstName>
            <lastName>Stabenow</lastName>
            <party>D</party>
            <state>MI</state>
            <identifiers>
              <bioguideId>S000770</bioguideId>
            </identifiers>
          </item>
        </sponsors>
        <cosponsors>
          <countIncludingWithdrawnCosponsors>2</countIncludingWithdrawnCosponsors>
          <count>2</count>
          <item>
            <bioguideId>B001236</bioguideId>
            <fullName>Sen. Boozman, John [R-AR]</fullName>
            <firstName>John</firstName>
            <lastName>Boozman</lastName>
            <party>R</party>
            <state>AR</state>
            <identifiers>
              <bioguideId>B001236</bioguideId>
            </identifiers>
            <sponsorshipDate>2021-05-28</sponsorshipDate>
            <isOriginalCosponsor>True</isOriginalCosponsor>
          </item>
          <item>
            <bioguideId>G000386</bioguideId>
            <fullName>Sen. Grassley, Chuck [R-IA]</fullName>
            <firstName>Charles</firstName>
            <lastName>Grassley</lastName>
            <party>R</party>
            <state>IA</state>
            <identifiers>
              <bioguideId>G000386</bioguideId>
            </identifiers>
            <middleName>E.</middleName>
            <sponsorshipDate>2021-05-28</sponsorshipDate>
            <isOriginalCosponsor>True</isOriginalCosponsor>
          </item>
        </cosponsors>
        <proposedDate>2021-05-28T17:16:48Z</proposedDate>
        <submittedDate>2021-05-28T04:00:00Z</submittedDate>
        <chamber>Senate</chamber>
        <amendedBill>
          <congress>117</congress>
          <type>S</type>
          <originChamber>Senate</originChamber>
          <originChamberCode>S</originChamberCode>
          <number>409</number>
          <title>A bill to provide for the availability of amounts for customer education initiatives and non-awards expenses of the Commodity Futures Trading Commission Whistleblower Program, and for other purposes.</title>
          <updateDateIncludingText>2023-01-11T13:46:32Z</updateDateIncludingText>
        </amendedBill>
        <actions>
          <count>6</count>
          <actions>
            <item>
              <actionDate>2021-05-28</actionDate>
              <sourceSystem>
                <code>0</code>
                <name>Senate</name>
              </sourceSystem>
              <text>Amendment SA 2111 agreed to in Senate by Unanimous Consent.</text>
              <type>Floor</type>
            </item>
            <item>
              <actionDate>2021-05-28</actionDate>
              <sourceSystem>
                <code>0</code>
                <name>Senate</name>
              </sourceSystem>
              <text>Amendment SA 2111 proposed by Senator Schumer for Senator Stabenow. (consideration: CR S3932; text: CR S3932) To amend the title.</text>
              <type>Floor</type>
            </item>
            <item>
              <actionDate>2021-05-28</actionDate>
            </item>
            <item>
              <actionDate>2021-05-28</actionDate>
              <text>Senate amendment submitted</text>
              <type>Floor</type>
              <actionCode>91000</actionCode>
              <sourceSystem>
                <code>9</code>
                <name>Library of Congress</name>
              </sourceSystem>
            </item>
            <item>
              <actionDate>2021-05-28</actionDate>
              <text>Senate amendment agreed to: Amendment SA 2111 agreed to in Senate by Unanimous Consent.</text>
              <type>Floor</type>
              <actionCode>94000</actionCode>
              <sourceSystem>
                <code>9</code>
                <name>Library of Congress</name>
              </sourceSystem>
            </item>
            <item>
              <actionDate>2021-05-28</actionDate>
              <text>Senate amendment proposed (on the floor): Amendment SA 2111 proposed by Senator Schumer for Senator Stabenow.</text>
              <type>Floor</type>
              <actionCode>93000</actionCode>
              <sourceSystem>
                <code>9</code>
                <name>Library of Congress</name>
              </sourceSystem>
            </item>
          </actions>
        </actions>
      </amendment>
      <amendment>
        <number>2110</number>
        <congress>117</congress>
        <type>SAMDT</type>
        <purpose>In the nature of a substitute.</purpose>
        <updateDate>2022-02-09T12:39:30Z</updateDate>
        <number>2110</number>
        <congress>117</congress>
        <type>SAMDT</type>
        <purpose>In the nature of a substitute.</purpose>
        <updateDate>2021-07-06T20:43:58Z</updateDate>
        <latestAction>
          <actionDate>2021-05-28</actionDate>
          <text>Amendment SA 2110 agreed to in Senate by Unanimous Consent.</text>
          <links>
            <link>
              <name>SA 2110</name>
              <url>https://www.congress.gov/amendment/117th-congress/senate-amendment/2110</url>
            </link>
          </links>
        </latestAction>
        <sponsors>
          <item>
            <bioguideId>S000770</bioguideId>
            <fullName>Sen. Stabenow, Debbie [D-MI]</fullName>
            <firstName>Debbie</firstName>
            <lastName>Stabenow</lastName>
            <party>D</party>
            <state>MI</state>
            <identifiers>
              <bioguideId>S000770</bioguideId>
            </identifiers>
          </item>
        </sponsors>
        <cosponsors>
          <countIncludingWithdrawnCosponsors>2</countIncludingWithdrawnCosponsors>
          <count>2</count>
          <item>
            <bioguideId>B001236</bioguideId>
            <fullName>Sen. Boozman, John [R-AR]</fullName>
            <firstName>John</firstName>
            <lastName>Boozman</lastName>
            <party>R</party>
            <state>AR</state>
            <identifiers>
              <bioguideId>B001236</bioguideId>
            </identifiers>
            <sponsorshipDate>2021-05-28</sponsorshipDate>
            <isOriginalCosponsor>True</isOriginalCosponsor>
          </item>
          <item>
            <bioguideId>G000386</bioguideId>
            <fullName>Sen. Grassley, Chuck [R-IA]</fullName>
            <firstName>Charles</firstName>
            <lastName>Grassley</lastName>
            <party>R</party>
            <state>IA</state>
            <identifiers>
              <bioguideId>G000386</bioguideId>
            </identifiers>
            <middleName>E.</middleName>
            <sponsorshipDate>2021-05-28</sponsorshipDate>
            <isOriginalCosponsor>True</isOriginalCosponsor>
          </item>
        </cosponsors>
        <proposedDate>2021-05-28T17:00:10Z</proposedDate>
        <submittedDate>2021-05-28T04:00:00Z</submittedDate>
        <chamber>Senate</chamber>
        <amendedBill>
          <congress>117</congress>
          <type>S</type>
          <originChamber>Senate</originChamber>
          <originChamberCode>S</originChamberCode>
          <number>409</number>
          <title>A bill to provide for the availability of amounts for customer education initiatives and non-awards expenses of the Commodity Futures Trading Commission Whistleblower Program, and for other purposes.</title>
          <updateDateIncludingText>2023-01-11T13:46:32Z</updateDateIncludingText>
        </amendedBill>
        <actions>
          <count>6</count>
          <actions>
            <item>
              <actionDate>2021-05-28</actionDate>
              <sourceSystem>
                <code>0</code>
                <name>Senate</name>
              </sourceSystem>
              <text>Amendment SA 2110 agreed to in Senate by Unanimous Consent.</text>
              <type>Floor</type>
            </item>
            <item>
              <actionDate>2021-05-28</actionDate>
              <sourceSystem>
                <code>0</code>
                <name>Senate</name>
              </sourceSystem>
              <text>Amendment SA 2110 proposed by Senator Schumer for Senator Stabenow. (consideration: CR S3931-3932; text: CR S3932) In the nature of a substitute.</text>
              <type>Floor</type>
            </item>
            <item>
              <actionDate>2021-05-28</actionDate>
            </item>
            <item>
              <actionDate>2021-05-28</actionDate>
              <text>Senate amendment submitted</text>
              <type>Floor</type>
              <actionCode>91000</actionCode>
              <sourceSystem>
                <code>9</code>
                <name>Library of Congress</name>
              </sourceSystem>
            </item>
            <item>
              <actionDate>2021-05-28</actionDate>
              <text>Senate amendment proposed (on the floor): Amendment SA 2110 proposed by Senator Schumer for Senator Stabenow.</text>
              <type>Floor</type>
              <actionCode>93000</actionCode>
              <sourceSystem>
                <code>9</code>
                <name>Library of Congress</name>
              </sourceSystem>
            </item>
            <item>
              <actionDate>2021-05-28</actionDate>
              <text>Senate amendment agreed to: Amendment SA 2110 agreed to in Senate by Unanimous Consent.</text>
              <type>Floor</type>
              <actionCode>94000</actionCode>
              <sourceSystem>
                <code>9</code>
                <name>Library of Congress</name>
              </sourceSystem>
            </item>
          </actions>
        </actions>
      </amendment>
    </amendments>
    <textVersions>
      <item>
        <type>Enrolled Bill</type>
        <date/>
        <formats>
          <item>
            <url>https://www.govinfo.gov/content/pkg/BILLS-117s409enr/xml/BILLS-117s409enr.xml</url>
          </item>
        </formats>
      </item>
      <item>
        <type>Engrossed in Senate</type>
        <date>2021-05-28T04:00:00Z</date>
        <formats>
          <item>
            <url>https://www.govinfo.gov/content/pkg/BILLS-117s409es/xml/BILLS-117s409es.xml</url>
          </item>
        </formats>
      </item>
      <item>
        <type>Introduced in Senate</type>
        <date>2021-02-24T05:00:00Z</date>
        <formats>
          <item>
            <url>https://www.govinfo.gov/content/pkg/BILLS-117s409is/xml/BILLS-117s409is.xml</url>
          </item>
        </formats>
      </item>
      <item>
        <date>2021-07-07T03:59:59Z</date>
        <formats>
          <item>
            <url>https://www.govinfo.gov/content/pkg/PLAW-117publ25/xml/PLAW-117publ25.xml</url>
          </item>
        </formats>
        <type>Public Law</type>
      </item>
    </textVersions>
    <latestAction>
      <actionDate>2021-07-06</actionDate>
      <text>Became Public Law No: 117-25.</text>
    </latestAction>
  </bill>
  <dublinCore xmlns:dc="http://purl.org/dc/elements/1.1/">
    <dc:format>text/xml</dc:format>
    <dc:language>EN</dc:language>
    <dc:rights>Pursuant to Title 17 Section 105 of the United States Code, this file is not subject to copyright protection and is in the public domain.</dc:rights>
    <dc:contributor>Congressional Research Service, Library of Congress</dc:contributor>
    <dc:description>This file contains bill summaries and statuses for federal legislation. A bill summary describes the most significant provisions of a piece of legislation and details the effects the legislative text may have on current law and federal programs. Bill summaries are authored by the Congressional Research Service (CRS) of the Library of Congress. As stated in Public Law 91-510 (2 USC 166 (d)(6)), one of the duties of CRS is "to prepare summaries and digests of bills and resolutions of a public general nature introduced in the Senate or House of Representatives". For more information, refer to the User Guide that accompanies this file.</dc:description>
  </dublinCore>
</billStatus>
