<?xml version="1.0" encoding="utf-8" standalone="no"?>
<billStatus>
  <version>3.0.0</version>
  <bill>
    <number>48</number>
    <updateDate>2023-01-11T13:47:29Z</updateDate>
    <updateDateIncludingText>2023-01-11T13:47:29Z</updateDateIncludingText>
    <originChamber>Senate</originChamber>
    <type>S</type>
    <introducedDate>2021-01-26</introducedDate>
    <congress>117</congress>
    <committees>
      <item>
        <systemCode>ssga00</systemCode>
        <name>Homeland Security and Governmental Affairs Committee</name>
        <chamber>Senate</chamber>
        <type>Standing</type>
        <activities>
          <item>
            <name>Referred to</name>
            <date>2021-01-26T21:01:25Z</date>
          </item>
        </activities>
      </item>
    </committees>
    <actions>
      <item>
        <actionDate>2021-01-26</actionDate>
        <committees>
          <item>
            <systemCode>ssga00</systemCode>
            <name>Homeland Security and Governmental Affairs Committee</name>
          </item>
        </committees>
        <sourceSystem>
          <name>Senate</name>
        </sourceSystem>
        <text>Read twice and referred to the Committee on Homeland Security and Governmental Affairs.</text>
        <type>IntroReferral</type>
      </item>
      <item>
        <actionDate>2021-01-26</actionDate>
        <text>Introduced in Senate</text>
        <type>IntroReferral</type>
        <actionCode>10000</actionCode>
        <sourceSystem>
          <code>9</code>
          <name>Library of Congress</name>
        </sourceSystem>
      </item>
    </actions>
    <sponsors>
      <item>
        <bioguideId>D000618</bioguideId>
        <fullName>Sen. Daines, Steve [R-MT]</fullName>
        <firstName>Steve</firstName>
        <lastName>Daines</lastName>
        <party>R</party>
        <state>MT</state>
        <identifiers>
          <bioguideId>D000618</bioguideId>
        </identifiers>
        <isByRequest>N</isByRequest>
      </item>
    </sponsors>
    <policyArea>
      <name>Congress</name>
    </policyArea>
    <subjects>
      <legislativeSubjects>
        <item>
          <name>Budget deficits and national debt</name>
        </item>
        <item>
          <name>Budget process</name>
        </item>
        <item>
          <name>Government employee pay, benefits, personnel management</name>
        </item>
        <item>
          <name>Income tax rates</name>
        </item>
        <item>
          <name>Legislative rules and procedure</name>
        </item>
        <item>
          <name>Members of Congress</name>
        </item>
      </legislativeSubjects>
      <policyArea>
        <name>Congress</name>
      </policyArea>
    </subjects>
    <summaries>
      <summary>
        <versionCode>00</versionCode>
        <actionDate>2021-01-26</actionDate>
        <actionDesc>Introduced in Senate</actionDesc>
        <updateDate>2021-12-09T22:12:43Z</updateDate>
        <text>
          <![CDATA[ <p><b>Balanced Budget Accountability Act</b></p> <p>This bill requires the Office of Management and Budget (OMB), upon adoption by a chamber of Congress of a concurrent budget resolution for a fiscal year, to certify to the Speaker of the House of Representatives or the President pro tempore of the Senate whether that chamber has adopted a balanced budget.</p> <p><i>Balanced budget </i>means a concurrent budget resolution providing that for FY2031 and each succeeding fiscal year to which the resolution applies total outlays do not exceed total receipts and are not more than 18% of the projected domestic product for such fiscal year.</p> <p>The bill requires the salary of Members of Congress to be held in escrow if OMB determines a chamber has not adopted a balanced budget for FY2022 before April 16, 2021, and for FY2023 before April 16, 2022. The bill also provides for the release of these funds to the Members. </p> <p>Beginning in FY2024, if OMB does not certify that a chamber has adopted a balanced budget before April 16 of the prior fiscal year, each Member of that chamber shall be paid at the rate of $1 annually for pay periods after that date in the same calendar year.</p> <p> The bill also requires that legislation in either chamber to increase revenue be agreed upon by an affirmative vote of three-fifths of the Members of that chamber.</p>]]>
        </text>
      </summary>
    </summaries>
    <title>Balanced Budget Accountability Act</title>
    <titles>
      <item>
        <titleType>Display Title</titleType>
        <title>Balanced Budget Accountability Act</title>
      </item>
      <item>
        <titleType>Official Title as Introduced</titleType>
        <title>A bill to reduce a portion of the annual pay of Members of Congress for the failure to adopt a concurrent resolution on the budget which does not provide for a balanced budget, and for other purposes.</title>
        <billTextVersionName>Introduced in Senate</billTextVersionName>
        <billTextVersionCode>IS</billTextVersionCode>
      </item>
      <item>
        <titleType>Short Title(s) as Introduced</titleType>
        <title>Balanced Budget Accountability Act</title>
        <billTextVersionName>Introduced in Senate</billTextVersionName>
        <billTextVersionCode>IS</billTextVersionCode>
      </item>
    </titles>
    <textVersions>
      <item>
        <type>Introduced in Senate</type>
        <date>2021-01-26T05:00:00Z</date>
        <formats>
          <item>
            <url>https://www.govinfo.gov/content/pkg/BILLS-117s48is/xml/BILLS-117s48is.xml</url>
          </item>
        </formats>
      </item>
      <item>
        <date/>
        <formats/>
        <type/>
      </item>
    </textVersions>
    <latestAction>
      <actionDate>2021-01-26</actionDate>
      <text>Read twice and referred to the Committee on Homeland Security and Governmental Affairs.</text>
    </latestAction>
  </bill>
  <dublinCore xmlns:dc="http://purl.org/dc/elements/1.1/">
    <dc:format>text/xml</dc:format>
    <dc:language>EN</dc:language>
    <dc:rights>Pursuant to Title 17 Section 105 of the United States Code, this file is not subject to copyright protection and is in the public domain.</dc:rights>
    <dc:contributor>Congressional Research Service, Library of Congress</dc:contributor>
    <dc:description>This file contains bill summaries and statuses for federal legislation. A bill summary describes the most significant provisions of a piece of legislation and details the effects the legislative text may have on current law and federal programs. Bill summaries are authored by the Congressional Research Service (CRS) of the Library of Congress. As stated in Public Law 91-510 (2 USC 166 (d)(6)), one of the duties of CRS is "to prepare summaries and digests of bills and resolutions of a public general nature introduced in the Senate or House of Representatives". For more information, refer to the User Guide that accompanies this file.</dc:description>
  </dublinCore>
</billStatus>
