<?xml version="1.0" encoding="utf-8" standalone="no"?>
<billStatus>
  <version>3.0.0</version>
  <bill>
    <number>22</number>
    <updateDate>2023-01-11T13:47:30Z</updateDate>
    <updateDateIncludingText>2023-01-11T13:47:30Z</updateDateIncludingText>
    <originChamber>Senate</originChamber>
    <type>S</type>
    <introducedDate>2021-01-22</introducedDate>
    <congress>117</congress>
    <committees>
      <item>
        <systemCode>sseg00</systemCode>
        <name>Energy and Natural Resources Committee</name>
        <chamber>Senate</chamber>
        <type>Standing</type>
        <activities>
          <item>
            <name>Referred to</name>
            <date>2021-01-22T18:22:25Z</date>
          </item>
        </activities>
      </item>
    </committees>
    <actions>
      <item>
        <actionDate>2021-01-22</actionDate>
        <committees>
          <item>
            <systemCode>sseg00</systemCode>
            <name>Energy and Natural Resources Committee</name>
          </item>
        </committees>
        <sourceSystem>
          <name>Senate</name>
        </sourceSystem>
        <text>Read twice and referred to the Committee on Energy and Natural Resources.</text>
        <type>IntroReferral</type>
      </item>
      <item>
        <actionDate>2021-01-22</actionDate>
        <text>Introduced in Senate</text>
        <type>IntroReferral</type>
        <actionCode>10000</actionCode>
        <sourceSystem>
          <code>9</code>
          <name>Library of Congress</name>
        </sourceSystem>
      </item>
    </actions>
    <sponsors>
      <item>
        <bioguideId>L000571</bioguideId>
        <fullName>Sen. Lummis, Cynthia M. [R-WY]</fullName>
        <firstName>Cynthia</firstName>
        <lastName>Lummis</lastName>
        <party>R</party>
        <state>WY</state>
        <identifiers>
          <bioguideId>L000571</bioguideId>
        </identifiers>
        <middleName>M.</middleName>
        <isByRequest>N</isByRequest>
      </item>
    </sponsors>
    <cosponsors>
      <item>
        <bioguideId>B001261</bioguideId>
        <fullName>Sen. Barrasso, John [R-WY]</fullName>
        <firstName>John</firstName>
        <lastName>Barrasso</lastName>
        <party>R</party>
        <state>WY</state>
        <identifiers>
          <bioguideId>B001261</bioguideId>
        </identifiers>
        <sponsorshipDate>2021-01-22</sponsorshipDate>
        <isOriginalCosponsor>True</isOriginalCosponsor>
      </item>
    </cosponsors>
    <policyArea>
      <name>Public Lands and Natural Resources</name>
    </policyArea>
    <subjects>
      <legislativeSubjects>
        <item>
          <name>Land use and conservation</name>
        </item>
        <item>
          <name>Monuments and memorials</name>
        </item>
        <item>
          <name>Parks, recreation areas, trails</name>
        </item>
        <item>
          <name>Wilderness and natural areas, wildlife refuges, wild rivers, habitats</name>
        </item>
        <item>
          <name>Wyoming</name>
        </item>
      </legislativeSubjects>
      <policyArea>
        <name>Public Lands and Natural Resources</name>
      </policyArea>
    </subjects>
    <summaries>
      <summary>
        <versionCode>00</versionCode>
        <actionDate>2021-01-22</actionDate>
        <actionDesc>Introduced in Senate</actionDesc>
        <updateDate>2021-02-19T20:09:28Z</updateDate>
        <text>
          <![CDATA[ <p>This bill declares that the mountain at the Devils Tower National Monument in Wyoming shall be known and designated as Devils Tower.</p>]]>
        </text>
      </summary>
    </summaries>
    <title>A bill to designate the mountain at the Devils Tower National Monument, Wyoming, as Devils Tower, and for other purposes.</title>
    <titles>
      <item>
        <titleType>Display Title</titleType>
        <title>A bill to designate the mountain at the Devils Tower National Monument, Wyoming, as Devils Tower, and for other purposes.</title>
      </item>
      <item>
        <titleType>Official Title as Introduced</titleType>
        <title>A bill to designate the mountain at the Devils Tower National Monument, Wyoming, as Devils Tower, and for other purposes.</title>
        <billTextVersionName>Introduced in Senate</billTextVersionName>
        <billTextVersionCode>IS</billTextVersionCode>
      </item>
    </titles>
    <textVersions>
      <item>
        <type>Introduced in Senate</type>
        <date>2021-01-22T05:00:00Z</date>
        <formats>
          <item>
            <url>https://www.govinfo.gov/content/pkg/BILLS-117s22is/xml/BILLS-117s22is.xml</url>
          </item>
        </formats>
      </item>
      <item>
        <date/>
        <formats/>
        <type/>
      </item>
    </textVersions>
    <latestAction>
      <actionDate>2021-01-22</actionDate>
      <text>Read twice and referred to the Committee on Energy and Natural Resources.</text>
    </latestAction>
  </bill>
  <dublinCore xmlns:dc="http://purl.org/dc/elements/1.1/">
    <dc:format>text/xml</dc:format>
    <dc:language>EN</dc:language>
    <dc:rights>Pursuant to Title 17 Section 105 of the United States Code, this file is not subject to copyright protection and is in the public domain.</dc:rights>
    <dc:contributor>Congressional Research Service, Library of Congress</dc:contributor>
    <dc:description>This file contains bill summaries and statuses for federal legislation. A bill summary describes the most significant provisions of a piece of legislation and details the effects the legislative text may have on current law and federal programs. Bill summaries are authored by the Congressional Research Service (CRS) of the Library of Congress. As stated in Public Law 91-510 (2 USC 166 (d)(6)), one of the duties of CRS is "to prepare summaries and digests of bills and resolutions of a public general nature introduced in the Senate or House of Representatives". For more information, refer to the User Guide that accompanies this file.</dc:description>
  </dublinCore>
</billStatus>
