<?xml version="1.0" encoding="utf-8" standalone="no"?>
<billStatus>
  <version>3.0.0</version>
  <bill>
    <number>4159</number>
    <updateDate>2022-12-29T16:48:38Z</updateDate>
    <updateDateIncludingText>2022-12-29T16:48:38Z</updateDateIncludingText>
    <originChamber>Senate</originChamber>
    <type>S</type>
    <introducedDate>2022-05-05</introducedDate>
    <congress>117</congress>
    <committees>
      <item>
        <systemCode>ssga00</systemCode>
        <name>Homeland Security and Governmental Affairs Committee</name>
        <chamber>Senate</chamber>
        <type>Standing</type>
        <activities>
          <item>
            <name>Referred to</name>
            <date>2022-05-05T20:12:59Z</date>
          </item>
        </activities>
      </item>
    </committees>
    <relatedBills>
      <item>
        <title>FEMA Equity Act</title>
        <congress>117</congress>
        <number>7668</number>
        <type>HR</type>
        <latestAction>
          <actionDate>2022-05-09</actionDate>
          <text>Referred to the Subcommittee on Economic Development, Public Buildings, and Emergency Management.</text>
        </latestAction>
        <relationshipDetails>
          <item>
            <type>Related bill</type>
            <identifiedBy>CRS</identifiedBy>
          </item>
        </relationshipDetails>
      </item>
    </relatedBills>
    <actions>
      <item>
        <actionDate>2022-05-05</actionDate>
        <committees>
          <item>
            <systemCode>ssga00</systemCode>
            <name>Homeland Security and Governmental Affairs Committee</name>
          </item>
        </committees>
        <sourceSystem>
          <name>Senate</name>
        </sourceSystem>
        <text>Read twice and referred to the Committee on Homeland Security and Governmental Affairs.</text>
        <type>IntroReferral</type>
      </item>
      <item>
        <actionDate>2022-05-05</actionDate>
        <text>Introduced in Senate</text>
        <type>IntroReferral</type>
        <actionCode>10000</actionCode>
        <sourceSystem>
          <code>9</code>
          <name>Library of Congress</name>
        </sourceSystem>
      </item>
    </actions>
    <sponsors>
      <item>
        <bioguideId>W000817</bioguideId>
        <fullName>Sen. Warren, Elizabeth [D-MA]</fullName>
        <firstName>Elizabeth</firstName>
        <lastName>Warren</lastName>
        <party>D</party>
        <state>MA</state>
        <identifiers>
          <bioguideId>W000817</bioguideId>
        </identifiers>
        <middleName>A.</middleName>
        <isByRequest>N</isByRequest>
      </item>
    </sponsors>
    <cosponsors>
      <item>
        <bioguideId>B001288</bioguideId>
        <fullName>Sen. Booker, Cory A. [D-NJ]</fullName>
        <firstName>Cory</firstName>
        <lastName>Booker</lastName>
        <party>D</party>
        <state>NJ</state>
        <identifiers>
          <bioguideId>B001288</bioguideId>
        </identifiers>
        <sponsorshipDate>2022-05-05</sponsorshipDate>
        <isOriginalCosponsor>True</isOriginalCosponsor>
      </item>
      <item>
        <bioguideId>D000622</bioguideId>
        <fullName>Sen. Duckworth, Tammy [D-IL]</fullName>
        <firstName>Tammy</firstName>
        <lastName>Duckworth</lastName>
        <party>D</party>
        <state>IL</state>
        <identifiers>
          <bioguideId>D000622</bioguideId>
        </identifiers>
        <sponsorshipDate>2022-05-05</sponsorshipDate>
        <isOriginalCosponsor>True</isOriginalCosponsor>
      </item>
    </cosponsors>
    <policyArea>
      <name>Emergency Management</name>
    </policyArea>
    <subjects>
      <legislativeSubjects/>
      <policyArea>
        <name>Emergency Management</name>
      </policyArea>
    </subjects>
    <summaries>
      <summary>
        <versionCode>00</versionCode>
        <actionDate>2022-05-05</actionDate>
        <actionDesc>Introduced in Senate</actionDesc>
        <updateDate>2022-09-30T14:07:06Z</updateDate>
        <text>
          <![CDATA[ <p><strong>Federal Emergency Management Advancement of Equity Act or the FEMA Equity Act</strong></p> <p>This bill addresses equity in federal disaster assistance policies and programs. It allows, in some instances, counties to request disaster declarations.</p> <p>The Federal Emergency Management Agency (FEMA) must develop and implement a process to ensure equity in the provision of federal assistance and throughout all FEMA programs and policies. Additionally, FEMA must establish metrics to measure the efficacy of the process and seek input from relevant representatives of state, regional, local, and tribal governments; community-based organizations; subject matter experts; and individuals from underserved communities impacted by disasters.</p> <p>FEMA must designate a senior official as an equity advisor. The bill establishes in FEMA an Equity Enterprise Steering Group.</p> <p>The chief executive officer of an affected county may submit a request for a presidential declaration that a major disaster exists if (1) the governor of the state or territory in which the county is located does not request such a declaration, (2) the affected county is not included in a request for assistance made by such governor, or (3) the affected county communicates with that governor about the disaster or potential request for a major disaster declaration before the relevant period has lapsed.</p> <p>The Government Accountability Office shall issue a report describing the factors that FEMA considers when evaluating a request from a governor to declare that a major disaster or emergency exists and to authorize specified assistance.</p>]]>
        </text>
      </summary>
    </summaries>
    <title>FEMA Equity Act</title>
    <titles>
      <item>
        <titleType>Display Title</titleType>
        <title>FEMA Equity Act</title>
      </item>
      <item>
        <titleType>Short Title(s) as Introduced</titleType>
        <title>FEMA Equity Act</title>
        <billTextVersionName>Introduced in Senate</billTextVersionName>
        <billTextVersionCode>IS</billTextVersionCode>
      </item>
      <item>
        <titleType>Short Title(s) as Introduced</titleType>
        <title>Federal Emergency Management Advancement of Equity Act</title>
        <billTextVersionName>Introduced in Senate</billTextVersionName>
        <billTextVersionCode>IS</billTextVersionCode>
      </item>
      <item>
        <titleType>Official Title as Introduced</titleType>
        <title>A bill to ensure greater equity in Federal disaster assistance policies and programs by authorizing an equity steering group and equity advisor within the Federal Emergency Management Agency, improving data collection to measure disparate outcomes and participation barriers, requiring equity criteria to be applied to policies and programs, and permitting counties to seek emergency and major disaster declarations in certain circumstances, and for other purposes.</title>
        <billTextVersionName>Introduced in Senate</billTextVersionName>
        <billTextVersionCode>IS</billTextVersionCode>
      </item>
    </titles>
    <textVersions>
      <item>
        <type>Introduced in Senate</type>
        <date>2022-05-05T04:00:00Z</date>
        <formats>
          <item>
            <url>https://www.govinfo.gov/content/pkg/BILLS-117s4159is/xml/BILLS-117s4159is.xml</url>
          </item>
        </formats>
      </item>
      <item>
        <date/>
        <formats/>
        <type/>
      </item>
    </textVersions>
    <latestAction>
      <actionDate>2022-05-05</actionDate>
      <text>Read twice and referred to the Committee on Homeland Security and Governmental Affairs.</text>
    </latestAction>
  </bill>
  <dublinCore xmlns:dc="http://purl.org/dc/elements/1.1/">
    <dc:format>text/xml</dc:format>
    <dc:language>EN</dc:language>
    <dc:rights>Pursuant to Title 17 Section 105 of the United States Code, this file is not subject to copyright protection and is in the public domain.</dc:rights>
    <dc:contributor>Congressional Research Service, Library of Congress</dc:contributor>
    <dc:description>This file contains bill summaries and statuses for federal legislation. A bill summary describes the most significant provisions of a piece of legislation and details the effects the legislative text may have on current law and federal programs. Bill summaries are authored by the Congressional Research Service (CRS) of the Library of Congress. As stated in Public Law 91-510 (2 USC 166 (d)(6)), one of the duties of CRS is "to prepare summaries and digests of bills and resolutions of a public general nature introduced in the Senate or House of Representatives". For more information, refer to the User Guide that accompanies this file.</dc:description>
  </dublinCore>
</billStatus>
