<?xml version="1.0" encoding="utf-8" standalone="no"?>
<billStatus>
  <version>3.0.0</version>
  <bill>
    <number>2502</number>
    <updateDate>2023-01-21T15:26:14Z</updateDate>
    <updateDateIncludingText>2023-01-21T15:26:14Z</updateDateIncludingText>
    <originChamber>Senate</originChamber>
    <type>S</type>
    <introducedDate>2021-07-28</introducedDate>
    <congress>117</congress>
    <committees>
      <item>
        <systemCode>ssju00</systemCode>
        <name>Judiciary Committee</name>
        <chamber>Senate</chamber>
        <type>Standing</type>
        <activities>
          <item>
            <name>Reported by</name>
            <date>2021-12-13T23:45:43Z</date>
          </item>
          <item>
            <name>Markup by</name>
            <date>2021-09-23T13:00:02Z</date>
          </item>
          <item>
            <name>Referred to</name>
            <date>2021-07-28T18:29:56Z</date>
          </item>
        </activities>
      </item>
    </committees>
    <relatedBills>
      <item>
        <title>Kenneth P. Thompson Begin Again Act</title>
        <congress>117</congress>
        <number>1924</number>
        <type>HR</type>
        <latestAction>
          <actionDate>2022-04-06</actionDate>
          <text>Ordered to be Reported (Amended) by the Yeas and Nays: 28 - 7.</text>
        </latestAction>
        <relationshipDetails>
          <item>
            <type>Identical bill</type>
            <identifiedBy>CRS</identifiedBy>
          </item>
        </relationshipDetails>
      </item>
    </relatedBills>
    <actions>
      <item>
        <actionDate>2021-12-13</actionDate>
        <sourceSystem>
          <name>Senate</name>
        </sourceSystem>
        <text>Placed on Senate Legislative Calendar under General Orders. Calendar No. 183.</text>
        <type>Calendars</type>
      </item>
      <item>
        <actionDate>2021-12-13</actionDate>
        <committees>
          <item>
            <systemCode>ssju00</systemCode>
            <name>Judiciary Committee</name>
          </item>
        </committees>
        <sourceSystem>
          <name>Senate</name>
        </sourceSystem>
        <text>Committee on the Judiciary. Reported by Senator Durbin without amendment. Without written report.</text>
        <type>Committee</type>
      </item>
      <item>
        <actionDate>2021-12-13</actionDate>
        <text>Committee on the Judiciary. Reported by Senator Durbin without amendment. Without written report.</text>
        <type>Committee</type>
        <actionCode>14000</actionCode>
        <sourceSystem>
          <code>9</code>
          <name>Library of Congress</name>
        </sourceSystem>
        <committees>
          <item>
            <systemCode>ssju00</systemCode>
            <name>Judiciary Committee</name>
          </item>
        </committees>
      </item>
      <item>
        <actionDate>2021-09-23</actionDate>
        <committees>
          <item>
            <systemCode>ssju00</systemCode>
            <name>Judiciary Committee</name>
          </item>
        </committees>
        <sourceSystem>
          <name>Senate</name>
        </sourceSystem>
        <text>Committee on the Judiciary. Ordered to be reported without amendment favorably.</text>
        <type>Committee</type>
      </item>
      <item>
        <actionDate>2021-07-28</actionDate>
        <committees>
          <item>
            <systemCode>ssju00</systemCode>
            <name>Judiciary Committee</name>
          </item>
        </committees>
        <sourceSystem>
          <name>Senate</name>
        </sourceSystem>
        <text>Read twice and referred to the Committee on the Judiciary.</text>
        <type>IntroReferral</type>
      </item>
      <item>
        <actionDate>2021-07-28</actionDate>
        <text>Introduced in Senate</text>
        <type>IntroReferral</type>
        <actionCode>10000</actionCode>
        <sourceSystem>
          <code>9</code>
          <name>Library of Congress</name>
        </sourceSystem>
      </item>
    </actions>
    <sponsors>
      <item>
        <bioguideId>C001088</bioguideId>
        <fullName>Sen. Coons, Christopher A. [D-DE]</fullName>
        <firstName>Christopher</firstName>
        <lastName>Coons</lastName>
        <party>D</party>
        <state>DE</state>
        <identifiers>
          <bioguideId>C001088</bioguideId>
        </identifiers>
        <middleName>A.</middleName>
        <isByRequest>N</isByRequest>
      </item>
    </sponsors>
    <cosponsors>
      <item>
        <bioguideId>C001056</bioguideId>
        <fullName>Sen. Cornyn, John [R-TX]</fullName>
        <firstName>John</firstName>
        <lastName>Cornyn</lastName>
        <party>R</party>
        <state>TX</state>
        <identifiers>
          <bioguideId>C001056</bioguideId>
        </identifiers>
        <sponsorshipDate>2021-07-28</sponsorshipDate>
        <isOriginalCosponsor>True</isOriginalCosponsor>
      </item>
      <item>
        <bioguideId>D000563</bioguideId>
        <fullName>Sen. Durbin, Richard J. [D-IL]</fullName>
        <firstName>Richard</firstName>
        <lastName>Durbin</lastName>
        <party>D</party>
        <state>IL</state>
        <identifiers>
          <bioguideId>D000563</bioguideId>
        </identifiers>
        <middleName>J.</middleName>
        <sponsorshipDate>2021-07-28</sponsorshipDate>
        <isOriginalCosponsor>True</isOriginalCosponsor>
      </item>
      <item>
        <bioguideId>T000476</bioguideId>
        <fullName>Sen. Tillis, Thomas [R-NC]</fullName>
        <firstName>Thomas</firstName>
        <lastName>Tillis</lastName>
        <party>R</party>
        <state>NC</state>
        <identifiers>
          <bioguideId>T000476</bioguideId>
        </identifiers>
        <middleName>Roland</middleName>
        <sponsorshipDate>2021-07-28</sponsorshipDate>
        <isOriginalCosponsor>True</isOriginalCosponsor>
      </item>
      <item>
        <bioguideId>H001042</bioguideId>
        <fullName>Sen. Hirono, Mazie K. [D-HI]</fullName>
        <firstName>Mazie</firstName>
        <lastName>Hirono</lastName>
        <party>D</party>
        <state>HI</state>
        <identifiers>
          <bioguideId>H001042</bioguideId>
        </identifiers>
        <middleName>K.</middleName>
        <sponsorshipDate>2021-10-07</sponsorshipDate>
        <isOriginalCosponsor>False</isOriginalCosponsor>
      </item>
    </cosponsors>
    <cboCostEstimates>
      <item>
        <pubDate>2021-12-01T16:43:00Z</pubDate>
        <title>S. 2502, Kenneth P. Thompson Begin Again Act</title>
        <url>https://www.cbo.gov/publication/57656</url>
        <description>As ordered reported by the Senate Committee on the Judiciary on September 23, 2021</description>
      </item>
    </cboCostEstimates>
    <policyArea>
      <name>Crime and Law Enforcement</name>
    </policyArea>
    <subjects>
      <legislativeSubjects>
        <item>
          <name>Criminal justice information and records</name>
        </item>
        <item>
          <name>Criminal procedure and sentencing</name>
        </item>
        <item>
          <name>Drug trafficking and controlled substances</name>
        </item>
      </legislativeSubjects>
      <policyArea>
        <name>Crime and Law Enforcement</name>
      </policyArea>
    </subjects>
    <summaries>
      <summary>
        <versionCode>00</versionCode>
        <actionDate>2021-07-28</actionDate>
        <actionDesc>Introduced in Senate</actionDesc>
        <updateDate>2021-08-27T15:48:12Z</updateDate>
        <text>
          <![CDATA[ <p><strong>Kenneth P. Thompson Begin Again Act</strong> <p>This bill expands eligibility for the expungement of records related to a first-time drug possession offense.</p> <p>Current law permits expungement for offenders who commit the offense before age 21. This bill permits expungement for offenders who commit the offense at any age.]]>
        </text>
      </summary>
      <summary>
        <versionCode>25</versionCode>
        <actionDate>2021-12-13</actionDate>
        <actionDesc>Reported to Senate</actionDesc>
        <updateDate>2021-12-16T17:12:47Z</updateDate>
        <text>
          <![CDATA[ <p><strong>Kenneth P. Thompson Begin Again Act</strong> </p> <p>This bill expands eligibility for the expungement of records related to a first-time drug possession offense.</p> <p>Current law permits expungement for offenders who commit the offense before age 21. This bill permits expungement for offenders who commit the offense at any age.]]>
        </text>
      </summary>
    </summaries>
    <title>Kenneth P. Thompson Begin Again Act</title>
    <titles>
      <item>
        <titleType>Official Title as Introduced</titleType>
        <title>A bill to provide first-time, low-level, nonviolent simple possession offenders an opportunity to expunge that conviction after successful completion of court-imposed probation</title>
        <billTextVersionName>Introduced in Senate</billTextVersionName>
        <billTextVersionCode>IS</billTextVersionCode>
      </item>
      <item>
        <titleType>Display Title</titleType>
        <title>Kenneth P. Thompson Begin Again Act</title>
      </item>
      <item>
        <titleType>Short Title(s) as Reported to Senate</titleType>
        <title>Kenneth P. Thompson Begin Again Act</title>
        <chamberCode>S</chamberCode>
        <chamberName>Senate</chamberName>
        <billTextVersionName>Reported to Senate</billTextVersionName>
        <billTextVersionCode>RS</billTextVersionCode>
      </item>
      <item>
        <titleType>Short Title(s) as Introduced</titleType>
        <title>Kenneth P. Thompson Begin Again Act</title>
        <billTextVersionName>Introduced in Senate</billTextVersionName>
        <billTextVersionCode>IS</billTextVersionCode>
      </item>
    </titles>
    <textVersions>
      <item>
        <type>Reported to Senate</type>
        <date>2021-12-13T05:00:00Z</date>
        <formats>
          <item>
            <url>https://www.govinfo.gov/content/pkg/BILLS-117s2502rs/xml/BILLS-117s2502rs.xml</url>
          </item>
        </formats>
      </item>
      <item>
        <type>Introduced in Senate</type>
        <date>2021-07-28T04:00:00Z</date>
        <formats>
          <item>
            <url>https://www.govinfo.gov/content/pkg/BILLS-117s2502is/xml/BILLS-117s2502is.xml</url>
          </item>
        </formats>
      </item>
      <item>
        <date/>
        <formats/>
        <type/>
      </item>
    </textVersions>
    <latestAction>
      <actionDate>2021-12-13</actionDate>
      <text>Placed on Senate Legislative Calendar under General Orders. Calendar No. 183.</text>
    </latestAction>
  </bill>
  <dublinCore xmlns:dc="http://purl.org/dc/elements/1.1/">
    <dc:format>text/xml</dc:format>
    <dc:language>EN</dc:language>
    <dc:rights>Pursuant to Title 17 Section 105 of the United States Code, this file is not subject to copyright protection and is in the public domain.</dc:rights>
    <dc:contributor>Congressional Research Service, Library of Congress</dc:contributor>
    <dc:description>This file contains bill summaries and statuses for federal legislation. A bill summary describes the most significant provisions of a piece of legislation and details the effects the legislative text may have on current law and federal programs. Bill summaries are authored by the Congressional Research Service (CRS) of the Library of Congress. As stated in Public Law 91-510 (2 USC 166 (d)(6)), one of the duties of CRS is "to prepare summaries and digests of bills and resolutions of a public general nature introduced in the Senate or House of Representatives". For more information, refer to the User Guide that accompanies this file.</dc:description>
  </dublinCore>
</billStatus>
