<?xml version="1.0" encoding="utf-8" standalone="no"?>
<billStatus>
  <version>3.0.0</version>
  <bill>
    <number>1348</number>
    <updateDate>2023-01-11T13:49:11Z</updateDate>
    <updateDateIncludingText>2023-01-11T13:49:11Z</updateDateIncludingText>
    <originChamber>Senate</originChamber>
    <type>S</type>
    <introducedDate>2021-04-22</introducedDate>
    <congress>117</congress>
    <committees>
      <item>
        <systemCode>slin00</systemCode>
        <name>Intelligence (Select) Committee</name>
        <chamber>Senate</chamber>
        <type>Select</type>
        <activities>
          <item>
            <name>Referred to</name>
            <date>2021-04-22T21:07:54Z</date>
          </item>
        </activities>
      </item>
    </committees>
    <relatedBills>
      <item>
        <title>COVID-19 Origin Act of 2021</title>
        <congress>117</congress>
        <number>1867</number>
        <type>S</type>
        <latestAction>
          <actionDate>2021-05-28</actionDate>
          <text>Held at the desk.</text>
          <actionTime>10:24:17</actionTime>
        </latestAction>
        <relationshipDetails>
          <item>
            <type>Related bill</type>
            <identifiedBy>CRS</identifiedBy>
          </item>
        </relationshipDetails>
      </item>
      <item>
        <title>COVID–19 Origin Act of 2021</title>
        <congress>117</congress>
        <number>3191</number>
        <type>HR</type>
        <latestAction>
          <actionDate>2021-05-14</actionDate>
          <text>Referred to the Subcommittee on Health.</text>
        </latestAction>
        <relationshipDetails>
          <item>
            <type>Identical bill</type>
            <identifiedBy>CRS</identifiedBy>
          </item>
        </relationshipDetails>
      </item>
    </relatedBills>
    <actions>
      <item>
        <actionDate>2021-04-22</actionDate>
        <committees>
          <item>
            <systemCode>slin00</systemCode>
            <name>Intelligence (Select) Committee</name>
          </item>
        </committees>
        <sourceSystem>
          <name>Senate</name>
        </sourceSystem>
        <text>Read twice and referred to the Select Committee on Intelligence.</text>
        <type>IntroReferral</type>
      </item>
      <item>
        <actionDate>2021-04-22</actionDate>
        <text>Introduced in Senate</text>
        <type>IntroReferral</type>
        <actionCode>10000</actionCode>
        <sourceSystem>
          <code>9</code>
          <name>Library of Congress</name>
        </sourceSystem>
      </item>
    </actions>
    <sponsors>
      <item>
        <bioguideId>H001089</bioguideId>
        <fullName>Sen. Hawley, Josh [R-MO]</fullName>
        <firstName>Josh</firstName>
        <lastName>Hawley</lastName>
        <party>R</party>
        <state>MO</state>
        <identifiers>
          <bioguideId>H001089</bioguideId>
        </identifiers>
        <isByRequest>N</isByRequest>
      </item>
    </sponsors>
    <cosponsors>
      <item>
        <bioguideId>B001310</bioguideId>
        <fullName>Sen. Braun, Mike [R-IN]</fullName>
        <firstName>Mike</firstName>
        <lastName>Braun</lastName>
        <party>R</party>
        <state>IN</state>
        <identifiers>
          <bioguideId>B001310</bioguideId>
        </identifiers>
        <sponsorshipDate>2021-04-22</sponsorshipDate>
        <isOriginalCosponsor>True</isOriginalCosponsor>
      </item>
      <item>
        <bioguideId>H001079</bioguideId>
        <fullName>Sen. Hyde-Smith, Cindy [R-MS]</fullName>
        <firstName>Cindy</firstName>
        <lastName>Hyde-Smith</lastName>
        <party>R</party>
        <state>MS</state>
        <identifiers>
          <bioguideId>H001079</bioguideId>
        </identifiers>
        <sponsorshipDate>2021-05-26</sponsorshipDate>
        <isOriginalCosponsor>False</isOriginalCosponsor>
      </item>
    </cosponsors>
    <policyArea>
      <name>Armed Forces and National Security</name>
    </policyArea>
    <subjects>
      <legislativeSubjects>
        <item>
          <name>Asia</name>
        </item>
        <item>
          <name>Cardiovascular and respiratory health</name>
        </item>
        <item>
          <name>China</name>
        </item>
        <item>
          <name>Congressional oversight</name>
        </item>
        <item>
          <name>Emergency medical services and trauma care</name>
        </item>
        <item>
          <name>Government information and archives</name>
        </item>
        <item>
          <name>Health personnel</name>
        </item>
        <item>
          <name>Health promotion and preventive care</name>
        </item>
        <item>
          <name>Hospital care</name>
        </item>
        <item>
          <name>Infectious and parasitic diseases</name>
        </item>
        <item>
          <name>Intelligence activities, surveillance, classified information</name>
        </item>
        <item>
          <name>Medical research</name>
        </item>
        <item>
          <name>World health</name>
        </item>
      </legislativeSubjects>
      <policyArea>
        <name>Armed Forces and National Security</name>
      </policyArea>
    </subjects>
    <summaries>
      <summary>
        <versionCode>00</versionCode>
        <actionDate>2021-04-22</actionDate>
        <actionDesc>Introduced in Senate</actionDesc>
        <updateDate>2021-08-03T22:06:57Z</updateDate>
        <text>
          <![CDATA[ <p><strong>COVID-19 Origin Act of 2021</strong></p> <p>This bill requires the Office of the Director of National Intelligence (ODNI) to declassify all information relating to potential links between the Wuhan Institute of Virology and the origin of COVID-19. The ODNI shall submit to Congress an unclassified report containing such information, with redactions only as necessary to protect sources and methods. </p>]]>
        </text>
      </summary>
    </summaries>
    <title>COVID–19 Origin Act of 2021</title>
    <titles>
      <item>
        <titleType>Display Title</titleType>
        <title>COVID–19 Origin Act of 2021</title>
      </item>
      <item>
        <titleType>Official Title as Introduced</titleType>
        <title>A bill to require the Director of National Intelligence to declassify information relating to the origin of COVID-19, and for other purposes.</title>
        <billTextVersionName>Introduced in Senate</billTextVersionName>
        <billTextVersionCode>IS</billTextVersionCode>
      </item>
      <item>
        <titleType>Short Title(s) as Introduced</titleType>
        <title>COVID–19 Origin Act of 2021</title>
        <billTextVersionName>Introduced in Senate</billTextVersionName>
        <billTextVersionCode>IS</billTextVersionCode>
      </item>
    </titles>
    <textVersions>
      <item>
        <type>Introduced in Senate</type>
        <date>2021-04-22T04:00:00Z</date>
        <formats>
          <item>
            <url>https://www.govinfo.gov/content/pkg/BILLS-117s1348is/xml/BILLS-117s1348is.xml</url>
          </item>
        </formats>
      </item>
      <item>
        <date/>
        <formats/>
        <type/>
      </item>
    </textVersions>
    <latestAction>
      <actionDate>2021-04-22</actionDate>
      <text>Read twice and referred to the Select Committee on Intelligence.</text>
    </latestAction>
  </bill>
  <dublinCore xmlns:dc="http://purl.org/dc/elements/1.1/">
    <dc:format>text/xml</dc:format>
    <dc:language>EN</dc:language>
    <dc:rights>Pursuant to Title 17 Section 105 of the United States Code, this file is not subject to copyright protection and is in the public domain.</dc:rights>
    <dc:contributor>Congressional Research Service, Library of Congress</dc:contributor>
    <dc:description>This file contains bill summaries and statuses for federal legislation. A bill summary describes the most significant provisions of a piece of legislation and details the effects the legislative text may have on current law and federal programs. Bill summaries are authored by the Congressional Research Service (CRS) of the Library of Congress. As stated in Public Law 91-510 (2 USC 166 (d)(6)), one of the duties of CRS is "to prepare summaries and digests of bills and resolutions of a public general nature introduced in the Senate or House of Representatives". For more information, refer to the User Guide that accompanies this file.</dc:description>
  </dublinCore>
</billStatus>
