<?xml version="1.0" encoding="utf-8" standalone="no"?>
<billStatus>
  <version>3.0.0</version>
  <bill>
    <number>144</number>
    <updateDate>2023-01-19T14:30:30Z</updateDate>
    <updateDateIncludingText>2023-01-19T14:30:30Z</updateDateIncludingText>
    <originChamber>Senate</originChamber>
    <type>S</type>
    <introducedDate>2021-02-01</introducedDate>
    <congress>117</congress>
    <committees>
      <item>
        <systemCode>slia00</systemCode>
        <name>Indian Affairs Committee</name>
        <chamber>Senate</chamber>
        <type>Other</type>
        <activities>
          <item>
            <name>Reported by</name>
            <date>2021-03-24T23:57:32Z</date>
          </item>
          <item>
            <name>Markup by</name>
            <date>2021-03-10T19:30:02Z</date>
          </item>
          <item>
            <name>Referred to</name>
            <date>2021-02-01T22:19:10Z</date>
          </item>
        </activities>
      </item>
    </committees>
    <committeeReports>
      <committeeReport>
        <citation>S. Rept. 117-5</citation>
      </committeeReport>
    </committeeReports>
    <relatedBills>
      <item>
        <title>Desert Sage Youth Wellness Center Access Improvement Act</title>
        <congress>117</congress>
        <number>667</number>
        <type>HR</type>
        <latestAction>
          <actionDate>2022-11-16</actionDate>
          <text>Placed on the Union Calendar, Calendar No. 404.</text>
        </latestAction>
        <relationshipDetails>
          <item>
            <type>Identical bill</type>
            <identifiedBy>CRS</identifiedBy>
          </item>
          <item>
            <type>Related bill</type>
            <identifiedBy>House</identifiedBy>
          </item>
        </relationshipDetails>
      </item>
    </relatedBills>
    <actions>
      <item>
        <actionDate>2022-07-29</actionDate>
        <text>Became Public Law No: 117-161.</text>
        <type>President</type>
        <actionCode>E40000</actionCode>
        <sourceSystem>
          <code>9</code>
          <name>Library of Congress</name>
        </sourceSystem>
      </item>
      <item>
        <actionDate>2022-07-29</actionDate>
        <text>Became Public Law No: 117-161.</text>
        <type>BecameLaw</type>
        <actionCode>36000</actionCode>
        <sourceSystem>
          <code>9</code>
          <name>Library of Congress</name>
        </sourceSystem>
      </item>
      <item>
        <actionDate>2022-07-29</actionDate>
        <text>Signed by President.</text>
        <type>President</type>
        <actionCode>E30000</actionCode>
        <sourceSystem>
          <code>9</code>
          <name>Library of Congress</name>
        </sourceSystem>
      </item>
      <item>
        <actionDate>2022-07-29</actionDate>
        <text>Signed by President.</text>
        <type>BecameLaw</type>
        <actionCode>36000</actionCode>
        <sourceSystem>
          <code>9</code>
          <name>Library of Congress</name>
        </sourceSystem>
      </item>
      <item>
        <actionDate>2022-07-27</actionDate>
        <text>Presented to President.</text>
        <type>Floor</type>
        <actionCode>E20000</actionCode>
        <sourceSystem>
          <code>2</code>
          <name>House floor actions</name>
        </sourceSystem>
      </item>
      <item>
        <actionDate>2022-07-27</actionDate>
        <text>Presented to President.</text>
        <type>President</type>
        <actionCode>28000</actionCode>
        <sourceSystem>
          <code>9</code>
          <name>Library of Congress</name>
        </sourceSystem>
      </item>
      <item>
        <actionDate>2022-07-19</actionDate>
        <actionTime>18:14:16</actionTime>
        <text>Motion to reconsider laid on the table Agreed to without objection.</text>
        <type>Floor</type>
        <actionCode>H38310</actionCode>
        <sourceSystem>
          <code>2</code>
          <name>House floor actions</name>
        </sourceSystem>
      </item>
      <item>
        <actionDate>2022-07-19</actionDate>
        <actionTime>18:14:15</actionTime>
        <text>On motion to suspend the rules and pass the bill Agreed to by the Yeas and Nays: (2/3 required): 379 - 41 (Roll no. 375). (text: 7/18/2022 CR H6686-6687)</text>
        <type>Floor</type>
        <actionCode>H37300</actionCode>
        <sourceSystem>
          <code>2</code>
          <name>House floor actions</name>
        </sourceSystem>
        <recordedVotes>
          <recordedVote>
            <rollNumber>375</rollNumber>
            <url>https://clerk.house.gov/evs/2022/roll375.xml</url>
            <chamber>House</chamber>
            <congress>117</congress>
            <date>2022-07-19T22:14:15Z</date>
            <sessionNumber>2</sessionNumber>
          </recordedVote>
        </recordedVotes>
      </item>
      <item>
        <actionDate>2022-07-19</actionDate>
        <actionTime>18:14:15</actionTime>
        <text>Passed/agreed to in House: On motion to suspend the rules and pass the bill Agreed to by the Yeas and Nays: (2/3 required): 379 - 41 (Roll no. 375).</text>
        <type>Floor</type>
        <actionCode>8000</actionCode>
        <sourceSystem>
          <code>9</code>
          <name>Library of Congress</name>
        </sourceSystem>
        <recordedVotes>
          <recordedVote>
            <rollNumber>375</rollNumber>
            <url>https://clerk.house.gov/evs/2022/roll375.xml</url>
            <chamber>House</chamber>
            <congress>117</congress>
            <date>2022-07-19T22:14:15Z</date>
            <sessionNumber>2</sessionNumber>
          </recordedVote>
        </recordedVotes>
      </item>
      <item>
        <actionDate>2022-07-19</actionDate>
        <actionTime>18:06:30</actionTime>
        <text>Considered as unfinished business. (consideration: CR H6865)</text>
        <type>Floor</type>
        <actionCode>H30000</actionCode>
        <sourceSystem>
          <code>2</code>
          <name>House floor actions</name>
        </sourceSystem>
      </item>
      <item>
        <actionDate>2022-07-18</actionDate>
        <actionTime>14:36:48</actionTime>
        <text>At the conclusion of debate, the Yeas and Nays were demanded and ordered. Pursuant to the provisions of clause 8, rule XX, the Chair announced that further proceedings on the motion would be postponed.</text>
        <type>Floor</type>
        <actionCode>H37220</actionCode>
        <sourceSystem>
          <code>2</code>
          <name>House floor actions</name>
        </sourceSystem>
      </item>
      <item>
        <actionDate>2022-07-18</actionDate>
        <actionTime>14:31:46</actionTime>
        <text>DEBATE - The House proceeded with forty minutes of debate on S. 144.</text>
        <type>Floor</type>
        <actionCode>H8D000</actionCode>
        <sourceSystem>
          <code>2</code>
          <name>House floor actions</name>
        </sourceSystem>
      </item>
      <item>
        <actionDate>2022-07-18</actionDate>
        <actionTime>14:31:42</actionTime>
        <text>Considered under suspension of the rules. (consideration: CR H6686-6687)</text>
        <type>Floor</type>
        <actionCode>H30000</actionCode>
        <sourceSystem>
          <code>2</code>
          <name>House floor actions</name>
        </sourceSystem>
      </item>
      <item>
        <actionDate>2022-07-18</actionDate>
        <actionTime>14:31:23</actionTime>
        <text>Mr. Huffman moved to suspend the rules and pass the bill.</text>
        <type>Floor</type>
        <actionCode>H30300</actionCode>
        <sourceSystem>
          <code>2</code>
          <name>House floor actions</name>
        </sourceSystem>
      </item>
      <item>
        <actionDate>2021-05-28</actionDate>
        <actionTime>10:23:23</actionTime>
        <text>Held at the desk.</text>
        <type>Floor</type>
        <actionCode>H15000</actionCode>
        <sourceSystem>
          <code>2</code>
          <name>House floor actions</name>
        </sourceSystem>
      </item>
      <item>
        <actionDate>2021-05-28</actionDate>
        <actionTime>10:10:53</actionTime>
        <text>Received in the House.</text>
        <type>Floor</type>
        <actionCode>H14000</actionCode>
        <sourceSystem>
          <code>2</code>
          <name>House floor actions</name>
        </sourceSystem>
      </item>
      <item>
        <actionDate>2021-05-27</actionDate>
        <sourceSystem>
          <name>Senate</name>
        </sourceSystem>
        <text>Message on Senate action sent to the House.</text>
        <type>Floor</type>
      </item>
      <item>
        <actionDate>2021-05-26</actionDate>
        <sourceSystem>
          <name>Senate</name>
        </sourceSystem>
        <text>Passed Senate without amendment by Voice Vote. (consideration: CR S3489; text: CR S3489)</text>
        <type>Floor</type>
      </item>
      <item>
        <actionDate>2021-05-26</actionDate>
        <text>Passed/agreed to in Senate: Passed Senate without amendment by Voice Vote.(consideration: CR S3489; text: CR S3489)</text>
        <type>Floor</type>
        <actionCode>17000</actionCode>
        <sourceSystem>
          <code>9</code>
          <name>Library of Congress</name>
        </sourceSystem>
      </item>
      <item>
        <actionDate>2021-03-24</actionDate>
        <sourceSystem>
          <name>Senate</name>
        </sourceSystem>
        <text>Placed on Senate Legislative Calendar under General Orders. Calendar No. 21.</text>
        <type>Calendars</type>
      </item>
      <item>
        <actionDate>2021-03-24</actionDate>
        <committees>
          <item>
            <systemCode>slia00</systemCode>
            <name>Indian Affairs Committee</name>
          </item>
        </committees>
        <sourceSystem>
          <name>Senate</name>
        </sourceSystem>
        <text>Committee on Indian Affairs. Reported by Senator Schatz without amendment. With written report No. 117-5.</text>
        <type>Committee</type>
      </item>
      <item>
        <actionDate>2021-03-24</actionDate>
        <text>Committee on Indian Affairs. Reported by Senator Schatz without amendment. With written report No. 117-5.</text>
        <type>Committee</type>
        <actionCode>14000</actionCode>
        <sourceSystem>
          <code>9</code>
          <name>Library of Congress</name>
        </sourceSystem>
        <committees>
          <item>
            <systemCode>slia00</systemCode>
            <name>Indian Affairs Committee</name>
          </item>
        </committees>
      </item>
      <item>
        <actionDate>2021-03-10</actionDate>
        <committees>
          <item>
            <systemCode>slia00</systemCode>
            <name>Indian Affairs Committee</name>
          </item>
        </committees>
        <sourceSystem>
          <name>Senate</name>
        </sourceSystem>
        <text>Committee on Indian Affairs. Ordered to be reported without amendment favorably.</text>
        <type>Committee</type>
      </item>
      <item>
        <actionDate>2021-02-01</actionDate>
        <committees>
          <item>
            <systemCode>slia00</systemCode>
            <name>Indian Affairs Committee</name>
          </item>
        </committees>
        <sourceSystem>
          <name>Senate</name>
        </sourceSystem>
        <text>Read twice and referred to the Committee on Indian Affairs. (Sponsor introductory remarks on measure: CR S213)</text>
        <type>IntroReferral</type>
      </item>
      <item>
        <actionDate>2021-02-01</actionDate>
        <text>Introduced in Senate</text>
        <type>IntroReferral</type>
        <actionCode>10000</actionCode>
        <sourceSystem>
          <code>9</code>
          <name>Library of Congress</name>
        </sourceSystem>
      </item>
    </actions>
    <sponsors>
      <item>
        <bioguideId>F000062</bioguideId>
        <fullName>Sen. Feinstein, Dianne [D-CA]</fullName>
        <firstName>Dianne</firstName>
        <lastName>Feinstein</lastName>
        <party>D</party>
        <state>CA</state>
        <identifiers>
          <bioguideId>F000062</bioguideId>
        </identifiers>
        <isByRequest>N</isByRequest>
      </item>
    </sponsors>
    <cosponsors>
      <item>
        <bioguideId>P000145</bioguideId>
        <fullName>Sen. Padilla, Alex [D-CA]</fullName>
        <firstName>Alex</firstName>
        <lastName>Padilla</lastName>
        <party>D</party>
        <state>CA</state>
        <identifiers>
          <bioguideId>P000145</bioguideId>
        </identifiers>
        <sponsorshipDate>2021-02-01</sponsorshipDate>
        <isOriginalCosponsor>True</isOriginalCosponsor>
      </item>
      <item>
        <bioguideId>B001277</bioguideId>
        <fullName>Sen. Blumenthal, Richard [D-CT]</fullName>
        <firstName>Richard</firstName>
        <lastName>Blumenthal</lastName>
        <party>D</party>
        <state>CT</state>
        <identifiers>
          <bioguideId>B001277</bioguideId>
        </identifiers>
        <sponsorshipDate>2021-05-13</sponsorshipDate>
        <isOriginalCosponsor>False</isOriginalCosponsor>
      </item>
    </cosponsors>
    <cboCostEstimates>
      <item>
        <pubDate>2021-03-18T20:18:00Z</pubDate>
        <title>S. 144, Desert Sage Youth Wellness Center Access Improvement Act</title>
        <url>https://www.cbo.gov/publication/57070</url>
        <description>As ordered reported by the Senate Committee on Indian Affairs onMarch 10, 2021</description>
      </item>
    </cboCostEstimates>
    <laws>
      <item>
        <type>Public Law</type>
        <number>117-161</number>
      </item>
    </laws>
    <policyArea>
      <name>Native Americans</name>
    </policyArea>
    <subjects>
      <legislativeSubjects>
        <item>
          <name>California</name>
        </item>
        <item>
          <name>Child health</name>
        </item>
        <item>
          <name>Drug, alcohol, tobacco use</name>
        </item>
        <item>
          <name>Health facilities and institutions</name>
        </item>
        <item>
          <name>Land transfers</name>
        </item>
        <item>
          <name>Minority health</name>
        </item>
        <item>
          <name>Roads and highways</name>
        </item>
      </legislativeSubjects>
      <policyArea>
        <name>Native Americans</name>
      </policyArea>
    </subjects>
    <summaries>
      <summary>
        <versionCode>00</versionCode>
        <actionDate>2021-02-01</actionDate>
        <actionDesc>Introduced in Senate</actionDesc>
        <updateDate>2021-03-15T20:34:11Z</updateDate>
        <text>
          <![CDATA[ <p><b>Desert Sage Youth Wellness Center Access Improvement Act</b></p> <p>This bill authorizes the Indian Health Service (IHS) to purchase certain private land in Hemet, California, at fair market value and then construct a paved road on that land to facilitate access to the Desert Sage Youth Wellness Center. The IHS shall maintain the road or enter an agreement with Riverside County, California, to maintain the road.</p>]]>
        </text>
      </summary>
      <summary>
        <versionCode>25</versionCode>
        <actionDate>2021-03-24</actionDate>
        <actionDesc>Reported to Senate</actionDesc>
        <updateDate>2021-04-08T22:16:41Z</updateDate>
        <text>
          <![CDATA[ <p><b>Desert Sage Youth Wellness Center Access Improvement Act</b></p> <p>This bill authorizes the Indian Health Service (IHS) to purchase certain private land in Hemet, California, at fair market value and then construct a paved road on that land to facilitate access to the Desert Sage Youth Wellness Center. The IHS shall maintain the road or enter an agreement with Riverside County, California, to maintain the road.</p>]]>
        </text>
      </summary>
      <summary>
        <versionCode>55</versionCode>
        <actionDate>2021-05-26</actionDate>
        <actionDesc>Passed Senate</actionDesc>
        <updateDate>2021-06-08T00:00:35Z</updateDate>
        <text>
          <![CDATA[ <p><b>Desert Sage Youth Wellness Center Access Improvement Act</b></p> <p>This bill authorizes the Indian Health Service (IHS) to purchase certain private land in Hemet, California, at fair market value and then construct a paved road on that land to facilitate access to the Desert Sage Youth Wellness Center. The IHS shall maintain the road or enter an agreement with Riverside County, California, to maintain the road.</p>]]>
        </text>
      </summary>
      <summary>
        <versionCode>53</versionCode>
        <actionDate>2022-07-19</actionDate>
        <actionDesc>Passed House</actionDesc>
        <updateDate>2022-07-25T19:59:55Z</updateDate>
        <text>
          <![CDATA[ <p><b>Desert Sage Youth Wellness Center Access Improvement Act</b></p> <p>This bill authorizes the Indian Health Service (IHS) to purchase certain private land in Hemet, California, at fair market value and then construct a paved road on that land to facilitate access to the Desert Sage Youth Wellness Center. The IHS shall maintain the road or enter an agreement with Riverside County, California, to maintain the road.</p>]]>
        </text>
      </summary>
      <summary>
        <versionCode>49</versionCode>
        <actionDate>2022-07-29</actionDate>
        <actionDesc>Public Law</actionDesc>
        <updateDate>2022-08-01T16:02:51Z</updateDate>
        <text>
          <![CDATA[ <p><b>Desert Sage Youth Wellness Center Access Improvement Act</b></p> <p>This bill authorizes the Indian Health Service (IHS) to purchase certain private land in Hemet, California, at fair market value and then construct a paved road on that land to facilitate access to the Desert Sage Youth Wellness Center. The IHS shall maintain the road or enter an agreement with Riverside County, California, to maintain the road.</p>]]>
        </text>
      </summary>
    </summaries>
    <title>Desert Sage Youth Wellness Center Access Improvement Act</title>
    <titles>
      <item>
        <titleType>Display Title</titleType>
        <title>Desert Sage Youth Wellness Center Access Improvement Act</title>
      </item>
      <item>
        <titleType>Short Titles as Passed Senate</titleType>
        <title>Desert Sage Youth Wellness Center Access Improvement Act</title>
        <chamberCode>S</chamberCode>
        <chamberName>Senate</chamberName>
      </item>
      <item>
        <titleType>Short Titles as Enacted</titleType>
        <title>Desert Sage Youth Wellness Center Access Improvement Act</title>
      </item>
      <item>
        <titleType>Official Title as Introduced</titleType>
        <title>A bill to authorize the Secretary of Health and Human Services, acting through the Director of the Indian Health Service, to acquire private land to facilitate access to the Desert Sage Youth Wellness Center in Hemet, California, and for other purposes.</title>
        <billTextVersionName>Introduced in Senate</billTextVersionName>
        <billTextVersionCode>IS</billTextVersionCode>
      </item>
      <item>
        <titleType>Short Title(s) as Passed Senate</titleType>
        <title>Desert Sage Youth Wellness Center Access Improvement Act</title>
        <chamberCode>S</chamberCode>
        <chamberName>Senate</chamberName>
        <billTextVersionName>Engrossed in Senate</billTextVersionName>
        <billTextVersionCode>ES</billTextVersionCode>
      </item>
      <item>
        <titleType>Short Title(s) as Reported to Senate</titleType>
        <title>Desert Sage Youth Wellness Center Access Improvement Act</title>
        <chamberCode>S</chamberCode>
        <chamberName>Senate</chamberName>
        <billTextVersionName>Reported to Senate</billTextVersionName>
        <billTextVersionCode>RS</billTextVersionCode>
      </item>
      <item>
        <titleType>Short Title(s) as Introduced</titleType>
        <title>Desert Sage Youth Wellness Center Access Improvement Act</title>
        <billTextVersionName>Introduced in Senate</billTextVersionName>
        <billTextVersionCode>IS</billTextVersionCode>
      </item>
    </titles>
    <textVersions>
      <item>
        <type>Enrolled Bill</type>
        <date/>
        <formats>
          <item>
            <url>https://www.govinfo.gov/content/pkg/BILLS-117s144enr/xml/BILLS-117s144enr.xml</url>
          </item>
        </formats>
      </item>
      <item>
        <type>Engrossed in Senate</type>
        <date>2021-05-26T04:00:00Z</date>
        <formats>
          <item>
            <url>https://www.govinfo.gov/content/pkg/BILLS-117s144es/xml/BILLS-117s144es.xml</url>
          </item>
        </formats>
      </item>
      <item>
        <type>Reported to Senate</type>
        <date>2021-03-24T04:00:00Z</date>
        <formats>
          <item>
            <url>https://www.govinfo.gov/content/pkg/BILLS-117s144rs/xml/BILLS-117s144rs.xml</url>
          </item>
        </formats>
      </item>
      <item>
        <type>Introduced in Senate</type>
        <date>2021-02-01T05:00:00Z</date>
        <formats>
          <item>
            <url>https://www.govinfo.gov/content/pkg/BILLS-117s144is/xml/BILLS-117s144is.xml</url>
          </item>
        </formats>
      </item>
      <item>
        <date>2022-07-30T03:59:59Z</date>
        <formats>
          <item>
            <url>https://www.govinfo.gov/content/pkg/PLAW-117publ161_uslm/xml/PLAW-117publ161_uslm.xml</url>
          </item>
        </formats>
        <type>Public Law</type>
      </item>
    </textVersions>
    <latestAction>
      <actionDate>2022-07-29</actionDate>
      <text>Became Public Law No: 117-161.</text>
    </latestAction>
  </bill>
  <dublinCore xmlns:dc="http://purl.org/dc/elements/1.1/">
    <dc:format>text/xml</dc:format>
    <dc:language>EN</dc:language>
    <dc:rights>Pursuant to Title 17 Section 105 of the United States Code, this file is not subject to copyright protection and is in the public domain.</dc:rights>
    <dc:contributor>Congressional Research Service, Library of Congress</dc:contributor>
    <dc:description>This file contains bill summaries and statuses for federal legislation. A bill summary describes the most significant provisions of a piece of legislation and details the effects the legislative text may have on current law and federal programs. Bill summaries are authored by the Congressional Research Service (CRS) of the Library of Congress. As stated in Public Law 91-510 (2 USC 166 (d)(6)), one of the duties of CRS is "to prepare summaries and digests of bills and resolutions of a public general nature introduced in the Senate or House of Representatives". For more information, refer to the User Guide that accompanies this file.</dc:description>
  </dublinCore>
</billStatus>
