<?xml version="1.0" encoding="utf-8" standalone="no"?>
<billStatus>
  <version>3.0.0</version>
  <bill>
    <number>64</number>
    <updateDate>2023-01-17T20:02:36Z</updateDate>
    <updateDateIncludingText>2023-01-17T20:02:36Z</updateDateIncludingText>
    <originChamber>Senate</originChamber>
    <type>S</type>
    <introducedDate>2021-01-27</introducedDate>
    <congress>117</congress>
    <committees>
      <item>
        <systemCode>sssb00</systemCode>
        <name>Small Business and Entrepreneurship Committee</name>
        <chamber>Senate</chamber>
        <type>Standing</type>
        <activities>
          <item>
            <name>Hearings by</name>
            <date>2022-02-01T23:33:03Z</date>
          </item>
          <item>
            <name>Referred to</name>
            <date>2021-01-27T20:01:45Z</date>
          </item>
        </activities>
      </item>
    </committees>
    <relatedBills>
      <item>
        <title>Ushering Progress by Leveraging Innovation and Future Technology Act of 2021</title>
        <congress>117</congress>
        <number>1010</number>
        <type>HR</type>
        <latestAction>
          <actionDate>2021-02-11</actionDate>
          <text>Referred to the House Committee on Small Business.</text>
        </latestAction>
        <relationshipDetails>
          <item>
            <type>Identical bill</type>
            <identifiedBy>CRS</identifiedBy>
          </item>
        </relationshipDetails>
      </item>
      <item>
        <title>Small Business Administration Reauthorization and Modernization Act of 2022</title>
        <congress>117</congress>
        <number>5220</number>
        <type>S</type>
        <latestAction>
          <actionDate>2022-12-08</actionDate>
          <text>Read twice and referred to the Committee on Small Business and Entrepreneurship.</text>
        </latestAction>
        <relationshipDetails>
          <item>
            <type>Related bill</type>
            <identifiedBy>CRS</identifiedBy>
          </item>
        </relationshipDetails>
      </item>
    </relatedBills>
    <actions>
      <item>
        <actionDate>2022-02-01</actionDate>
        <committees>
          <item>
            <systemCode>sssb00</systemCode>
            <name>Small Business and Entrepreneurship Committee</name>
          </item>
        </committees>
        <sourceSystem>
          <name>Senate</name>
        </sourceSystem>
        <text>Committee on Small Business and Entrepreneurship. Hearings held.</text>
        <type>Committee</type>
      </item>
      <item>
        <actionDate>2021-01-27</actionDate>
        <committees>
          <item>
            <systemCode>sssb00</systemCode>
            <name>Small Business and Entrepreneurship Committee</name>
          </item>
        </committees>
        <sourceSystem>
          <name>Senate</name>
        </sourceSystem>
        <text>Read twice and referred to the Committee on Small Business and Entrepreneurship.</text>
        <type>IntroReferral</type>
      </item>
      <item>
        <actionDate>2021-01-27</actionDate>
        <text>Introduced in Senate</text>
        <type>IntroReferral</type>
        <actionCode>10000</actionCode>
        <sourceSystem>
          <code>9</code>
          <name>Library of Congress</name>
        </sourceSystem>
      </item>
    </actions>
    <sponsors>
      <item>
        <bioguideId>C000141</bioguideId>
        <fullName>Sen. Cardin, Benjamin L. [D-MD]</fullName>
        <firstName>Ben</firstName>
        <lastName>Cardin</lastName>
        <party>D</party>
        <state>MD</state>
        <identifiers>
          <bioguideId>C000141</bioguideId>
        </identifiers>
        <isByRequest>N</isByRequest>
      </item>
    </sponsors>
    <cosponsors>
      <item>
        <bioguideId>H001042</bioguideId>
        <fullName>Sen. Hirono, Mazie K. [D-HI]</fullName>
        <firstName>Mazie</firstName>
        <lastName>Hirono</lastName>
        <party>D</party>
        <state>HI</state>
        <identifiers>
          <bioguideId>H001042</bioguideId>
        </identifiers>
        <middleName>K.</middleName>
        <sponsorshipDate>2021-01-27</sponsorshipDate>
        <isOriginalCosponsor>True</isOriginalCosponsor>
      </item>
      <item>
        <bioguideId>C001088</bioguideId>
        <fullName>Sen. Coons, Christopher A. [D-DE]</fullName>
        <firstName>Christopher</firstName>
        <lastName>Coons</lastName>
        <party>D</party>
        <state>DE</state>
        <identifiers>
          <bioguideId>C001088</bioguideId>
        </identifiers>
        <middleName>A.</middleName>
        <sponsorshipDate>2021-02-05</sponsorshipDate>
        <isOriginalCosponsor>False</isOriginalCosponsor>
      </item>
    </cosponsors>
    <policyArea>
      <name>Commerce</name>
    </policyArea>
    <subjects>
      <legislativeSubjects>
        <item>
          <name>Business education</name>
        </item>
        <item>
          <name>Business investment and capital</name>
        </item>
        <item>
          <name>Congressional oversight</name>
        </item>
        <item>
          <name>Disability and paralysis</name>
        </item>
        <item>
          <name>Economic development</name>
        </item>
        <item>
          <name>Economic performance and conditions</name>
        </item>
        <item>
          <name>Education programs funding</name>
        </item>
        <item>
          <name>Government information and archives</name>
        </item>
        <item>
          <name>Government lending and loan guarantees</name>
        </item>
        <item>
          <name>Minority and disadvantaged businesses</name>
        </item>
        <item>
          <name>Minority education</name>
        </item>
        <item>
          <name>Rural conditions and development</name>
        </item>
        <item>
          <name>Small business</name>
        </item>
        <item>
          <name>Veterans' education, employment, rehabilitation</name>
        </item>
        <item>
          <name>Women in business</name>
        </item>
      </legislativeSubjects>
      <policyArea>
        <name>Commerce</name>
      </policyArea>
    </subjects>
    <summaries>
      <summary>
        <versionCode>00</versionCode>
        <actionDate>2021-01-27</actionDate>
        <actionDesc>Introduced in Senate</actionDesc>
        <updateDate>2021-03-01T15:59:31Z</updateDate>
        <text>
          <![CDATA[ <p><b>Ushering Progress by Leveraging Innovation and Future Technology Act of 2021 or the UPLIFT Act of 2021</b></p> <p>This bill requires the Small Business Administration (SBA) to establish the Innovation Centers Program for providing assistance to startups and new or growing small businesses.</p> <p>Under the program, the SBA may enter into cooperative agreements to provide financial assistance to historically Black colleges and universities, minority-serving institutions, and community colleges. Such entities must then undertake five-year projects operating as an innovation-focused small business accelerator or incubator. These projects must involve working with underserved groups, include the joint provision of programs and services by the entities and the SBA, and ensure participating small businesses have access to regulatory information that affects them.</p>]]>
        </text>
      </summary>
    </summaries>
    <title>UPLIFT Act of 2021</title>
    <titles>
      <item>
        <titleType>Display Title</titleType>
        <title>UPLIFT Act of 2021</title>
      </item>
      <item>
        <titleType>Official Title as Introduced</titleType>
        <title>A bill to amend the Small Business Act to spur entrepreneurial ecosystems in underserved communities.</title>
        <billTextVersionName>Introduced in Senate</billTextVersionName>
        <billTextVersionCode>IS</billTextVersionCode>
      </item>
      <item>
        <titleType>Short Title(s) as Introduced</titleType>
        <title>UPLIFT Act of 2021</title>
        <billTextVersionName>Introduced in Senate</billTextVersionName>
        <billTextVersionCode>IS</billTextVersionCode>
      </item>
      <item>
        <titleType>Short Title(s) as Introduced</titleType>
        <title>Ushering Progress by Leveraging Innovation and Future Technology Act of 2021</title>
        <billTextVersionName>Introduced in Senate</billTextVersionName>
        <billTextVersionCode>IS</billTextVersionCode>
      </item>
    </titles>
    <textVersions>
      <item>
        <type>Introduced in Senate</type>
        <date>2021-01-27T05:00:00Z</date>
        <formats>
          <item>
            <url>https://www.govinfo.gov/content/pkg/BILLS-117s64is/xml/BILLS-117s64is.xml</url>
          </item>
        </formats>
      </item>
      <item>
        <date/>
        <formats/>
        <type/>
      </item>
    </textVersions>
    <latestAction>
      <actionDate>2022-02-01</actionDate>
      <text>Committee on Small Business and Entrepreneurship. Hearings held.</text>
    </latestAction>
  </bill>
  <dublinCore xmlns:dc="http://purl.org/dc/elements/1.1/">
    <dc:format>text/xml</dc:format>
    <dc:language>EN</dc:language>
    <dc:rights>Pursuant to Title 17 Section 105 of the United States Code, this file is not subject to copyright protection and is in the public domain.</dc:rights>
    <dc:contributor>Congressional Research Service, Library of Congress</dc:contributor>
    <dc:description>This file contains bill summaries and statuses for federal legislation. A bill summary describes the most significant provisions of a piece of legislation and details the effects the legislative text may have on current law and federal programs. Bill summaries are authored by the Congressional Research Service (CRS) of the Library of Congress. As stated in Public Law 91-510 (2 USC 166 (d)(6)), one of the duties of CRS is "to prepare summaries and digests of bills and resolutions of a public general nature introduced in the Senate or House of Representatives". For more information, refer to the User Guide that accompanies this file.</dc:description>
  </dublinCore>
</billStatus>
