<?xml version="1.0" encoding="utf-8" standalone="no"?>
<billStatus>
  <version>3.0.0</version>
  <bill>
    <number>1718</number>
    <updateDate>2023-01-11T13:50:09Z</updateDate>
    <updateDateIncludingText>2023-01-11T13:50:09Z</updateDateIncludingText>
    <originChamber>Senate</originChamber>
    <type>S</type>
    <introducedDate>2021-05-19</introducedDate>
    <congress>117</congress>
    <committees>
      <item>
        <systemCode>sseg00</systemCode>
        <name>Energy and Natural Resources Committee</name>
        <chamber>Senate</chamber>
        <type>Standing</type>
        <subcommittees>
          <item>
            <systemCode>sseg04</systemCode>
            <name>National Parks Subcommittee</name>
            <activities>
              <item>
                <name>Hearings by</name>
                <date>2022-05-11T15:52:49Z</date>
              </item>
            </activities>
          </item>
        </subcommittees>
        <activities>
          <item>
            <name>Reported by</name>
            <date>2022-10-18T15:58:04Z</date>
          </item>
          <item>
            <name>Markup by</name>
            <date>2022-07-21T14:00:00Z</date>
          </item>
          <item>
            <name>Referred to</name>
            <date>2021-05-19T21:02:24Z</date>
          </item>
        </activities>
      </item>
    </committees>
    <committeeReports>
      <committeeReport>
        <citation>S. Rept. 117-180</citation>
      </committeeReport>
    </committeeReports>
    <relatedBills>
      <item>
        <title>Rosie the Riveter National Historic Site Expansion Act</title>
        <congress>117</congress>
        <number>1117</number>
        <type>HR</type>
        <latestAction>
          <actionDate>2021-12-07</actionDate>
          <text>Subcommittee Hearings Held.</text>
        </latestAction>
        <relationshipDetails>
          <item>
            <type>Identical bill</type>
            <identifiedBy>CRS</identifiedBy>
          </item>
        </relationshipDetails>
      </item>
    </relatedBills>
    <actions>
      <item>
        <actionDate>2022-10-18</actionDate>
        <sourceSystem>
          <name>Senate</name>
        </sourceSystem>
        <text>Placed on Senate Legislative Calendar under General Orders. Calendar No. 531.</text>
        <type>Calendars</type>
      </item>
      <item>
        <actionDate>2022-10-18</actionDate>
        <committees>
          <item>
            <systemCode>sseg00</systemCode>
            <name>Energy and Natural Resources Committee</name>
          </item>
        </committees>
        <sourceSystem>
          <name>Senate</name>
        </sourceSystem>
        <text>Committee on Energy and Natural Resources. Reported by Senator Manchin under authority of the order of the Senate of 10/14/2022 with an amendment in the nature of a substitute. With written report No. 117-180.</text>
        <type>Committee</type>
      </item>
      <item>
        <actionDate>2022-10-18</actionDate>
        <text>Committee on Energy and Natural Resources. Reported by Senator Manchin under authority of the order of the Senate of 10/14/2022 with an amendment in the nature of a substitute. With written report No. 117-180.</text>
        <type>Committee</type>
        <actionCode>14000</actionCode>
        <sourceSystem>
          <code>9</code>
          <name>Library of Congress</name>
        </sourceSystem>
        <committees>
          <item>
            <systemCode>sseg00</systemCode>
            <name>Energy and Natural Resources Committee</name>
          </item>
        </committees>
      </item>
      <item>
        <actionDate>2022-07-21</actionDate>
        <committees>
          <item>
            <systemCode>sseg00</systemCode>
            <name>Energy and Natural Resources Committee</name>
          </item>
        </committees>
        <sourceSystem>
          <name>Senate</name>
        </sourceSystem>
        <text>Committee on Energy and Natural Resources. Ordered to be reported with an amendment in the nature of a substitute favorably.</text>
        <type>Committee</type>
      </item>
      <item>
        <actionDate>2022-05-11</actionDate>
        <committees>
          <item>
            <systemCode>sseg04</systemCode>
            <name>National Parks Subcommittee</name>
          </item>
        </committees>
        <sourceSystem>
          <name>Senate</name>
        </sourceSystem>
        <text>Committee on Energy and Natural Resources Subcommittee on National Parks. Hearings held.</text>
        <type>Committee</type>
      </item>
      <item>
        <actionDate>2021-05-19</actionDate>
        <committees>
          <item>
            <systemCode>sseg00</systemCode>
            <name>Energy and Natural Resources Committee</name>
          </item>
        </committees>
        <sourceSystem>
          <name>Senate</name>
        </sourceSystem>
        <text>Read twice and referred to the Committee on Energy and Natural Resources. (Sponsor introductory remarks on measure: CR S2785)</text>
        <type>IntroReferral</type>
      </item>
      <item>
        <actionDate>2021-05-19</actionDate>
        <text>Introduced in Senate</text>
        <type>IntroReferral</type>
        <actionCode>10000</actionCode>
        <sourceSystem>
          <code>9</code>
          <name>Library of Congress</name>
        </sourceSystem>
      </item>
    </actions>
    <sponsors>
      <item>
        <bioguideId>P000145</bioguideId>
        <fullName>Sen. Padilla, Alex [D-CA]</fullName>
        <firstName>Alex</firstName>
        <lastName>Padilla</lastName>
        <party>D</party>
        <state>CA</state>
        <identifiers>
          <bioguideId>P000145</bioguideId>
        </identifiers>
        <isByRequest>N</isByRequest>
      </item>
    </sponsors>
    <cosponsors>
      <item>
        <bioguideId>F000062</bioguideId>
        <fullName>Sen. Feinstein, Dianne [D-CA]</fullName>
        <firstName>Dianne</firstName>
        <lastName>Feinstein</lastName>
        <party>D</party>
        <state>CA</state>
        <identifiers>
          <bioguideId>F000062</bioguideId>
        </identifiers>
        <sponsorshipDate>2021-05-19</sponsorshipDate>
        <isOriginalCosponsor>True</isOriginalCosponsor>
      </item>
      <item>
        <bioguideId>C001056</bioguideId>
        <fullName>Sen. Cornyn, John [R-TX]</fullName>
        <firstName>John</firstName>
        <lastName>Cornyn</lastName>
        <party>R</party>
        <state>TX</state>
        <identifiers>
          <bioguideId>C001056</bioguideId>
        </identifiers>
        <sponsorshipDate>2021-07-29</sponsorshipDate>
        <isOriginalCosponsor>False</isOriginalCosponsor>
      </item>
    </cosponsors>
    <cboCostEstimates>
      <item>
        <pubDate>2022-11-21T16:41:01Z</pubDate>
        <title>S. 1718, Rosie the Riveter National Historic Park Expansion Act</title>
        <url>https://www.cbo.gov/publication/58811</url>
        <description>As reported on October 18, 2022</description>
      </item>
    </cboCostEstimates>
    <policyArea>
      <name>Public Lands and Natural Resources</name>
    </policyArea>
    <subjects>
      <legislativeSubjects>
        <item>
          <name>California</name>
        </item>
        <item>
          <name>Conflicts and wars</name>
        </item>
        <item>
          <name>Educational facilities and institutions</name>
        </item>
        <item>
          <name>Elementary and secondary education</name>
        </item>
        <item>
          <name>Historic sites and heritage areas</name>
        </item>
        <item>
          <name>Land use and conservation</name>
        </item>
        <item>
          <name>Manufacturing</name>
        </item>
        <item>
          <name>Military history</name>
        </item>
        <item>
          <name>U.S. history</name>
        </item>
        <item>
          <name>Women's employment</name>
        </item>
      </legislativeSubjects>
      <policyArea>
        <name>Public Lands and Natural Resources</name>
      </policyArea>
    </subjects>
    <summaries>
      <summary>
        <versionCode>00</versionCode>
        <actionDate>2021-05-19</actionDate>
        <actionDesc>Introduced in Senate</actionDesc>
        <updateDate>2021-07-20T15:45:52Z</updateDate>
        <text>
          <![CDATA[ <p><b>Rosie the Riveter National Historic Site Expansion Act</b></p> <p>This bill adds to the Rosie the Riveter/World War II Home Front National Historical Park in California Nystrom Elementary School--The Maritime Building and other areas as the Department of the Interior deems appropriate.</p> <p>Within the boundaries of the park, Interior may acquire lands, improvements, waters, or interests therein by donation, purchase, exchange, or transfer. Any lands, or interests therein, owned by California or any political subdivision of California may be acquired only by donation.</p>]]>
        </text>
      </summary>
    </summaries>
    <title>Rosie the Riveter National Historical Park Expansion Act</title>
    <titles>
      <item>
        <titleType>Display Title</titleType>
        <title>Rosie the Riveter National Historical Park Expansion Act</title>
      </item>
      <item>
        <titleType>Official Title as Introduced</titleType>
        <title>A bill to amend the Rosie the Riveter/World War II Home Front National Historical Park Establishment Act of 2000 to provide for additional areas to be added to the park, and for other purposes.</title>
        <billTextVersionName>Introduced in Senate</billTextVersionName>
        <billTextVersionCode>IS</billTextVersionCode>
      </item>
      <item>
        <titleType>Short Title(s) as Reported to Senate</titleType>
        <title>Rosie the Riveter National Historical Park Expansion Act</title>
        <chamberCode>S</chamberCode>
        <chamberName>Senate</chamberName>
        <billTextVersionName>Reported to Senate</billTextVersionName>
        <billTextVersionCode>RS</billTextVersionCode>
      </item>
      <item>
        <titleType>Short Title(s) as Introduced</titleType>
        <title>Rosie the Riveter National Historic Site Expansion Act</title>
        <billTextVersionName>Introduced in Senate</billTextVersionName>
        <billTextVersionCode>IS</billTextVersionCode>
      </item>
    </titles>
    <textVersions>
      <item>
        <type>Reported to Senate</type>
        <date>2022-10-18T04:00:00Z</date>
        <formats>
          <item>
            <url>https://www.govinfo.gov/content/pkg/BILLS-117s1718rs/xml/BILLS-117s1718rs.xml</url>
          </item>
        </formats>
      </item>
      <item>
        <type>Introduced in Senate</type>
        <date>2021-05-19T04:00:00Z</date>
        <formats>
          <item>
            <url>https://www.govinfo.gov/content/pkg/BILLS-117s1718is/xml/BILLS-117s1718is.xml</url>
          </item>
        </formats>
      </item>
      <item>
        <date/>
        <formats/>
        <type/>
      </item>
    </textVersions>
    <latestAction>
      <actionDate>2022-10-18</actionDate>
      <text>Placed on Senate Legislative Calendar under General Orders. Calendar No. 531.</text>
    </latestAction>
  </bill>
  <dublinCore xmlns:dc="http://purl.org/dc/elements/1.1/">
    <dc:format>text/xml</dc:format>
    <dc:language>EN</dc:language>
    <dc:rights>Pursuant to Title 17 Section 105 of the United States Code, this file is not subject to copyright protection and is in the public domain.</dc:rights>
    <dc:contributor>Congressional Research Service, Library of Congress</dc:contributor>
    <dc:description>This file contains bill summaries and statuses for federal legislation. A bill summary describes the most significant provisions of a piece of legislation and details the effects the legislative text may have on current law and federal programs. Bill summaries are authored by the Congressional Research Service (CRS) of the Library of Congress. As stated in Public Law 91-510 (2 USC 166 (d)(6)), one of the duties of CRS is "to prepare summaries and digests of bills and resolutions of a public general nature introduced in the Senate or House of Representatives". For more information, refer to the User Guide that accompanies this file.</dc:description>
  </dublinCore>
</billStatus>
