<?xml version="1.0" encoding="utf-8" standalone="no"?>
<billStatus>
  <version>3.0.0</version>
  <bill>
    <number>545</number>
    <updateDate>2023-01-11T13:47:50Z</updateDate>
    <updateDateIncludingText>2023-01-11T13:47:50Z</updateDateIncludingText>
    <originChamber>Senate</originChamber>
    <type>S</type>
    <introducedDate>2021-03-02</introducedDate>
    <congress>117</congress>
    <committees>
      <item>
        <systemCode>ssbu00</systemCode>
        <name>Budget Committee</name>
        <chamber>Senate</chamber>
        <type>Standing</type>
        <activities>
          <item>
            <name>Referred to</name>
            <date>2021-03-02T21:50:41Z</date>
          </item>
        </activities>
      </item>
    </committees>
    <relatedBills>
      <item>
        <title>REEF Act</title>
        <congress>117</congress>
        <number>2900</number>
        <type>HR</type>
        <latestAction>
          <actionDate>2021-04-28</actionDate>
          <text>Referred to the House Committee on the Budget.</text>
        </latestAction>
        <relationshipDetails>
          <item>
            <type>Identical bill</type>
            <identifiedBy>CRS</identifiedBy>
          </item>
        </relationshipDetails>
      </item>
    </relatedBills>
    <actions>
      <item>
        <actionDate>2021-03-02</actionDate>
        <committees>
          <item>
            <systemCode>ssbu00</systemCode>
            <name>Budget Committee</name>
          </item>
        </committees>
        <sourceSystem>
          <name>Senate</name>
        </sourceSystem>
        <text>Read twice and referred to the Committee on the Budget.</text>
        <type>IntroReferral</type>
      </item>
      <item>
        <actionDate>2021-03-02</actionDate>
        <text>Introduced in Senate</text>
        <type>IntroReferral</type>
        <actionCode>10000</actionCode>
        <sourceSystem>
          <code>9</code>
          <name>Library of Congress</name>
        </sourceSystem>
      </item>
    </actions>
    <sponsors>
      <item>
        <bioguideId>P000449</bioguideId>
        <fullName>Sen. Portman, Rob [R-OH]</fullName>
        <firstName>Rob</firstName>
        <lastName>Portman</lastName>
        <party>R</party>
        <state>OH</state>
        <identifiers>
          <bioguideId>P000449</bioguideId>
        </identifiers>
        <isByRequest>N</isByRequest>
      </item>
    </sponsors>
    <cosponsors>
      <item>
        <bioguideId>K000367</bioguideId>
        <fullName>Sen. Klobuchar, Amy [D-MN]</fullName>
        <firstName>Amy</firstName>
        <lastName>Klobuchar</lastName>
        <party>D</party>
        <state>MN</state>
        <identifiers>
          <bioguideId>K000367</bioguideId>
        </identifiers>
        <sponsorshipDate>2021-03-02</sponsorshipDate>
        <isOriginalCosponsor>True</isOriginalCosponsor>
      </item>
      <item>
        <bioguideId>B000944</bioguideId>
        <fullName>Sen. Brown, Sherrod [D-OH]</fullName>
        <firstName>Sherrod</firstName>
        <lastName>Brown</lastName>
        <party>D</party>
        <state>OH</state>
        <identifiers>
          <bioguideId>B000944</bioguideId>
        </identifiers>
        <sponsorshipDate>2021-03-02</sponsorshipDate>
        <isOriginalCosponsor>True</isOriginalCosponsor>
      </item>
      <item>
        <bioguideId>F000463</bioguideId>
        <fullName>Sen. Fischer, Deb [R-NE]</fullName>
        <firstName>Deb</firstName>
        <lastName>Fischer</lastName>
        <party>R</party>
        <state>NE</state>
        <identifiers>
          <bioguideId>F000463</bioguideId>
        </identifiers>
        <sponsorshipDate>2021-03-02</sponsorshipDate>
        <isOriginalCosponsor>True</isOriginalCosponsor>
      </item>
      <item>
        <bioguideId>B001277</bioguideId>
        <fullName>Sen. Blumenthal, Richard [D-CT]</fullName>
        <firstName>Richard</firstName>
        <lastName>Blumenthal</lastName>
        <party>D</party>
        <state>CT</state>
        <identifiers>
          <bioguideId>B001277</bioguideId>
        </identifiers>
        <sponsorshipDate>2021-03-17</sponsorshipDate>
        <isOriginalCosponsor>False</isOriginalCosponsor>
      </item>
      <item>
        <bioguideId>S001191</bioguideId>
        <fullName>Sen. Sinema, Kyrsten [D-AZ]</fullName>
        <firstName>Kyrsten</firstName>
        <lastName>Sinema</lastName>
        <party>D</party>
        <state>AZ</state>
        <identifiers>
          <bioguideId>S001191</bioguideId>
        </identifiers>
        <sponsorshipDate>2021-04-12</sponsorshipDate>
        <isOriginalCosponsor>False</isOriginalCosponsor>
      </item>
      <item>
        <bioguideId>C001096</bioguideId>
        <fullName>Sen. Cramer, Kevin [R-ND]</fullName>
        <firstName>Kevin</firstName>
        <lastName>Cramer</lastName>
        <party>R</party>
        <state>ND</state>
        <identifiers>
          <bioguideId>C001096</bioguideId>
        </identifiers>
        <sponsorshipDate>2021-04-19</sponsorshipDate>
        <isOriginalCosponsor>False</isOriginalCosponsor>
      </item>
      <item>
        <bioguideId>W000790</bioguideId>
        <fullName>Sen. Warnock, Raphael G. [D-GA]</fullName>
        <firstName>Raphael</firstName>
        <lastName>Warnock</lastName>
        <party>D</party>
        <state>GA</state>
        <identifiers>
          <bioguideId>W000790</bioguideId>
        </identifiers>
        <middleName>G.</middleName>
        <sponsorshipDate>2021-05-11</sponsorshipDate>
        <isOriginalCosponsor>False</isOriginalCosponsor>
      </item>
      <item>
        <bioguideId>P000145</bioguideId>
        <fullName>Sen. Padilla, Alex [D-CA]</fullName>
        <firstName>Alex</firstName>
        <lastName>Padilla</lastName>
        <party>D</party>
        <state>CA</state>
        <identifiers>
          <bioguideId>P000145</bioguideId>
        </identifiers>
        <sponsorshipDate>2021-05-11</sponsorshipDate>
        <isOriginalCosponsor>False</isOriginalCosponsor>
      </item>
      <item>
        <bioguideId>C000141</bioguideId>
        <fullName>Sen. Cardin, Benjamin L. [D-MD]</fullName>
        <firstName>Ben</firstName>
        <lastName>Cardin</lastName>
        <party>D</party>
        <state>MD</state>
        <identifiers>
          <bioguideId>C000141</bioguideId>
        </identifiers>
        <sponsorshipDate>2021-05-11</sponsorshipDate>
        <isOriginalCosponsor>False</isOriginalCosponsor>
      </item>
      <item>
        <bioguideId>M000934</bioguideId>
        <fullName>Sen. Moran, Jerry [R-KS]</fullName>
        <firstName>Jerry</firstName>
        <lastName>Moran</lastName>
        <party>R</party>
        <state>KS</state>
        <identifiers>
          <bioguideId>M000934</bioguideId>
        </identifiers>
        <sponsorshipDate>2021-05-25</sponsorshipDate>
        <isOriginalCosponsor>False</isOriginalCosponsor>
      </item>
      <item>
        <bioguideId>K000383</bioguideId>
        <fullName>Sen. King, Angus S., Jr. [I-ME]</fullName>
        <firstName>Angus</firstName>
        <lastName>King</lastName>
        <party>I</party>
        <state>ME</state>
        <identifiers>
          <bioguideId>K000383</bioguideId>
        </identifiers>
        <middleName>S.</middleName>
        <sponsorshipDate>2022-09-27</sponsorshipDate>
        <isOriginalCosponsor>False</isOriginalCosponsor>
      </item>
      <item>
        <bioguideId>O000174</bioguideId>
        <fullName>Sen. Ossoff, Jon [D-GA]</fullName>
        <firstName>Jon</firstName>
        <lastName>Ossoff</lastName>
        <party>D</party>
        <state>GA</state>
        <identifiers>
          <bioguideId>O000174</bioguideId>
        </identifiers>
        <sponsorshipDate>2022-12-12</sponsorshipDate>
        <isOriginalCosponsor>False</isOriginalCosponsor>
      </item>
    </cosponsors>
    <policyArea>
      <name>Labor and Employment</name>
    </policyArea>
    <subjects>
      <legislativeSubjects>
        <item>
          <name>Cardiovascular and respiratory health</name>
        </item>
        <item>
          <name>Emergency medical services and trauma care</name>
        </item>
        <item>
          <name>Infectious and parasitic diseases</name>
        </item>
        <item>
          <name>Railroads</name>
        </item>
        <item>
          <name>Transportation employees</name>
        </item>
        <item>
          <name>Unemployment</name>
        </item>
      </legislativeSubjects>
      <policyArea>
        <name>Labor and Employment</name>
      </policyArea>
    </subjects>
    <summaries>
      <summary>
        <versionCode>00</versionCode>
        <actionDate>2021-03-02</actionDate>
        <actionDesc>Introduced in Senate</actionDesc>
        <updateDate>2021-11-01T13:38:27Z</updateDate>
        <text>
          <![CDATA[ <p><strong>Railroad Employee Equity and Fairness Act or the REEF Act</strong></p> <p>This bill permanently exempts payments made from the Railroad Unemployment Insurance Account from sequestration. Sequestration is a process of automatic, usually across-the-board spending reductions under which budgetary resources are permanently cancelled to enforce specific budget policy goals.</p> <p> Currently, this exemption ends 30 days after the termination of the COVID-19 national emergency period.</p>]]>
        </text>
      </summary>
    </summaries>
    <title>Railroad Employee Equity and Fairness Act</title>
    <titles>
      <item>
        <titleType>Display Title</titleType>
        <title>Railroad Employee Equity and Fairness Act</title>
      </item>
      <item>
        <titleType>Official Title as Introduced</titleType>
        <title>A bill to permanently exempt payments made from the Railroad Unemployment Insurance Account from sequestration under the Balanced Budget and Emergency Deficit Control Act of 1985.</title>
        <billTextVersionName>Introduced in Senate</billTextVersionName>
        <billTextVersionCode>IS</billTextVersionCode>
      </item>
      <item>
        <titleType>Short Title(s) as Introduced</titleType>
        <title>Railroad Employee Equity and Fairness Act</title>
        <billTextVersionName>Introduced in Senate</billTextVersionName>
        <billTextVersionCode>IS</billTextVersionCode>
      </item>
      <item>
        <titleType>Short Title(s) as Introduced</titleType>
        <title>REEF Act</title>
        <billTextVersionName>Introduced in Senate</billTextVersionName>
        <billTextVersionCode>IS</billTextVersionCode>
      </item>
    </titles>
    <textVersions>
      <item>
        <type>Introduced in Senate</type>
        <date>2021-03-02T05:00:00Z</date>
        <formats>
          <item>
            <url>https://www.govinfo.gov/content/pkg/BILLS-117s545is/xml/BILLS-117s545is.xml</url>
          </item>
        </formats>
      </item>
      <item>
        <date/>
        <formats/>
        <type/>
      </item>
    </textVersions>
    <latestAction>
      <actionDate>2021-03-02</actionDate>
      <text>Read twice and referred to the Committee on the Budget.</text>
    </latestAction>
  </bill>
  <dublinCore xmlns:dc="http://purl.org/dc/elements/1.1/">
    <dc:format>text/xml</dc:format>
    <dc:language>EN</dc:language>
    <dc:rights>Pursuant to Title 17 Section 105 of the United States Code, this file is not subject to copyright protection and is in the public domain.</dc:rights>
    <dc:contributor>Congressional Research Service, Library of Congress</dc:contributor>
    <dc:description>This file contains bill summaries and statuses for federal legislation. A bill summary describes the most significant provisions of a piece of legislation and details the effects the legislative text may have on current law and federal programs. Bill summaries are authored by the Congressional Research Service (CRS) of the Library of Congress. As stated in Public Law 91-510 (2 USC 166 (d)(6)), one of the duties of CRS is "to prepare summaries and digests of bills and resolutions of a public general nature introduced in the Senate or House of Representatives". For more information, refer to the User Guide that accompanies this file.</dc:description>
  </dublinCore>
</billStatus>
