<?xml version="1.0" encoding="utf-8" standalone="no"?>
<billStatus>
  <version>3.0.0</version>
  <bill>
    <number>2868</number>
    <updateDate>2021-12-14T13:34:42Z</updateDate>
    <updateDateIncludingText>2021-12-14T13:34:42Z</updateDateIncludingText>
    <originChamber>Senate</originChamber>
    <type>S</type>
    <introducedDate>2021-09-28</introducedDate>
    <congress>117</congress>
    <relatedBills>
      <item>
        <title>Extending Government Funding and Delivering Emergency Assistance Act</title>
        <congress>117</congress>
        <number>5305</number>
        <type>HR</type>
        <latestAction>
          <actionDate>2021-09-30</actionDate>
          <text>Became Public Law No: 117-43.</text>
        </latestAction>
        <relationshipDetails>
          <item>
            <type>Related bill</type>
            <identifiedBy>CRS</identifiedBy>
          </item>
        </relationshipDetails>
      </item>
      <item>
        <title>Promoting Physical Activity for Americans Act</title>
        <congress>117</congress>
        <number>1301</number>
        <type>S</type>
        <latestAction>
          <actionDate>2021-10-14</actionDate>
          <text>Became Public Law No: 117-50.</text>
        </latestAction>
        <relationshipDetails>
          <item>
            <type>Related bill</type>
            <identifiedBy>CRS</identifiedBy>
          </item>
        </relationshipDetails>
      </item>
    </relatedBills>
    <actions>
      <item>
        <actionDate>2021-09-29</actionDate>
        <sourceSystem>
          <name>Senate</name>
        </sourceSystem>
        <text>Read the second time. Placed on Senate Legislative Calendar under General Orders. Calendar No. 138.</text>
        <type>Calendars</type>
      </item>
      <item>
        <actionDate>2021-09-28</actionDate>
        <sourceSystem>
          <name>Senate</name>
        </sourceSystem>
        <text>Introduced in the Senate. Read the first time. Placed on Senate Legislative Calendar under Read the First Time. (text: CR S6743)</text>
        <type>Calendars</type>
      </item>
      <item>
        <actionDate>2021-09-28</actionDate>
        <text>Introduced in Senate</text>
        <type>IntroReferral</type>
        <actionCode>10000</actionCode>
        <sourceSystem>
          <code>9</code>
          <name>Library of Congress</name>
        </sourceSystem>
      </item>
    </actions>
    <sponsors>
      <item>
        <bioguideId>S000148</bioguideId>
        <fullName>Sen. Schumer, Charles E. [D-NY]</fullName>
        <firstName>Charles</firstName>
        <lastName>Schumer</lastName>
        <party>D</party>
        <state>NY</state>
        <identifiers>
          <bioguideId>S000148</bioguideId>
        </identifiers>
        <middleName>E.</middleName>
        <isByRequest>N</isByRequest>
      </item>
    </sponsors>
    <policyArea>
      <name>Economics and Public Finance</name>
    </policyArea>
    <subjects>
      <legislativeSubjects/>
      <policyArea>
        <name>Economics and Public Finance</name>
      </policyArea>
    </subjects>
    <summaries>
      <summary>
        <versionCode>00</versionCode>
        <actionDate>2021-09-28</actionDate>
        <actionDesc>Introduced in Senate</actionDesc>
        <updateDate>2021-10-04T20:29:42Z</updateDate>
        <text>
          <![CDATA[ <p>This bill suspends the public debt limit through December 16, 2022. The bill also requires the limit to be adjusted on December 17, 2022, to accommodate obligations issued during the suspension period.</p>]]>
        </text>
      </summary>
    </summaries>
    <title>A bill to temporarily extend the public debt limit until December 16, 2022.</title>
    <titles>
      <item>
        <titleType>Official Title as Introduced</titleType>
        <title>A bill to temporarily extend the public debt limit until December 16, 2022.</title>
      </item>
      <item>
        <titleType>Display Title</titleType>
        <title>A bill to temporarily extend the public debt limit until December 16, 2022.</title>
      </item>
    </titles>
    <textVersions>
      <item>
        <type>Placed on Calendar Senate</type>
        <date>2021-09-29T04:00:00Z</date>
        <formats>
          <item>
            <url>https://www.govinfo.gov/content/pkg/BILLS-117s2868pcs/xml/BILLS-117s2868pcs.xml</url>
          </item>
        </formats>
      </item>
      <item>
        <date/>
        <formats/>
        <type/>
      </item>
    </textVersions>
    <latestAction>
      <actionDate>2021-09-29</actionDate>
      <text>Read the second time. Placed on Senate Legislative Calendar under General Orders. Calendar No. 138.</text>
    </latestAction>
  </bill>
  <dublinCore xmlns:dc="http://purl.org/dc/elements/1.1/">
    <dc:format>text/xml</dc:format>
    <dc:language>EN</dc:language>
    <dc:rights>Pursuant to Title 17 Section 105 of the United States Code, this file is not subject to copyright protection and is in the public domain.</dc:rights>
    <dc:contributor>Congressional Research Service, Library of Congress</dc:contributor>
    <dc:description>This file contains bill summaries and statuses for federal legislation. A bill summary describes the most significant provisions of a piece of legislation and details the effects the legislative text may have on current law and federal programs. Bill summaries are authored by the Congressional Research Service (CRS) of the Library of Congress. As stated in Public Law 91-510 (2 USC 166 (d)(6)), one of the duties of CRS is "to prepare summaries and digests of bills and resolutions of a public general nature introduced in the Senate or House of Representatives". For more information, refer to the User Guide that accompanies this file.</dc:description>
  </dublinCore>
</billStatus>
