<?xml version="1.0" encoding="utf-8" standalone="no"?>
<billStatus>
  <version>3.0.0</version>
  <bill>
    <number>1807</number>
    <updateDate>2023-01-11T13:50:03Z</updateDate>
    <updateDateIncludingText>2023-01-11T13:50:03Z</updateDateIncludingText>
    <originChamber>Senate</originChamber>
    <type>S</type>
    <introducedDate>2021-05-25</introducedDate>
    <congress>117</congress>
    <committees>
      <item>
        <systemCode>ssfi00</systemCode>
        <name>Finance Committee</name>
        <chamber>Senate</chamber>
        <type>Standing</type>
        <activities>
          <item>
            <name>Referred to</name>
            <date>2021-05-25T19:39:15Z</date>
          </item>
        </activities>
      </item>
    </committees>
    <actions>
      <item>
        <actionDate>2021-05-25</actionDate>
        <committees>
          <item>
            <systemCode>ssfi00</systemCode>
            <name>Finance Committee</name>
          </item>
        </committees>
        <sourceSystem>
          <name>Senate</name>
        </sourceSystem>
        <text>Read twice and referred to the Committee on Finance.</text>
        <type>IntroReferral</type>
      </item>
      <item>
        <actionDate>2021-05-25</actionDate>
        <text>Introduced in Senate</text>
        <type>IntroReferral</type>
        <actionCode>10000</actionCode>
        <sourceSystem>
          <code>9</code>
          <name>Library of Congress</name>
        </sourceSystem>
      </item>
    </actions>
    <sponsors>
      <item>
        <bioguideId>C000174</bioguideId>
        <fullName>Sen. Carper, Thomas R. [D-DE]</fullName>
        <firstName>Thomas</firstName>
        <lastName>Carper</lastName>
        <party>D</party>
        <state>DE</state>
        <identifiers>
          <bioguideId>C000174</bioguideId>
        </identifiers>
        <middleName>R.</middleName>
        <isByRequest>N</isByRequest>
      </item>
    </sponsors>
    <policyArea>
      <name>Taxation</name>
    </policyArea>
    <subjects>
      <legislativeSubjects>
        <item>
          <name>Air quality</name>
        </item>
        <item>
          <name>Alternative and renewable resources</name>
        </item>
        <item>
          <name>Business investment and capital</name>
        </item>
        <item>
          <name>Climate change and greenhouse gases</name>
        </item>
        <item>
          <name>Employment and training programs</name>
        </item>
        <item>
          <name>Government information and archives</name>
        </item>
        <item>
          <name>Income tax credits</name>
        </item>
        <item>
          <name>Inflation and prices</name>
        </item>
        <item>
          <name>Labor standards</name>
        </item>
        <item>
          <name>Wages and earnings</name>
        </item>
      </legislativeSubjects>
      <policyArea>
        <name>Taxation</name>
      </policyArea>
    </subjects>
    <summaries>
      <summary>
        <versionCode>00</versionCode>
        <actionDate>2021-05-25</actionDate>
        <actionDesc>Introduced in Senate</actionDesc>
        <updateDate>2021-07-07T14:00:25Z</updateDate>
        <text>
          <![CDATA[ <p><strong>Clean H2 Production Act</strong> </p> <p>This bill provides tax incentives for the production of clean hydrogen and for investment in clean hydrogen production facilities. Specifically, it allows a new business-related tax credit for the production of specified amounts of qualified clean hydrogen. The bill defines<em> qualified clean hydrogen</em> as hydrogen that is produced through a process that, as compared to hydrogen produced by steam-methane reforming of nonrenewable natural gas, achieves a percentage reduction in life cycle greenhouse gas emissions that is not less than 50%. </p> <p>The bill also expands the energy tax credit to include clean hydrogen production facilities.</p>]]>
        </text>
      </summary>
    </summaries>
    <title>Clean H2 Production Act</title>
    <titles>
      <item>
        <titleType>Display Title</titleType>
        <title>Clean H2 Production Act</title>
      </item>
      <item>
        <titleType>Official Title as Introduced</titleType>
        <title>A bill to amend the Internal Revenue Code of 1986 to provide for a production and investment tax credit related to the production of clean hydrogen.</title>
        <billTextVersionName>Introduced in Senate</billTextVersionName>
        <billTextVersionCode>IS</billTextVersionCode>
      </item>
      <item>
        <titleType>Short Title(s) as Introduced</titleType>
        <title>Clean H2 Production Act</title>
        <billTextVersionName>Introduced in Senate</billTextVersionName>
        <billTextVersionCode>IS</billTextVersionCode>
      </item>
    </titles>
    <textVersions>
      <item>
        <type>Introduced in Senate</type>
        <date>2021-05-25T04:00:00Z</date>
        <formats>
          <item>
            <url>https://www.govinfo.gov/content/pkg/BILLS-117s1807is/xml/BILLS-117s1807is.xml</url>
          </item>
        </formats>
      </item>
      <item>
        <date/>
        <formats/>
        <type/>
      </item>
    </textVersions>
    <latestAction>
      <actionDate>2021-05-25</actionDate>
      <text>Read twice and referred to the Committee on Finance.</text>
    </latestAction>
  </bill>
  <dublinCore xmlns:dc="http://purl.org/dc/elements/1.1/">
    <dc:format>text/xml</dc:format>
    <dc:language>EN</dc:language>
    <dc:rights>Pursuant to Title 17 Section 105 of the United States Code, this file is not subject to copyright protection and is in the public domain.</dc:rights>
    <dc:contributor>Congressional Research Service, Library of Congress</dc:contributor>
    <dc:description>This file contains bill summaries and statuses for federal legislation. A bill summary describes the most significant provisions of a piece of legislation and details the effects the legislative text may have on current law and federal programs. Bill summaries are authored by the Congressional Research Service (CRS) of the Library of Congress. As stated in Public Law 91-510 (2 USC 166 (d)(6)), one of the duties of CRS is "to prepare summaries and digests of bills and resolutions of a public general nature introduced in the Senate or House of Representatives". For more information, refer to the User Guide that accompanies this file.</dc:description>
  </dublinCore>
</billStatus>
