<?xml version="1.0" encoding="utf-8" standalone="no"?>
<billStatus>
  <version>3.0.0</version>
  <bill>
    <number>217</number>
    <updateDate>2023-01-11T13:46:40Z</updateDate>
    <updateDateIncludingText>2023-01-11T13:46:40Z</updateDateIncludingText>
    <originChamber>Senate</originChamber>
    <type>S</type>
    <introducedDate>2021-02-03</introducedDate>
    <congress>117</congress>
    <committees>
      <item>
        <systemCode>sshr00</systemCode>
        <name>Health, Education, Labor, and Pensions Committee</name>
        <chamber>Senate</chamber>
        <type>Standing</type>
        <activities>
          <item>
            <name>Referred to</name>
            <date>2021-02-04T00:38:37Z</date>
          </item>
        </activities>
      </item>
    </committees>
    <actions>
      <item>
        <actionDate>2021-02-03</actionDate>
        <committees>
          <item>
            <systemCode>sshr00</systemCode>
            <name>Health, Education, Labor, and Pensions Committee</name>
          </item>
        </committees>
        <sourceSystem>
          <name>Senate</name>
        </sourceSystem>
        <text>Read twice and referred to the Committee on Health, Education, Labor, and Pensions.</text>
        <type>IntroReferral</type>
      </item>
      <item>
        <actionDate>2021-02-03</actionDate>
        <text>Introduced in Senate</text>
        <type>IntroReferral</type>
        <actionCode>10000</actionCode>
        <sourceSystem>
          <code>9</code>
          <name>Library of Congress</name>
        </sourceSystem>
      </item>
    </actions>
    <sponsors>
      <item>
        <bioguideId>H001076</bioguideId>
        <fullName>Sen. Hassan, Margaret Wood [D-NH]</fullName>
        <firstName>Maggie</firstName>
        <lastName>Hassan</lastName>
        <party>D</party>
        <state>NH</state>
        <identifiers>
          <bioguideId>H001076</bioguideId>
        </identifiers>
        <isByRequest>N</isByRequest>
      </item>
    </sponsors>
    <cosponsors>
      <item>
        <bioguideId>C001075</bioguideId>
        <fullName>Sen. Cassidy, Bill [R-LA]</fullName>
        <firstName>Bill</firstName>
        <lastName>Cassidy</lastName>
        <party>R</party>
        <state>LA</state>
        <identifiers>
          <bioguideId>C001075</bioguideId>
        </identifiers>
        <sponsorshipDate>2021-02-03</sponsorshipDate>
        <isOriginalCosponsor>True</isOriginalCosponsor>
      </item>
    </cosponsors>
    <policyArea>
      <name>Health</name>
    </policyArea>
    <subjects>
      <legislativeSubjects>
        <item>
          <name>Administrative law and regulatory procedures</name>
        </item>
        <item>
          <name>Cardiovascular and respiratory health</name>
        </item>
        <item>
          <name>Congressional oversight</name>
        </item>
        <item>
          <name>Department of Health and Human Services</name>
        </item>
        <item>
          <name>Emergency medical services and trauma care</name>
        </item>
        <item>
          <name>Health facilities and institutions</name>
        </item>
        <item>
          <name>Health information and medical records</name>
        </item>
        <item>
          <name>Infectious and parasitic diseases</name>
        </item>
        <item>
          <name>Medical tests and diagnostic methods</name>
        </item>
        <item>
          <name>Postal service</name>
        </item>
      </legislativeSubjects>
      <policyArea>
        <name>Health</name>
      </policyArea>
    </subjects>
    <summaries>
      <summary>
        <versionCode>00</versionCode>
        <actionDate>2021-02-03</actionDate>
        <actionDesc>Introduced in Senate</actionDesc>
        <updateDate>2021-05-18T14:10:50Z</updateDate>
        <text>
          <![CDATA[ <p><b>Patient Matching Improvement Act of 2021</b></p> <p>This bill requires the Office of the National Coordinator for Health Information Technology (ONC) to standardize the format of postal addresses in health information technology to improve patient matching. Patient matching is the identification and linking of one patient's data within and across health care organizations using multiple demographic fields, such as name and address.</p> <p>The ONC must collaborate with the U.S. Postal Service (USPS) to make existing tools that automatically format addresses into a specific standard available to health care organizations. In particular, the ONC must focus on making the tools available to laboratories that test for COVID-19 (i.e., coronavirus disease 2019) to improve data collection related to that disease. If the USPS determines the tools cannot be made available to health care organizations, the Department of Health and Human Services must report to Congress on the barriers that prevent such use.</p> <p>In addition, the ONC must update regulations to require the use of a standard address format as a condition of certification for health information technology.</p>]]>
        </text>
      </summary>
    </summaries>
    <title>Patient Matching Improvement Act of 2021</title>
    <titles>
      <item>
        <titleType>Display Title</titleType>
        <title>Patient Matching Improvement Act of 2021</title>
      </item>
      <item>
        <titleType>Official Title as Introduced</titleType>
        <title>A bill to permit the use of certain United States Postal Service formatting tools by health care organizations to improve the provision of patient matching services.</title>
        <billTextVersionName>Introduced in Senate</billTextVersionName>
        <billTextVersionCode>IS</billTextVersionCode>
      </item>
      <item>
        <titleType>Short Title(s) as Introduced</titleType>
        <title>Patient Matching Improvement Act of 2021</title>
        <billTextVersionName>Introduced in Senate</billTextVersionName>
        <billTextVersionCode>IS</billTextVersionCode>
      </item>
    </titles>
    <textVersions>
      <item>
        <type>Introduced in Senate</type>
        <date>2021-02-03T05:00:00Z</date>
        <formats>
          <item>
            <url>https://www.govinfo.gov/content/pkg/BILLS-117s217is/xml/BILLS-117s217is.xml</url>
          </item>
        </formats>
      </item>
      <item>
        <date/>
        <formats/>
        <type/>
      </item>
    </textVersions>
    <latestAction>
      <actionDate>2021-02-03</actionDate>
      <text>Read twice and referred to the Committee on Health, Education, Labor, and Pensions.</text>
    </latestAction>
  </bill>
  <dublinCore xmlns:dc="http://purl.org/dc/elements/1.1/">
    <dc:format>text/xml</dc:format>
    <dc:language>EN</dc:language>
    <dc:rights>Pursuant to Title 17 Section 105 of the United States Code, this file is not subject to copyright protection and is in the public domain.</dc:rights>
    <dc:contributor>Congressional Research Service, Library of Congress</dc:contributor>
    <dc:description>This file contains bill summaries and statuses for federal legislation. A bill summary describes the most significant provisions of a piece of legislation and details the effects the legislative text may have on current law and federal programs. Bill summaries are authored by the Congressional Research Service (CRS) of the Library of Congress. As stated in Public Law 91-510 (2 USC 166 (d)(6)), one of the duties of CRS is "to prepare summaries and digests of bills and resolutions of a public general nature introduced in the Senate or House of Representatives". For more information, refer to the User Guide that accompanies this file.</dc:description>
  </dublinCore>
</billStatus>
