<?xml version="1.0" encoding="utf-8" standalone="no"?>
<billStatus>
  <version>3.0.0</version>
  <bill>
    <number>2211</number>
    <updateDate>2022-12-31T05:26:21Z</updateDate>
    <updateDateIncludingText>2022-12-31T05:26:21Z</updateDateIncludingText>
    <originChamber>Senate</originChamber>
    <type>S</type>
    <introducedDate>2021-06-24</introducedDate>
    <congress>117</congress>
    <committees>
      <item>
        <systemCode>ssbk00</systemCode>
        <name>Banking, Housing, and Urban Affairs Committee</name>
        <chamber>Senate</chamber>
        <type>Standing</type>
        <activities>
          <item>
            <name>Referred to</name>
            <date>2021-06-24T16:08:31Z</date>
          </item>
        </activities>
      </item>
    </committees>
    <actions>
      <item>
        <actionDate>2021-06-24</actionDate>
        <committees>
          <item>
            <systemCode>ssbk00</systemCode>
            <name>Banking, Housing, and Urban Affairs Committee</name>
          </item>
        </committees>
        <sourceSystem>
          <name>Senate</name>
        </sourceSystem>
        <text>Read twice and referred to the Committee on Banking, Housing, and Urban Affairs.</text>
        <type>IntroReferral</type>
      </item>
      <item>
        <actionDate>2021-06-24</actionDate>
        <text>Introduced in Senate</text>
        <type>IntroReferral</type>
        <actionCode>10000</actionCode>
        <sourceSystem>
          <code>9</code>
          <name>Library of Congress</name>
        </sourceSystem>
      </item>
    </actions>
    <sponsors>
      <item>
        <bioguideId>V000128</bioguideId>
        <fullName>Sen. Van Hollen, Chris [D-MD]</fullName>
        <firstName>Chris</firstName>
        <lastName>Van Hollen</lastName>
        <party>D</party>
        <state>MD</state>
        <identifiers>
          <bioguideId>V000128</bioguideId>
        </identifiers>
        <isByRequest>N</isByRequest>
      </item>
    </sponsors>
    <cosponsors>
      <item>
        <bioguideId>F000463</bioguideId>
        <fullName>Sen. Fischer, Deb [R-NE]</fullName>
        <firstName>Deb</firstName>
        <lastName>Fischer</lastName>
        <party>R</party>
        <state>NE</state>
        <identifiers>
          <bioguideId>F000463</bioguideId>
        </identifiers>
        <sponsorshipDate>2021-06-24</sponsorshipDate>
        <isOriginalCosponsor>True</isOriginalCosponsor>
      </item>
    </cosponsors>
    <policyArea>
      <name>Finance and Financial Sector</name>
    </policyArea>
    <subjects>
      <legislativeSubjects>
        <item>
          <name>Administrative law and regulatory procedures</name>
        </item>
        <item>
          <name>Congressional oversight</name>
        </item>
        <item>
          <name>Employee benefits and pensions</name>
        </item>
        <item>
          <name>Financial services and investments</name>
        </item>
        <item>
          <name>Government studies and investigations</name>
        </item>
        <item>
          <name>Securities</name>
        </item>
        <item>
          <name>Securities and Exchange Commission (SEC)</name>
        </item>
      </legislativeSubjects>
      <policyArea>
        <name>Finance and Financial Sector</name>
      </policyArea>
    </subjects>
    <summaries>
      <summary>
        <versionCode>00</versionCode>
        <actionDate>2021-06-24</actionDate>
        <actionDesc>Introduced in Senate</actionDesc>
        <updateDate>2021-11-19T13:55:05Z</updateDate>
        <text>
          <![CDATA[ <p><b>Promoting Transparent Standards for Corporate Insiders Act </b></p> <p>This bill directs the Securities and Exchange Commission (SEC) to study and report on possible revisions to regulations regarding Rule 10b5-1 trading plans. (Such plans allow certain employees of publicly traded corporations to sell their shares without violating insider trading prohibitions.) The SEC must revise regulations consistent with the results of the study. </p>]]>
        </text>
      </summary>
    </summaries>
    <title>Promoting Transparent Standards for Corporate Insiders Act</title>
    <titles>
      <item>
        <titleType>Official Title as Introduced</titleType>
        <title>A bill to require the Securities and Exchange Commission to carry out a study of rule 10b5-1 trading plans, and for other purposes.</title>
        <billTextVersionName>Introduced in Senate</billTextVersionName>
        <billTextVersionCode>IS</billTextVersionCode>
      </item>
      <item>
        <titleType>Display Title</titleType>
        <title>Promoting Transparent Standards for Corporate Insiders Act</title>
      </item>
      <item>
        <titleType>Short Title(s) as Introduced</titleType>
        <title>Promoting Transparent Standards for Corporate Insiders Act</title>
        <billTextVersionName>Introduced in Senate</billTextVersionName>
        <billTextVersionCode>IS</billTextVersionCode>
      </item>
    </titles>
    <textVersions>
      <item>
        <type>Introduced in Senate</type>
        <date>2021-06-24T04:00:00Z</date>
        <formats>
          <item>
            <url>https://www.govinfo.gov/content/pkg/BILLS-117s2211is/xml/BILLS-117s2211is.xml</url>
          </item>
        </formats>
      </item>
      <item>
        <date/>
        <formats/>
        <type/>
      </item>
    </textVersions>
    <latestAction>
      <actionDate>2021-06-24</actionDate>
      <text>Read twice and referred to the Committee on Banking, Housing, and Urban Affairs.</text>
    </latestAction>
  </bill>
  <dublinCore xmlns:dc="http://purl.org/dc/elements/1.1/">
    <dc:format>text/xml</dc:format>
    <dc:language>EN</dc:language>
    <dc:rights>Pursuant to Title 17 Section 105 of the United States Code, this file is not subject to copyright protection and is in the public domain.</dc:rights>
    <dc:contributor>Congressional Research Service, Library of Congress</dc:contributor>
    <dc:description>This file contains bill summaries and statuses for federal legislation. A bill summary describes the most significant provisions of a piece of legislation and details the effects the legislative text may have on current law and federal programs. Bill summaries are authored by the Congressional Research Service (CRS) of the Library of Congress. As stated in Public Law 91-510 (2 USC 166 (d)(6)), one of the duties of CRS is "to prepare summaries and digests of bills and resolutions of a public general nature introduced in the Senate or House of Representatives". For more information, refer to the User Guide that accompanies this file.</dc:description>
  </dublinCore>
</billStatus>
