<?xml version="1.0" encoding="utf-8" standalone="no"?>
<billStatus>
  <version>3.0.0</version>
  <bill>
    <number>2312</number>
    <updateDate>2023-01-01T23:43:57Z</updateDate>
    <updateDateIncludingText>2023-01-01T23:43:57Z</updateDateIncludingText>
    <originChamber>Senate</originChamber>
    <type>S</type>
    <introducedDate>2021-07-12</introducedDate>
    <congress>117</congress>
    <committees>
      <item>
        <systemCode>ssap00</systemCode>
        <name>Appropriations Committee</name>
        <chamber>Senate</chamber>
        <type>Standing</type>
        <activities>
          <item>
            <name>Referred to</name>
            <date>2021-07-12T22:04:51Z</date>
          </item>
        </activities>
      </item>
    </committees>
    <relatedBills>
      <item>
        <title>To make emergency appropriations to the National Guard.</title>
        <congress>117</congress>
        <number>4498</number>
        <type>HR</type>
        <latestAction>
          <actionDate>2021-07-16</actionDate>
          <text>Referred to the Committee on Appropriations, and in addition to the Committee on the Budget, for a period to be subsequently determined by the Speaker, in each case for consideration of such provisions as fall within the jurisdiction of the committee concerned.</text>
        </latestAction>
        <relationshipDetails>
          <item>
            <type>Related bill</type>
            <identifiedBy>CRS</identifiedBy>
          </item>
        </relationshipDetails>
      </item>
      <item>
        <title>Capitol Police Emergency Assistance Act of 2021</title>
        <congress>117</congress>
        <number>3377</number>
        <type>S</type>
        <latestAction>
          <actionDate>2021-12-22</actionDate>
          <text>Became Public Law No: 117-77.</text>
        </latestAction>
        <relationshipDetails>
          <item>
            <type>Related bill</type>
            <identifiedBy>CRS</identifiedBy>
          </item>
        </relationshipDetails>
      </item>
    </relatedBills>
    <actions>
      <item>
        <actionDate>2021-07-12</actionDate>
        <committees>
          <item>
            <systemCode>ssap00</systemCode>
            <name>Appropriations Committee</name>
          </item>
        </committees>
        <sourceSystem>
          <name>Senate</name>
        </sourceSystem>
        <text>Read twice and referred to the Committee on Appropriations.</text>
        <type>IntroReferral</type>
      </item>
      <item>
        <actionDate>2021-07-12</actionDate>
        <text>Introduced in Senate</text>
        <type>IntroReferral</type>
        <actionCode>10000</actionCode>
        <sourceSystem>
          <code>9</code>
          <name>Library of Congress</name>
        </sourceSystem>
      </item>
    </actions>
    <sponsors>
      <item>
        <bioguideId>S000320</bioguideId>
        <fullName>Sen. Shelby, Richard C. [R-AL]</fullName>
        <firstName>Richard</firstName>
        <lastName>Shelby</lastName>
        <party>R</party>
        <state>AL</state>
        <identifiers>
          <bioguideId>S000320</bioguideId>
        </identifiers>
        <middleName>C.</middleName>
        <isByRequest>N</isByRequest>
      </item>
    </sponsors>
    <policyArea>
      <name>Economics and Public Finance</name>
    </policyArea>
    <subjects>
      <legislativeSubjects>
        <item>
          <name>Appropriations</name>
        </item>
        <item>
          <name>Architect of the Capitol</name>
        </item>
        <item>
          <name>Assault and harassment offenses</name>
        </item>
        <item>
          <name>Building construction</name>
        </item>
        <item>
          <name>Civil disturbances</name>
        </item>
        <item>
          <name>Congressional agencies</name>
        </item>
        <item>
          <name>Congressional leadership</name>
        </item>
        <item>
          <name>Congressional officers and employees</name>
        </item>
        <item>
          <name>Congressional operations and organization</name>
        </item>
        <item>
          <name>Congressional oversight</name>
        </item>
        <item>
          <name>Crime prevention</name>
        </item>
        <item>
          <name>Crimes against property</name>
        </item>
        <item>
          <name>Defense spending</name>
        </item>
        <item>
          <name>Department of Defense</name>
        </item>
        <item>
          <name>Emergency planning and evacuation</name>
        </item>
        <item>
          <name>Executive agency funding and structure</name>
        </item>
        <item>
          <name>Government buildings, facilities, and property</name>
        </item>
        <item>
          <name>Government employee pay, benefits, personnel management</name>
        </item>
        <item>
          <name>Intergovernmental relations</name>
        </item>
        <item>
          <name>Law enforcement administration and funding</name>
        </item>
        <item>
          <name>Law enforcement officers</name>
        </item>
        <item>
          <name>Members of Congress</name>
        </item>
        <item>
          <name>Military personnel and dependents</name>
        </item>
        <item>
          <name>National Guard and reserves</name>
        </item>
        <item>
          <name>Protection of officials</name>
        </item>
        <item>
          <name>Protest and dissent</name>
        </item>
        <item>
          <name>Senate</name>
        </item>
        <item>
          <name>State and local government operations</name>
        </item>
        <item>
          <name>Subversive activities</name>
        </item>
        <item>
          <name>Terrorism</name>
        </item>
        <item>
          <name>U.S. Capitol</name>
        </item>
        <item>
          <name>Violent crime</name>
        </item>
        <item>
          <name>Worker safety and health</name>
        </item>
      </legislativeSubjects>
      <policyArea>
        <name>Economics and Public Finance</name>
      </policyArea>
    </subjects>
    <summaries>
      <summary>
        <versionCode>00</versionCode>
        <actionDate>2021-07-12</actionDate>
        <actionDesc>Introduced in Senate</actionDesc>
        <updateDate>2022-07-21T16:22:13Z</updateDate>
        <text>
          <![CDATA[ <p>This bill provides FY2021 emergency supplemental appropriations for federal agencies to respond to the events at the U.S. Capitol Complex on January 6, 2021.</p> <p>Specifically, the bill provides appropriations for the National Guard, the Capitol Police, and the Architect of the Capitol. </p>]]>
        </text>
      </summary>
    </summaries>
    <title>A bill making emergency supplemental appropriations for the fiscal year ending September 30, 2021, and for other purposes.</title>
    <titles>
      <item>
        <titleType>Official Title as Introduced</titleType>
        <title>A bill making emergency supplemental appropriations for the fiscal year ending September 30, 2021, and for other purposes.</title>
        <billTextVersionName>Introduced in Senate</billTextVersionName>
        <billTextVersionCode>IS</billTextVersionCode>
      </item>
      <item>
        <titleType>Display Title</titleType>
        <title>A bill making emergency supplemental appropriations for the fiscal year ending September 30, 2021, and for other purposes.</title>
      </item>
    </titles>
    <textVersions>
      <item>
        <type>Introduced in Senate</type>
        <date>2021-07-12T04:00:00Z</date>
        <formats>
          <item>
            <url>https://www.govinfo.gov/content/pkg/BILLS-117s2312is/xml/BILLS-117s2312is.xml</url>
          </item>
        </formats>
      </item>
      <item>
        <date/>
        <formats/>
        <type/>
      </item>
    </textVersions>
    <latestAction>
      <actionDate>2021-07-12</actionDate>
      <text>Read twice and referred to the Committee on Appropriations.</text>
    </latestAction>
  </bill>
  <dublinCore xmlns:dc="http://purl.org/dc/elements/1.1/">
    <dc:format>text/xml</dc:format>
    <dc:language>EN</dc:language>
    <dc:rights>Pursuant to Title 17 Section 105 of the United States Code, this file is not subject to copyright protection and is in the public domain.</dc:rights>
    <dc:contributor>Congressional Research Service, Library of Congress</dc:contributor>
    <dc:description>This file contains bill summaries and statuses for federal legislation. A bill summary describes the most significant provisions of a piece of legislation and details the effects the legislative text may have on current law and federal programs. Bill summaries are authored by the Congressional Research Service (CRS) of the Library of Congress. As stated in Public Law 91-510 (2 USC 166 (d)(6)), one of the duties of CRS is "to prepare summaries and digests of bills and resolutions of a public general nature introduced in the Senate or House of Representatives". For more information, refer to the User Guide that accompanies this file.</dc:description>
  </dublinCore>
</billStatus>
