<?xml version="1.0" encoding="utf-8" standalone="no"?>
<billStatus>
  <version>3.0.0</version>
  <bill>
    <number>1041</number>
    <updateDate>2023-01-11T13:47:53Z</updateDate>
    <updateDateIncludingText>2023-01-11T13:47:53Z</updateDateIncludingText>
    <originChamber>Senate</originChamber>
    <type>S</type>
    <introducedDate>2021-03-25</introducedDate>
    <congress>117</congress>
    <committees>
      <item>
        <systemCode>ssfr00</systemCode>
        <name>Foreign Relations Committee</name>
        <chamber>Senate</chamber>
        <type>Standing</type>
        <activities>
          <item>
            <name>Reported by</name>
            <date>2021-06-24T18:05:43Z</date>
          </item>
          <item>
            <name>Markup by</name>
            <date>2021-06-22T18:15:00Z</date>
          </item>
          <item>
            <name>Referred to</name>
            <date>2021-03-25T20:41:12Z</date>
          </item>
        </activities>
      </item>
    </committees>
    <relatedBills>
      <item>
        <title>RENACER Act</title>
        <congress>117</congress>
        <number>1064</number>
        <type>S</type>
        <latestAction>
          <actionDate>2021-11-10</actionDate>
          <text>Became Public Law No: 117-54.</text>
        </latestAction>
        <relationshipDetails>
          <item>
            <type>Related bill</type>
            <identifiedBy>CRS</identifiedBy>
          </item>
          <item>
            <type>Related bill</type>
            <identifiedBy>House</identifiedBy>
          </item>
        </relationshipDetails>
      </item>
      <item>
        <title>RENACER Act</title>
        <congress>117</congress>
        <number>2946</number>
        <type>HR</type>
        <latestAction>
          <actionDate>2021-11-09</actionDate>
          <text>Referred to the Subcommittee on Immigration and Citizenship.</text>
        </latestAction>
        <relationshipDetails>
          <item>
            <type>Identical bill</type>
            <identifiedBy>CRS</identifiedBy>
          </item>
        </relationshipDetails>
      </item>
    </relatedBills>
    <actions>
      <item>
        <actionDate>2021-08-10</actionDate>
        <actionTime>10:07:46</actionTime>
        <text>Held at the desk.</text>
        <type>Floor</type>
        <actionCode>H15000</actionCode>
        <sourceSystem>
          <code>2</code>
          <name>House floor actions</name>
        </sourceSystem>
      </item>
      <item>
        <actionDate>2021-08-10</actionDate>
        <actionTime>10:02:38</actionTime>
        <text>Received in the House.</text>
        <type>Floor</type>
        <actionCode>H14000</actionCode>
        <sourceSystem>
          <code>2</code>
          <name>House floor actions</name>
        </sourceSystem>
      </item>
      <item>
        <actionDate>2021-08-09</actionDate>
        <sourceSystem>
          <name>Senate</name>
        </sourceSystem>
        <text>Message on Senate action sent to the House.</text>
        <type>Floor</type>
      </item>
      <item>
        <actionDate>2021-08-06</actionDate>
        <sourceSystem>
          <name>Senate</name>
        </sourceSystem>
        <text>Passed Senate with an amendment by Voice Vote. (consideration: CR S5987-5989; text: CR S5987-5989)</text>
        <type>Floor</type>
      </item>
      <item>
        <actionDate>2021-08-06</actionDate>
        <text>Passed/agreed to in Senate: Passed Senate with an amendment by Voice Vote.(consideration: CR S5987-5989; text: CR S5987-5989)</text>
        <type>Floor</type>
        <actionCode>17000</actionCode>
        <sourceSystem>
          <code>9</code>
          <name>Library of Congress</name>
        </sourceSystem>
      </item>
      <item>
        <actionDate>2021-06-24</actionDate>
        <sourceSystem>
          <name>Senate</name>
        </sourceSystem>
        <text>Placed on Senate Legislative Calendar under General Orders. Calendar No. 86.</text>
        <type>Calendars</type>
      </item>
      <item>
        <actionDate>2021-06-24</actionDate>
        <committees>
          <item>
            <systemCode>ssfr00</systemCode>
            <name>Foreign Relations Committee</name>
          </item>
        </committees>
        <sourceSystem>
          <name>Senate</name>
        </sourceSystem>
        <text>Committee on Foreign Relations. Reported by Senator Menendez with an amendment in the nature of a substitute. Without written report.</text>
        <type>Committee</type>
      </item>
      <item>
        <actionDate>2021-06-24</actionDate>
        <text>Committee on Foreign Relations. Reported by Senator Menendez with an amendment in the nature of a substitute. Without written report.</text>
        <type>Committee</type>
        <actionCode>14000</actionCode>
        <sourceSystem>
          <code>9</code>
          <name>Library of Congress</name>
        </sourceSystem>
        <committees>
          <item>
            <systemCode>ssfr00</systemCode>
            <name>Foreign Relations Committee</name>
          </item>
        </committees>
      </item>
      <item>
        <actionDate>2021-06-22</actionDate>
        <committees>
          <item>
            <systemCode>ssfr00</systemCode>
            <name>Foreign Relations Committee</name>
          </item>
        </committees>
        <sourceSystem>
          <name>Senate</name>
        </sourceSystem>
        <text>Committee on Foreign Relations. Ordered to be reported with an amendment in the nature of a substitute favorably.</text>
        <type>Committee</type>
      </item>
      <item>
        <actionDate>2021-03-25</actionDate>
        <committees>
          <item>
            <systemCode>ssfr00</systemCode>
            <name>Foreign Relations Committee</name>
          </item>
        </committees>
        <sourceSystem>
          <name>Senate</name>
        </sourceSystem>
        <text>Read twice and referred to the Committee on Foreign Relations.</text>
        <type>IntroReferral</type>
      </item>
      <item>
        <actionDate>2021-03-25</actionDate>
        <text>Introduced in Senate</text>
        <type>IntroReferral</type>
        <actionCode>10000</actionCode>
        <sourceSystem>
          <code>9</code>
          <name>Library of Congress</name>
        </sourceSystem>
      </item>
    </actions>
    <sponsors>
      <item>
        <bioguideId>M000639</bioguideId>
        <fullName>Sen. Menendez, Robert [D-NJ]</fullName>
        <firstName>Robert</firstName>
        <lastName>Menendez</lastName>
        <party>D</party>
        <state>NJ</state>
        <identifiers>
          <bioguideId>M000639</bioguideId>
        </identifiers>
        <isByRequest>N</isByRequest>
      </item>
    </sponsors>
    <cosponsors>
      <item>
        <bioguideId>R000595</bioguideId>
        <fullName>Sen. Rubio, Marco [R-FL]</fullName>
        <firstName>Marco</firstName>
        <lastName>Rubio</lastName>
        <party>R</party>
        <state>FL</state>
        <identifiers>
          <bioguideId>R000595</bioguideId>
        </identifiers>
        <sponsorshipDate>2021-03-25</sponsorshipDate>
        <isOriginalCosponsor>True</isOriginalCosponsor>
      </item>
      <item>
        <bioguideId>K000384</bioguideId>
        <fullName>Sen. Kaine, Tim [D-VA]</fullName>
        <firstName>Timothy</firstName>
        <lastName>Kaine</lastName>
        <party>D</party>
        <state>VA</state>
        <identifiers>
          <bioguideId>K000384</bioguideId>
        </identifiers>
        <middleName>M.</middleName>
        <sponsorshipDate>2021-03-25</sponsorshipDate>
        <isOriginalCosponsor>True</isOriginalCosponsor>
      </item>
      <item>
        <bioguideId>D000563</bioguideId>
        <fullName>Sen. Durbin, Richard J. [D-IL]</fullName>
        <firstName>Richard</firstName>
        <lastName>Durbin</lastName>
        <party>D</party>
        <state>IL</state>
        <identifiers>
          <bioguideId>D000563</bioguideId>
        </identifiers>
        <middleName>J.</middleName>
        <sponsorshipDate>2021-03-25</sponsorshipDate>
        <isOriginalCosponsor>True</isOriginalCosponsor>
      </item>
      <item>
        <bioguideId>C000141</bioguideId>
        <fullName>Sen. Cardin, Benjamin L. [D-MD]</fullName>
        <firstName>Ben</firstName>
        <lastName>Cardin</lastName>
        <party>D</party>
        <state>MD</state>
        <identifiers>
          <bioguideId>C000141</bioguideId>
        </identifiers>
        <sponsorshipDate>2021-03-25</sponsorshipDate>
        <isOriginalCosponsor>True</isOriginalCosponsor>
      </item>
      <item>
        <bioguideId>M001169</bioguideId>
        <fullName>Sen. Murphy, Christopher [D-CT]</fullName>
        <firstName>Christopher</firstName>
        <lastName>Murphy</lastName>
        <party>D</party>
        <state>CT</state>
        <identifiers>
          <bioguideId>M001169</bioguideId>
        </identifiers>
        <middleName>S.</middleName>
        <sponsorshipDate>2021-03-25</sponsorshipDate>
        <isOriginalCosponsor>True</isOriginalCosponsor>
      </item>
      <item>
        <bioguideId>C001098</bioguideId>
        <fullName>Sen. Cruz, Ted [R-TX]</fullName>
        <firstName>Ted</firstName>
        <lastName>Cruz</lastName>
        <party>R</party>
        <state>TX</state>
        <identifiers>
          <bioguideId>C001098</bioguideId>
        </identifiers>
        <sponsorshipDate>2021-06-22</sponsorshipDate>
        <isOriginalCosponsor>False</isOriginalCosponsor>
      </item>
    </cosponsors>
    <cboCostEstimates>
      <item>
        <pubDate>2021-07-23T15:12:00Z</pubDate>
        <title>S. 1041, Reinforcing Nicaragua’s Adherence to Conditions for Electoral Reform Act of 2021</title>
        <url>https://www.cbo.gov/publication/57377</url>
        <description>As reported by the Senate Committee on Foreign Relations onJune 24, 2021</description>
      </item>
    </cboCostEstimates>
    <policyArea>
      <name>International Affairs</name>
    </policyArea>
    <subjects>
      <legislativeSubjects>
        <item>
          <name>Assault and harassment offenses</name>
        </item>
        <item>
          <name>Broadcasting, cable, digital technologies</name>
        </item>
        <item>
          <name>Canada</name>
        </item>
        <item>
          <name>Caribbean area</name>
        </item>
        <item>
          <name>Congressional oversight</name>
        </item>
        <item>
          <name>Crimes against property</name>
        </item>
        <item>
          <name>Detention of persons</name>
        </item>
        <item>
          <name>Diplomacy, foreign officials, Americans abroad</name>
        </item>
        <item>
          <name>Elections, voting, political campaign regulation</name>
        </item>
        <item>
          <name>Europe</name>
        </item>
        <item>
          <name>European Union</name>
        </item>
        <item>
          <name>Foreign loans and debt</name>
        </item>
        <item>
          <name>Foreign property</name>
        </item>
        <item>
          <name>Government ethics and transparency, public corruption</name>
        </item>
        <item>
          <name>Human rights</name>
        </item>
        <item>
          <name>Intelligence activities, surveillance, classified information</name>
        </item>
        <item>
          <name>International exchange and broadcasting</name>
        </item>
        <item>
          <name>International organizations and cooperation</name>
        </item>
        <item>
          <name>Latin America</name>
        </item>
        <item>
          <name>Military assistance, sales, and agreements</name>
        </item>
        <item>
          <name>Multilateral development programs</name>
        </item>
        <item>
          <name>News media and reporting</name>
        </item>
        <item>
          <name>Nicaragua</name>
        </item>
        <item>
          <name>Protest and dissent</name>
        </item>
        <item>
          <name>Russia</name>
        </item>
        <item>
          <name>Sanctions</name>
        </item>
        <item>
          <name>Sex offenses</name>
        </item>
        <item>
          <name>Sovereignty, recognition, national governance and status</name>
        </item>
        <item>
          <name>Spacecraft and satellites</name>
        </item>
        <item>
          <name>Violent crime</name>
        </item>
        <item>
          <name>Visas and passports</name>
        </item>
      </legislativeSubjects>
      <policyArea>
        <name>International Affairs</name>
      </policyArea>
    </subjects>
    <summaries>
      <summary>
        <versionCode>00</versionCode>
        <actionDate>2021-03-25</actionDate>
        <actionDesc>Introduced in Senate</actionDesc>
        <updateDate>2021-11-20T19:59:39Z</updateDate>
        <text>
          <![CDATA[ <p><b>Reinforcing Nicaragua's Adherence to Conditions for Electoral Reform Act of 2021 or the RENACER Act</b></p> <p>This bill establishes measures to monitor, report on, and address corruption and human rights abuses in Nicaragua.</p> <p>Specifically, the bill directs U.S. leadership at international financial institutions to advocate for oversight with respect to any loan or financial or technical assistance for projects in Nicaragua.</p> <p>The Department of State and the Department of the Treasury must establish a strategy to align diplomatic engagement with implementing sanctions to facilitate free, fair, and transparent elections in Nicaragua. Pursuant to this strategy, the President must prioritize implementing targeted sanctions on persons obstructing such elections. The State Department must also engage in diplomatic efforts with partner countries to impose targeted sanctions on such individuals.</p> <p>The bill adds Nicaragua to a list of countries whose citizens are subject to visa-blocking sanctions for knowingly engaging in (1) actions undermining democratic processes or institutions, or (2) significant corruption or obstruction of investigations into such corruption.</p> <p>Further, the bill requires the State Department to report on</p> <ul> <li> the involvement of President Daniel Ortega, members of his family, and senior government officials in significant acts of public corruption;</li> <li>Russian activities in Nicaragua; and</li> <li>gross human rights violations by the Ortega government against campesinos (i.e., natives of Latin American rural areas, especially Latin American Indian farmers or farm laborers) and indigenous communities. </li> </ul> <p>In addition, the State Department must report on obstacles to news and information about domestic and international affairs and submit a strategy for strengthening independent broadcasting, information distribution, and media platforms in Nicaragua.</p>]]>
        </text>
      </summary>
      <summary>
        <versionCode>25</versionCode>
        <actionDate>2021-06-24</actionDate>
        <actionDesc>Reported to Senate</actionDesc>
        <updateDate>2021-12-01T13:44:02Z</updateDate>
        <text>
          <![CDATA[ <p><b>Reinforcing Nicaragua's Adherence to Conditions for Electoral Reform Act of 2021 or the RENACER Act</b></p> <p>This bill establishes measures to monitor, report on, and address corruption and human rights abuses in Nicaragua.</p> <p>Specifically, the bill directs U.S. leadership at international financial institutions to advocate for oversight with respect to any loan or financial or technical assistance for projects in Nicaragua.</p> <p>The Department of State and the Department of the Treasury must establish a strategy to align diplomatic engagement with implementing sanctions to facilitate free, fair, and transparent elections in Nicaragua. Pursuant to this strategy, the President must prioritize implementing targeted sanctions on persons obstructing such elections. The State Department must also engage in diplomatic efforts with partner countries to impose targeted sanctions on such individuals.</p> <p>The bill adds Nicaragua to a list of countries whose citizens are subject to visa-blocking sanctions for knowingly engaging in (1) actions undermining democratic processes or institutions, or (2) significant corruption or obstruction of investigations into such corruption.</p> <p>Further, the bill requires the State Department to report on</p> <ul> <li> the involvement of President Daniel Ortega, members of his family, and senior government officials in significant acts of public corruption;</li> <li>Russian activities in Nicaragua; and </li> <li>gross human rights violations by the Ortega government against campesinos (i.e., natives of Latin American rural areas, especially Latin American Indian farmers or farm laborers) and indigenous communities. </li> </ul> <p>In addition, the State Department must report on obstacles to news and information about domestic and international affairs and submit a strategy for strengthening independent broadcasting, information distribution, and media platforms in Nicaragua.</p>]]>
        </text>
      </summary>
      <summary>
        <versionCode>55</versionCode>
        <actionDate>2021-08-06</actionDate>
        <actionDesc>Passed Senate</actionDesc>
        <updateDate>2021-12-22T00:10:43Z</updateDate>
        <text>
          <![CDATA[ <p><b>Reinforcing Nicaragua's Adherence to Conditions for Electoral Reform Act of 2021 or the RENACER Act</b></p> <p>This bill establishes measures to monitor, report on, and address corruption and human rights abuses in Nicaragua.</p> <p>Specifically, the bill directs U.S. leadership at international financial institutions to advocate for oversight with respect to any loan or financial or technical assistance for projects in Nicaragua.</p> <p>The Department of State and the Department of the Treasury must establish a strategy to align diplomatic engagement with implementing sanctions to facilitate free, fair, and transparent elections in Nicaragua. Pursuant to this strategy, the President must prioritize implementing targeted sanctions on persons obstructing such elections. The State Department must also engage in diplomatic efforts with partner countries to impose targeted sanctions on such individuals.</p> <p>The bill adds Nicaragua to a list of countries whose citizens are subject to visa-blocking sanctions for knowingly engaging in (1) actions undermining democratic processes or institutions, or (2) significant corruption or obstruction of investigations into such corruption.</p> <p>Further, the bill requires the State Department to report on</p> <ul> <li> the involvement of President Daniel Ortega, members of his family, and senior government officials in significant acts of public corruption;</li> <li>Russian activities in Nicaragua; and </li> <li>gross human rights violations by the Ortega government against campesinos (i.e., natives of Latin American rural areas, especially Latin American Indian farmers or farm laborers) and indigenous communities. </li> </ul> <p>In addition, the State Department must report on obstacles to news and information about domestic and international affairs and submit a strategy for strengthening independent broadcasting, information distribution, and media platforms in Nicaragua.</p>]]>
        </text>
      </summary>
    </summaries>
    <title>RENACER Act</title>
    <titles>
      <item>
        <titleType>Display Title</titleType>
        <title>RENACER Act</title>
      </item>
      <item>
        <titleType>Official Title as Introduced</titleType>
        <title>A bill to advance the strategic alignment of United States diplomatic tools toward the realization of free, fair, and transparent elections in Nicaragua and to reaffirm the commitment of the United States to protect the fundamental freedoms and human rights of the people of Nicaragua, and for other purposes.</title>
        <billTextVersionName>Introduced in Senate</billTextVersionName>
        <billTextVersionCode>IS</billTextVersionCode>
      </item>
      <item>
        <titleType>Short Title(s) as Passed Senate</titleType>
        <title>Reinforcing Nicaragua's Adherence to Conditions for Electoral Reform Act of 2021</title>
        <chamberCode>S</chamberCode>
        <chamberName>Senate</chamberName>
        <billTextVersionName>Engrossed in Senate</billTextVersionName>
        <billTextVersionCode>ES</billTextVersionCode>
      </item>
      <item>
        <titleType>Short Title(s) as Passed Senate</titleType>
        <title>RENACER Act</title>
        <chamberCode>S</chamberCode>
        <chamberName>Senate</chamberName>
        <billTextVersionName>Engrossed in Senate</billTextVersionName>
        <billTextVersionCode>ES</billTextVersionCode>
      </item>
      <item>
        <titleType>Short Title(s) as Reported to Senate</titleType>
        <title>RENACER Act</title>
        <chamberCode>S</chamberCode>
        <chamberName>Senate</chamberName>
        <billTextVersionName>Reported to Senate</billTextVersionName>
        <billTextVersionCode>RS</billTextVersionCode>
      </item>
      <item>
        <titleType>Short Title(s) as Reported to Senate</titleType>
        <title>Reinforcing Nicaragua's Adherence to Conditions for Electoral Reform Act of 2021</title>
        <chamberCode>S</chamberCode>
        <chamberName>Senate</chamberName>
        <billTextVersionName>Reported to Senate</billTextVersionName>
        <billTextVersionCode>RS</billTextVersionCode>
      </item>
      <item>
        <titleType>Short Title(s) as Introduced</titleType>
        <title>RENACER Act</title>
        <billTextVersionName>Introduced in Senate</billTextVersionName>
        <billTextVersionCode>IS</billTextVersionCode>
      </item>
      <item>
        <titleType>Short Title(s) as Introduced</titleType>
        <title>Reinforcing Nicaragua's Adherence to Conditions for Electoral Reform Act of 2021</title>
        <billTextVersionName>Introduced in Senate</billTextVersionName>
        <billTextVersionCode>IS</billTextVersionCode>
      </item>
      <item>
        <titleType>Short Titles as Passed Senate</titleType>
        <title>RENACER Act</title>
        <chamberCode>S</chamberCode>
        <chamberName>Senate</chamberName>
      </item>
      <item>
        <titleType>Short Titles as Passed Senate</titleType>
        <title>Reinforcing Nicaragua's Adherence to Conditions for Electoral Reform Act of 2021</title>
        <chamberCode>S</chamberCode>
        <chamberName>Senate</chamberName>
      </item>
    </titles>
    <textVersions>
      <item>
        <type>Engrossed in Senate</type>
        <date>2021-08-06T04:00:00Z</date>
        <formats>
          <item>
            <url>https://www.govinfo.gov/content/pkg/BILLS-117s1041es/xml/BILLS-117s1041es.xml</url>
          </item>
        </formats>
      </item>
      <item>
        <type>Reported to Senate</type>
        <date>2021-06-24T04:00:00Z</date>
        <formats>
          <item>
            <url>https://www.govinfo.gov/content/pkg/BILLS-117s1041rs/xml/BILLS-117s1041rs.xml</url>
          </item>
        </formats>
      </item>
      <item>
        <type>Introduced in Senate</type>
        <date>2021-03-25T04:00:00Z</date>
        <formats>
          <item>
            <url>https://www.govinfo.gov/content/pkg/BILLS-117s1041is/xml/BILLS-117s1041is.xml</url>
          </item>
        </formats>
      </item>
      <item>
        <date/>
        <formats/>
        <type/>
      </item>
    </textVersions>
    <latestAction>
      <actionDate>2021-08-10</actionDate>
      <text>Held at the desk.</text>
      <actionTime>10:07:46</actionTime>
    </latestAction>
  </bill>
  <dublinCore xmlns:dc="http://purl.org/dc/elements/1.1/">
    <dc:format>text/xml</dc:format>
    <dc:language>EN</dc:language>
    <dc:rights>Pursuant to Title 17 Section 105 of the United States Code, this file is not subject to copyright protection and is in the public domain.</dc:rights>
    <dc:contributor>Congressional Research Service, Library of Congress</dc:contributor>
    <dc:description>This file contains bill summaries and statuses for federal legislation. A bill summary describes the most significant provisions of a piece of legislation and details the effects the legislative text may have on current law and federal programs. Bill summaries are authored by the Congressional Research Service (CRS) of the Library of Congress. As stated in Public Law 91-510 (2 USC 166 (d)(6)), one of the duties of CRS is "to prepare summaries and digests of bills and resolutions of a public general nature introduced in the Senate or House of Representatives". For more information, refer to the User Guide that accompanies this file.</dc:description>
  </dublinCore>
</billStatus>
