<?xml version="1.0" encoding="utf-8" standalone="no"?>
<billStatus>
  <version>3.0.0</version>
  <bill>
    <number>1052</number>
    <updateDate>2023-01-11T13:47:53Z</updateDate>
    <updateDateIncludingText>2023-01-11T13:47:53Z</updateDateIncludingText>
    <originChamber>Senate</originChamber>
    <type>S</type>
    <introducedDate>2021-03-25</introducedDate>
    <congress>117</congress>
    <committees>
      <item>
        <systemCode>ssga00</systemCode>
        <name>Homeland Security and Governmental Affairs Committee</name>
        <chamber>Senate</chamber>
        <type>Standing</type>
        <activities>
          <item>
            <name>Referred to</name>
            <date>2021-03-25T20:53:41Z</date>
          </item>
        </activities>
      </item>
    </committees>
    <actions>
      <item>
        <actionDate>2021-03-25</actionDate>
        <committees>
          <item>
            <systemCode>ssga00</systemCode>
            <name>Homeland Security and Governmental Affairs Committee</name>
          </item>
        </committees>
        <sourceSystem>
          <name>Senate</name>
        </sourceSystem>
        <text>Read twice and referred to the Committee on Homeland Security and Governmental Affairs.</text>
        <type>IntroReferral</type>
      </item>
      <item>
        <actionDate>2021-03-25</actionDate>
        <text>Introduced in Senate</text>
        <type>IntroReferral</type>
        <actionCode>10000</actionCode>
        <sourceSystem>
          <code>9</code>
          <name>Library of Congress</name>
        </sourceSystem>
      </item>
    </actions>
    <sponsors>
      <item>
        <bioguideId>L000577</bioguideId>
        <fullName>Sen. Lee, Mike [R-UT]</fullName>
        <firstName>Mike</firstName>
        <lastName>Lee</lastName>
        <party>R</party>
        <state>UT</state>
        <identifiers>
          <bioguideId>L000577</bioguideId>
        </identifiers>
        <isByRequest>N</isByRequest>
      </item>
    </sponsors>
    <cosponsors>
      <item>
        <bioguideId>R000595</bioguideId>
        <fullName>Sen. Rubio, Marco [R-FL]</fullName>
        <firstName>Marco</firstName>
        <lastName>Rubio</lastName>
        <party>R</party>
        <state>FL</state>
        <identifiers>
          <bioguideId>R000595</bioguideId>
        </identifiers>
        <sponsorshipDate>2021-04-29</sponsorshipDate>
        <isOriginalCosponsor>False</isOriginalCosponsor>
      </item>
    </cosponsors>
    <policyArea>
      <name>Government Operations and Politics</name>
    </policyArea>
    <subjects>
      <legislativeSubjects>
        <item>
          <name>Advisory bodies</name>
        </item>
        <item>
          <name>Census and government statistics</name>
        </item>
        <item>
          <name>Congressional oversight</name>
        </item>
        <item>
          <name>Government information and archives</name>
        </item>
        <item>
          <name>Government studies and investigations</name>
        </item>
        <item>
          <name>Poverty and welfare assistance</name>
        </item>
        <item>
          <name>Right of privacy</name>
        </item>
        <item>
          <name>State and local government operations</name>
        </item>
        <item>
          <name>Tax administration and collection, taxpayers</name>
        </item>
      </legislativeSubjects>
      <policyArea>
        <name>Government Operations and Politics</name>
      </policyArea>
    </subjects>
    <summaries>
      <summary>
        <versionCode>00</versionCode>
        <actionDate>2021-03-25</actionDate>
        <actionDesc>Introduced in Senate</actionDesc>
        <updateDate>2021-07-15T15:38:55Z</updateDate>
        <text>
          <![CDATA[ <p><b>Poverty Measurement Improvement Act</b></p> <p>This bill requires the Bureau of the Census to determine income and poverty levels in the United States in a manner that accounts for the receipt of federal benefits.</p> <p>Specifically, beginning in FY2021, the bureau must collect, in addition to the data collected under the Annual Social and Economic Supplement to the Current Population Survey, data from administering agencies related to</p> <ul> <li>participation in any federal benefit program and the monetary or cash equivalent value of such benefit for an individual, where possible, and otherwise for resource units or households;</li> <li>the total amount of market income for individuals;</li> <li>the total amount of entitlement and other income for individuals;</li> <li>payment of income taxes and payroll taxes for individuals;</li> <li>total resource unit income; and</li> <li>total earned resource unit income.</li> </ul> <p>The bill requires each administering agency to make available to the bureau such data as the bureau shall require for the purpose of carrying out this bill.</p> <p>The bureau shall (1) submit to Congress, by January 1, 2023, a report detailing the implementation of this bill; and (2) for 2024 and subsequent years, adjust the poverty thresholds used for determining poverty rates by using the personal consumption expenditure price index (as published by the Bureau of Economic Analysis).</p> <p>The bill (1) establishes within the bureau the Commission on Valuation of Federal Benefits, and (2) requires the Government Accountability Office to periodically report to Congress regarding poverty rates and related measures.</p>]]>
        </text>
      </summary>
    </summaries>
    <title>Poverty Measurement Improvement Act</title>
    <titles>
      <item>
        <titleType>Display Title</titleType>
        <title>Poverty Measurement Improvement Act</title>
      </item>
      <item>
        <titleType>Official Title as Introduced</titleType>
        <title>A bill to improve the poverty measurement methodology used by the Bureau of the Census to more accurately measure poverty in the United States.</title>
        <billTextVersionName>Introduced in Senate</billTextVersionName>
        <billTextVersionCode>IS</billTextVersionCode>
      </item>
      <item>
        <titleType>Short Title(s) as Introduced</titleType>
        <title>Poverty Measurement Improvement Act</title>
        <billTextVersionName>Introduced in Senate</billTextVersionName>
        <billTextVersionCode>IS</billTextVersionCode>
      </item>
    </titles>
    <textVersions>
      <item>
        <type>Introduced in Senate</type>
        <date>2021-03-25T04:00:00Z</date>
        <formats>
          <item>
            <url>https://www.govinfo.gov/content/pkg/BILLS-117s1052is/xml/BILLS-117s1052is.xml</url>
          </item>
        </formats>
      </item>
      <item>
        <date/>
        <formats/>
        <type/>
      </item>
    </textVersions>
    <latestAction>
      <actionDate>2021-03-25</actionDate>
      <text>Read twice and referred to the Committee on Homeland Security and Governmental Affairs.</text>
    </latestAction>
  </bill>
  <dublinCore xmlns:dc="http://purl.org/dc/elements/1.1/">
    <dc:format>text/xml</dc:format>
    <dc:language>EN</dc:language>
    <dc:rights>Pursuant to Title 17 Section 105 of the United States Code, this file is not subject to copyright protection and is in the public domain.</dc:rights>
    <dc:contributor>Congressional Research Service, Library of Congress</dc:contributor>
    <dc:description>This file contains bill summaries and statuses for federal legislation. A bill summary describes the most significant provisions of a piece of legislation and details the effects the legislative text may have on current law and federal programs. Bill summaries are authored by the Congressional Research Service (CRS) of the Library of Congress. As stated in Public Law 91-510 (2 USC 166 (d)(6)), one of the duties of CRS is "to prepare summaries and digests of bills and resolutions of a public general nature introduced in the Senate or House of Representatives". For more information, refer to the User Guide that accompanies this file.</dc:description>
  </dublinCore>
</billStatus>
