<?xml version="1.0" encoding="utf-8" standalone="no"?>
<billStatus>
  <version>3.0.0</version>
  <bill>
    <number>812</number>
    <updateDate>2023-02-03T01:56:21Z</updateDate>
    <updateDateIncludingText>2023-02-03T01:56:21Z</updateDateIncludingText>
    <originChamber>Senate</originChamber>
    <type>S</type>
    <introducedDate>2021-03-17</introducedDate>
    <congress>117</congress>
    <committees>
      <item>
        <systemCode>ssfr00</systemCode>
        <name>Foreign Relations Committee</name>
        <chamber>Senate</chamber>
        <type>Standing</type>
        <activities>
          <item>
            <name>Reported by</name>
            <date>2021-07-28T19:43:55Z</date>
          </item>
          <item>
            <name>Markup by</name>
            <date>2021-07-28T14:00:00Z</date>
          </item>
          <item>
            <name>Referred to</name>
            <date>2021-03-17T21:54:48Z</date>
          </item>
        </activities>
      </item>
    </committees>
    <relatedBills>
      <item>
        <title>To direct the Secretary of State to develop a strategy to regain observer status for Taiwan in the World Health Organization, and for other purposes.</title>
        <congress>117</congress>
        <number>1145</number>
        <type>HR</type>
        <latestAction>
          <actionDate>2021-03-25</actionDate>
          <text>Ordered to be Reported in the Nature of a Substitute by Voice Vote.</text>
        </latestAction>
        <relationshipDetails>
          <item>
            <type>Identical bill</type>
            <identifiedBy>CRS</identifiedBy>
          </item>
        </relationshipDetails>
      </item>
    </relatedBills>
    <actions>
      <item>
        <actionDate>2022-05-13</actionDate>
        <text>Became Public Law No: 117-124.</text>
        <type>President</type>
        <actionCode>E40000</actionCode>
        <sourceSystem>
          <code>9</code>
          <name>Library of Congress</name>
        </sourceSystem>
      </item>
      <item>
        <actionDate>2022-05-13</actionDate>
        <text>Became Public Law No: 117-124.</text>
        <type>BecameLaw</type>
        <actionCode>36000</actionCode>
        <sourceSystem>
          <code>9</code>
          <name>Library of Congress</name>
        </sourceSystem>
      </item>
      <item>
        <actionDate>2022-05-13</actionDate>
        <text>Signed by President.</text>
        <type>President</type>
        <actionCode>E30000</actionCode>
        <sourceSystem>
          <code>9</code>
          <name>Library of Congress</name>
        </sourceSystem>
      </item>
      <item>
        <actionDate>2022-05-13</actionDate>
        <text>Signed by President.</text>
        <type>BecameLaw</type>
        <actionCode>36000</actionCode>
        <sourceSystem>
          <code>9</code>
          <name>Library of Congress</name>
        </sourceSystem>
      </item>
      <item>
        <actionDate>2022-05-03</actionDate>
        <text>Presented to President.</text>
        <type>Floor</type>
        <actionCode>E20000</actionCode>
        <sourceSystem>
          <code>2</code>
          <name>House floor actions</name>
        </sourceSystem>
      </item>
      <item>
        <actionDate>2022-05-03</actionDate>
        <text>Presented to President.</text>
        <type>President</type>
        <actionCode>28000</actionCode>
        <sourceSystem>
          <code>9</code>
          <name>Library of Congress</name>
        </sourceSystem>
      </item>
      <item>
        <actionDate>2022-04-27</actionDate>
        <actionTime>18:04:20</actionTime>
        <text>Motion to reconsider laid on the table Agreed to without objection.</text>
        <type>Floor</type>
        <actionCode>H38310</actionCode>
        <sourceSystem>
          <code>2</code>
          <name>House floor actions</name>
        </sourceSystem>
      </item>
      <item>
        <actionDate>2022-04-27</actionDate>
        <actionTime>18:04:19</actionTime>
        <text>On motion to suspend the rules and pass the bill Agreed to by the Yeas and Nays: (2/3 required): 425 - 0 (Roll no. 138). (text: CR H4550)</text>
        <type>Floor</type>
        <actionCode>H37300</actionCode>
        <sourceSystem>
          <code>2</code>
          <name>House floor actions</name>
        </sourceSystem>
        <recordedVotes>
          <recordedVote>
            <rollNumber>138</rollNumber>
            <url>https://clerk.house.gov/evs/2022/roll138.xml</url>
            <chamber>House</chamber>
            <congress>117</congress>
            <date>2022-04-27T22:04:19Z</date>
            <sessionNumber>2</sessionNumber>
          </recordedVote>
        </recordedVotes>
      </item>
      <item>
        <actionDate>2022-04-27</actionDate>
        <actionTime>18:04:19</actionTime>
        <text>Passed/agreed to in House: On motion to suspend the rules and pass the bill Agreed to by the Yeas and Nays: (2/3 required): 425 - 0 (Roll no. 138).</text>
        <type>Floor</type>
        <actionCode>8000</actionCode>
        <sourceSystem>
          <code>9</code>
          <name>Library of Congress</name>
        </sourceSystem>
        <recordedVotes>
          <recordedVote>
            <rollNumber>138</rollNumber>
            <url>https://clerk.house.gov/evs/2022/roll138.xml</url>
            <chamber>House</chamber>
            <congress>117</congress>
            <date>2022-04-27T22:04:19Z</date>
            <sessionNumber>2</sessionNumber>
          </recordedVote>
        </recordedVotes>
      </item>
      <item>
        <actionDate>2022-04-27</actionDate>
        <actionTime>17:56:23</actionTime>
        <text>Considered as unfinished business. (consideration: CR H4561)</text>
        <type>Floor</type>
        <actionCode>H30000</actionCode>
        <sourceSystem>
          <code>2</code>
          <name>House floor actions</name>
        </sourceSystem>
      </item>
      <item>
        <actionDate>2022-04-27</actionDate>
        <actionTime>14:58:15</actionTime>
        <text>At the conclusion of debate, the Yeas and Nays were demanded and ordered. Pursuant to the provisions of clause 8, rule XX, the Chair announced that further proceedings on the motion would be postponed.</text>
        <type>Floor</type>
        <actionCode>H37220</actionCode>
        <sourceSystem>
          <code>2</code>
          <name>House floor actions</name>
        </sourceSystem>
      </item>
      <item>
        <actionDate>2022-04-27</actionDate>
        <actionTime>14:48:08</actionTime>
        <text>DEBATE - The House proceeded with forty minutes of debate on S. 812.</text>
        <type>Floor</type>
        <actionCode>H8D000</actionCode>
        <sourceSystem>
          <code>2</code>
          <name>House floor actions</name>
        </sourceSystem>
      </item>
      <item>
        <actionDate>2022-04-27</actionDate>
        <actionTime>14:48:04</actionTime>
        <text>Considered under suspension of the rules. (consideration: CR H4550-4552)</text>
        <type>Floor</type>
        <actionCode>H30000</actionCode>
        <sourceSystem>
          <code>2</code>
          <name>House floor actions</name>
        </sourceSystem>
      </item>
      <item>
        <actionDate>2022-04-27</actionDate>
        <actionTime>14:47:47</actionTime>
        <text>Mr. Connolly moved to suspend the rules and pass the bill.</text>
        <type>Floor</type>
        <actionCode>H30300</actionCode>
        <sourceSystem>
          <code>2</code>
          <name>House floor actions</name>
        </sourceSystem>
      </item>
      <item>
        <actionDate>2021-08-10</actionDate>
        <actionTime>10:07:36</actionTime>
        <text>Held at the desk.</text>
        <type>Floor</type>
        <actionCode>H15000</actionCode>
        <sourceSystem>
          <code>2</code>
          <name>House floor actions</name>
        </sourceSystem>
      </item>
      <item>
        <actionDate>2021-08-10</actionDate>
        <actionTime>10:02:36</actionTime>
        <text>Received in the House.</text>
        <type>Floor</type>
        <actionCode>H14000</actionCode>
        <sourceSystem>
          <code>2</code>
          <name>House floor actions</name>
        </sourceSystem>
      </item>
      <item>
        <actionDate>2021-08-09</actionDate>
        <sourceSystem>
          <name>Senate</name>
        </sourceSystem>
        <text>Message on Senate action sent to the House.</text>
        <type>Floor</type>
      </item>
      <item>
        <actionDate>2021-08-06</actionDate>
        <sourceSystem>
          <name>Senate</name>
        </sourceSystem>
        <text>Passed Senate without amendment by Unanimous Consent. (consideration: CR S5989-5990; text: CR S5989-5990)</text>
        <type>Floor</type>
      </item>
      <item>
        <actionDate>2021-08-06</actionDate>
        <text>Passed/agreed to in Senate: Passed Senate without amendment by Unanimous Consent.(consideration: CR S5989-5990; text: CR S5989-5990)</text>
        <type>Floor</type>
        <actionCode>17000</actionCode>
        <sourceSystem>
          <code>9</code>
          <name>Library of Congress</name>
        </sourceSystem>
      </item>
      <item>
        <actionDate>2021-07-28</actionDate>
        <sourceSystem>
          <name>Senate</name>
        </sourceSystem>
        <text>Placed on Senate Legislative Calendar under General Orders. Calendar No. 110.</text>
        <type>Calendars</type>
      </item>
      <item>
        <actionDate>2021-07-28</actionDate>
        <committees>
          <item>
            <systemCode>ssfr00</systemCode>
            <name>Foreign Relations Committee</name>
          </item>
        </committees>
        <sourceSystem>
          <name>Senate</name>
        </sourceSystem>
        <text>Committee on Foreign Relations. Reported by Senator Menendez without amendment. Without written report.</text>
        <type>Committee</type>
      </item>
      <item>
        <actionDate>2021-07-28</actionDate>
        <text>Committee on Foreign Relations. Reported by Senator Menendez without amendment. Without written report.</text>
        <type>Committee</type>
        <actionCode>14000</actionCode>
        <sourceSystem>
          <code>9</code>
          <name>Library of Congress</name>
        </sourceSystem>
        <committees>
          <item>
            <systemCode>ssfr00</systemCode>
            <name>Foreign Relations Committee</name>
          </item>
        </committees>
      </item>
      <item>
        <actionDate>2021-07-28</actionDate>
        <committees>
          <item>
            <systemCode>ssfr00</systemCode>
            <name>Foreign Relations Committee</name>
          </item>
        </committees>
        <sourceSystem>
          <name>Senate</name>
        </sourceSystem>
        <text>Committee on Foreign Relations. Ordered to be reported without amendment favorably.</text>
        <type>Committee</type>
      </item>
      <item>
        <actionDate>2021-03-17</actionDate>
        <committees>
          <item>
            <systemCode>ssfr00</systemCode>
            <name>Foreign Relations Committee</name>
          </item>
        </committees>
        <sourceSystem>
          <name>Senate</name>
        </sourceSystem>
        <text>Read twice and referred to the Committee on Foreign Relations.</text>
        <type>IntroReferral</type>
      </item>
      <item>
        <actionDate>2021-03-17</actionDate>
        <text>Introduced in Senate</text>
        <type>IntroReferral</type>
        <actionCode>10000</actionCode>
        <sourceSystem>
          <code>9</code>
          <name>Library of Congress</name>
        </sourceSystem>
      </item>
    </actions>
    <sponsors>
      <item>
        <bioguideId>M000639</bioguideId>
        <fullName>Sen. Menendez, Robert [D-NJ]</fullName>
        <firstName>Robert</firstName>
        <lastName>Menendez</lastName>
        <party>D</party>
        <state>NJ</state>
        <identifiers>
          <bioguideId>M000639</bioguideId>
        </identifiers>
        <isByRequest>N</isByRequest>
      </item>
    </sponsors>
    <cosponsors>
      <item>
        <bioguideId>I000024</bioguideId>
        <fullName>Sen. Inhofe, James M. [R-OK]</fullName>
        <firstName>Jim</firstName>
        <lastName>Inhofe</lastName>
        <party>R</party>
        <state>OK</state>
        <identifiers>
          <bioguideId>I000024</bioguideId>
        </identifiers>
        <sponsorshipDate>2021-03-17</sponsorshipDate>
        <isOriginalCosponsor>True</isOriginalCosponsor>
      </item>
      <item>
        <bioguideId>C001088</bioguideId>
        <fullName>Sen. Coons, Christopher A. [D-DE]</fullName>
        <firstName>Christopher</firstName>
        <lastName>Coons</lastName>
        <party>D</party>
        <state>DE</state>
        <identifiers>
          <bioguideId>C001088</bioguideId>
        </identifiers>
        <middleName>A.</middleName>
        <sponsorshipDate>2021-07-26</sponsorshipDate>
        <isOriginalCosponsor>False</isOriginalCosponsor>
      </item>
      <item>
        <bioguideId>C001098</bioguideId>
        <fullName>Sen. Cruz, Ted [R-TX]</fullName>
        <firstName>Ted</firstName>
        <lastName>Cruz</lastName>
        <party>R</party>
        <state>TX</state>
        <identifiers>
          <bioguideId>C001098</bioguideId>
        </identifiers>
        <sponsorshipDate>2021-07-28</sponsorshipDate>
        <isOriginalCosponsor>False</isOriginalCosponsor>
      </item>
    </cosponsors>
    <cboCostEstimates>
      <item>
        <pubDate>2021-08-25T16:26:00Z</pubDate>
        <title>S. 812, a bill to direct the Secretary of State to develop a strategy to regain observer status for Taiwan in the World Health Organization, and for other purposes</title>
        <url>https://www.cbo.gov/publication/57436</url>
        <description>As passed by the Senate on August 6, 2021.</description>
      </item>
    </cboCostEstimates>
    <laws>
      <item>
        <type>Public Law</type>
        <number>117-124</number>
      </item>
    </laws>
    <policyArea>
      <name>International Affairs</name>
    </policyArea>
    <subjects>
      <legislativeSubjects>
        <item>
          <name>Asia</name>
        </item>
        <item>
          <name>Congressional oversight</name>
        </item>
        <item>
          <name>International organizations and cooperation</name>
        </item>
        <item>
          <name>Taiwan</name>
        </item>
        <item>
          <name>World health</name>
        </item>
      </legislativeSubjects>
      <policyArea>
        <name>International Affairs</name>
      </policyArea>
    </subjects>
    <summaries>
      <summary>
        <versionCode>00</versionCode>
        <actionDate>2021-03-17</actionDate>
        <actionDesc>Introduced in Senate</actionDesc>
        <updateDate>2021-08-20T19:44:09Z</updateDate>
        <text>
          <![CDATA[ <p>This bill directs the Department of State to include additional information in its annual reports concerning Taiwan's participation at the World Health Organization's World Health Assembly (WHA) as an observer. The report shall describe changes and improvements to the State Department's plan to support Taiwan's observer status at the WHA, following any meetings at which Taiwan did&nbsp;not participate under such status. (China has opposed Taiwan's participation in the WHA.) </p>]]>
        </text>
      </summary>
      <summary>
        <versionCode>25</versionCode>
        <actionDate>2021-07-28</actionDate>
        <actionDesc>Reported to Senate</actionDesc>
        <updateDate>2021-08-24T23:57:26Z</updateDate>
        <text>
          <![CDATA[ <p>This bill directs the Department of State to include additional information in its annual reports concerning Taiwan's participation at the World Health Organization's World Health Assembly (WHA) as an observer. The report shall describe changes and improvements to the State Department's plan to support Taiwan's observer status at the WHA, following any meetings at which Taiwan did&nbsp;not participate under such status. (China has opposed Taiwan's participation in the WHA.) </p>]]>
        </text>
      </summary>
      <summary>
        <versionCode>55</versionCode>
        <actionDate>2021-08-06</actionDate>
        <actionDesc>Passed Senate</actionDesc>
        <updateDate>2021-08-24T23:52:20Z</updateDate>
        <text>
          <![CDATA[ <p>This bill directs the Department of State to include additional information in its annual reports concerning Taiwan's participation at the World Health Organization's World Health Assembly (WHA) as an observer. The report shall describe changes and improvements to the State Department's plan to support Taiwan's observer status at the WHA, following any meetings at which Taiwan did&nbsp;not participate under such status. (China has opposed Taiwan's participation in the WHA.) </p>]]>
        </text>
      </summary>
      <summary>
        <versionCode>53</versionCode>
        <actionDate>2022-04-27</actionDate>
        <actionDesc>Passed House</actionDesc>
        <updateDate>2022-05-10T14:04:20Z</updateDate>
        <text>
          <![CDATA[ <p>This bill directs the Department of State to include additional information in its annual reports concerning Taiwan's participation at the World Health Organization's World Health Assembly (WHA) as an observer. The report shall describe changes and improvements to the State Department's plan to support Taiwan's observer status at the WHA, following any meetings at which Taiwan did&nbsp;not participate under such status. (China has opposed Taiwan's participation in the WHA.) </p>]]>
        </text>
      </summary>
      <summary>
        <versionCode>49</versionCode>
        <actionDate>2022-05-13</actionDate>
        <actionDesc>Public Law</actionDesc>
        <updateDate>2022-05-27T13:31:41Z</updateDate>
        <text>
          <![CDATA[ <p>This bill directs the Department of State to include additional information in its annual reports concerning Taiwan's participation at the World Health Organization's World Health Assembly (WHA) as an observer. The report shall describe changes and improvements to the State Department's plan to support Taiwan's observer status at the WHA, following any meetings at which Taiwan did&nbsp;not participate under such status. (China has opposed Taiwan's participation in the WHA.) </p>]]>
        </text>
      </summary>
    </summaries>
    <title>A bill to direct the Secretary of State to develop a strategy to regain observer status for Taiwan in the World Health Organization, and for other purposes.</title>
    <titles>
      <item>
        <titleType>Display Title</titleType>
        <title>A bill to direct the Secretary of State to develop a strategy to regain observer status for Taiwan in the World Health Organization, and for other purposes.</title>
      </item>
      <item>
        <titleType>Official Title as Introduced</titleType>
        <title>A bill to direct the Secretary of State to develop a strategy to regain observer status for Taiwan in the World Health Organization, and for other purposes.</title>
        <billTextVersionName>Introduced in Senate</billTextVersionName>
        <billTextVersionCode>IS</billTextVersionCode>
      </item>
    </titles>
    <textVersions>
      <item>
        <type>Enrolled Bill</type>
        <date/>
        <formats>
          <item>
            <url>https://www.govinfo.gov/content/pkg/BILLS-117s812enr/xml/BILLS-117s812enr.xml</url>
          </item>
        </formats>
      </item>
      <item>
        <type>Engrossed in Senate</type>
        <date>2021-08-06T04:00:00Z</date>
        <formats>
          <item>
            <url>https://www.govinfo.gov/content/pkg/BILLS-117s812es/xml/BILLS-117s812es.xml</url>
          </item>
        </formats>
      </item>
      <item>
        <type>Reported to Senate</type>
        <date>2021-07-28T04:00:00Z</date>
        <formats>
          <item>
            <url>https://www.govinfo.gov/content/pkg/BILLS-117s812rs/xml/BILLS-117s812rs.xml</url>
          </item>
        </formats>
      </item>
      <item>
        <type>Introduced in Senate</type>
        <date>2021-03-17T04:00:00Z</date>
        <formats>
          <item>
            <url>https://www.govinfo.gov/content/pkg/BILLS-117s812is/xml/BILLS-117s812is.xml</url>
          </item>
        </formats>
      </item>
      <item>
        <date>2022-05-14T03:59:59Z</date>
        <formats>
          <item>
            <url>https://www.govinfo.gov/content/pkg/PLAW-117publ124_uslm/xml/PLAW-117publ124_uslm.xml</url>
          </item>
        </formats>
        <type>Public Law</type>
      </item>
    </textVersions>
    <latestAction>
      <actionDate>2022-05-13</actionDate>
      <text>Became Public Law No: 117-124.</text>
    </latestAction>
  </bill>
  <dublinCore xmlns:dc="http://purl.org/dc/elements/1.1/">
    <dc:format>text/xml</dc:format>
    <dc:language>EN</dc:language>
    <dc:rights>Pursuant to Title 17 Section 105 of the United States Code, this file is not subject to copyright protection and is in the public domain.</dc:rights>
    <dc:contributor>Congressional Research Service, Library of Congress</dc:contributor>
    <dc:description>This file contains bill summaries and statuses for federal legislation. A bill summary describes the most significant provisions of a piece of legislation and details the effects the legislative text may have on current law and federal programs. Bill summaries are authored by the Congressional Research Service (CRS) of the Library of Congress. As stated in Public Law 91-510 (2 USC 166 (d)(6)), one of the duties of CRS is "to prepare summaries and digests of bills and resolutions of a public general nature introduced in the Senate or House of Representatives". For more information, refer to the User Guide that accompanies this file.</dc:description>
  </dublinCore>
</billStatus>
