<?xml version="1.0" encoding="utf-8" standalone="no"?>
<billStatus>
  <version>3.0.0</version>
  <bill>
    <number>223</number>
    <updateDate>2023-01-11T13:46:40Z</updateDate>
    <updateDateIncludingText>2023-01-11T13:46:40Z</updateDateIncludingText>
    <originChamber>Senate</originChamber>
    <type>S</type>
    <introducedDate>2021-02-04</introducedDate>
    <congress>117</congress>
    <committees>
      <item>
        <systemCode>ssga00</systemCode>
        <name>Homeland Security and Governmental Affairs Committee</name>
        <chamber>Senate</chamber>
        <type>Standing</type>
        <activities>
          <item>
            <name>Referred to</name>
            <date>2021-02-04T17:16:48Z</date>
          </item>
        </activities>
      </item>
    </committees>
    <relatedBills>
      <item>
        <title>Invest in Child Safety Act</title>
        <congress>117</congress>
        <number>807</number>
        <type>HR</type>
        <latestAction>
          <actionDate>2021-04-23</actionDate>
          <text>Referred to the Subcommittee on Crime, Terrorism, and Homeland Security.</text>
        </latestAction>
        <relationshipDetails>
          <item>
            <type>Related bill</type>
            <identifiedBy>CRS</identifiedBy>
          </item>
        </relationshipDetails>
      </item>
      <item>
        <title>END Child Exploitation Act</title>
        <congress>117</congress>
        <number>1198</number>
        <type>HR</type>
        <latestAction>
          <actionDate>2021-04-28</actionDate>
          <text>Referred to the Subcommittee on Crime, Terrorism, and Homeland Security.</text>
        </latestAction>
        <relationshipDetails>
          <item>
            <type>Related bill</type>
            <identifiedBy>CRS</identifiedBy>
          </item>
        </relationshipDetails>
      </item>
      <item>
        <title>END Child Exploitation Act</title>
        <congress>117</congress>
        <number>365</number>
        <type>S</type>
        <latestAction>
          <actionDate>2022-12-21</actionDate>
          <text>Held at the desk.</text>
          <actionTime>14:46:18</actionTime>
        </latestAction>
        <relationshipDetails>
          <item>
            <type>Related bill</type>
            <identifiedBy>CRS</identifiedBy>
          </item>
        </relationshipDetails>
      </item>
    </relatedBills>
    <actions>
      <item>
        <actionDate>2021-02-04</actionDate>
        <committees>
          <item>
            <systemCode>ssga00</systemCode>
            <name>Homeland Security and Governmental Affairs Committee</name>
          </item>
        </committees>
        <sourceSystem>
          <name>Senate</name>
        </sourceSystem>
        <text>Read twice and referred to the Committee on Homeland Security and Governmental Affairs.</text>
        <type>IntroReferral</type>
      </item>
      <item>
        <actionDate>2021-02-04</actionDate>
        <text>Introduced in Senate</text>
        <type>IntroReferral</type>
        <actionCode>10000</actionCode>
        <sourceSystem>
          <code>9</code>
          <name>Library of Congress</name>
        </sourceSystem>
      </item>
    </actions>
    <sponsors>
      <item>
        <bioguideId>W000779</bioguideId>
        <fullName>Sen. Wyden, Ron [D-OR]</fullName>
        <firstName>Ron</firstName>
        <lastName>Wyden</lastName>
        <party>D</party>
        <state>OR</state>
        <identifiers>
          <bioguideId>W000779</bioguideId>
        </identifiers>
        <isByRequest>N</isByRequest>
      </item>
    </sponsors>
    <cosponsors>
      <item>
        <bioguideId>B000944</bioguideId>
        <fullName>Sen. Brown, Sherrod [D-OH]</fullName>
        <firstName>Sherrod</firstName>
        <lastName>Brown</lastName>
        <party>D</party>
        <state>OH</state>
        <identifiers>
          <bioguideId>B000944</bioguideId>
        </identifiers>
        <sponsorshipDate>2021-02-04</sponsorshipDate>
        <isOriginalCosponsor>True</isOriginalCosponsor>
      </item>
      <item>
        <bioguideId>H001042</bioguideId>
        <fullName>Sen. Hirono, Mazie K. [D-HI]</fullName>
        <firstName>Mazie</firstName>
        <lastName>Hirono</lastName>
        <party>D</party>
        <state>HI</state>
        <identifiers>
          <bioguideId>H001042</bioguideId>
        </identifiers>
        <middleName>K.</middleName>
        <sponsorshipDate>2021-02-04</sponsorshipDate>
        <isOriginalCosponsor>True</isOriginalCosponsor>
      </item>
      <item>
        <bioguideId>G000555</bioguideId>
        <fullName>Sen. Gillibrand, Kirsten E. [D-NY]</fullName>
        <firstName>Kirsten</firstName>
        <lastName>Gillibrand</lastName>
        <party>D</party>
        <state>NY</state>
        <identifiers>
          <bioguideId>G000555</bioguideId>
        </identifiers>
        <middleName>E.</middleName>
        <sponsorshipDate>2021-02-04</sponsorshipDate>
        <isOriginalCosponsor>True</isOriginalCosponsor>
      </item>
      <item>
        <bioguideId>O000174</bioguideId>
        <fullName>Sen. Ossoff, Jon [D-GA]</fullName>
        <firstName>Jon</firstName>
        <lastName>Ossoff</lastName>
        <party>D</party>
        <state>GA</state>
        <identifiers>
          <bioguideId>O000174</bioguideId>
        </identifiers>
        <sponsorshipDate>2022-04-04</sponsorshipDate>
        <isOriginalCosponsor>False</isOriginalCosponsor>
      </item>
      <item>
        <bioguideId>K000377</bioguideId>
        <fullName>Sen. Kelly, Mark [D-AZ]</fullName>
        <firstName>Mark</firstName>
        <lastName>Kelly</lastName>
        <party>D</party>
        <state>AZ</state>
        <identifiers>
          <bioguideId>K000377</bioguideId>
        </identifiers>
        <sponsorshipDate>2022-09-20</sponsorshipDate>
        <isOriginalCosponsor>False</isOriginalCosponsor>
      </item>
    </cosponsors>
    <policyArea>
      <name>Crime and Law Enforcement</name>
    </policyArea>
    <subjects>
      <legislativeSubjects>
        <item>
          <name>Child safety and welfare</name>
        </item>
        <item>
          <name>Congressional oversight</name>
        </item>
        <item>
          <name>Crime prevention</name>
        </item>
        <item>
          <name>Crime victims</name>
        </item>
        <item>
          <name>Crimes against children</name>
        </item>
        <item>
          <name>Criminal investigation, prosecution, interrogation</name>
        </item>
        <item>
          <name>Criminal justice information and records</name>
        </item>
        <item>
          <name>Customs enforcement</name>
        </item>
        <item>
          <name>Domestic violence and child abuse</name>
        </item>
        <item>
          <name>Emergency communications systems</name>
        </item>
        <item>
          <name>Executive Office of the President</name>
        </item>
        <item>
          <name>Executive agency funding and structure</name>
        </item>
        <item>
          <name>Federal officials</name>
        </item>
        <item>
          <name>Government information and archives</name>
        </item>
        <item>
          <name>Government studies and investigations</name>
        </item>
        <item>
          <name>International organizations and cooperation</name>
        </item>
        <item>
          <name>Internet and video services</name>
        </item>
        <item>
          <name>Internet, web applications, social media</name>
        </item>
        <item>
          <name>Law enforcement administration and funding</name>
        </item>
        <item>
          <name>Missing persons</name>
        </item>
        <item>
          <name>Pornography</name>
        </item>
        <item>
          <name>Sex offenses</name>
        </item>
        <item>
          <name>Social work, volunteer service, charitable organizations</name>
        </item>
        <item>
          <name>User charges and fees</name>
        </item>
      </legislativeSubjects>
      <policyArea>
        <name>Crime and Law Enforcement</name>
      </policyArea>
    </subjects>
    <summaries>
      <summary>
        <versionCode>00</versionCode>
        <actionDate>2021-02-04</actionDate>
        <actionDesc>Introduced in Senate</actionDesc>
        <updateDate>2021-07-15T15:33:06Z</updateDate>
        <text>
          <![CDATA[ <p><strong>Invest in Child Safety Act</strong></p> <p>This bill modifies the federal framework governing the prevention of online sexual exploitation of children.</p> <p>The bill establishes within the Executive Office of the President a new office&#8212;the Office to Enforce and Protect Against Child Sexual Exploitation&#8212;to coordinate federal efforts to prevent, investigate, prosecute, and treat victims of child exploitation.</p> <p>Additionally, it establishes the Child Sexual Exploitation Treatment, Support, and Prevention Fund to make grants and fund federal efforts to treat and support victims of child sexual exploitation and evidence-based programs and services to prevent child sexual exploitation. </p> <p>Finally, the bill makes changes to the reporting requirements for electronic communication service providers and remote computing service providers (providers) who report apparent instances of crimes involving the sexual exploitation of children. Among the changes, the bill requires providers to report facts and circumstances sufficient to identify and locate each involved individual and increases the amount of time that providers must preserve the contents of a report.</p>]]>
        </text>
      </summary>
    </summaries>
    <title>Invest in Child Safety Act</title>
    <titles>
      <item>
        <titleType>Display Title</titleType>
        <title>Invest in Child Safety Act</title>
      </item>
      <item>
        <titleType>Official Title as Introduced</titleType>
        <title>A bill to establish the Office to Enforce and Protect Against Child Sexual Exploitation.</title>
        <billTextVersionName>Introduced in Senate</billTextVersionName>
        <billTextVersionCode>IS</billTextVersionCode>
      </item>
      <item>
        <titleType>Short Title(s) as Introduced</titleType>
        <title>Invest in Child Safety Act</title>
        <billTextVersionName>Introduced in Senate</billTextVersionName>
        <billTextVersionCode>IS</billTextVersionCode>
      </item>
    </titles>
    <textVersions>
      <item>
        <type>Introduced in Senate</type>
        <date>2021-02-04T05:00:00Z</date>
        <formats>
          <item>
            <url>https://www.govinfo.gov/content/pkg/BILLS-117s223is/xml/BILLS-117s223is.xml</url>
          </item>
        </formats>
      </item>
      <item>
        <date/>
        <formats/>
        <type/>
      </item>
    </textVersions>
    <latestAction>
      <actionDate>2021-02-04</actionDate>
      <text>Read twice and referred to the Committee on Homeland Security and Governmental Affairs.</text>
    </latestAction>
  </bill>
  <dublinCore xmlns:dc="http://purl.org/dc/elements/1.1/">
    <dc:format>text/xml</dc:format>
    <dc:language>EN</dc:language>
    <dc:rights>Pursuant to Title 17 Section 105 of the United States Code, this file is not subject to copyright protection and is in the public domain.</dc:rights>
    <dc:contributor>Congressional Research Service, Library of Congress</dc:contributor>
    <dc:description>This file contains bill summaries and statuses for federal legislation. A bill summary describes the most significant provisions of a piece of legislation and details the effects the legislative text may have on current law and federal programs. Bill summaries are authored by the Congressional Research Service (CRS) of the Library of Congress. As stated in Public Law 91-510 (2 USC 166 (d)(6)), one of the duties of CRS is "to prepare summaries and digests of bills and resolutions of a public general nature introduced in the Senate or House of Representatives". For more information, refer to the User Guide that accompanies this file.</dc:description>
  </dublinCore>
</billStatus>
