<?xml version="1.0" encoding="utf-8" standalone="no"?>
<billStatus>
  <version>3.0.0</version>
  <bill>
    <number>102</number>
    <updateDate>2023-01-11T13:47:32Z</updateDate>
    <updateDateIncludingText>2023-01-11T13:47:32Z</updateDateIncludingText>
    <originChamber>Senate</originChamber>
    <type>S</type>
    <introducedDate>2021-01-28</introducedDate>
    <congress>117</congress>
    <committees>
      <item>
        <systemCode>ssva00</systemCode>
        <name>Veterans' Affairs Committee</name>
        <chamber>Senate</chamber>
        <type>Standing</type>
        <activities>
          <item>
            <name>Referred to</name>
            <date>2021-01-28T19:56:04Z</date>
          </item>
        </activities>
      </item>
    </committees>
    <relatedBills>
      <item>
        <title>West Los Angeles VA Campus Improvement Act of 2021</title>
        <congress>117</congress>
        <number>711</number>
        <type>HR</type>
        <latestAction>
          <actionDate>2021-06-23</actionDate>
          <text>Became Public Law No: 117-18.</text>
        </latestAction>
        <relationshipDetails>
          <item>
            <type>Identical bill</type>
            <identifiedBy>CRS</identifiedBy>
          </item>
        </relationshipDetails>
      </item>
    </relatedBills>
    <actions>
      <item>
        <actionDate>2021-01-28</actionDate>
        <committees>
          <item>
            <systemCode>ssva00</systemCode>
            <name>Veterans' Affairs Committee</name>
          </item>
        </committees>
        <sourceSystem>
          <name>Senate</name>
        </sourceSystem>
        <text>Read twice and referred to the Committee on Veterans' Affairs. (Sponsor introductory remarks on measure: CR S201)</text>
        <type>IntroReferral</type>
      </item>
      <item>
        <actionDate>2021-01-28</actionDate>
        <text>Introduced in Senate</text>
        <type>IntroReferral</type>
        <actionCode>10000</actionCode>
        <sourceSystem>
          <code>9</code>
          <name>Library of Congress</name>
        </sourceSystem>
      </item>
    </actions>
    <sponsors>
      <item>
        <bioguideId>F000062</bioguideId>
        <fullName>Sen. Feinstein, Dianne [D-CA]</fullName>
        <firstName>Dianne</firstName>
        <lastName>Feinstein</lastName>
        <party>D</party>
        <state>CA</state>
        <identifiers>
          <bioguideId>F000062</bioguideId>
        </identifiers>
        <isByRequest>N</isByRequest>
      </item>
    </sponsors>
    <cosponsors>
      <item>
        <bioguideId>P000145</bioguideId>
        <fullName>Sen. Padilla, Alex [D-CA]</fullName>
        <firstName>Alex</firstName>
        <lastName>Padilla</lastName>
        <party>D</party>
        <state>CA</state>
        <identifiers>
          <bioguideId>P000145</bioguideId>
        </identifiers>
        <sponsorshipDate>2021-04-12</sponsorshipDate>
        <isOriginalCosponsor>False</isOriginalCosponsor>
      </item>
    </cosponsors>
    <policyArea>
      <name>Armed Forces and National Security</name>
    </policyArea>
    <subjects>
      <legislativeSubjects>
        <item>
          <name>Building construction</name>
        </item>
        <item>
          <name>California</name>
        </item>
        <item>
          <name>Department of Veterans Affairs</name>
        </item>
        <item>
          <name>Executive agency funding and structure</name>
        </item>
        <item>
          <name>Government buildings, facilities, and property</name>
        </item>
        <item>
          <name>Health facilities and institutions</name>
        </item>
        <item>
          <name>Homelessness and emergency shelter</name>
        </item>
        <item>
          <name>Land use and conservation</name>
        </item>
        <item>
          <name>Veterans' loans, housing, homeless programs</name>
        </item>
        <item>
          <name>Veterans' medical care</name>
        </item>
      </legislativeSubjects>
      <policyArea>
        <name>Armed Forces and National Security</name>
      </policyArea>
    </subjects>
    <summaries>
      <summary>
        <versionCode>00</versionCode>
        <actionDate>2021-01-28</actionDate>
        <actionDesc>Introduced in Senate</actionDesc>
        <updateDate>2021-05-17T16:40:18Z</updateDate>
        <text>
          <![CDATA[ <p><b>West Los Angeles VA Campus Improvement Act of 2021</b></p> <p>This bill requires that land use revenues received by the Department of Veterans Affairs (VA) in connection with the use of an easement, certain leases, or third-party land use at the VA's West Los Angeles Campus in Los Angeles, California, be used exclusively for specified purposes on campus.</p> <p>The bill prescribes that such revenues be used exclusively for</p> <ul> <li>the renovation and maintenance of the land and facilities at the campus;</li> <li>supporting construction, maintenance, and services at the campus relating to temporary or permanent supportive housing for homeless or at-risk veterans and their families;</li> <li>implementing minor construction projects at the campus; or</li> <li>implementing community operations at the campus that support the development of emergency shelter or supportive housing for homeless or at-risk veterans and their families. <br> </li> </ul>]]>
        </text>
      </summary>
    </summaries>
    <title>West Los Angeles VA Campus Improvement Act of 2021</title>
    <titles>
      <item>
        <titleType>Display Title</titleType>
        <title>West Los Angeles VA Campus Improvement Act of 2021</title>
      </item>
      <item>
        <titleType>Official Title as Introduced</titleType>
        <title>A bill to amend the West Los Angeles Leasing Act of 2016 to authorize the use of certain funds received pursuant to leases entered into under such Act, and for other purposes.</title>
        <billTextVersionName>Introduced in Senate</billTextVersionName>
        <billTextVersionCode>IS</billTextVersionCode>
      </item>
      <item>
        <titleType>Short Title(s) as Introduced</titleType>
        <title>West Los Angeles VA Campus Improvement Act of 2021</title>
        <billTextVersionName>Introduced in Senate</billTextVersionName>
        <billTextVersionCode>IS</billTextVersionCode>
      </item>
    </titles>
    <textVersions>
      <item>
        <type>Introduced in Senate</type>
        <date>2021-01-28T05:00:00Z</date>
        <formats>
          <item>
            <url>https://www.govinfo.gov/content/pkg/BILLS-117s102is/xml/BILLS-117s102is.xml</url>
          </item>
        </formats>
      </item>
      <item>
        <date/>
        <formats/>
        <type/>
      </item>
    </textVersions>
    <latestAction>
      <actionDate>2021-01-28</actionDate>
      <text>Read twice and referred to the Committee on Veterans' Affairs. (Sponsor introductory remarks on measure: CR S201)</text>
    </latestAction>
  </bill>
  <dublinCore xmlns:dc="http://purl.org/dc/elements/1.1/">
    <dc:format>text/xml</dc:format>
    <dc:language>EN</dc:language>
    <dc:rights>Pursuant to Title 17 Section 105 of the United States Code, this file is not subject to copyright protection and is in the public domain.</dc:rights>
    <dc:contributor>Congressional Research Service, Library of Congress</dc:contributor>
    <dc:description>This file contains bill summaries and statuses for federal legislation. A bill summary describes the most significant provisions of a piece of legislation and details the effects the legislative text may have on current law and federal programs. Bill summaries are authored by the Congressional Research Service (CRS) of the Library of Congress. As stated in Public Law 91-510 (2 USC 166 (d)(6)), one of the duties of CRS is "to prepare summaries and digests of bills and resolutions of a public general nature introduced in the Senate or House of Representatives". For more information, refer to the User Guide that accompanies this file.</dc:description>
  </dublinCore>
</billStatus>
