<?xml version="1.0" encoding="utf-8" standalone="no"?>
<billStatus>
  <version>3.0.0</version>
  <bill>
    <number>489</number>
    <updateDate>2023-01-11T13:46:29Z</updateDate>
    <updateDateIncludingText>2023-01-11T13:46:29Z</updateDateIncludingText>
    <originChamber>Senate</originChamber>
    <type>S</type>
    <introducedDate>2021-02-25</introducedDate>
    <congress>117</congress>
    <committees>
      <item>
        <systemCode>ssga00</systemCode>
        <name>Homeland Security and Governmental Affairs Committee</name>
        <chamber>Senate</chamber>
        <type>Standing</type>
        <activities>
          <item>
            <name>Referred to</name>
            <date>2021-02-25T20:09:50Z</date>
          </item>
        </activities>
      </item>
    </committees>
    <actions>
      <item>
        <actionDate>2021-02-25</actionDate>
        <committees>
          <item>
            <systemCode>ssga00</systemCode>
            <name>Homeland Security and Governmental Affairs Committee</name>
          </item>
        </committees>
        <sourceSystem>
          <name>Senate</name>
        </sourceSystem>
        <text>Read twice and referred to the Committee on Homeland Security and Governmental Affairs.</text>
        <type>IntroReferral</type>
      </item>
      <item>
        <actionDate>2021-02-25</actionDate>
        <text>Introduced in Senate</text>
        <type>IntroReferral</type>
        <actionCode>10000</actionCode>
        <sourceSystem>
          <code>9</code>
          <name>Library of Congress</name>
        </sourceSystem>
      </item>
    </actions>
    <sponsors>
      <item>
        <bioguideId>B001310</bioguideId>
        <fullName>Sen. Braun, Mike [R-IN]</fullName>
        <firstName>Mike</firstName>
        <lastName>Braun</lastName>
        <party>R</party>
        <state>IN</state>
        <identifiers>
          <bioguideId>B001310</bioguideId>
        </identifiers>
        <isByRequest>N</isByRequest>
      </item>
    </sponsors>
    <cosponsors>
      <item>
        <bioguideId>E000295</bioguideId>
        <fullName>Sen. Ernst, Joni [R-IA]</fullName>
        <firstName>Joni</firstName>
        <lastName>Ernst</lastName>
        <party>R</party>
        <state>IA</state>
        <identifiers>
          <bioguideId>E000295</bioguideId>
        </identifiers>
        <sponsorshipDate>2021-02-25</sponsorshipDate>
        <isOriginalCosponsor>True</isOriginalCosponsor>
      </item>
    </cosponsors>
    <policyArea>
      <name>Government Operations and Politics</name>
    </policyArea>
    <subjects>
      <legislativeSubjects>
        <item>
          <name>Administrative law and regulatory procedures</name>
        </item>
        <item>
          <name>Administrative remedies</name>
        </item>
        <item>
          <name>Congressional oversight</name>
        </item>
        <item>
          <name>Debt collection</name>
        </item>
        <item>
          <name>Department of the Treasury</name>
        </item>
        <item>
          <name>Government employee pay, benefits, personnel management</name>
        </item>
        <item>
          <name>Government ethics and transparency, public corruption</name>
        </item>
        <item>
          <name>Government information and archives</name>
        </item>
        <item>
          <name>Internal Revenue Service (IRS)</name>
        </item>
        <item>
          <name>Military personnel and dependents</name>
        </item>
        <item>
          <name>National Guard and reserves</name>
        </item>
        <item>
          <name>Office of Personnel Management (OPM)</name>
        </item>
        <item>
          <name>Personnel records</name>
        </item>
        <item>
          <name>Tax administration and collection, taxpayers</name>
        </item>
      </legislativeSubjects>
      <policyArea>
        <name>Government Operations and Politics</name>
      </policyArea>
    </subjects>
    <summaries>
      <summary>
        <versionCode>00</versionCode>
        <actionDate>2021-02-25</actionDate>
        <actionDesc>Introduced in Senate</actionDesc>
        <updateDate>2021-04-09T13:35:28Z</updateDate>
        <text>
          <![CDATA[ <p><b>Federal Employees and Retirees with Delinquent Tax Debt Initiative (FERDI) Act</b></p> <p>This bill disqualifies individuals with delinquent tax debt from federal employment and requires the Internal Revenue Service (IRS) to regularly publish a report on the tax liabilities of federal employees.</p> <p>Specifically, the bill disqualifies both applicants and current employees with seriously delinquent tax debt from federal employment. The bill defines <i>seriously delinquent tax debt</i> as a federal tax liability that has been assessed by the Department of the Treasury and that may be collected via levy or court proceeding, with specified exceptions. Agencies must provide for appropriate review of public records to determine if there are any liens against applicants or current employees, and may take certain personnel actions against employees who willfully fail to file taxes or understate their liability. </p> <p>The bill also directs the IRS to submit to specified congressional committees and make public online an annual report on current and retired federal civilian and military employees who have delinquent tax debt or an unfiled tax return for the most recent fiscal year. (The IRS currently investigates and reports on similar information through its Federal Employee/Retiree Delinquency Initiative, or FERDI).</p>]]>
        </text>
      </summary>
    </summaries>
    <title>Federal Employees and Retirees with Delinquent Tax Debt Initiative (FERDI) Act</title>
    <titles>
      <item>
        <titleType>Display Title</titleType>
        <title>Federal Employees and Retirees with Delinquent Tax Debt Initiative (FERDI) Act</title>
      </item>
      <item>
        <titleType>Official Title as Introduced</titleType>
        <title>A bill to require an annual report of Federal employees and retirees with delinquent tax debt.</title>
        <billTextVersionName>Introduced in Senate</billTextVersionName>
        <billTextVersionCode>IS</billTextVersionCode>
      </item>
      <item>
        <titleType>Short Title(s) as Introduced</titleType>
        <title>Federal Employees and Retirees with Delinquent Tax Debt Initiative (FERDI) Act</title>
        <billTextVersionName>Introduced in Senate</billTextVersionName>
        <billTextVersionCode>IS</billTextVersionCode>
      </item>
    </titles>
    <textVersions>
      <item>
        <type>Introduced in Senate</type>
        <date>2021-02-25T05:00:00Z</date>
        <formats>
          <item>
            <url>https://www.govinfo.gov/content/pkg/BILLS-117s489is/xml/BILLS-117s489is.xml</url>
          </item>
        </formats>
      </item>
      <item>
        <date/>
        <formats/>
        <type/>
      </item>
    </textVersions>
    <latestAction>
      <actionDate>2021-02-25</actionDate>
      <text>Read twice and referred to the Committee on Homeland Security and Governmental Affairs.</text>
    </latestAction>
  </bill>
  <dublinCore xmlns:dc="http://purl.org/dc/elements/1.1/">
    <dc:format>text/xml</dc:format>
    <dc:language>EN</dc:language>
    <dc:rights>Pursuant to Title 17 Section 105 of the United States Code, this file is not subject to copyright protection and is in the public domain.</dc:rights>
    <dc:contributor>Congressional Research Service, Library of Congress</dc:contributor>
    <dc:description>This file contains bill summaries and statuses for federal legislation. A bill summary describes the most significant provisions of a piece of legislation and details the effects the legislative text may have on current law and federal programs. Bill summaries are authored by the Congressional Research Service (CRS) of the Library of Congress. As stated in Public Law 91-510 (2 USC 166 (d)(6)), one of the duties of CRS is "to prepare summaries and digests of bills and resolutions of a public general nature introduced in the Senate or House of Representatives". For more information, refer to the User Guide that accompanies this file.</dc:description>
  </dublinCore>
</billStatus>
