<?xml version="1.0" encoding="utf-8" standalone="no"?>
<billStatus>
  <version>3.0.0</version>
  <bill>
    <number>1966</number>
    <updateDate>2022-12-30T16:02:28Z</updateDate>
    <updateDateIncludingText>2022-12-30T16:02:28Z</updateDateIncludingText>
    <originChamber>Senate</originChamber>
    <type>S</type>
    <introducedDate>2021-06-08</introducedDate>
    <congress>117</congress>
    <committees>
      <item>
        <systemCode>sshr00</systemCode>
        <name>Health, Education, Labor, and Pensions Committee</name>
        <chamber>Senate</chamber>
        <type>Standing</type>
        <activities>
          <item>
            <name>Referred to</name>
            <date>2021-06-08T18:14:12Z</date>
          </item>
        </activities>
      </item>
    </committees>
    <relatedBills>
      <item>
        <title>Katherine’s Law for Lung Cancer Early Detection and Survival Act of 2021</title>
        <congress>117</congress>
        <number>3749</number>
        <type>HR</type>
        <latestAction>
          <actionDate>2021-06-09</actionDate>
          <text>Referred to the Subcommittee on Health.</text>
        </latestAction>
        <relationshipDetails>
          <item>
            <type>Related bill</type>
            <identifiedBy>CRS</identifiedBy>
          </item>
        </relationshipDetails>
      </item>
    </relatedBills>
    <actions>
      <item>
        <actionDate>2021-06-08</actionDate>
        <committees>
          <item>
            <systemCode>sshr00</systemCode>
            <name>Health, Education, Labor, and Pensions Committee</name>
          </item>
        </committees>
        <sourceSystem>
          <name>Senate</name>
        </sourceSystem>
        <text>Read twice and referred to the Committee on Health, Education, Labor, and Pensions.</text>
        <type>IntroReferral</type>
      </item>
      <item>
        <actionDate>2021-06-08</actionDate>
        <text>Introduced in Senate</text>
        <type>IntroReferral</type>
        <actionCode>10000</actionCode>
        <sourceSystem>
          <code>9</code>
          <name>Library of Congress</name>
        </sourceSystem>
      </item>
    </actions>
    <sponsors>
      <item>
        <bioguideId>S001203</bioguideId>
        <fullName>Sen. Smith, Tina [D-MN]</fullName>
        <firstName>Tina</firstName>
        <lastName>Smith</lastName>
        <party>D</party>
        <state>MN</state>
        <identifiers>
          <bioguideId>S001203</bioguideId>
        </identifiers>
        <isByRequest>N</isByRequest>
      </item>
    </sponsors>
    <policyArea>
      <name>Health</name>
    </policyArea>
    <subjects>
      <legislativeSubjects>
        <item>
          <name>Cancer</name>
        </item>
        <item>
          <name>Cardiovascular and respiratory health</name>
        </item>
        <item>
          <name>Health care costs and insurance</name>
        </item>
        <item>
          <name>Health care coverage and access</name>
        </item>
        <item>
          <name>Medical tests and diagnostic methods</name>
        </item>
      </legislativeSubjects>
      <policyArea>
        <name>Health</name>
      </policyArea>
    </subjects>
    <summaries>
      <summary>
        <versionCode>00</versionCode>
        <actionDate>2021-06-08</actionDate>
        <actionDesc>Introduced in Senate</actionDesc>
        <updateDate>2022-02-08T20:01:34Z</updateDate>
        <text>
          <![CDATA[ <p><strong>Katherine's Lung Cancer Early Detection and Survival Act of 2021</strong></p> <p>This bill requires private health insurance plans to cover, without cost sharing, screenings for the detection of lung cancer for certain high-risk individuals.</p>]]>
        </text>
      </summary>
    </summaries>
    <title>Katherine’s Lung Cancer Early Detection and Survival Act of 2021</title>
    <titles>
      <item>
        <titleType>Display Title</titleType>
        <title>Katherine’s Lung Cancer Early Detection and Survival Act of 2021</title>
      </item>
      <item>
        <titleType>Official Title as Introduced</titleType>
        <title>A bill to amend title XXVII of the Public Health Service Act to expand the availability of coverage for lung cancer screenings without the imposition of cost sharing.</title>
        <billTextVersionName>Introduced in Senate</billTextVersionName>
        <billTextVersionCode>IS</billTextVersionCode>
      </item>
      <item>
        <titleType>Short Title(s) as Introduced</titleType>
        <title>Katherine’s Lung Cancer Early Detection and Survival Act of 2021</title>
        <billTextVersionName>Introduced in Senate</billTextVersionName>
        <billTextVersionCode>IS</billTextVersionCode>
      </item>
    </titles>
    <textVersions>
      <item>
        <type>Introduced in Senate</type>
        <date>2021-06-08T04:00:00Z</date>
        <formats>
          <item>
            <url>https://www.govinfo.gov/content/pkg/BILLS-117s1966is/xml/BILLS-117s1966is.xml</url>
          </item>
        </formats>
      </item>
      <item>
        <date/>
        <formats/>
        <type/>
      </item>
    </textVersions>
    <latestAction>
      <actionDate>2021-06-08</actionDate>
      <text>Read twice and referred to the Committee on Health, Education, Labor, and Pensions.</text>
    </latestAction>
  </bill>
  <dublinCore xmlns:dc="http://purl.org/dc/elements/1.1/">
    <dc:format>text/xml</dc:format>
    <dc:language>EN</dc:language>
    <dc:rights>Pursuant to Title 17 Section 105 of the United States Code, this file is not subject to copyright protection and is in the public domain.</dc:rights>
    <dc:contributor>Congressional Research Service, Library of Congress</dc:contributor>
    <dc:description>This file contains bill summaries and statuses for federal legislation. A bill summary describes the most significant provisions of a piece of legislation and details the effects the legislative text may have on current law and federal programs. Bill summaries are authored by the Congressional Research Service (CRS) of the Library of Congress. As stated in Public Law 91-510 (2 USC 166 (d)(6)), one of the duties of CRS is "to prepare summaries and digests of bills and resolutions of a public general nature introduced in the Senate or House of Representatives". For more information, refer to the User Guide that accompanies this file.</dc:description>
  </dublinCore>
</billStatus>
