<?xml version="1.0" encoding="utf-8" standalone="no"?>
<billStatus>
  <version>3.0.0</version>
  <bill>
    <number>2427</number>
    <updateDate>2023-02-01T17:18:41Z</updateDate>
    <updateDateIncludingText>2023-02-01T17:18:41Z</updateDateIncludingText>
    <originChamber>Senate</originChamber>
    <type>S</type>
    <introducedDate>2021-07-21</introducedDate>
    <congress>117</congress>
    <committees>
      <item>
        <systemCode>sscm00</systemCode>
        <name>Commerce, Science, and Transportation Committee</name>
        <chamber>Senate</chamber>
        <type>Standing</type>
        <activities>
          <item>
            <name>Reported by</name>
            <date>2022-12-07T18:55:07Z</date>
          </item>
          <item>
            <name>Markup by</name>
            <date>2022-05-11T14:00:00Z</date>
          </item>
          <item>
            <name>Referred to</name>
            <date>2021-07-21T22:03:31Z</date>
          </item>
        </activities>
      </item>
    </committees>
    <relatedBills>
      <item>
        <title>FAIR Contributions Act</title>
        <congress>117</congress>
        <number>8575</number>
        <type>HR</type>
        <latestAction>
          <actionDate>2022-07-28</actionDate>
          <text>Referred to the House Committee on Energy and Commerce.</text>
        </latestAction>
        <relationshipDetails>
          <item>
            <type>Identical bill</type>
            <identifiedBy>CRS</identifiedBy>
          </item>
        </relationshipDetails>
      </item>
    </relatedBills>
    <actions>
      <item>
        <actionDate>2022-12-07</actionDate>
        <sourceSystem>
          <name>Senate</name>
        </sourceSystem>
        <text>Placed on Senate Legislative Calendar under General Orders. Calendar No. 594.</text>
        <type>Calendars</type>
      </item>
      <item>
        <actionDate>2022-12-07</actionDate>
        <committees>
          <item>
            <systemCode>sscm00</systemCode>
            <name>Commerce, Science, and Transportation Committee</name>
          </item>
        </committees>
        <sourceSystem>
          <name>Senate</name>
        </sourceSystem>
        <text>Committee on Commerce, Science, and Transportation. Reported by Senator Cantwell with an amendment in the nature of a substitute. Without written report.</text>
        <type>Committee</type>
      </item>
      <item>
        <actionDate>2022-12-07</actionDate>
        <text>Committee on Commerce, Science, and Transportation. Reported by Senator Cantwell with an amendment in the nature of a substitute. Without written report.</text>
        <type>Committee</type>
        <actionCode>14000</actionCode>
        <sourceSystem>
          <code>9</code>
          <name>Library of Congress</name>
        </sourceSystem>
        <committees>
          <item>
            <systemCode>sscm00</systemCode>
            <name>Commerce, Science, and Transportation Committee</name>
          </item>
        </committees>
      </item>
      <item>
        <actionDate>2022-05-11</actionDate>
        <committees>
          <item>
            <systemCode>sscm00</systemCode>
            <name>Commerce, Science, and Transportation Committee</name>
          </item>
        </committees>
        <sourceSystem>
          <name>Senate</name>
        </sourceSystem>
        <text>Committee on Commerce, Science, and Transportation. Ordered to be reported with an amendment in the nature of a substitute favorably.</text>
        <type>Committee</type>
      </item>
      <item>
        <actionDate>2021-07-21</actionDate>
        <committees>
          <item>
            <systemCode>sscm00</systemCode>
            <name>Commerce, Science, and Transportation Committee</name>
          </item>
        </committees>
        <sourceSystem>
          <name>Senate</name>
        </sourceSystem>
        <text>Read twice and referred to the Committee on Commerce, Science, and Transportation.</text>
        <type>IntroReferral</type>
      </item>
      <item>
        <actionDate>2021-07-21</actionDate>
        <text>Introduced in Senate</text>
        <type>IntroReferral</type>
        <actionCode>10000</actionCode>
        <sourceSystem>
          <code>9</code>
          <name>Library of Congress</name>
        </sourceSystem>
      </item>
    </actions>
    <sponsors>
      <item>
        <bioguideId>W000437</bioguideId>
        <fullName>Sen. Wicker, Roger F. [R-MS]</fullName>
        <firstName>Roger</firstName>
        <lastName>Wicker</lastName>
        <party>R</party>
        <state>MS</state>
        <identifiers>
          <bioguideId>W000437</bioguideId>
        </identifiers>
        <middleName>F.</middleName>
        <isByRequest>N</isByRequest>
      </item>
    </sponsors>
    <cosponsors>
      <item>
        <bioguideId>Y000064</bioguideId>
        <fullName>Sen. Young, Todd [R-IN]</fullName>
        <firstName>Todd</firstName>
        <lastName>Young</lastName>
        <party>R</party>
        <state>IN</state>
        <identifiers>
          <bioguideId>Y000064</bioguideId>
        </identifiers>
        <middleName>C.</middleName>
        <sponsorshipDate>2021-07-21</sponsorshipDate>
        <isOriginalCosponsor>True</isOriginalCosponsor>
      </item>
      <item>
        <bioguideId>C001047</bioguideId>
        <fullName>Sen. Capito, Shelley Moore [R-WV]</fullName>
        <firstName>Shelley</firstName>
        <lastName>Capito</lastName>
        <party>R</party>
        <state>WV</state>
        <identifiers>
          <bioguideId>C001047</bioguideId>
        </identifiers>
        <middleName>Moore</middleName>
        <sponsorshipDate>2021-07-21</sponsorshipDate>
        <isOriginalCosponsor>True</isOriginalCosponsor>
      </item>
      <item>
        <bioguideId>B001261</bioguideId>
        <fullName>Sen. Barrasso, John [R-WY]</fullName>
        <firstName>John</firstName>
        <lastName>Barrasso</lastName>
        <party>R</party>
        <state>WY</state>
        <identifiers>
          <bioguideId>B001261</bioguideId>
        </identifiers>
        <sponsorshipDate>2021-07-29</sponsorshipDate>
        <isOriginalCosponsor>False</isOriginalCosponsor>
      </item>
      <item>
        <bioguideId>C000880</bioguideId>
        <fullName>Sen. Crapo, Mike [R-ID]</fullName>
        <firstName>Mike</firstName>
        <lastName>Crapo</lastName>
        <party>R</party>
        <state>ID</state>
        <identifiers>
          <bioguideId>C000880</bioguideId>
        </identifiers>
        <sponsorshipDate>2021-10-25</sponsorshipDate>
        <isOriginalCosponsor>False</isOriginalCosponsor>
      </item>
      <item>
        <bioguideId>L000570</bioguideId>
        <fullName>Sen. Lujan, Ben Ray [D-NM]</fullName>
        <firstName>Ben</firstName>
        <lastName>Lujan</lastName>
        <party>D</party>
        <state>NM</state>
        <identifiers>
          <bioguideId>L000570</bioguideId>
        </identifiers>
        <middleName>R.</middleName>
        <sponsorshipDate>2022-01-04</sponsorshipDate>
        <isOriginalCosponsor>False</isOriginalCosponsor>
      </item>
      <item>
        <bioguideId>P000595</bioguideId>
        <fullName>Sen. Peters, Gary C. [D-MI]</fullName>
        <firstName>Gary</firstName>
        <lastName>Peters</lastName>
        <party>D</party>
        <state>MI</state>
        <identifiers>
          <bioguideId>P000595</bioguideId>
        </identifiers>
        <sponsorshipDate>2022-05-11</sponsorshipDate>
        <isOriginalCosponsor>False</isOriginalCosponsor>
      </item>
    </cosponsors>
    <cboCostEstimates>
      <item>
        <pubDate>2022-09-14T20:24:00Z</pubDate>
        <title>S. 2427, FAIR Contributions Act</title>
        <url>https://www.cbo.gov/publication/58474</url>
        <description>As ordered reported by the Senate Committee on Commerce, Science and Transportation on May 11, 2022</description>
      </item>
    </cboCostEstimates>
    <policyArea>
      <name>Science, Technology, Communications</name>
    </policyArea>
    <subjects>
      <legislativeSubjects>
        <item>
          <name>Congressional oversight</name>
        </item>
        <item>
          <name>Educational facilities and institutions</name>
        </item>
        <item>
          <name>Elementary and secondary education</name>
        </item>
        <item>
          <name>Government studies and investigations</name>
        </item>
        <item>
          <name>Government trust funds</name>
        </item>
        <item>
          <name>Health care coverage and access</name>
        </item>
        <item>
          <name>Health technology, devices, supplies</name>
        </item>
        <item>
          <name>Internet, web applications, social media</name>
        </item>
        <item>
          <name>Libraries and archives</name>
        </item>
        <item>
          <name>Rural conditions and development</name>
        </item>
        <item>
          <name>Telecommunication rates and fees</name>
        </item>
        <item>
          <name>Telephone and wireless communication</name>
        </item>
        <item>
          <name>User charges and fees</name>
        </item>
      </legislativeSubjects>
      <policyArea>
        <name>Science, Technology, Communications</name>
      </policyArea>
    </subjects>
    <summaries>
      <summary>
        <versionCode>00</versionCode>
        <actionDate>2021-07-21</actionDate>
        <actionDesc>Introduced in Senate</actionDesc>
        <updateDate>2021-11-30T16:06:52Z</updateDate>
        <text>
          <![CDATA[ <p><b>Funding Affordable Internet with Reliable Contributions Act or the FAIR Contributions Act</b></p> <p>This bill requires the Federal Communications Commission (FCC) to study and report on the feasibility of funding the Universal Service Fund through contributions from edge providers (i.e., providers of online content or services, such as search engines).</p> <p>The fund provides support to high-cost areas, schools and libraries, rural health care facilities, and the Lifeline program (an FCC program that provides a discount on phone service for low-income consumers).</p> <p>The report must consider (1) the type and size of firms and services on which contributions could be assessed, (2) equity issues related to current versus alternative systems for contributing to the fund, (3) the effect of any change to the contribution system on the telecommunications bills of consumers, and (4) the sustainability of the fund and how to ensure that fund disbursements are consistent and predictable over time.</p>]]>
        </text>
      </summary>
    </summaries>
    <title>FAIR Contributions Act</title>
    <titles>
      <item>
        <titleType>Official Title as Introduced</titleType>
        <title>A bill to require the Federal Communications Commission to conduct a study and submit to Congress a report examining the feasibility of funding the Universal Service Fund through contributions supplied by edge providers, and for other purposes.</title>
        <billTextVersionName>Introduced in Senate</billTextVersionName>
        <billTextVersionCode>IS</billTextVersionCode>
      </item>
      <item>
        <titleType>Display Title</titleType>
        <title>FAIR Contributions Act</title>
      </item>
      <item>
        <titleType>Short Title(s) as Reported to Senate</titleType>
        <title>FAIR Contributions Act</title>
        <chamberCode>S</chamberCode>
        <chamberName>Senate</chamberName>
        <billTextVersionName>Reported to Senate</billTextVersionName>
        <billTextVersionCode>RS</billTextVersionCode>
      </item>
      <item>
        <titleType>Short Title(s) as Reported to Senate</titleType>
        <title>Funding Affordable Internet with Reliable Contributions Act</title>
        <chamberCode>S</chamberCode>
        <chamberName>Senate</chamberName>
        <billTextVersionName>Reported to Senate</billTextVersionName>
        <billTextVersionCode>RS</billTextVersionCode>
      </item>
      <item>
        <titleType>Short Title(s) as Introduced</titleType>
        <title>FAIR Contributions Act</title>
        <billTextVersionName>Introduced in Senate</billTextVersionName>
        <billTextVersionCode>IS</billTextVersionCode>
      </item>
      <item>
        <titleType>Short Title(s) as Introduced</titleType>
        <title>Funding Affordable Internet with Reliable Contributions Act</title>
        <billTextVersionName>Introduced in Senate</billTextVersionName>
        <billTextVersionCode>IS</billTextVersionCode>
      </item>
    </titles>
    <textVersions>
      <item>
        <type>Reported to Senate</type>
        <date>2022-12-07T05:00:00Z</date>
        <formats>
          <item>
            <url>https://www.govinfo.gov/content/pkg/BILLS-117s2427rs/xml/BILLS-117s2427rs.xml</url>
          </item>
        </formats>
      </item>
      <item>
        <type>Introduced in Senate</type>
        <date>2021-07-21T04:00:00Z</date>
        <formats>
          <item>
            <url>https://www.govinfo.gov/content/pkg/BILLS-117s2427is/xml/BILLS-117s2427is.xml</url>
          </item>
        </formats>
      </item>
      <item>
        <date/>
        <formats/>
        <type/>
      </item>
    </textVersions>
    <latestAction>
      <actionDate>2022-12-07</actionDate>
      <text>Placed on Senate Legislative Calendar under General Orders. Calendar No. 594.</text>
    </latestAction>
  </bill>
  <dublinCore xmlns:dc="http://purl.org/dc/elements/1.1/">
    <dc:format>text/xml</dc:format>
    <dc:language>EN</dc:language>
    <dc:rights>Pursuant to Title 17 Section 105 of the United States Code, this file is not subject to copyright protection and is in the public domain.</dc:rights>
    <dc:contributor>Congressional Research Service, Library of Congress</dc:contributor>
    <dc:description>This file contains bill summaries and statuses for federal legislation. A bill summary describes the most significant provisions of a piece of legislation and details the effects the legislative text may have on current law and federal programs. Bill summaries are authored by the Congressional Research Service (CRS) of the Library of Congress. As stated in Public Law 91-510 (2 USC 166 (d)(6)), one of the duties of CRS is "to prepare summaries and digests of bills and resolutions of a public general nature introduced in the Senate or House of Representatives". For more information, refer to the User Guide that accompanies this file.</dc:description>
  </dublinCore>
</billStatus>
