<?xml version="1.0" encoding="utf-8" standalone="no"?>
<billStatus>
  <version>3.0.0</version>
  <bill>
    <number>418</number>
    <updateDate>2023-01-11T13:46:32Z</updateDate>
    <updateDateIncludingText>2023-01-11T13:46:32Z</updateDateIncludingText>
    <originChamber>Senate</originChamber>
    <type>S</type>
    <introducedDate>2021-02-24</introducedDate>
    <congress>117</congress>
    <committees>
      <item>
        <systemCode>ssju00</systemCode>
        <name>Judiciary Committee</name>
        <chamber>Senate</chamber>
        <type>Standing</type>
        <activities>
          <item>
            <name>Referred to</name>
            <date>2021-02-24T21:58:36Z</date>
          </item>
        </activities>
      </item>
    </committees>
    <actions>
      <item>
        <actionDate>2021-02-24</actionDate>
        <committees>
          <item>
            <systemCode>ssju00</systemCode>
            <name>Judiciary Committee</name>
          </item>
        </committees>
        <sourceSystem>
          <name>Senate</name>
        </sourceSystem>
        <text>Read twice and referred to the Committee on the Judiciary.</text>
        <type>IntroReferral</type>
      </item>
      <item>
        <actionDate>2021-02-24</actionDate>
        <text>Introduced in Senate</text>
        <type>IntroReferral</type>
        <actionCode>10000</actionCode>
        <sourceSystem>
          <code>9</code>
          <name>Library of Congress</name>
        </sourceSystem>
      </item>
    </actions>
    <sponsors>
      <item>
        <bioguideId>P000449</bioguideId>
        <fullName>Sen. Portman, Rob [R-OH]</fullName>
        <firstName>Rob</firstName>
        <lastName>Portman</lastName>
        <party>R</party>
        <state>OH</state>
        <identifiers>
          <bioguideId>P000449</bioguideId>
        </identifiers>
        <isByRequest>N</isByRequest>
      </item>
    </sponsors>
    <policyArea>
      <name>Immigration</name>
    </policyArea>
    <subjects>
      <legislativeSubjects>
        <item>
          <name>Border security and unlawful immigration</name>
        </item>
        <item>
          <name>Civil actions and liability</name>
        </item>
        <item>
          <name>Congressional oversight</name>
        </item>
        <item>
          <name>Employee hiring</name>
        </item>
        <item>
          <name>Foreign labor</name>
        </item>
        <item>
          <name>Government information and archives</name>
        </item>
        <item>
          <name>Government studies and investigations</name>
        </item>
        <item>
          <name>Migrant, seasonal, agricultural labor</name>
        </item>
        <item>
          <name>Visas and passports</name>
        </item>
      </legislativeSubjects>
      <policyArea>
        <name>Immigration</name>
      </policyArea>
    </subjects>
    <summaries>
      <summary>
        <versionCode>00</versionCode>
        <actionDate>2021-02-24</actionDate>
        <actionDesc>Introduced in Senate</actionDesc>
        <updateDate>2021-05-28T19:35:12Z</updateDate>
        <text>
          <![CDATA[ <p><b>E-Verify Act</b></p> <p>This bill requires the Department of Homeland Security (DHS) to develop an electronic employment eligibility verification system modeled after and to replace E-Verify, which allows employers and recruiters to verify the immigration status of new hires and employees. The bill also requires all employers to use this new system and addresses other related issues. Currently, only some employers, such as federal contractors, are required to use E-Verify.</p> <p>The bill phases in the mandatory use of the system with different deadlines for various types of employers to start using the system. Generally, all employers must use the system within four years of the system's implementation. An employer who takes an employment-related action based on good faith reliance on the system shall not be liable in a civil or criminal case based on that action.</p> <p>DHS shall (1) develop various tools, including a photo checking tool for employers and a tool for an individuals to verify their own status; (2) establish procedures to allow individuals to stop the system from using identifying information belonging to that individual or that individual's child; (3) establish procedures to allow individuals to file complaints about violations relating to the employment of unauthorized aliens; and (4) provide grants to states that allow DHS to access driver's license information to use with the system. </p> <p>The bill also increases civil and criminal penalties related to employing unauthorized aliens. Employers convicted of hiring unauthorized aliens may be debarred from receiving federal contracts, grants, and cooperative agreements.</p>]]>
        </text>
      </summary>
    </summaries>
    <title>E-Verify Act</title>
    <titles>
      <item>
        <titleType>Display Title</titleType>
        <title>E-Verify Act</title>
      </item>
      <item>
        <titleType>Official Title as Introduced</titleType>
        <title>A bill to enforce work authorization requirements for immigrants.</title>
        <billTextVersionName>Introduced in Senate</billTextVersionName>
        <billTextVersionCode>IS</billTextVersionCode>
      </item>
      <item>
        <titleType>Short Title(s) as Introduced</titleType>
        <title>E-Verify Act</title>
        <billTextVersionName>Introduced in Senate</billTextVersionName>
        <billTextVersionCode>IS</billTextVersionCode>
      </item>
    </titles>
    <textVersions>
      <item>
        <type>Introduced in Senate</type>
        <date>2021-02-24T05:00:00Z</date>
        <formats>
          <item>
            <url>https://www.govinfo.gov/content/pkg/BILLS-117s418is/xml/BILLS-117s418is.xml</url>
          </item>
        </formats>
      </item>
      <item>
        <date/>
        <formats/>
        <type/>
      </item>
    </textVersions>
    <latestAction>
      <actionDate>2021-02-24</actionDate>
      <text>Read twice and referred to the Committee on the Judiciary.</text>
    </latestAction>
  </bill>
  <dublinCore xmlns:dc="http://purl.org/dc/elements/1.1/">
    <dc:format>text/xml</dc:format>
    <dc:language>EN</dc:language>
    <dc:rights>Pursuant to Title 17 Section 105 of the United States Code, this file is not subject to copyright protection and is in the public domain.</dc:rights>
    <dc:contributor>Congressional Research Service, Library of Congress</dc:contributor>
    <dc:description>This file contains bill summaries and statuses for federal legislation. A bill summary describes the most significant provisions of a piece of legislation and details the effects the legislative text may have on current law and federal programs. Bill summaries are authored by the Congressional Research Service (CRS) of the Library of Congress. As stated in Public Law 91-510 (2 USC 166 (d)(6)), one of the duties of CRS is "to prepare summaries and digests of bills and resolutions of a public general nature introduced in the Senate or House of Representatives". For more information, refer to the User Guide that accompanies this file.</dc:description>
  </dublinCore>
</billStatus>
