<?xml version="1.0" encoding="utf-8" standalone="no"?>
<billStatus>
  <version>3.0.0</version>
  <bill>
    <number>13</number>
    <updateDate>2021-12-16T19:22:55Z</updateDate>
    <updateDateIncludingText>2021-12-16T19:22:55Z</updateDateIncludingText>
    <originChamber>Senate</originChamber>
    <type>S</type>
    <introducedDate>2021-01-06</introducedDate>
    <congress>117</congress>
    <actions>
      <item>
        <actionDate>2021-01-19</actionDate>
        <sourceSystem>
          <name>Senate</name>
        </sourceSystem>
        <text>Read the second time. Placed on Senate Legislative Calendar under General Orders. Calendar No. 2.</text>
        <type>Calendars</type>
      </item>
      <item>
        <actionDate>2021-01-06</actionDate>
        <sourceSystem>
          <name>Senate</name>
        </sourceSystem>
        <text>Introduced in the Senate. Read the first time. Placed on Senate Legislative Calendar under Read the First Time.</text>
        <type>Calendars</type>
      </item>
      <item>
        <actionDate>2021-01-06</actionDate>
        <text>Introduced in Senate</text>
        <type>IntroReferral</type>
        <actionCode>10000</actionCode>
        <sourceSystem>
          <code>9</code>
          <name>Library of Congress</name>
        </sourceSystem>
      </item>
    </actions>
    <sponsors>
      <item>
        <bioguideId>S001184</bioguideId>
        <fullName>Sen. Scott, Tim [R-SC]</fullName>
        <firstName>Tim</firstName>
        <lastName>Scott</lastName>
        <party>R</party>
        <state>SC</state>
        <identifiers>
          <bioguideId>S001184</bioguideId>
        </identifiers>
        <isByRequest>N</isByRequest>
      </item>
    </sponsors>
    <cosponsors>
      <item>
        <bioguideId>H001061</bioguideId>
        <fullName>Sen. Hoeven, John [R-ND]</fullName>
        <firstName>John</firstName>
        <lastName>Hoeven</lastName>
        <party>R</party>
        <state>ND</state>
        <identifiers>
          <bioguideId>H001061</bioguideId>
        </identifiers>
        <sponsorshipDate>2021-01-06</sponsorshipDate>
        <isOriginalCosponsor>True</isOriginalCosponsor>
      </item>
      <item>
        <bioguideId>C001096</bioguideId>
        <fullName>Sen. Cramer, Kevin [R-ND]</fullName>
        <firstName>Kevin</firstName>
        <lastName>Cramer</lastName>
        <party>R</party>
        <state>ND</state>
        <identifiers>
          <bioguideId>C001096</bioguideId>
        </identifiers>
        <sponsorshipDate>2021-01-06</sponsorshipDate>
        <isOriginalCosponsor>True</isOriginalCosponsor>
      </item>
      <item>
        <bioguideId>C001095</bioguideId>
        <fullName>Sen. Cotton, Tom [R-AR]</fullName>
        <firstName>Tom</firstName>
        <lastName>Cotton</lastName>
        <party>R</party>
        <state>AR</state>
        <identifiers>
          <bioguideId>C001095</bioguideId>
        </identifiers>
        <sponsorshipDate>2021-01-06</sponsorshipDate>
        <isOriginalCosponsor>True</isOriginalCosponsor>
      </item>
      <item>
        <bioguideId>L000575</bioguideId>
        <fullName>Sen. Lankford, James [R-OK]</fullName>
        <firstName>James</firstName>
        <lastName>Lankford</lastName>
        <party>R</party>
        <state>OK</state>
        <identifiers>
          <bioguideId>L000575</bioguideId>
        </identifiers>
        <sponsorshipDate>2021-01-06</sponsorshipDate>
        <isOriginalCosponsor>True</isOriginalCosponsor>
      </item>
      <item>
        <bioguideId>F000463</bioguideId>
        <fullName>Sen. Fischer, Deb [R-NE]</fullName>
        <firstName>Deb</firstName>
        <lastName>Fischer</lastName>
        <party>R</party>
        <state>NE</state>
        <identifiers>
          <bioguideId>F000463</bioguideId>
        </identifiers>
        <sponsorshipDate>2021-01-06</sponsorshipDate>
        <isOriginalCosponsor>True</isOriginalCosponsor>
      </item>
      <item>
        <bioguideId>E000295</bioguideId>
        <fullName>Sen. Ernst, Joni [R-IA]</fullName>
        <firstName>Joni</firstName>
        <lastName>Ernst</lastName>
        <party>R</party>
        <state>IA</state>
        <identifiers>
          <bioguideId>E000295</bioguideId>
        </identifiers>
        <sponsorshipDate>2021-01-06</sponsorshipDate>
        <isOriginalCosponsor>True</isOriginalCosponsor>
      </item>
      <item>
        <bioguideId>S001198</bioguideId>
        <fullName>Sen. Sullivan, Dan [R-AK]</fullName>
        <firstName>Dan</firstName>
        <lastName>Sullivan</lastName>
        <party>R</party>
        <state>AK</state>
        <identifiers>
          <bioguideId>S001198</bioguideId>
        </identifiers>
        <sponsorshipDate>2021-01-06</sponsorshipDate>
        <isOriginalCosponsor>True</isOriginalCosponsor>
      </item>
      <item>
        <bioguideId>C001047</bioguideId>
        <fullName>Sen. Capito, Shelley Moore [R-WV]</fullName>
        <firstName>Shelley</firstName>
        <lastName>Capito</lastName>
        <party>R</party>
        <state>WV</state>
        <identifiers>
          <bioguideId>C001047</bioguideId>
        </identifiers>
        <middleName>Moore</middleName>
        <sponsorshipDate>2021-01-06</sponsorshipDate>
        <isOriginalCosponsor>True</isOriginalCosponsor>
      </item>
      <item>
        <bioguideId>Y000064</bioguideId>
        <fullName>Sen. Young, Todd [R-IN]</fullName>
        <firstName>Todd</firstName>
        <lastName>Young</lastName>
        <party>R</party>
        <state>IN</state>
        <identifiers>
          <bioguideId>Y000064</bioguideId>
        </identifiers>
        <middleName>C.</middleName>
        <sponsorshipDate>2021-01-06</sponsorshipDate>
        <isOriginalCosponsor>True</isOriginalCosponsor>
      </item>
      <item>
        <bioguideId>C001075</bioguideId>
        <fullName>Sen. Cassidy, Bill [R-LA]</fullName>
        <firstName>Bill</firstName>
        <lastName>Cassidy</lastName>
        <party>R</party>
        <state>LA</state>
        <identifiers>
          <bioguideId>C001075</bioguideId>
        </identifiers>
        <sponsorshipDate>2021-01-06</sponsorshipDate>
        <isOriginalCosponsor>True</isOriginalCosponsor>
      </item>
      <item>
        <bioguideId>B001236</bioguideId>
        <fullName>Sen. Boozman, John [R-AR]</fullName>
        <firstName>John</firstName>
        <lastName>Boozman</lastName>
        <party>R</party>
        <state>AR</state>
        <identifiers>
          <bioguideId>B001236</bioguideId>
        </identifiers>
        <sponsorshipDate>2021-01-06</sponsorshipDate>
        <isOriginalCosponsor>True</isOriginalCosponsor>
      </item>
      <item>
        <bioguideId>M000934</bioguideId>
        <fullName>Sen. Moran, Jerry [R-KS]</fullName>
        <firstName>Jerry</firstName>
        <lastName>Moran</lastName>
        <party>R</party>
        <state>KS</state>
        <identifiers>
          <bioguideId>M000934</bioguideId>
        </identifiers>
        <sponsorshipDate>2021-01-06</sponsorshipDate>
        <isOriginalCosponsor>True</isOriginalCosponsor>
      </item>
      <item>
        <bioguideId>R000605</bioguideId>
        <fullName>Sen. Rounds, Mike [R-SD]</fullName>
        <firstName>Mike</firstName>
        <lastName>Rounds</lastName>
        <party>R</party>
        <state>SD</state>
        <identifiers>
          <bioguideId>R000605</bioguideId>
        </identifiers>
        <sponsorshipDate>2021-01-06</sponsorshipDate>
        <isOriginalCosponsor>True</isOriginalCosponsor>
      </item>
      <item>
        <bioguideId>M001198</bioguideId>
        <fullName>Sen. Marshall, Roger [R-KS]</fullName>
        <firstName>Roger</firstName>
        <lastName>Marshall</lastName>
        <party>R</party>
        <state>KS</state>
        <identifiers>
          <bioguideId>M001198</bioguideId>
        </identifiers>
        <sponsorshipDate>2021-01-22</sponsorshipDate>
        <isOriginalCosponsor>False</isOriginalCosponsor>
      </item>
      <item>
        <bioguideId>L000571</bioguideId>
        <fullName>Sen. Lummis, Cynthia M. [R-WY]</fullName>
        <firstName>Cynthia</firstName>
        <lastName>Lummis</lastName>
        <party>R</party>
        <state>WY</state>
        <identifiers>
          <bioguideId>L000571</bioguideId>
        </identifiers>
        <middleName>M.</middleName>
        <sponsorshipDate>2021-01-22</sponsorshipDate>
        <isOriginalCosponsor>False</isOriginalCosponsor>
      </item>
      <item>
        <bioguideId>D000618</bioguideId>
        <fullName>Sen. Daines, Steve [R-MT]</fullName>
        <firstName>Steve</firstName>
        <lastName>Daines</lastName>
        <party>R</party>
        <state>MT</state>
        <identifiers>
          <bioguideId>D000618</bioguideId>
        </identifiers>
        <sponsorshipDate>2021-01-26</sponsorshipDate>
        <isOriginalCosponsor>False</isOriginalCosponsor>
      </item>
      <item>
        <bioguideId>B001243</bioguideId>
        <fullName>Sen. Blackburn, Marsha [R-TN]</fullName>
        <firstName>Marsha</firstName>
        <lastName>Blackburn</lastName>
        <party>R</party>
        <state>TN</state>
        <identifiers>
          <bioguideId>B001243</bioguideId>
        </identifiers>
        <sponsorshipDate>2021-01-26</sponsorshipDate>
        <isOriginalCosponsor>False</isOriginalCosponsor>
      </item>
      <item>
        <bioguideId>H000601</bioguideId>
        <fullName>Sen. Hagerty, Bill [R-TN]</fullName>
        <firstName>Bill</firstName>
        <lastName>Hagerty</lastName>
        <party>R</party>
        <state>TN</state>
        <identifiers>
          <bioguideId>H000601</bioguideId>
        </identifiers>
        <sponsorshipDate>2021-02-12</sponsorshipDate>
        <isOriginalCosponsor>False</isOriginalCosponsor>
      </item>
    </cosponsors>
    <policyArea>
      <name>Government Operations and Politics</name>
    </policyArea>
    <subjects>
      <legislativeSubjects>
        <item>
          <name>Advisory bodies</name>
        </item>
        <item>
          <name>Cardiovascular and respiratory health</name>
        </item>
        <item>
          <name>Congressional oversight</name>
        </item>
        <item>
          <name>Election Assistance Commission</name>
        </item>
        <item>
          <name>Elections, voting, political campaign regulation</name>
        </item>
        <item>
          <name>Emergency medical services and trauma care</name>
        </item>
        <item>
          <name>Emergency planning and evacuation</name>
        </item>
        <item>
          <name>Executive agency funding and structure</name>
        </item>
        <item>
          <name>Fraud offenses and financial crimes</name>
        </item>
        <item>
          <name>Government information and archives</name>
        </item>
        <item>
          <name>Government studies and investigations</name>
        </item>
        <item>
          <name>Infectious and parasitic diseases</name>
        </item>
        <item>
          <name>Postal service</name>
        </item>
        <item>
          <name>State and local government operations</name>
        </item>
      </legislativeSubjects>
      <policyArea>
        <name>Government Operations and Politics</name>
      </policyArea>
    </subjects>
    <summaries>
      <summary>
        <versionCode>00</versionCode>
        <actionDate>2021-01-06</actionDate>
        <actionDesc>Introduced in Senate</actionDesc>
        <updateDate>2021-02-03T16:00:16Z</updateDate>
        <text>
          <![CDATA[ <p>This bill establishes a bipartisan advisory committee within the Election Assistance Commission (EAC) to study the integrity and administration of the November 2020 general election. The committee must also make recommendations to the EAC, state legislatures, and Congress on best practices for administering federal elections, including best practices to prevent improper voting and increase the security of vote-by-mail ballots. </p>]]>
        </text>
      </summary>
    </summaries>
    <title>A bill to establish an advisory committee to make recommendations on improvements to the security, integrity, and administration of Federal elections.</title>
    <titles>
      <item>
        <titleType>Official Title as Introduced</titleType>
        <title>A bill to establish an advisory committee to make recommendations on improvements to the security, integrity, and administration of Federal elections.</title>
      </item>
      <item>
        <titleType>Display Title</titleType>
        <title>A bill to establish an advisory committee to make recommendations on improvements to the security, integrity, and administration of Federal elections.</title>
      </item>
    </titles>
    <textVersions>
      <item>
        <type>Placed on Calendar Senate</type>
        <date>2021-01-19T05:00:00Z</date>
        <formats>
          <item>
            <url>https://www.govinfo.gov/content/pkg/BILLS-117s13pcs/xml/BILLS-117s13pcs.xml</url>
          </item>
        </formats>
      </item>
      <item>
        <date/>
        <formats/>
        <type/>
      </item>
    </textVersions>
    <latestAction>
      <actionDate>2021-01-19</actionDate>
      <text>Read the second time. Placed on Senate Legislative Calendar under General Orders. Calendar No. 2.</text>
    </latestAction>
  </bill>
  <dublinCore xmlns:dc="http://purl.org/dc/elements/1.1/">
    <dc:format>text/xml</dc:format>
    <dc:language>EN</dc:language>
    <dc:rights>Pursuant to Title 17 Section 105 of the United States Code, this file is not subject to copyright protection and is in the public domain.</dc:rights>
    <dc:contributor>Congressional Research Service, Library of Congress</dc:contributor>
    <dc:description>This file contains bill summaries and statuses for federal legislation. A bill summary describes the most significant provisions of a piece of legislation and details the effects the legislative text may have on current law and federal programs. Bill summaries are authored by the Congressional Research Service (CRS) of the Library of Congress. As stated in Public Law 91-510 (2 USC 166 (d)(6)), one of the duties of CRS is "to prepare summaries and digests of bills and resolutions of a public general nature introduced in the Senate or House of Representatives". For more information, refer to the User Guide that accompanies this file.</dc:description>
  </dublinCore>
</billStatus>
