<?xml version="1.0" encoding="utf-8" standalone="no"?>
<billStatus>
  <version>3.0.0</version>
  <bill>
    <number>1708</number>
    <updateDate>2023-01-11T13:50:10Z</updateDate>
    <updateDateIncludingText>2023-01-11T13:50:10Z</updateDateIncludingText>
    <originChamber>Senate</originChamber>
    <type>S</type>
    <introducedDate>2021-05-19</introducedDate>
    <congress>117</congress>
    <committees>
      <item>
        <systemCode>ssju00</systemCode>
        <name>Judiciary Committee</name>
        <chamber>Senate</chamber>
        <type>Standing</type>
        <activities>
          <item>
            <name>Referred to</name>
            <date>2021-05-19T19:23:48Z</date>
          </item>
        </activities>
      </item>
    </committees>
    <relatedBills>
      <item>
        <title>Filipino Veterans Family Reunification Act of 2021</title>
        <congress>117</congress>
        <number>3336</number>
        <type>HR</type>
        <latestAction>
          <actionDate>2021-11-09</actionDate>
          <text>Referred to the Subcommittee on Immigration and Citizenship.</text>
        </latestAction>
        <relationshipDetails>
          <item>
            <type>Identical bill</type>
            <identifiedBy>CRS</identifiedBy>
          </item>
        </relationshipDetails>
      </item>
    </relatedBills>
    <actions>
      <item>
        <actionDate>2021-05-19</actionDate>
        <committees>
          <item>
            <systemCode>ssju00</systemCode>
            <name>Judiciary Committee</name>
          </item>
        </committees>
        <sourceSystem>
          <name>Senate</name>
        </sourceSystem>
        <text>Read twice and referred to the Committee on the Judiciary. (Sponsor introductory remarks on measure: CR S2783-2784)</text>
        <type>IntroReferral</type>
      </item>
      <item>
        <actionDate>2021-05-19</actionDate>
        <text>Introduced in Senate</text>
        <type>IntroReferral</type>
        <actionCode>10000</actionCode>
        <sourceSystem>
          <code>9</code>
          <name>Library of Congress</name>
        </sourceSystem>
      </item>
    </actions>
    <sponsors>
      <item>
        <bioguideId>H001042</bioguideId>
        <fullName>Sen. Hirono, Mazie K. [D-HI]</fullName>
        <firstName>Mazie</firstName>
        <lastName>Hirono</lastName>
        <party>D</party>
        <state>HI</state>
        <identifiers>
          <bioguideId>H001042</bioguideId>
        </identifiers>
        <middleName>K.</middleName>
        <isByRequest>N</isByRequest>
      </item>
    </sponsors>
    <cosponsors>
      <item>
        <bioguideId>M001153</bioguideId>
        <fullName>Sen. Murkowski, Lisa [R-AK]</fullName>
        <firstName>Lisa</firstName>
        <lastName>Murkowski</lastName>
        <party>R</party>
        <state>AK</state>
        <identifiers>
          <bioguideId>M001153</bioguideId>
        </identifiers>
        <sponsorshipDate>2021-05-19</sponsorshipDate>
        <isOriginalCosponsor>True</isOriginalCosponsor>
      </item>
      <item>
        <bioguideId>S001198</bioguideId>
        <fullName>Sen. Sullivan, Dan [R-AK]</fullName>
        <firstName>Dan</firstName>
        <lastName>Sullivan</lastName>
        <party>R</party>
        <state>AK</state>
        <identifiers>
          <bioguideId>S001198</bioguideId>
        </identifiers>
        <sponsorshipDate>2021-05-19</sponsorshipDate>
        <isOriginalCosponsor>True</isOriginalCosponsor>
      </item>
      <item>
        <bioguideId>B001277</bioguideId>
        <fullName>Sen. Blumenthal, Richard [D-CT]</fullName>
        <firstName>Richard</firstName>
        <lastName>Blumenthal</lastName>
        <party>D</party>
        <state>CT</state>
        <identifiers>
          <bioguideId>B001277</bioguideId>
        </identifiers>
        <sponsorshipDate>2021-05-19</sponsorshipDate>
        <isOriginalCosponsor>True</isOriginalCosponsor>
      </item>
      <item>
        <bioguideId>B001288</bioguideId>
        <fullName>Sen. Booker, Cory A. [D-NJ]</fullName>
        <firstName>Cory</firstName>
        <lastName>Booker</lastName>
        <party>D</party>
        <state>NJ</state>
        <identifiers>
          <bioguideId>B001288</bioguideId>
        </identifiers>
        <sponsorshipDate>2021-05-19</sponsorshipDate>
        <isOriginalCosponsor>True</isOriginalCosponsor>
      </item>
      <item>
        <bioguideId>B000944</bioguideId>
        <fullName>Sen. Brown, Sherrod [D-OH]</fullName>
        <firstName>Sherrod</firstName>
        <lastName>Brown</lastName>
        <party>D</party>
        <state>OH</state>
        <identifiers>
          <bioguideId>B000944</bioguideId>
        </identifiers>
        <sponsorshipDate>2021-05-19</sponsorshipDate>
        <isOriginalCosponsor>True</isOriginalCosponsor>
      </item>
      <item>
        <bioguideId>C000127</bioguideId>
        <fullName>Sen. Cantwell, Maria [D-WA]</fullName>
        <firstName>Maria</firstName>
        <lastName>Cantwell</lastName>
        <party>D</party>
        <state>WA</state>
        <identifiers>
          <bioguideId>C000127</bioguideId>
        </identifiers>
        <sponsorshipDate>2021-05-19</sponsorshipDate>
        <isOriginalCosponsor>True</isOriginalCosponsor>
      </item>
      <item>
        <bioguideId>C001113</bioguideId>
        <fullName>Sen. Cortez Masto, Catherine [D-NV]</fullName>
        <firstName>Catherine</firstName>
        <lastName>Cortez Masto</lastName>
        <party>D</party>
        <state>NV</state>
        <identifiers>
          <bioguideId>C001113</bioguideId>
        </identifiers>
        <sponsorshipDate>2021-05-19</sponsorshipDate>
        <isOriginalCosponsor>True</isOriginalCosponsor>
      </item>
      <item>
        <bioguideId>D000622</bioguideId>
        <fullName>Sen. Duckworth, Tammy [D-IL]</fullName>
        <firstName>Tammy</firstName>
        <lastName>Duckworth</lastName>
        <party>D</party>
        <state>IL</state>
        <identifiers>
          <bioguideId>D000622</bioguideId>
        </identifiers>
        <sponsorshipDate>2021-05-19</sponsorshipDate>
        <isOriginalCosponsor>True</isOriginalCosponsor>
      </item>
      <item>
        <bioguideId>F000062</bioguideId>
        <fullName>Sen. Feinstein, Dianne [D-CA]</fullName>
        <firstName>Dianne</firstName>
        <lastName>Feinstein</lastName>
        <party>D</party>
        <state>CA</state>
        <identifiers>
          <bioguideId>F000062</bioguideId>
        </identifiers>
        <sponsorshipDate>2021-05-19</sponsorshipDate>
        <isOriginalCosponsor>True</isOriginalCosponsor>
      </item>
      <item>
        <bioguideId>G000555</bioguideId>
        <fullName>Sen. Gillibrand, Kirsten E. [D-NY]</fullName>
        <firstName>Kirsten</firstName>
        <lastName>Gillibrand</lastName>
        <party>D</party>
        <state>NY</state>
        <identifiers>
          <bioguideId>G000555</bioguideId>
        </identifiers>
        <middleName>E.</middleName>
        <sponsorshipDate>2021-05-19</sponsorshipDate>
        <isOriginalCosponsor>True</isOriginalCosponsor>
      </item>
      <item>
        <bioguideId>R000608</bioguideId>
        <fullName>Sen. Rosen, Jacky [D-NV]</fullName>
        <firstName>Jacklyn</firstName>
        <lastName>Rosen</lastName>
        <party>D</party>
        <state>NV</state>
        <identifiers>
          <bioguideId>R000608</bioguideId>
        </identifiers>
        <sponsorshipDate>2021-05-19</sponsorshipDate>
        <isOriginalCosponsor>True</isOriginalCosponsor>
      </item>
      <item>
        <bioguideId>S000033</bioguideId>
        <fullName>Sen. Sanders, Bernard [I-VT]</fullName>
        <firstName>Bernard</firstName>
        <lastName>Sanders</lastName>
        <party>I</party>
        <state>VT</state>
        <identifiers>
          <bioguideId>S000033</bioguideId>
        </identifiers>
        <sponsorshipDate>2021-05-19</sponsorshipDate>
        <isOriginalCosponsor>True</isOriginalCosponsor>
      </item>
      <item>
        <bioguideId>S001194</bioguideId>
        <fullName>Sen. Schatz, Brian [D-HI]</fullName>
        <firstName>Brian</firstName>
        <lastName>Schatz</lastName>
        <party>D</party>
        <state>HI</state>
        <identifiers>
          <bioguideId>S001194</bioguideId>
        </identifiers>
        <sponsorshipDate>2021-05-19</sponsorshipDate>
        <isOriginalCosponsor>True</isOriginalCosponsor>
      </item>
      <item>
        <bioguideId>W000817</bioguideId>
        <fullName>Sen. Warren, Elizabeth [D-MA]</fullName>
        <firstName>Elizabeth</firstName>
        <lastName>Warren</lastName>
        <party>D</party>
        <state>MA</state>
        <identifiers>
          <bioguideId>W000817</bioguideId>
        </identifiers>
        <middleName>A.</middleName>
        <sponsorshipDate>2021-05-19</sponsorshipDate>
        <isOriginalCosponsor>True</isOriginalCosponsor>
      </item>
      <item>
        <bioguideId>M001176</bioguideId>
        <fullName>Sen. Merkley, Jeff [D-OR]</fullName>
        <firstName>Jeff</firstName>
        <lastName>Merkley</lastName>
        <party>D</party>
        <state>OR</state>
        <identifiers>
          <bioguideId>M001176</bioguideId>
        </identifiers>
        <sponsorshipDate>2021-05-26</sponsorshipDate>
        <isOriginalCosponsor>False</isOriginalCosponsor>
      </item>
    </cosponsors>
    <policyArea>
      <name>Immigration</name>
    </policyArea>
    <subjects>
      <legislativeSubjects>
        <item>
          <name>Asia</name>
        </item>
        <item>
          <name>Citizenship and naturalization</name>
        </item>
        <item>
          <name>Conflicts and wars</name>
        </item>
        <item>
          <name>Family relationships</name>
        </item>
        <item>
          <name>Immigration status and procedures</name>
        </item>
        <item>
          <name>Philippines</name>
        </item>
        <item>
          <name>Visas and passports</name>
        </item>
      </legislativeSubjects>
      <policyArea>
        <name>Immigration</name>
      </policyArea>
    </subjects>
    <summaries>
      <summary>
        <versionCode>00</versionCode>
        <actionDate>2021-05-19</actionDate>
        <actionDesc>Introduced in Senate</actionDesc>
        <updateDate>2021-07-13T16:31:56Z</updateDate>
        <text>
          <![CDATA[ <p><strong>Filipino Veterans Family Reunification Act of 2021</strong></p> <p> This bill exempts from worldwide or numerical limitations certain family-sponsored immigrant visas for the sons and daughters of Filipino World War II veterans who were naturalized under certain laws providing for naturalization for service during World War II.</p>]]>
        </text>
      </summary>
    </summaries>
    <title>Filipino Veterans Family Reunification Act of 2021</title>
    <titles>
      <item>
        <titleType>Display Title</titleType>
        <title>Filipino Veterans Family Reunification Act of 2021</title>
      </item>
      <item>
        <titleType>Official Title as Introduced</titleType>
        <title>A bill to exempt children of certain Filipino World War II veterans from the numerical limitations on immigrant visas, and for other purposes.</title>
        <billTextVersionName>Introduced in Senate</billTextVersionName>
        <billTextVersionCode>IS</billTextVersionCode>
      </item>
      <item>
        <titleType>Short Title(s) as Introduced</titleType>
        <title>Filipino Veterans Family Reunification Act of 2021</title>
        <billTextVersionName>Introduced in Senate</billTextVersionName>
        <billTextVersionCode>IS</billTextVersionCode>
      </item>
    </titles>
    <textVersions>
      <item>
        <type>Introduced in Senate</type>
        <date>2021-05-19T04:00:00Z</date>
        <formats>
          <item>
            <url>https://www.govinfo.gov/content/pkg/BILLS-117s1708is/xml/BILLS-117s1708is.xml</url>
          </item>
        </formats>
      </item>
      <item>
        <date/>
        <formats/>
        <type/>
      </item>
    </textVersions>
    <latestAction>
      <actionDate>2021-05-19</actionDate>
      <text>Read twice and referred to the Committee on the Judiciary. (Sponsor introductory remarks on measure: CR S2783-2784)</text>
    </latestAction>
  </bill>
  <dublinCore xmlns:dc="http://purl.org/dc/elements/1.1/">
    <dc:format>text/xml</dc:format>
    <dc:language>EN</dc:language>
    <dc:rights>Pursuant to Title 17 Section 105 of the United States Code, this file is not subject to copyright protection and is in the public domain.</dc:rights>
    <dc:contributor>Congressional Research Service, Library of Congress</dc:contributor>
    <dc:description>This file contains bill summaries and statuses for federal legislation. A bill summary describes the most significant provisions of a piece of legislation and details the effects the legislative text may have on current law and federal programs. Bill summaries are authored by the Congressional Research Service (CRS) of the Library of Congress. As stated in Public Law 91-510 (2 USC 166 (d)(6)), one of the duties of CRS is "to prepare summaries and digests of bills and resolutions of a public general nature introduced in the Senate or House of Representatives". For more information, refer to the User Guide that accompanies this file.</dc:description>
  </dublinCore>
</billStatus>
