<?xml version="1.0" encoding="utf-8" standalone="no"?>
<billStatus>
  <version>3.0.0</version>
  <bill>
    <number>210</number>
    <updateDate>2023-01-11T13:46:40Z</updateDate>
    <updateDateIncludingText>2023-01-11T13:46:40Z</updateDateIncludingText>
    <originChamber>Senate</originChamber>
    <type>S</type>
    <introducedDate>2021-02-03</introducedDate>
    <congress>117</congress>
    <committees>
      <item>
        <systemCode>sshr00</systemCode>
        <name>Health, Education, Labor, and Pensions Committee</name>
        <chamber>Senate</chamber>
        <type>Standing</type>
        <activities>
          <item>
            <name>Referred to</name>
            <date>2021-02-03T21:07:38Z</date>
          </item>
        </activities>
      </item>
    </committees>
    <relatedBills>
      <item>
        <title>Protecting JOBs Act</title>
        <congress>117</congress>
        <number>1372</number>
        <type>HR</type>
        <latestAction>
          <actionDate>2021-02-25</actionDate>
          <text>Referred to the House Committee on Education and Labor.</text>
        </latestAction>
        <relationshipDetails>
          <item>
            <type>Identical bill</type>
            <identifiedBy>CRS</identifiedBy>
          </item>
        </relationshipDetails>
      </item>
    </relatedBills>
    <actions>
      <item>
        <actionDate>2021-02-03</actionDate>
        <committees>
          <item>
            <systemCode>sshr00</systemCode>
            <name>Health, Education, Labor, and Pensions Committee</name>
          </item>
        </committees>
        <sourceSystem>
          <name>Senate</name>
        </sourceSystem>
        <text>Read twice and referred to the Committee on Health, Education, Labor, and Pensions.</text>
        <type>IntroReferral</type>
      </item>
      <item>
        <actionDate>2021-02-03</actionDate>
        <text>Introduced in Senate</text>
        <type>IntroReferral</type>
        <actionCode>10000</actionCode>
        <sourceSystem>
          <code>9</code>
          <name>Library of Congress</name>
        </sourceSystem>
      </item>
    </actions>
    <sponsors>
      <item>
        <bioguideId>R000595</bioguideId>
        <fullName>Sen. Rubio, Marco [R-FL]</fullName>
        <firstName>Marco</firstName>
        <lastName>Rubio</lastName>
        <party>R</party>
        <state>FL</state>
        <identifiers>
          <bioguideId>R000595</bioguideId>
        </identifiers>
        <isByRequest>N</isByRequest>
      </item>
    </sponsors>
    <cosponsors>
      <item>
        <bioguideId>W000817</bioguideId>
        <fullName>Sen. Warren, Elizabeth [D-MA]</fullName>
        <firstName>Elizabeth</firstName>
        <lastName>Warren</lastName>
        <party>D</party>
        <state>MA</state>
        <identifiers>
          <bioguideId>W000817</bioguideId>
        </identifiers>
        <middleName>A.</middleName>
        <sponsorshipDate>2021-02-03</sponsorshipDate>
        <isOriginalCosponsor>True</isOriginalCosponsor>
      </item>
    </cosponsors>
    <policyArea>
      <name>Education</name>
    </policyArea>
    <subjects>
      <legislativeSubjects>
        <item>
          <name>Civil actions and liability</name>
        </item>
        <item>
          <name>Education programs funding</name>
        </item>
        <item>
          <name>Health personnel</name>
        </item>
        <item>
          <name>Higher education</name>
        </item>
        <item>
          <name>Licensing and registrations</name>
        </item>
        <item>
          <name>Medical education</name>
        </item>
        <item>
          <name>Motor vehicles</name>
        </item>
        <item>
          <name>State and local government operations</name>
        </item>
        <item>
          <name>Student aid and college costs</name>
        </item>
        <item>
          <name>Teaching, teachers, curricula</name>
        </item>
      </legislativeSubjects>
      <policyArea>
        <name>Education</name>
      </policyArea>
    </subjects>
    <summaries>
      <summary>
        <versionCode>00</versionCode>
        <actionDate>2021-02-03</actionDate>
        <actionDesc>Introduced in Senate</actionDesc>
        <updateDate>2021-04-06T20:51:38Z</updateDate>
        <text>
          <![CDATA[ <p><b>Protecting Job Opportunities for Borrowers Act or the Protecting JOBs Act</b></p> <p>This bill prohibits a state from suspending, revoking, or denying a state-issued driver's license, teaching license, or professional license based solely on an individual's default or delinquency on a federal student loan or health education loan. Further, an aggrieved individual may bring a civil action against a state for violations.</p>]]>
        </text>
      </summary>
    </summaries>
    <title>Protecting JOBs Act</title>
    <titles>
      <item>
        <titleType>Display Title</titleType>
        <title>Protecting JOBs Act</title>
      </item>
      <item>
        <titleType>Official Title as Introduced</titleType>
        <title>A bill to prohibit States from suspending, revoking, or denying State-issued professional licenses or issuing penalties due to student default.</title>
        <billTextVersionName>Introduced in Senate</billTextVersionName>
        <billTextVersionCode>IS</billTextVersionCode>
      </item>
      <item>
        <titleType>Short Title(s) as Introduced</titleType>
        <title>Protecting JOBs Act</title>
        <billTextVersionName>Introduced in Senate</billTextVersionName>
        <billTextVersionCode>IS</billTextVersionCode>
      </item>
      <item>
        <titleType>Short Title(s) as Introduced</titleType>
        <title>Protecting Job Opportunities for Borrowers Act</title>
        <billTextVersionName>Introduced in Senate</billTextVersionName>
        <billTextVersionCode>IS</billTextVersionCode>
      </item>
    </titles>
    <textVersions>
      <item>
        <type>Introduced in Senate</type>
        <date>2021-02-03T05:00:00Z</date>
        <formats>
          <item>
            <url>https://www.govinfo.gov/content/pkg/BILLS-117s210is/xml/BILLS-117s210is.xml</url>
          </item>
        </formats>
      </item>
      <item>
        <date/>
        <formats/>
        <type/>
      </item>
    </textVersions>
    <latestAction>
      <actionDate>2021-02-03</actionDate>
      <text>Read twice and referred to the Committee on Health, Education, Labor, and Pensions.</text>
    </latestAction>
  </bill>
  <dublinCore xmlns:dc="http://purl.org/dc/elements/1.1/">
    <dc:format>text/xml</dc:format>
    <dc:language>EN</dc:language>
    <dc:rights>Pursuant to Title 17 Section 105 of the United States Code, this file is not subject to copyright protection and is in the public domain.</dc:rights>
    <dc:contributor>Congressional Research Service, Library of Congress</dc:contributor>
    <dc:description>This file contains bill summaries and statuses for federal legislation. A bill summary describes the most significant provisions of a piece of legislation and details the effects the legislative text may have on current law and federal programs. Bill summaries are authored by the Congressional Research Service (CRS) of the Library of Congress. As stated in Public Law 91-510 (2 USC 166 (d)(6)), one of the duties of CRS is "to prepare summaries and digests of bills and resolutions of a public general nature introduced in the Senate or House of Representatives". For more information, refer to the User Guide that accompanies this file.</dc:description>
  </dublinCore>
</billStatus>
