<?xml version="1.0" encoding="utf-8" standalone="no"?>
<billStatus>
  <version>3.0.0</version>
  <bill>
    <number>1747</number>
    <updateDate>2023-01-11T13:50:07Z</updateDate>
    <updateDateIncludingText>2023-01-11T13:50:07Z</updateDateIncludingText>
    <originChamber>Senate</originChamber>
    <type>S</type>
    <introducedDate>2021-05-20</introducedDate>
    <congress>117</congress>
    <committees>
      <item>
        <systemCode>sscm00</systemCode>
        <name>Commerce, Science, and Transportation Committee</name>
        <chamber>Senate</chamber>
        <type>Standing</type>
        <activities>
          <item>
            <name>Reported by</name>
            <date>2021-12-17T20:09:47Z</date>
          </item>
          <item>
            <name>Markup by</name>
            <date>2021-06-16T14:00:00Z</date>
          </item>
          <item>
            <name>Referred to</name>
            <date>2021-05-20T17:34:14Z</date>
          </item>
        </activities>
      </item>
    </committees>
    <committeeReports>
      <committeeReport>
        <citation>S. Rept. 117-66</citation>
      </committeeReport>
    </committeeReports>
    <actions>
      <item>
        <actionDate>2022-02-03</actionDate>
        <committees>
          <item>
            <systemCode>sscm00</systemCode>
            <name>Commerce, Science, and Transportation Committee</name>
          </item>
        </committees>
        <sourceSystem>
          <name>Senate</name>
        </sourceSystem>
        <text>By Senator Cantwell from Committee on Commerce, Science, and Transportation filed written report. Report No. 117-66.</text>
        <type>Floor</type>
      </item>
      <item>
        <actionDate>2022-02-03</actionDate>
        <text>By Senator Cantwell from Committee on Commerce, Science, and Transportation filed written report. Report No. 117-66.</text>
        <type>Committee</type>
        <actionCode>14900</actionCode>
        <sourceSystem>
          <code>9</code>
          <name>Library of Congress</name>
        </sourceSystem>
        <committees>
          <item>
            <systemCode>sscm00</systemCode>
            <name>Commerce, Science, and Transportation Committee</name>
          </item>
        </committees>
      </item>
      <item>
        <actionDate>2021-12-17</actionDate>
        <sourceSystem>
          <name>Senate</name>
        </sourceSystem>
        <text>Placed on Senate Legislative Calendar under General Orders. Calendar No. 213.</text>
        <type>Calendars</type>
      </item>
      <item>
        <actionDate>2021-12-17</actionDate>
        <committees>
          <item>
            <systemCode>sscm00</systemCode>
            <name>Commerce, Science, and Transportation Committee</name>
          </item>
        </committees>
        <sourceSystem>
          <name>Senate</name>
        </sourceSystem>
        <text>Committee on Commerce, Science, and Transportation. Reported by Senator Cantwell with an amendment. Without written report.</text>
        <type>Committee</type>
      </item>
      <item>
        <actionDate>2021-12-17</actionDate>
        <text>Committee on Commerce, Science, and Transportation. Reported by Senator Cantwell with an amendment. Without written report.</text>
        <type>Committee</type>
        <actionCode>14000</actionCode>
        <sourceSystem>
          <code>9</code>
          <name>Library of Congress</name>
        </sourceSystem>
        <committees>
          <item>
            <systemCode>sscm00</systemCode>
            <name>Commerce, Science, and Transportation Committee</name>
          </item>
        </committees>
      </item>
      <item>
        <actionDate>2021-06-16</actionDate>
        <committees>
          <item>
            <systemCode>sscm00</systemCode>
            <name>Commerce, Science, and Transportation Committee</name>
          </item>
        </committees>
        <sourceSystem>
          <name>Senate</name>
        </sourceSystem>
        <text>Committee on Commerce, Science, and Transportation. Ordered to be reported with an amendment favorably.</text>
        <type>Committee</type>
      </item>
      <item>
        <actionDate>2021-05-20</actionDate>
        <committees>
          <item>
            <systemCode>sscm00</systemCode>
            <name>Commerce, Science, and Transportation Committee</name>
          </item>
        </committees>
        <sourceSystem>
          <name>Senate</name>
        </sourceSystem>
        <text>Read twice and referred to the Committee on Commerce, Science, and Transportation. (text: CR S3196-3197)</text>
        <type>IntroReferral</type>
      </item>
      <item>
        <actionDate>2021-05-20</actionDate>
        <text>Introduced in Senate</text>
        <type>IntroReferral</type>
        <actionCode>10000</actionCode>
        <sourceSystem>
          <code>9</code>
          <name>Library of Congress</name>
        </sourceSystem>
      </item>
    </actions>
    <sponsors>
      <item>
        <bioguideId>S000148</bioguideId>
        <fullName>Sen. Schumer, Charles E. [D-NY]</fullName>
        <firstName>Charles</firstName>
        <lastName>Schumer</lastName>
        <party>D</party>
        <state>NY</state>
        <identifiers>
          <bioguideId>S000148</bioguideId>
        </identifiers>
        <middleName>E.</middleName>
        <isByRequest>N</isByRequest>
      </item>
    </sponsors>
    <cosponsors>
      <item>
        <bioguideId>G000555</bioguideId>
        <fullName>Sen. Gillibrand, Kirsten E. [D-NY]</fullName>
        <firstName>Kirsten</firstName>
        <lastName>Gillibrand</lastName>
        <party>D</party>
        <state>NY</state>
        <identifiers>
          <bioguideId>G000555</bioguideId>
        </identifiers>
        <middleName>E.</middleName>
        <sponsorshipDate>2021-05-25</sponsorshipDate>
        <isOriginalCosponsor>False</isOriginalCosponsor>
      </item>
    </cosponsors>
    <cboCostEstimates>
      <item>
        <pubDate>2021-10-06T20:12:00Z</pubDate>
        <title>S. 1747, Fluke Fairness Act of 2021</title>
        <url>https://www.cbo.gov/publication/57536</url>
        <description>As ordered reported by the Senate Committee on Commerce, Science, and Transportation on June 16, 2021</description>
      </item>
    </cboCostEstimates>
    <policyArea>
      <name>Public Lands and Natural Resources</name>
    </policyArea>
    <subjects>
      <legislativeSubjects>
        <item>
          <name>Atlantic Ocean</name>
        </item>
        <item>
          <name>Congressional oversight</name>
        </item>
        <item>
          <name>Fishes</name>
        </item>
        <item>
          <name>Government studies and investigations</name>
        </item>
        <item>
          <name>Hunting and fishing</name>
        </item>
        <item>
          <name>Marine and coastal resources, fisheries</name>
        </item>
      </legislativeSubjects>
      <policyArea>
        <name>Public Lands and Natural Resources</name>
      </policyArea>
    </subjects>
    <summaries>
      <summary>
        <versionCode>00</versionCode>
        <actionDate>2021-05-20</actionDate>
        <actionDesc>Introduced in Senate</actionDesc>
        <updateDate>2021-07-06T18:24:39Z</updateDate>
        <text>
          <![CDATA[ <p><b>Fluke Fairness Act of 20</b><strong>21</strong><strong></strong></p> <p>This bill directs the Mid-Atlantic Fishery Management Council to submit for approval by the Department of Commerce a modified fishery management plan for the commercial and recreational management of summer flounder, or an amendment to the plan, that</p> <ul> <li> is based on the best scientific information available; </li> <li> establishes commercial quotas in direct proportion to the distribution, abundance, and location of summer flounder as reflected by fishery independent surveys conducted by the National Marine Fisheries Service and state agencies; </li> <li> considers regional, coastwide, or other management measures that comply with national standards under the Magnuson-Stevens Fishery Conservation and Management Act; and </li> <li> prohibits the establishment of commercial catch quotas on a state-by-state basis using historical landings data that does not reflect the status of the summer flounder stock, based on the most recent scientific information. </li> </ul> <p>Commerce must prepare and consider a plan if the council fails to submit the modifications or amendments.</p> <p>The Government Accountability Office must assess and report on whether the subsequent implementation of the approved plan or amendment complies with national standards.</p>]]>
        </text>
      </summary>
      <summary>
        <versionCode>25</versionCode>
        <actionDate>2021-12-17</actionDate>
        <actionDesc>Reported to Senate</actionDesc>
        <updateDate>2022-07-06T18:16:57Z</updateDate>
        <text>
          <![CDATA[ <p><b>Fluke Fairness Act of 20</b><strong>21</strong><strong></strong></p> <p>This bill directs the Mid-Atlantic Fishery Management Council to submit a modified fishery management plan for the commercial and recreational management of summer flounder (commonly known as fluke), or an amendment to the plan, to the Department of Commerce. The plan must</p> <ul> <li> establish commercial quotas in direct proportion to the distribution, abundance, and location of summer flounder as reflected by fishery independent surveys conducted by the National Marine Fisheries Service and state agencies; </li> <li> consider regional, coastwide, or other management measures that comply with national standards under the Magnuson-Stevens Fishery Conservation and Management Act; and </li> <li> prohibit the establishment of commercial catch quotas on a state-by-state basis using historical landings data that does not reflect the status of the summer flounder stock, based on the most recent scientific information. </li> </ul> <p>Commerce must prepare and consider a plan if the council fails to submit the modifications or amendments.</p> <p>The Government Accountability Office must assess and report on whether the subsequent implementation of the approved plan or amendment complies with national standards.</p>]]>
        </text>
      </summary>
    </summaries>
    <title>Fluke Fairness Act of 2021</title>
    <titles>
      <item>
        <titleType>Display Title</titleType>
        <title>Fluke Fairness Act of 2021</title>
      </item>
      <item>
        <titleType>Official Title as Introduced</titleType>
        <title>A bill to provide for an equitable management of summer flounder based on geographic, scientific, and economic data, and for other purposes.</title>
        <billTextVersionName>Introduced in Senate</billTextVersionName>
        <billTextVersionCode>IS</billTextVersionCode>
      </item>
      <item>
        <titleType>Short Title(s) as Introduced</titleType>
        <title>Fluke Fairness Act of 2021</title>
        <billTextVersionName>Introduced in Senate</billTextVersionName>
        <billTextVersionCode>IS</billTextVersionCode>
      </item>
      <item>
        <titleType>Short Title(s) as Reported to Senate</titleType>
        <title>Fluke Fairness Act of 2021</title>
        <chamberCode>S</chamberCode>
        <chamberName>Senate</chamberName>
        <billTextVersionName>Reported to Senate</billTextVersionName>
        <billTextVersionCode>RS</billTextVersionCode>
      </item>
    </titles>
    <textVersions>
      <item>
        <type>Reported to Senate</type>
        <date>2021-12-17T05:00:00Z</date>
        <formats>
          <item>
            <url>https://www.govinfo.gov/content/pkg/BILLS-117s1747rs/xml/BILLS-117s1747rs.xml</url>
          </item>
        </formats>
      </item>
      <item>
        <type>Introduced in Senate</type>
        <date>2021-05-20T04:00:00Z</date>
        <formats>
          <item>
            <url>https://www.govinfo.gov/content/pkg/BILLS-117s1747is/xml/BILLS-117s1747is.xml</url>
          </item>
        </formats>
      </item>
      <item>
        <date/>
        <formats/>
        <type/>
      </item>
    </textVersions>
    <latestAction>
      <actionDate>2022-02-03</actionDate>
      <text>By Senator Cantwell from Committee on Commerce, Science, and Transportation filed written report. Report No. 117-66.</text>
    </latestAction>
  </bill>
  <dublinCore xmlns:dc="http://purl.org/dc/elements/1.1/">
    <dc:format>text/xml</dc:format>
    <dc:language>EN</dc:language>
    <dc:rights>Pursuant to Title 17 Section 105 of the United States Code, this file is not subject to copyright protection and is in the public domain.</dc:rights>
    <dc:contributor>Congressional Research Service, Library of Congress</dc:contributor>
    <dc:description>This file contains bill summaries and statuses for federal legislation. A bill summary describes the most significant provisions of a piece of legislation and details the effects the legislative text may have on current law and federal programs. Bill summaries are authored by the Congressional Research Service (CRS) of the Library of Congress. As stated in Public Law 91-510 (2 USC 166 (d)(6)), one of the duties of CRS is "to prepare summaries and digests of bills and resolutions of a public general nature introduced in the Senate or House of Representatives". For more information, refer to the User Guide that accompanies this file.</dc:description>
  </dublinCore>
</billStatus>
