<?xml version="1.0" encoding="utf-8" standalone="no"?>
<billStatus>
  <version>3.0.0</version>
  <bill>
    <number>290</number>
    <updateDate>2023-01-11T13:46:37Z</updateDate>
    <updateDateIncludingText>2023-01-11T13:46:37Z</updateDateIncludingText>
    <originChamber>Senate</originChamber>
    <type>S</type>
    <introducedDate>2021-02-08</introducedDate>
    <congress>117</congress>
    <committees>
      <item>
        <systemCode>ssga00</systemCode>
        <name>Homeland Security and Governmental Affairs Committee</name>
        <chamber>Senate</chamber>
        <type>Standing</type>
        <activities>
          <item>
            <name>Referred to</name>
            <date>2021-02-08T23:23:57Z</date>
          </item>
        </activities>
      </item>
    </committees>
    <actions>
      <item>
        <actionDate>2021-02-08</actionDate>
        <committees>
          <item>
            <systemCode>ssga00</systemCode>
            <name>Homeland Security and Governmental Affairs Committee</name>
          </item>
        </committees>
        <sourceSystem>
          <name>Senate</name>
        </sourceSystem>
        <text>Read twice and referred to the Committee on Homeland Security and Governmental Affairs.</text>
        <type>IntroReferral</type>
      </item>
      <item>
        <actionDate>2021-02-08</actionDate>
        <text>Introduced in Senate</text>
        <type>IntroReferral</type>
        <actionCode>10000</actionCode>
        <sourceSystem>
          <code>9</code>
          <name>Library of Congress</name>
        </sourceSystem>
      </item>
    </actions>
    <sponsors>
      <item>
        <bioguideId>M000133</bioguideId>
        <fullName>Sen. Markey, Edward J. [D-MA]</fullName>
        <firstName>Edward</firstName>
        <lastName>Markey</lastName>
        <party>D</party>
        <state>MA</state>
        <identifiers>
          <bioguideId>M000133</bioguideId>
        </identifiers>
        <middleName>J.</middleName>
        <isByRequest>N</isByRequest>
      </item>
    </sponsors>
    <policyArea>
      <name>Government Operations and Politics</name>
    </policyArea>
    <subjects>
      <legislativeSubjects>
        <item>
          <name>Diplomacy, foreign officials, Americans abroad</name>
        </item>
        <item>
          <name>Emergency medical services and trauma care</name>
        </item>
        <item>
          <name>Executive Office of the President</name>
        </item>
        <item>
          <name>Executive agency funding and structure</name>
        </item>
        <item>
          <name>Federal officials</name>
        </item>
        <item>
          <name>Health programs administration and funding</name>
        </item>
        <item>
          <name>Health promotion and preventive care</name>
        </item>
        <item>
          <name>Infectious and parasitic diseases</name>
        </item>
        <item>
          <name>Presidents and presidential powers, Vice Presidents</name>
        </item>
      </legislativeSubjects>
      <policyArea>
        <name>Government Operations and Politics</name>
      </policyArea>
    </subjects>
    <summaries>
      <summary>
        <versionCode>00</versionCode>
        <actionDate>2021-02-08</actionDate>
        <actionDesc>Introduced in Senate</actionDesc>
        <updateDate>2021-03-16T16:28:25Z</updateDate>
        <text>
          <![CDATA[ <p>This bill directs the President to designate an employee of the National Security Council to be the permanent coordinator for pandemic prevention and response for the federal government.</p> <p>The coordinator shall (1) serve&nbsp;as the principal advisor to the President regarding pandemic prevention and response, and (2) lead interagency coordination for&nbsp;such prevention and response.</p> <p>The coordinator may represent the United States in bilateral and multilateral discussions and agreements on matters relevant to&nbsp;such prevention and response.</p>]]>
        </text>
      </summary>
    </summaries>
    <title>A bill to amend the National Security Act of 1947 to require the President to designate an employee of the National Security Council to be responsible for pandemic prevention and response, and for other purposes.</title>
    <titles>
      <item>
        <titleType>Display Title</titleType>
        <title>A bill to amend the National Security Act of 1947 to require the President to designate an employee of the National Security Council to be responsible for pandemic prevention and response, and for other purposes.</title>
      </item>
      <item>
        <titleType>Official Title as Introduced</titleType>
        <title>A bill to amend the National Security Act of 1947 to require the President to designate an employee of the National Security Council to be responsible for pandemic prevention and response, and for other purposes.</title>
        <billTextVersionName>Introduced in Senate</billTextVersionName>
        <billTextVersionCode>IS</billTextVersionCode>
      </item>
    </titles>
    <textVersions>
      <item>
        <type>Introduced in Senate</type>
        <date>2021-02-08T05:00:00Z</date>
        <formats>
          <item>
            <url>https://www.govinfo.gov/content/pkg/BILLS-117s290is/xml/BILLS-117s290is.xml</url>
          </item>
        </formats>
      </item>
      <item>
        <date/>
        <formats/>
        <type/>
      </item>
    </textVersions>
    <latestAction>
      <actionDate>2021-02-08</actionDate>
      <text>Read twice and referred to the Committee on Homeland Security and Governmental Affairs.</text>
    </latestAction>
  </bill>
  <dublinCore xmlns:dc="http://purl.org/dc/elements/1.1/">
    <dc:format>text/xml</dc:format>
    <dc:language>EN</dc:language>
    <dc:rights>Pursuant to Title 17 Section 105 of the United States Code, this file is not subject to copyright protection and is in the public domain.</dc:rights>
    <dc:contributor>Congressional Research Service, Library of Congress</dc:contributor>
    <dc:description>This file contains bill summaries and statuses for federal legislation. A bill summary describes the most significant provisions of a piece of legislation and details the effects the legislative text may have on current law and federal programs. Bill summaries are authored by the Congressional Research Service (CRS) of the Library of Congress. As stated in Public Law 91-510 (2 USC 166 (d)(6)), one of the duties of CRS is "to prepare summaries and digests of bills and resolutions of a public general nature introduced in the Senate or House of Representatives". For more information, refer to the User Guide that accompanies this file.</dc:description>
  </dublinCore>
</billStatus>
