<?xml version="1.0" encoding="utf-8" standalone="no"?>
<billStatus>
  <version>3.0.0</version>
  <bill>
    <number>1661</number>
    <updateDate>2023-01-11T13:50:12Z</updateDate>
    <updateDateIncludingText>2023-01-11T13:50:12Z</updateDateIncludingText>
    <originChamber>Senate</originChamber>
    <type>S</type>
    <introducedDate>2021-05-17</introducedDate>
    <congress>117</congress>
    <committees>
      <item>
        <systemCode>sscm00</systemCode>
        <name>Commerce, Science, and Transportation Committee</name>
        <chamber>Senate</chamber>
        <type>Standing</type>
        <activities>
          <item>
            <name>Referred to</name>
            <date>2021-05-17T22:13:56Z</date>
          </item>
        </activities>
      </item>
    </committees>
    <relatedBills>
      <item>
        <title>National Fab Lab Network Act of 2021</title>
        <congress>117</congress>
        <number>3274</number>
        <type>HR</type>
        <latestAction>
          <actionDate>2021-05-18</actionDate>
          <text>Referred to the Subcommittee on Consumer Protection and Commerce.</text>
        </latestAction>
        <relationshipDetails>
          <item>
            <type>Identical bill</type>
            <identifiedBy>CRS</identifiedBy>
          </item>
        </relationshipDetails>
      </item>
    </relatedBills>
    <actions>
      <item>
        <actionDate>2021-05-17</actionDate>
        <committees>
          <item>
            <systemCode>sscm00</systemCode>
            <name>Commerce, Science, and Transportation Committee</name>
          </item>
        </committees>
        <sourceSystem>
          <name>Senate</name>
        </sourceSystem>
        <text>Read twice and referred to the Committee on Commerce, Science, and Transportation.</text>
        <type>IntroReferral</type>
      </item>
      <item>
        <actionDate>2021-05-17</actionDate>
        <text>Introduced in Senate</text>
        <type>IntroReferral</type>
        <actionCode>10000</actionCode>
        <sourceSystem>
          <code>9</code>
          <name>Library of Congress</name>
        </sourceSystem>
      </item>
    </actions>
    <sponsors>
      <item>
        <bioguideId>V000128</bioguideId>
        <fullName>Sen. Van Hollen, Chris [D-MD]</fullName>
        <firstName>Chris</firstName>
        <lastName>Van Hollen</lastName>
        <party>D</party>
        <state>MD</state>
        <identifiers>
          <bioguideId>V000128</bioguideId>
        </identifiers>
        <isByRequest>N</isByRequest>
      </item>
    </sponsors>
    <cosponsors>
      <item>
        <bioguideId>M001153</bioguideId>
        <fullName>Sen. Murkowski, Lisa [R-AK]</fullName>
        <firstName>Lisa</firstName>
        <lastName>Murkowski</lastName>
        <party>R</party>
        <state>AK</state>
        <identifiers>
          <bioguideId>M001153</bioguideId>
        </identifiers>
        <sponsorshipDate>2021-05-17</sponsorshipDate>
        <isOriginalCosponsor>True</isOriginalCosponsor>
      </item>
    </cosponsors>
    <policyArea>
      <name>Commerce</name>
    </policyArea>
    <subjects>
      <legislativeSubjects>
        <item>
          <name>Advanced technology and technological innovations</name>
        </item>
        <item>
          <name>Digital media</name>
        </item>
        <item>
          <name>Manufacturing</name>
        </item>
        <item>
          <name>Product development and innovation</name>
        </item>
        <item>
          <name>Public-private cooperation</name>
        </item>
        <item>
          <name>Research and development</name>
        </item>
        <item>
          <name>Tax-exempt organizations</name>
        </item>
      </legislativeSubjects>
      <policyArea>
        <name>Commerce</name>
      </policyArea>
    </subjects>
    <summaries>
      <summary>
        <versionCode>00</versionCode>
        <actionDate>2021-05-17</actionDate>
        <actionDesc>Introduced in Senate</actionDesc>
        <updateDate>2021-06-25T14:36:39Z</updateDate>
        <text>
          <![CDATA[ <p><b>National Fab Lab Network Act of 2021</b></p> <p>This bill establishes the National Fab Lab Network as a nonprofit corporation.</p> <p>A fab lab is a digital fabrication facility with the capabilities necessary to create form and function from digital designs. The bill requires the National Fab Lab Network to (1) endeavor to establish at least one fab lab in each congressional district and additional labs according to local demand, (2) link fab labs into a national network and promote their further expansion across the country, (3) serve as a training and operating resource for fab labs and their leaders and mentors, (4) maintain a national registry of fab labs, (5) provide standards and protocols for connecting fab labs, and (6) assist fab labs in producing fab labs. </p>]]>
        </text>
      </summary>
    </summaries>
    <title>National Fab Lab Network Act of 2021</title>
    <titles>
      <item>
        <titleType>Display Title</titleType>
        <title>National Fab Lab Network Act of 2021</title>
      </item>
      <item>
        <titleType>Official Title as Introduced</titleType>
        <title>A bill to establish the National Fab Lab Network, a nonprofit organization consisting of a national network of local digital fabrication facilities providing universal access to advanced manufacturing tools for workforce development, STEM education, developing inventions, creating businesses, producing personalized products, mitigating risks, and for other purposes.</title>
        <billTextVersionName>Introduced in Senate</billTextVersionName>
        <billTextVersionCode>IS</billTextVersionCode>
      </item>
      <item>
        <titleType>Short Title(s) as Introduced</titleType>
        <title>National Fab Lab Network Act of 2021</title>
        <billTextVersionName>Introduced in Senate</billTextVersionName>
        <billTextVersionCode>IS</billTextVersionCode>
      </item>
    </titles>
    <textVersions>
      <item>
        <type>Introduced in Senate</type>
        <date>2021-05-17T04:00:00Z</date>
        <formats>
          <item>
            <url>https://www.govinfo.gov/content/pkg/BILLS-117s1661is/xml/BILLS-117s1661is.xml</url>
          </item>
        </formats>
      </item>
      <item>
        <date/>
        <formats/>
        <type/>
      </item>
    </textVersions>
    <latestAction>
      <actionDate>2021-05-17</actionDate>
      <text>Read twice and referred to the Committee on Commerce, Science, and Transportation.</text>
    </latestAction>
  </bill>
  <dublinCore xmlns:dc="http://purl.org/dc/elements/1.1/">
    <dc:format>text/xml</dc:format>
    <dc:language>EN</dc:language>
    <dc:rights>Pursuant to Title 17 Section 105 of the United States Code, this file is not subject to copyright protection and is in the public domain.</dc:rights>
    <dc:contributor>Congressional Research Service, Library of Congress</dc:contributor>
    <dc:description>This file contains bill summaries and statuses for federal legislation. A bill summary describes the most significant provisions of a piece of legislation and details the effects the legislative text may have on current law and federal programs. Bill summaries are authored by the Congressional Research Service (CRS) of the Library of Congress. As stated in Public Law 91-510 (2 USC 166 (d)(6)), one of the duties of CRS is "to prepare summaries and digests of bills and resolutions of a public general nature introduced in the Senate or House of Representatives". For more information, refer to the User Guide that accompanies this file.</dc:description>
  </dublinCore>
</billStatus>
