<?xml version="1.0" encoding="utf-8" standalone="no"?>
<billStatus>
  <version>3.0.0</version>
  <bill>
    <number>759</number>
    <updateDate>2023-01-11T13:47:42Z</updateDate>
    <updateDateIncludingText>2023-01-11T13:47:42Z</updateDateIncludingText>
    <originChamber>Senate</originChamber>
    <type>S</type>
    <introducedDate>2021-03-16</introducedDate>
    <congress>117</congress>
    <committees>
      <item>
        <systemCode>ssfi00</systemCode>
        <name>Finance Committee</name>
        <chamber>Senate</chamber>
        <type>Standing</type>
        <activities>
          <item>
            <name>Referred to</name>
            <date>2021-03-16T16:44:14Z</date>
          </item>
        </activities>
      </item>
    </committees>
    <actions>
      <item>
        <actionDate>2021-03-16</actionDate>
        <committees>
          <item>
            <systemCode>ssfi00</systemCode>
            <name>Finance Committee</name>
          </item>
        </committees>
        <sourceSystem>
          <name>Senate</name>
        </sourceSystem>
        <text>Read twice and referred to the Committee on Finance.</text>
        <type>IntroReferral</type>
      </item>
      <item>
        <actionDate>2021-03-16</actionDate>
        <text>Introduced in Senate</text>
        <type>IntroReferral</type>
        <actionCode>10000</actionCode>
        <sourceSystem>
          <code>9</code>
          <name>Library of Congress</name>
        </sourceSystem>
      </item>
    </actions>
    <sponsors>
      <item>
        <bioguideId>H001061</bioguideId>
        <fullName>Sen. Hoeven, John [R-ND]</fullName>
        <firstName>John</firstName>
        <lastName>Hoeven</lastName>
        <party>R</party>
        <state>ND</state>
        <identifiers>
          <bioguideId>H001061</bioguideId>
        </identifiers>
        <isByRequest>N</isByRequest>
      </item>
    </sponsors>
    <cosponsors>
      <item>
        <bioguideId>C001096</bioguideId>
        <fullName>Sen. Cramer, Kevin [R-ND]</fullName>
        <firstName>Kevin</firstName>
        <lastName>Cramer</lastName>
        <party>R</party>
        <state>ND</state>
        <identifiers>
          <bioguideId>C001096</bioguideId>
        </identifiers>
        <sponsorshipDate>2021-03-16</sponsorshipDate>
        <isOriginalCosponsor>True</isOriginalCosponsor>
      </item>
    </cosponsors>
    <policyArea>
      <name>Taxation</name>
    </policyArea>
    <subjects>
      <legislativeSubjects>
        <item>
          <name>Air quality</name>
        </item>
        <item>
          <name>Coal</name>
        </item>
        <item>
          <name>Electric power generation and transmission</name>
        </item>
        <item>
          <name>Income tax credits</name>
        </item>
      </legislativeSubjects>
      <policyArea>
        <name>Taxation</name>
      </policyArea>
    </subjects>
    <summaries>
      <summary>
        <versionCode>00</versionCode>
        <actionDate>2021-03-16</actionDate>
        <actionDesc>Introduced in Senate</actionDesc>
        <updateDate>2021-04-26T14:11:01Z</updateDate>
        <text>
          <![CDATA[ <p>This bill extends the tax credit for the production of refined coal. With respect to refined coal production facilities that do not produce steel industry fuel, the bill (1) allows facilities that were placed in service before January 1, 2012, to claim the credit for an additional 10 years, and (2) establishes an additional 3-year period (after December 31, 2020, and before January 1, 2024), during which facilities may qualify for the credit by being placed in service. </p>]]>
        </text>
      </summary>
    </summaries>
    <title>A bill to amend the Internal Revenue Code of 1986 to extend the credit for production of refined coal.</title>
    <titles>
      <item>
        <titleType>Display Title</titleType>
        <title>A bill to amend the Internal Revenue Code of 1986 to extend the credit for production of refined coal.</title>
      </item>
      <item>
        <titleType>Official Title as Introduced</titleType>
        <title>A bill to amend the Internal Revenue Code of 1986 to extend the credit for production of refined coal.</title>
        <billTextVersionName>Introduced in Senate</billTextVersionName>
        <billTextVersionCode>IS</billTextVersionCode>
      </item>
    </titles>
    <textVersions>
      <item>
        <type>Introduced in Senate</type>
        <date>2021-03-16T04:00:00Z</date>
        <formats>
          <item>
            <url>https://www.govinfo.gov/content/pkg/BILLS-117s759is/xml/BILLS-117s759is.xml</url>
          </item>
        </formats>
      </item>
      <item>
        <date/>
        <formats/>
        <type/>
      </item>
    </textVersions>
    <latestAction>
      <actionDate>2021-03-16</actionDate>
      <text>Read twice and referred to the Committee on Finance.</text>
    </latestAction>
  </bill>
  <dublinCore xmlns:dc="http://purl.org/dc/elements/1.1/">
    <dc:format>text/xml</dc:format>
    <dc:language>EN</dc:language>
    <dc:rights>Pursuant to Title 17 Section 105 of the United States Code, this file is not subject to copyright protection and is in the public domain.</dc:rights>
    <dc:contributor>Congressional Research Service, Library of Congress</dc:contributor>
    <dc:description>This file contains bill summaries and statuses for federal legislation. A bill summary describes the most significant provisions of a piece of legislation and details the effects the legislative text may have on current law and federal programs. Bill summaries are authored by the Congressional Research Service (CRS) of the Library of Congress. As stated in Public Law 91-510 (2 USC 166 (d)(6)), one of the duties of CRS is "to prepare summaries and digests of bills and resolutions of a public general nature introduced in the Senate or House of Representatives". For more information, refer to the User Guide that accompanies this file.</dc:description>
  </dublinCore>
</billStatus>
