<?xml version="1.0" encoding="utf-8" standalone="no"?>
<billStatus>
  <version>3.0.0</version>
  <bill>
    <number>486</number>
    <updateDate>2023-01-11T13:46:29Z</updateDate>
    <updateDateIncludingText>2023-01-11T13:46:29Z</updateDateIncludingText>
    <originChamber>Senate</originChamber>
    <type>S</type>
    <introducedDate>2021-02-25</introducedDate>
    <congress>117</congress>
    <committees>
      <item>
        <systemCode>ssaf00</systemCode>
        <name>Agriculture, Nutrition, and Forestry Committee</name>
        <chamber>Senate</chamber>
        <type>Standing</type>
        <activities>
          <item>
            <name>Referred to</name>
            <date>2021-02-25T19:57:23Z</date>
          </item>
        </activities>
      </item>
    </committees>
    <relatedBills>
      <item>
        <title>Rebuild Rural America Act of 2021</title>
        <congress>117</congress>
        <number>2361</number>
        <type>HR</type>
        <latestAction>
          <actionDate>2021-06-07</actionDate>
          <text>Referred to the Subcommittee on Commodity Exchanges, Energy, and Credit.</text>
        </latestAction>
        <relationshipDetails>
          <item>
            <type>Identical bill</type>
            <identifiedBy>CRS</identifiedBy>
          </item>
        </relationshipDetails>
      </item>
    </relatedBills>
    <actions>
      <item>
        <actionDate>2021-02-25</actionDate>
        <committees>
          <item>
            <systemCode>ssaf00</systemCode>
            <name>Agriculture, Nutrition, and Forestry Committee</name>
          </item>
        </committees>
        <sourceSystem>
          <name>Senate</name>
        </sourceSystem>
        <text>Read twice and referred to the Committee on Agriculture, Nutrition, and Forestry.</text>
        <type>IntroReferral</type>
      </item>
      <item>
        <actionDate>2021-02-25</actionDate>
        <text>Introduced in Senate</text>
        <type>IntroReferral</type>
        <actionCode>10000</actionCode>
        <sourceSystem>
          <code>9</code>
          <name>Library of Congress</name>
        </sourceSystem>
      </item>
    </actions>
    <sponsors>
      <item>
        <bioguideId>G000555</bioguideId>
        <fullName>Sen. Gillibrand, Kirsten E. [D-NY]</fullName>
        <firstName>Kirsten</firstName>
        <lastName>Gillibrand</lastName>
        <party>D</party>
        <state>NY</state>
        <identifiers>
          <bioguideId>G000555</bioguideId>
        </identifiers>
        <middleName>E.</middleName>
        <isByRequest>N</isByRequest>
      </item>
    </sponsors>
    <cosponsors>
      <item>
        <bioguideId>S001203</bioguideId>
        <fullName>Sen. Smith, Tina [D-MN]</fullName>
        <firstName>Tina</firstName>
        <lastName>Smith</lastName>
        <party>D</party>
        <state>MN</state>
        <identifiers>
          <bioguideId>S001203</bioguideId>
        </identifiers>
        <sponsorshipDate>2021-02-25</sponsorshipDate>
        <isOriginalCosponsor>True</isOriginalCosponsor>
      </item>
      <item>
        <bioguideId>B001288</bioguideId>
        <fullName>Sen. Booker, Cory A. [D-NJ]</fullName>
        <firstName>Cory</firstName>
        <lastName>Booker</lastName>
        <party>D</party>
        <state>NJ</state>
        <identifiers>
          <bioguideId>B001288</bioguideId>
        </identifiers>
        <sponsorshipDate>2021-02-25</sponsorshipDate>
        <isOriginalCosponsor>True</isOriginalCosponsor>
      </item>
      <item>
        <bioguideId>D000563</bioguideId>
        <fullName>Sen. Durbin, Richard J. [D-IL]</fullName>
        <firstName>Richard</firstName>
        <lastName>Durbin</lastName>
        <party>D</party>
        <state>IL</state>
        <identifiers>
          <bioguideId>D000563</bioguideId>
        </identifiers>
        <middleName>J.</middleName>
        <sponsorshipDate>2021-02-25</sponsorshipDate>
        <isOriginalCosponsor>True</isOriginalCosponsor>
      </item>
      <item>
        <bioguideId>C001070</bioguideId>
        <fullName>Sen. Casey, Robert P., Jr. [D-PA]</fullName>
        <firstName>Bob</firstName>
        <lastName>Casey</lastName>
        <party>D</party>
        <state>PA</state>
        <identifiers>
          <bioguideId>C001070</bioguideId>
        </identifiers>
        <sponsorshipDate>2021-02-25</sponsorshipDate>
        <isOriginalCosponsor>True</isOriginalCosponsor>
      </item>
    </cosponsors>
    <policyArea>
      <name>Agriculture and Food</name>
    </policyArea>
    <subjects>
      <legislativeSubjects>
        <item>
          <name>Advanced technology and technological innovations</name>
        </item>
        <item>
          <name>Agricultural trade</name>
        </item>
        <item>
          <name>Air quality</name>
        </item>
        <item>
          <name>Alternative and renewable resources</name>
        </item>
        <item>
          <name>Building construction</name>
        </item>
        <item>
          <name>Business investment and capital</name>
        </item>
        <item>
          <name>Child care and development</name>
        </item>
        <item>
          <name>Climate change and greenhouse gases</name>
        </item>
        <item>
          <name>Community life and organization</name>
        </item>
        <item>
          <name>Congressional oversight</name>
        </item>
        <item>
          <name>Cooperative and condominium housing</name>
        </item>
        <item>
          <name>Department of Agriculture</name>
        </item>
        <item>
          <name>Disability and paralysis</name>
        </item>
        <item>
          <name>Drug, alcohol, tobacco use</name>
        </item>
        <item>
          <name>Economic development</name>
        </item>
        <item>
          <name>Education programs funding</name>
        </item>
        <item>
          <name>Elementary and secondary education</name>
        </item>
        <item>
          <name>Emergency planning and evacuation</name>
        </item>
        <item>
          <name>Employment and training programs</name>
        </item>
        <item>
          <name>Energy efficiency and conservation</name>
        </item>
        <item>
          <name>Energy storage, supplies, demand</name>
        </item>
        <item>
          <name>Environmental assessment, monitoring, research</name>
        </item>
        <item>
          <name>Environmental technology</name>
        </item>
        <item>
          <name>Executive agency funding and structure</name>
        </item>
        <item>
          <name>Farmland</name>
        </item>
        <item>
          <name>Food assistance and relief</name>
        </item>
        <item>
          <name>Government information and archives</name>
        </item>
        <item>
          <name>Government lending and loan guarantees</name>
        </item>
        <item>
          <name>Government trust funds</name>
        </item>
        <item>
          <name>Hazardous wastes and toxic substances</name>
        </item>
        <item>
          <name>Health care coverage and access</name>
        </item>
        <item>
          <name>Health facilities and institutions</name>
        </item>
        <item>
          <name>Higher education</name>
        </item>
        <item>
          <name>Housing and community development funding</name>
        </item>
        <item>
          <name>Housing finance and home ownership</name>
        </item>
        <item>
          <name>Housing supply and affordability</name>
        </item>
        <item>
          <name>Indian social and development programs</name>
        </item>
        <item>
          <name>Infrastructure development</name>
        </item>
        <item>
          <name>Internet and video services</name>
        </item>
        <item>
          <name>Internet, web applications, social media</name>
        </item>
        <item>
          <name>Land use and conservation</name>
        </item>
        <item>
          <name>Libraries and archives</name>
        </item>
        <item>
          <name>Low- and moderate-income housing</name>
        </item>
        <item>
          <name>Manufacturing</name>
        </item>
        <item>
          <name>Mental health</name>
        </item>
        <item>
          <name>National and community service</name>
        </item>
        <item>
          <name>Nutrition and diet</name>
        </item>
        <item>
          <name>Outdoor recreation</name>
        </item>
        <item>
          <name>Performance measurement</name>
        </item>
        <item>
          <name>Pollution liability</name>
        </item>
        <item>
          <name>Poverty and welfare assistance</name>
        </item>
        <item>
          <name>Public transit</name>
        </item>
        <item>
          <name>Public-private cooperation</name>
        </item>
        <item>
          <name>Regional and metropolitan planning</name>
        </item>
        <item>
          <name>Research administration and funding</name>
        </item>
        <item>
          <name>Residential rehabilitation and home repair</name>
        </item>
        <item>
          <name>Rural conditions and development</name>
        </item>
        <item>
          <name>Small business</name>
        </item>
        <item>
          <name>Small towns</name>
        </item>
        <item>
          <name>Solid waste and recycling</name>
        </item>
        <item>
          <name>State and local government operations</name>
        </item>
        <item>
          <name>Technology transfer and commercialization</name>
        </item>
        <item>
          <name>Telephone and wireless communication</name>
        </item>
        <item>
          <name>Transportation programs funding</name>
        </item>
        <item>
          <name>Unemployment</name>
        </item>
        <item>
          <name>Urban and suburban affairs and development</name>
        </item>
        <item>
          <name>Water quality</name>
        </item>
        <item>
          <name>Water use and supply</name>
        </item>
        <item>
          <name>Youth employment and child labor</name>
        </item>
      </legislativeSubjects>
      <policyArea>
        <name>Agriculture and Food</name>
      </policyArea>
    </subjects>
    <summaries>
      <summary>
        <versionCode>00</versionCode>
        <actionDate>2021-02-25</actionDate>
        <actionDesc>Introduced in Senate</actionDesc>
        <updateDate>2022-01-27T22:08:20Z</updateDate>
        <text>
          <![CDATA[ <p><strong>Rebuild Rural America Act of 2021</strong></p> <p>This bill directs the Department of Agriculture (USDA) to establish the Rural Innovation and Partnership Administration and the Rural Future Partnership Fund to provide five-year renewable rural partnership block grants to certified rural regions to implement locally-developed regional revitalization plans.</p> <p>For purposes of these grants, the following areas may constitute a rural region: </p> <ul> <li> a micropolitan statistical area (i.e., at least 10,000 but fewer than 50,000 people);</li> <li> a collection of rural census tracts or counties that fall outside of a micropolitan or metropolitan statistical area (i.e., 50,000 people or more) and that demonstrate evidence of economic, social, and cultural cooperation; or</li> <li> an Indian reservation. </li> </ul> <p>To be eligible to receive a grant, a rural region must be certified by its state (or in the case of an Indian reservation, approved by USDA) after having formed a rural partnership council made up of representatives from across different sectors.</p> <p>USDA must provide each rural partnership council with training, education, support, and advice to enhance the technical assistance, research, organizational, and other capacities of the council.</p> <p>The bill also establishes a Rural Future Corps to (1) help rural communities expand critical services such as child care, health, nutrition assistance, education, and job training; and (2) strengthen the capacity of local governments and economic and community development organizations.</p>]]>
        </text>
      </summary>
    </summaries>
    <title>Rebuild Rural America Act of 2021</title>
    <titles>
      <item>
        <titleType>Display Title</titleType>
        <title>Rebuild Rural America Act of 2021</title>
      </item>
      <item>
        <titleType>Official Title as Introduced</titleType>
        <title>A bill to amend the Department of Agriculture Reorganization Act of 1994 to establish the Rural Innovation and Partnership Administration and to amend the Consolidated Farm and Rural Development Act to establish the Rural Future Partnership Fund to invest in the rural areas of the United States to achieve their preferred future while maximizing their contribution to the well-being of the United States, and for other purposes.</title>
        <billTextVersionName>Introduced in Senate</billTextVersionName>
        <billTextVersionCode>IS</billTextVersionCode>
      </item>
      <item>
        <titleType>Short Title(s) as Introduced</titleType>
        <title>Rebuild Rural America Act of 2021</title>
        <billTextVersionName>Introduced in Senate</billTextVersionName>
        <billTextVersionCode>IS</billTextVersionCode>
      </item>
    </titles>
    <textVersions>
      <item>
        <type>Introduced in Senate</type>
        <date>2021-02-25T05:00:00Z</date>
        <formats>
          <item>
            <url>https://www.govinfo.gov/content/pkg/BILLS-117s486is/xml/BILLS-117s486is.xml</url>
          </item>
        </formats>
      </item>
      <item>
        <date/>
        <formats/>
        <type/>
      </item>
    </textVersions>
    <latestAction>
      <actionDate>2021-02-25</actionDate>
      <text>Read twice and referred to the Committee on Agriculture, Nutrition, and Forestry.</text>
    </latestAction>
  </bill>
  <dublinCore xmlns:dc="http://purl.org/dc/elements/1.1/">
    <dc:format>text/xml</dc:format>
    <dc:language>EN</dc:language>
    <dc:rights>Pursuant to Title 17 Section 105 of the United States Code, this file is not subject to copyright protection and is in the public domain.</dc:rights>
    <dc:contributor>Congressional Research Service, Library of Congress</dc:contributor>
    <dc:description>This file contains bill summaries and statuses for federal legislation. A bill summary describes the most significant provisions of a piece of legislation and details the effects the legislative text may have on current law and federal programs. Bill summaries are authored by the Congressional Research Service (CRS) of the Library of Congress. As stated in Public Law 91-510 (2 USC 166 (d)(6)), one of the duties of CRS is "to prepare summaries and digests of bills and resolutions of a public general nature introduced in the Senate or House of Representatives". For more information, refer to the User Guide that accompanies this file.</dc:description>
  </dublinCore>
</billStatus>
