<?xml version="1.0" encoding="utf-8" standalone="no"?>
<billStatus>
  <version>3.0.0</version>
  <bill>
    <number>1084</number>
    <updateDate>2023-01-11T13:49:23Z</updateDate>
    <updateDateIncludingText>2023-01-11T13:49:23Z</updateDateIncludingText>
    <originChamber>Senate</originChamber>
    <type>S</type>
    <introducedDate>2021-04-13</introducedDate>
    <congress>117</congress>
    <committees>
      <item>
        <systemCode>ssas00</systemCode>
        <name>Armed Services Committee</name>
        <chamber>Senate</chamber>
        <type>Standing</type>
        <activities>
          <item>
            <name>Referred to</name>
            <date>2021-04-13T19:37:28Z</date>
          </item>
        </activities>
      </item>
    </committees>
    <relatedBills>
      <item>
        <title>Military Spouse Licensing Relief Act of 2021</title>
        <congress>117</congress>
        <number>2650</number>
        <type>HR</type>
        <latestAction>
          <actionDate>2022-05-18</actionDate>
          <text>Subcommittee Hearings Held.</text>
        </latestAction>
        <relationshipDetails>
          <item>
            <type>Related bill</type>
            <identifiedBy>CRS</identifiedBy>
          </item>
        </relationshipDetails>
      </item>
    </relatedBills>
    <actions>
      <item>
        <actionDate>2021-04-13</actionDate>
        <committees>
          <item>
            <systemCode>ssas00</systemCode>
            <name>Armed Services Committee</name>
          </item>
        </committees>
        <sourceSystem>
          <name>Senate</name>
        </sourceSystem>
        <text>Read twice and referred to the Committee on Armed Services.</text>
        <type>IntroReferral</type>
      </item>
      <item>
        <actionDate>2021-04-13</actionDate>
        <text>Introduced in Senate</text>
        <type>IntroReferral</type>
        <actionCode>10000</actionCode>
        <sourceSystem>
          <code>9</code>
          <name>Library of Congress</name>
        </sourceSystem>
      </item>
    </actions>
    <sponsors>
      <item>
        <bioguideId>L000577</bioguideId>
        <fullName>Sen. Lee, Mike [R-UT]</fullName>
        <firstName>Mike</firstName>
        <lastName>Lee</lastName>
        <party>R</party>
        <state>UT</state>
        <identifiers>
          <bioguideId>L000577</bioguideId>
        </identifiers>
        <isByRequest>N</isByRequest>
      </item>
    </sponsors>
    <cosponsors>
      <item>
        <bioguideId>B001261</bioguideId>
        <fullName>Sen. Barrasso, John [R-WY]</fullName>
        <firstName>John</firstName>
        <lastName>Barrasso</lastName>
        <party>R</party>
        <state>WY</state>
        <identifiers>
          <bioguideId>B001261</bioguideId>
        </identifiers>
        <sponsorshipDate>2021-04-13</sponsorshipDate>
        <isOriginalCosponsor>True</isOriginalCosponsor>
      </item>
      <item>
        <bioguideId>T000476</bioguideId>
        <fullName>Sen. Tillis, Thomas [R-NC]</fullName>
        <firstName>Thomas</firstName>
        <lastName>Tillis</lastName>
        <party>R</party>
        <state>NC</state>
        <identifiers>
          <bioguideId>T000476</bioguideId>
        </identifiers>
        <middleName>Roland</middleName>
        <sponsorshipDate>2021-04-13</sponsorshipDate>
        <isOriginalCosponsor>True</isOriginalCosponsor>
      </item>
      <item>
        <bioguideId>H001079</bioguideId>
        <fullName>Sen. Hyde-Smith, Cindy [R-MS]</fullName>
        <firstName>Cindy</firstName>
        <lastName>Hyde-Smith</lastName>
        <party>R</party>
        <state>MS</state>
        <identifiers>
          <bioguideId>H001079</bioguideId>
        </identifiers>
        <sponsorshipDate>2021-04-13</sponsorshipDate>
        <isOriginalCosponsor>True</isOriginalCosponsor>
      </item>
      <item>
        <bioguideId>C001095</bioguideId>
        <fullName>Sen. Cotton, Tom [R-AR]</fullName>
        <firstName>Tom</firstName>
        <lastName>Cotton</lastName>
        <party>R</party>
        <state>AR</state>
        <identifiers>
          <bioguideId>C001095</bioguideId>
        </identifiers>
        <sponsorshipDate>2021-04-13</sponsorshipDate>
        <isOriginalCosponsor>True</isOriginalCosponsor>
      </item>
      <item>
        <bioguideId>D000618</bioguideId>
        <fullName>Sen. Daines, Steve [R-MT]</fullName>
        <firstName>Steve</firstName>
        <lastName>Daines</lastName>
        <party>R</party>
        <state>MT</state>
        <identifiers>
          <bioguideId>D000618</bioguideId>
        </identifiers>
        <sponsorshipDate>2021-04-13</sponsorshipDate>
        <isOriginalCosponsor>True</isOriginalCosponsor>
      </item>
      <item>
        <bioguideId>B001243</bioguideId>
        <fullName>Sen. Blackburn, Marsha [R-TN]</fullName>
        <firstName>Marsha</firstName>
        <lastName>Blackburn</lastName>
        <party>R</party>
        <state>TN</state>
        <identifiers>
          <bioguideId>B001243</bioguideId>
        </identifiers>
        <sponsorshipDate>2021-04-13</sponsorshipDate>
        <isOriginalCosponsor>True</isOriginalCosponsor>
      </item>
      <item>
        <bioguideId>B001236</bioguideId>
        <fullName>Sen. Boozman, John [R-AR]</fullName>
        <firstName>John</firstName>
        <lastName>Boozman</lastName>
        <party>R</party>
        <state>AR</state>
        <identifiers>
          <bioguideId>B001236</bioguideId>
        </identifiers>
        <sponsorshipDate>2021-04-13</sponsorshipDate>
        <isOriginalCosponsor>True</isOriginalCosponsor>
      </item>
      <item>
        <bioguideId>R000595</bioguideId>
        <fullName>Sen. Rubio, Marco [R-FL]</fullName>
        <firstName>Marco</firstName>
        <lastName>Rubio</lastName>
        <party>R</party>
        <state>FL</state>
        <identifiers>
          <bioguideId>R000595</bioguideId>
        </identifiers>
        <sponsorshipDate>2021-04-13</sponsorshipDate>
        <isOriginalCosponsor>True</isOriginalCosponsor>
      </item>
      <item>
        <bioguideId>C001096</bioguideId>
        <fullName>Sen. Cramer, Kevin [R-ND]</fullName>
        <firstName>Kevin</firstName>
        <lastName>Cramer</lastName>
        <party>R</party>
        <state>ND</state>
        <identifiers>
          <bioguideId>C001096</bioguideId>
        </identifiers>
        <sponsorshipDate>2021-04-13</sponsorshipDate>
        <isOriginalCosponsor>True</isOriginalCosponsor>
      </item>
      <item>
        <bioguideId>B001310</bioguideId>
        <fullName>Sen. Braun, Mike [R-IN]</fullName>
        <firstName>Mike</firstName>
        <lastName>Braun</lastName>
        <party>R</party>
        <state>IN</state>
        <identifiers>
          <bioguideId>B001310</bioguideId>
        </identifiers>
        <sponsorshipDate>2021-04-13</sponsorshipDate>
        <isOriginalCosponsor>True</isOriginalCosponsor>
      </item>
      <item>
        <bioguideId>P000603</bioguideId>
        <fullName>Sen. Paul, Rand [R-KY]</fullName>
        <firstName>Rand</firstName>
        <lastName>Paul</lastName>
        <party>R</party>
        <state>KY</state>
        <identifiers>
          <bioguideId>P000603</bioguideId>
        </identifiers>
        <sponsorshipDate>2021-04-13</sponsorshipDate>
        <isOriginalCosponsor>True</isOriginalCosponsor>
      </item>
      <item>
        <bioguideId>T000250</bioguideId>
        <fullName>Sen. Thune, John [R-SD]</fullName>
        <firstName>John</firstName>
        <lastName>Thune</lastName>
        <party>R</party>
        <state>SD</state>
        <identifiers>
          <bioguideId>T000250</bioguideId>
        </identifiers>
        <middleName>R.</middleName>
        <sponsorshipDate>2021-04-13</sponsorshipDate>
        <isOriginalCosponsor>True</isOriginalCosponsor>
      </item>
      <item>
        <bioguideId>M001153</bioguideId>
        <fullName>Sen. Murkowski, Lisa [R-AK]</fullName>
        <firstName>Lisa</firstName>
        <lastName>Murkowski</lastName>
        <party>R</party>
        <state>AK</state>
        <identifiers>
          <bioguideId>M001153</bioguideId>
        </identifiers>
        <sponsorshipDate>2021-04-13</sponsorshipDate>
        <isOriginalCosponsor>True</isOriginalCosponsor>
      </item>
      <item>
        <bioguideId>L000571</bioguideId>
        <fullName>Sen. Lummis, Cynthia M. [R-WY]</fullName>
        <firstName>Cynthia</firstName>
        <lastName>Lummis</lastName>
        <party>R</party>
        <state>WY</state>
        <identifiers>
          <bioguideId>L000571</bioguideId>
        </identifiers>
        <middleName>M.</middleName>
        <sponsorshipDate>2021-04-13</sponsorshipDate>
        <isOriginalCosponsor>True</isOriginalCosponsor>
      </item>
      <item>
        <bioguideId>H001061</bioguideId>
        <fullName>Sen. Hoeven, John [R-ND]</fullName>
        <firstName>John</firstName>
        <lastName>Hoeven</lastName>
        <party>R</party>
        <state>ND</state>
        <identifiers>
          <bioguideId>H001061</bioguideId>
        </identifiers>
        <sponsorshipDate>2021-04-13</sponsorshipDate>
        <isOriginalCosponsor>True</isOriginalCosponsor>
      </item>
      <item>
        <bioguideId>R000615</bioguideId>
        <fullName>Sen. Romney, Mitt [R-UT]</fullName>
        <firstName>Mitt</firstName>
        <lastName>Romney</lastName>
        <party>R</party>
        <state>UT</state>
        <identifiers>
          <bioguideId>R000615</bioguideId>
        </identifiers>
        <sponsorshipDate>2021-04-13</sponsorshipDate>
        <isOriginalCosponsor>True</isOriginalCosponsor>
      </item>
      <item>
        <bioguideId>F000062</bioguideId>
        <fullName>Sen. Feinstein, Dianne [D-CA]</fullName>
        <firstName>Dianne</firstName>
        <lastName>Feinstein</lastName>
        <party>D</party>
        <state>CA</state>
        <identifiers>
          <bioguideId>F000062</bioguideId>
        </identifiers>
        <sponsorshipDate>2021-04-13</sponsorshipDate>
        <isOriginalCosponsor>True</isOriginalCosponsor>
      </item>
      <item>
        <bioguideId>C001098</bioguideId>
        <fullName>Sen. Cruz, Ted [R-TX]</fullName>
        <firstName>Ted</firstName>
        <lastName>Cruz</lastName>
        <party>R</party>
        <state>TX</state>
        <identifiers>
          <bioguideId>C001098</bioguideId>
        </identifiers>
        <sponsorshipDate>2021-04-13</sponsorshipDate>
        <isOriginalCosponsor>True</isOriginalCosponsor>
      </item>
      <item>
        <bioguideId>M000934</bioguideId>
        <fullName>Sen. Moran, Jerry [R-KS]</fullName>
        <firstName>Jerry</firstName>
        <lastName>Moran</lastName>
        <party>R</party>
        <state>KS</state>
        <identifiers>
          <bioguideId>M000934</bioguideId>
        </identifiers>
        <sponsorshipDate>2021-04-13</sponsorshipDate>
        <isOriginalCosponsor>True</isOriginalCosponsor>
      </item>
      <item>
        <bioguideId>W000437</bioguideId>
        <fullName>Sen. Wicker, Roger F. [R-MS]</fullName>
        <firstName>Roger</firstName>
        <lastName>Wicker</lastName>
        <party>R</party>
        <state>MS</state>
        <identifiers>
          <bioguideId>W000437</bioguideId>
        </identifiers>
        <middleName>F.</middleName>
        <sponsorshipDate>2021-04-13</sponsorshipDate>
        <isOriginalCosponsor>True</isOriginalCosponsor>
      </item>
      <item>
        <bioguideId>E000295</bioguideId>
        <fullName>Sen. Ernst, Joni [R-IA]</fullName>
        <firstName>Joni</firstName>
        <lastName>Ernst</lastName>
        <party>R</party>
        <state>IA</state>
        <identifiers>
          <bioguideId>E000295</bioguideId>
        </identifiers>
        <sponsorshipDate>2021-04-13</sponsorshipDate>
        <isOriginalCosponsor>True</isOriginalCosponsor>
      </item>
      <item>
        <bioguideId>R000584</bioguideId>
        <fullName>Sen. Risch, James E. [R-ID]</fullName>
        <firstName>James</firstName>
        <lastName>Risch</lastName>
        <party>R</party>
        <state>ID</state>
        <identifiers>
          <bioguideId>R000584</bioguideId>
        </identifiers>
        <middleName>E.</middleName>
        <sponsorshipDate>2021-04-13</sponsorshipDate>
        <isOriginalCosponsor>True</isOriginalCosponsor>
      </item>
      <item>
        <bioguideId>L000575</bioguideId>
        <fullName>Sen. Lankford, James [R-OK]</fullName>
        <firstName>James</firstName>
        <lastName>Lankford</lastName>
        <party>R</party>
        <state>OK</state>
        <identifiers>
          <bioguideId>L000575</bioguideId>
        </identifiers>
        <sponsorshipDate>2021-04-14</sponsorshipDate>
        <isOriginalCosponsor>False</isOriginalCosponsor>
      </item>
      <item>
        <bioguideId>T000461</bioguideId>
        <fullName>Sen. Toomey, Patrick [R-PA]</fullName>
        <firstName>Patrick</firstName>
        <lastName>Toomey</lastName>
        <party>R</party>
        <state>PA</state>
        <identifiers>
          <bioguideId>T000461</bioguideId>
        </identifiers>
        <middleName>J.</middleName>
        <sponsorshipDate>2021-04-27</sponsorshipDate>
        <isOriginalCosponsor>False</isOriginalCosponsor>
      </item>
      <item>
        <bioguideId>S001198</bioguideId>
        <fullName>Sen. Sullivan, Dan [R-AK]</fullName>
        <firstName>Dan</firstName>
        <lastName>Sullivan</lastName>
        <party>R</party>
        <state>AK</state>
        <identifiers>
          <bioguideId>S001198</bioguideId>
        </identifiers>
        <sponsorshipDate>2021-04-27</sponsorshipDate>
        <isOriginalCosponsor>False</isOriginalCosponsor>
      </item>
      <item>
        <bioguideId>C000880</bioguideId>
        <fullName>Sen. Crapo, Mike [R-ID]</fullName>
        <firstName>Mike</firstName>
        <lastName>Crapo</lastName>
        <party>R</party>
        <state>ID</state>
        <identifiers>
          <bioguideId>C000880</bioguideId>
        </identifiers>
        <sponsorshipDate>2021-04-27</sponsorshipDate>
        <isOriginalCosponsor>False</isOriginalCosponsor>
      </item>
      <item>
        <bioguideId>W000790</bioguideId>
        <fullName>Sen. Warnock, Raphael G. [D-GA]</fullName>
        <firstName>Raphael</firstName>
        <lastName>Warnock</lastName>
        <party>D</party>
        <state>GA</state>
        <identifiers>
          <bioguideId>W000790</bioguideId>
        </identifiers>
        <middleName>G.</middleName>
        <sponsorshipDate>2021-06-16</sponsorshipDate>
        <isOriginalCosponsor>False</isOriginalCosponsor>
      </item>
      <item>
        <bioguideId>O000174</bioguideId>
        <fullName>Sen. Ossoff, Jon [D-GA]</fullName>
        <firstName>Jon</firstName>
        <lastName>Ossoff</lastName>
        <party>D</party>
        <state>GA</state>
        <identifiers>
          <bioguideId>O000174</bioguideId>
        </identifiers>
        <sponsorshipDate>2022-02-14</sponsorshipDate>
        <isOriginalCosponsor>False</isOriginalCosponsor>
      </item>
    </cosponsors>
    <policyArea>
      <name>Armed Forces and National Security</name>
    </policyArea>
    <subjects>
      <legislativeSubjects>
        <item>
          <name>Intergovernmental relations</name>
        </item>
        <item>
          <name>Licensing and registrations</name>
        </item>
        <item>
          <name>Military personnel and dependents</name>
        </item>
        <item>
          <name>State and local government operations</name>
        </item>
      </legislativeSubjects>
      <policyArea>
        <name>Armed Forces and National Security</name>
      </policyArea>
    </subjects>
    <summaries>
      <summary>
        <versionCode>00</versionCode>
        <actionDate>2021-04-13</actionDate>
        <actionDesc>Introduced in Senate</actionDesc>
        <updateDate>2021-07-02T16:49:21Z</updateDate>
        <text>
          <![CDATA[ <p><b>Military Spouse Licensing Relief Act of 2021</b></p> <p>This bill provides for the portability of professional licenses of service members and their spouses who are relocated, because of military orders, outside of the jurisdiction that issued the license.</p> <p>Specifically, a professional license in good standing of a service member or spouse shall be considered valid at a similar scope of practice and in the discipline applied for in the new jurisdiction for the duration of such military orders. </p> <p>To establish and maintain eligibility, a service member or spouse must (1) provide a copy of the military orders to the licensing authority in the new jurisdiction; (2) remain in good standing with the licensing authority that issued the license; and (3) submit to the authority of the licensing authority in the new jurisdiction for the purposes of standards of practice, discipline, and fulfillment of any continuing education requirements.</p> <p>The bill also provides that if a service member or spouse is licensed to operate in multiple jurisdictions through an interstate licensure compact, the service member or spouse is subject to the requirements of the compact or the applicable provisions of the state law rather than the provisions of this bill.</p>]]>
        </text>
      </summary>
    </summaries>
    <title>Military Spouse Licensing Relief Act of 2021</title>
    <titles>
      <item>
        <titleType>Display Title</titleType>
        <title>Military Spouse Licensing Relief Act of 2021</title>
      </item>
      <item>
        <titleType>Official Title as Introduced</titleType>
        <title>A bill to amend the Servicemembers Civil Relief Act to provide for the portability of professional licenses of members of the uniformed services and their spouses, and for other purposes.</title>
        <billTextVersionName>Introduced in Senate</billTextVersionName>
        <billTextVersionCode>IS</billTextVersionCode>
      </item>
      <item>
        <titleType>Short Title(s) as Introduced</titleType>
        <title>Military Spouse Licensing Relief Act of 2021</title>
        <billTextVersionName>Introduced in Senate</billTextVersionName>
        <billTextVersionCode>IS</billTextVersionCode>
      </item>
    </titles>
    <textVersions>
      <item>
        <type>Introduced in Senate</type>
        <date>2021-04-13T04:00:00Z</date>
        <formats>
          <item>
            <url>https://www.govinfo.gov/content/pkg/BILLS-117s1084is/xml/BILLS-117s1084is.xml</url>
          </item>
        </formats>
      </item>
      <item>
        <date/>
        <formats/>
        <type/>
      </item>
    </textVersions>
    <latestAction>
      <actionDate>2021-04-13</actionDate>
      <text>Read twice and referred to the Committee on Armed Services.</text>
    </latestAction>
  </bill>
  <dublinCore xmlns:dc="http://purl.org/dc/elements/1.1/">
    <dc:format>text/xml</dc:format>
    <dc:language>EN</dc:language>
    <dc:rights>Pursuant to Title 17 Section 105 of the United States Code, this file is not subject to copyright protection and is in the public domain.</dc:rights>
    <dc:contributor>Congressional Research Service, Library of Congress</dc:contributor>
    <dc:description>This file contains bill summaries and statuses for federal legislation. A bill summary describes the most significant provisions of a piece of legislation and details the effects the legislative text may have on current law and federal programs. Bill summaries are authored by the Congressional Research Service (CRS) of the Library of Congress. As stated in Public Law 91-510 (2 USC 166 (d)(6)), one of the duties of CRS is "to prepare summaries and digests of bills and resolutions of a public general nature introduced in the Senate or House of Representatives". For more information, refer to the User Guide that accompanies this file.</dc:description>
  </dublinCore>
</billStatus>
