<?xml version="1.0" encoding="utf-8" standalone="no"?>
<billStatus>
  <version>3.0.0</version>
  <bill>
    <number>73</number>
    <updateDate>2023-01-21T15:26:14Z</updateDate>
    <updateDateIncludingText>2023-01-21T15:26:14Z</updateDateIncludingText>
    <originChamber>Senate</originChamber>
    <type>S</type>
    <introducedDate>2021-01-27</introducedDate>
    <congress>117</congress>
    <committees>
      <item>
        <systemCode>ssga00</systemCode>
        <name>Homeland Security and Governmental Affairs Committee</name>
        <chamber>Senate</chamber>
        <type>Standing</type>
        <activities>
          <item>
            <name>Reported by</name>
            <date>2022-12-19T21:14:02Z</date>
          </item>
          <item>
            <name>Markup by</name>
            <date>2021-05-12T13:30:06Z</date>
          </item>
          <item>
            <name>Referred to</name>
            <date>2021-01-27T22:29:45Z</date>
          </item>
        </activities>
      </item>
    </committees>
    <committeeReports>
      <committeeReport>
        <citation>S. Rept. 117-267</citation>
      </committeeReport>
    </committeeReports>
    <relatedBills>
      <item>
        <title>SAFE Drones Act</title>
        <congress>117</congress>
        <number>5640</number>
        <type>HR</type>
        <latestAction>
          <actionDate>2021-10-20</actionDate>
          <text>Referred to the House Committee on Oversight and Reform.</text>
        </latestAction>
        <relationshipDetails>
          <item>
            <type>Related bill</type>
            <identifiedBy>CRS</identifiedBy>
          </item>
        </relationshipDetails>
      </item>
      <item>
        <title>United States Innovation and Competition Act of 2021</title>
        <congress>117</congress>
        <number>4521</number>
        <type>HR</type>
        <latestAction>
          <actionDate>2022-05-05</actionDate>
          <text>Message on Senate action sent to the House.</text>
        </latestAction>
        <relationshipDetails>
          <item>
            <type>Related bill</type>
            <identifiedBy>CRS</identifiedBy>
          </item>
        </relationshipDetails>
      </item>
    </relatedBills>
    <actions>
      <item>
        <actionDate>2022-12-19</actionDate>
        <sourceSystem>
          <name>Senate</name>
        </sourceSystem>
        <text>Placed on Senate Legislative Calendar under General Orders. Calendar No. 666.</text>
        <type>Calendars</type>
      </item>
      <item>
        <actionDate>2022-12-19</actionDate>
        <committees>
          <item>
            <systemCode>ssga00</systemCode>
            <name>Homeland Security and Governmental Affairs Committee</name>
          </item>
        </committees>
        <sourceSystem>
          <name>Senate</name>
        </sourceSystem>
        <text>Committee on Homeland Security and Governmental Affairs. Reported by Senator Peters without amendment. With written report No. 117-267.</text>
        <type>Committee</type>
      </item>
      <item>
        <actionDate>2022-12-19</actionDate>
        <text>Committee on Homeland Security and Governmental Affairs. Reported by Senator Peters without amendment. With written report No. 117-267.</text>
        <type>Committee</type>
        <actionCode>14000</actionCode>
        <sourceSystem>
          <code>9</code>
          <name>Library of Congress</name>
        </sourceSystem>
        <committees>
          <item>
            <systemCode>ssga00</systemCode>
            <name>Homeland Security and Governmental Affairs Committee</name>
          </item>
        </committees>
      </item>
      <item>
        <actionDate>2021-05-12</actionDate>
        <committees>
          <item>
            <systemCode>ssga00</systemCode>
            <name>Homeland Security and Governmental Affairs Committee</name>
          </item>
        </committees>
        <sourceSystem>
          <name>Senate</name>
        </sourceSystem>
        <text>Committee on Homeland Security and Governmental Affairs. Ordered to be reported without amendment favorably.</text>
        <type>Committee</type>
      </item>
      <item>
        <actionDate>2021-01-27</actionDate>
        <committees>
          <item>
            <systemCode>ssga00</systemCode>
            <name>Homeland Security and Governmental Affairs Committee</name>
          </item>
        </committees>
        <sourceSystem>
          <name>Senate</name>
        </sourceSystem>
        <text>Read twice and referred to the Committee on Homeland Security and Governmental Affairs.</text>
        <type>IntroReferral</type>
      </item>
      <item>
        <actionDate>2021-01-27</actionDate>
        <text>Introduced in Senate</text>
        <type>IntroReferral</type>
        <actionCode>10000</actionCode>
        <sourceSystem>
          <code>9</code>
          <name>Library of Congress</name>
        </sourceSystem>
      </item>
    </actions>
    <sponsors>
      <item>
        <bioguideId>S001217</bioguideId>
        <fullName>Sen. Scott, Rick [R-FL]</fullName>
        <firstName>Rick</firstName>
        <lastName>Scott</lastName>
        <party>R</party>
        <state>FL</state>
        <identifiers>
          <bioguideId>S001217</bioguideId>
        </identifiers>
        <isByRequest>N</isByRequest>
      </item>
    </sponsors>
    <cosponsors>
      <item>
        <bioguideId>R000595</bioguideId>
        <fullName>Sen. Rubio, Marco [R-FL]</fullName>
        <firstName>Marco</firstName>
        <lastName>Rubio</lastName>
        <party>R</party>
        <state>FL</state>
        <identifiers>
          <bioguideId>R000595</bioguideId>
        </identifiers>
        <sponsorshipDate>2021-01-27</sponsorshipDate>
        <isOriginalCosponsor>True</isOriginalCosponsor>
      </item>
      <item>
        <bioguideId>C001095</bioguideId>
        <fullName>Sen. Cotton, Tom [R-AR]</fullName>
        <firstName>Tom</firstName>
        <lastName>Cotton</lastName>
        <party>R</party>
        <state>AR</state>
        <identifiers>
          <bioguideId>C001095</bioguideId>
        </identifiers>
        <sponsorshipDate>2021-01-27</sponsorshipDate>
        <isOriginalCosponsor>True</isOriginalCosponsor>
      </item>
      <item>
        <bioguideId>B001243</bioguideId>
        <fullName>Sen. Blackburn, Marsha [R-TN]</fullName>
        <firstName>Marsha</firstName>
        <lastName>Blackburn</lastName>
        <party>R</party>
        <state>TN</state>
        <identifiers>
          <bioguideId>B001243</bioguideId>
        </identifiers>
        <sponsorshipDate>2021-01-27</sponsorshipDate>
        <isOriginalCosponsor>True</isOriginalCosponsor>
      </item>
      <item>
        <bioguideId>B001277</bioguideId>
        <fullName>Sen. Blumenthal, Richard [D-CT]</fullName>
        <firstName>Richard</firstName>
        <lastName>Blumenthal</lastName>
        <party>D</party>
        <state>CT</state>
        <identifiers>
          <bioguideId>B001277</bioguideId>
        </identifiers>
        <sponsorshipDate>2021-01-27</sponsorshipDate>
        <isOriginalCosponsor>True</isOriginalCosponsor>
      </item>
      <item>
        <bioguideId>M001169</bioguideId>
        <fullName>Sen. Murphy, Christopher [D-CT]</fullName>
        <firstName>Christopher</firstName>
        <lastName>Murphy</lastName>
        <party>D</party>
        <state>CT</state>
        <identifiers>
          <bioguideId>M001169</bioguideId>
        </identifiers>
        <middleName>S.</middleName>
        <sponsorshipDate>2021-01-27</sponsorshipDate>
        <isOriginalCosponsor>True</isOriginalCosponsor>
      </item>
      <item>
        <bioguideId>H001089</bioguideId>
        <fullName>Sen. Hawley, Josh [R-MO]</fullName>
        <firstName>Josh</firstName>
        <lastName>Hawley</lastName>
        <party>R</party>
        <state>MO</state>
        <identifiers>
          <bioguideId>H001089</bioguideId>
        </identifiers>
        <sponsorshipDate>2021-01-27</sponsorshipDate>
        <isOriginalCosponsor>True</isOriginalCosponsor>
      </item>
    </cosponsors>
    <policyArea>
      <name>Government Operations and Politics</name>
    </policyArea>
    <subjects>
      <legislativeSubjects>
        <item>
          <name>Administrative law and regulatory procedures</name>
        </item>
        <item>
          <name>Asia</name>
        </item>
        <item>
          <name>Aviation and airports</name>
        </item>
        <item>
          <name>China</name>
        </item>
        <item>
          <name>Computer security and identity theft</name>
        </item>
        <item>
          <name>Congressional oversight</name>
        </item>
        <item>
          <name>Department of Homeland Security</name>
        </item>
        <item>
          <name>Economic performance and conditions</name>
        </item>
        <item>
          <name>Foreign and international corporations</name>
        </item>
        <item>
          <name>Government information and archives</name>
        </item>
        <item>
          <name>Government studies and investigations</name>
        </item>
        <item>
          <name>Homeland security</name>
        </item>
        <item>
          <name>Intelligence activities, surveillance, classified information</name>
        </item>
        <item>
          <name>Military procurement, research, weapons development</name>
        </item>
        <item>
          <name>Public contracts and procurement</name>
        </item>
      </legislativeSubjects>
      <policyArea>
        <name>Government Operations and Politics</name>
      </policyArea>
    </subjects>
    <summaries>
      <summary>
        <versionCode>00</versionCode>
        <actionDate>2021-01-27</actionDate>
        <actionDesc>Introduced in Senate</actionDesc>
        <updateDate>2021-02-24T18:21:11Z</updateDate>
        <text>
          <![CDATA[ <p><b>American Security Drone Act of 2021</b></p> <p>This bill bans the procurement or use by the federal government of unmanned aircraft systems (UAS) that are manufactured or assembled by certain entities, including entities subject to influence or control by China, with exceptions.</p> <p>The ban includes associated elements that are required for the operator to operate safely and efficiently in the national airspace system.</p> <p>The Department of Homeland Security, the Department of Defense, and the Department of Justice are exempt from the restriction under specified circumstances. The bill sets forth further exemptions regarding the Federal Aviation Administration, the National Transportation Safety Board, and the National Oceanic Atmospheric Administration.</p> <p>Federal funds may not be used to procure certain UAS from a foreign entity, with exceptions. All executive agencies must account for existing inventories of UAS manufactured or assembled by a foreign entity in their personal property accounting systems. Inventory data related to UAS manufactured or assembled by a foreign entity may be tracked at a classified level. </p> <p>The Federal Acquisition Regulatory Council shall prescribe regulations or guidance to implement this bill's requirements pertaining to federal contracts.</p> <p>Government-issued purchase cards may not be used to procure any UAS from a foreign entity.</p> <p>The Office of Management and Budget shall (1) establish a government-wide policy for the procurement of UAS, taking into account information security; and (2) contract with a federally funded research and development center to study certain UAS-related issues.]]>
        </text>
      </summary>
      <summary>
        <versionCode>25</versionCode>
        <actionDate>2022-12-19</actionDate>
        <actionDesc>Reported to Senate</actionDesc>
        <updateDate>2023-01-03T17:41:23Z</updateDate>
        <text>
          <![CDATA[ <p><b>American Security Drone Act of 2021</b></p> <p>This bill bans the procurement or use by the federal government of unmanned aircraft systems (UAS) that are manufactured or assembled by certain entities, including entities subject to influence or control by China, with exceptions.</p> <p>The ban includes associated elements that are required for the operator to operate safely and efficiently in the national airspace system.</p> <p>The Department of Homeland Security, the Department of Defense, and the Department of Justice are exempt from the restriction under specified circumstances. The bill sets forth further exemptions regarding the Federal Aviation Administration, the National Transportation Safety Board, and the National Oceanic Atmospheric Administration.</p> <p>Federal funds may not be used to procure certain UAS from a foreign entity, with exceptions. All executive agencies must account for existing inventories of UAS manufactured or assembled by a foreign entity in their personal property accounting systems. Inventory data related to UAS manufactured or assembled by a foreign entity may be tracked at a classified level. </p> <p>The Federal Acquisition Regulatory Council shall prescribe regulations or guidance to implement this bill's requirements pertaining to federal contracts.</p> <p>Government-issued purchase cards may not be used to procure any UAS from a foreign entity.</p> <p>The Office of Management and Budget shall (1) establish a government-wide policy for the procurement of UAS, taking into account information security; and (2) contract with a federally funded research and development center to study certain UAS-related issues.]]>
        </text>
      </summary>
    </summaries>
    <title>American Security Drone Act of 2021</title>
    <titles>
      <item>
        <titleType>Display Title</titleType>
        <title>American Security Drone Act of 2021</title>
      </item>
      <item>
        <titleType>Official Title as Introduced</titleType>
        <title>A bill to ban the Federal procurement of certain drones and other unmanned aircraft systems, and for other purposes.</title>
        <billTextVersionName>Introduced in Senate</billTextVersionName>
        <billTextVersionCode>IS</billTextVersionCode>
      </item>
      <item>
        <titleType>Short Title(s) as Reported to Senate</titleType>
        <title>American Security Drone Act of 2021</title>
        <chamberCode>S</chamberCode>
        <chamberName>Senate</chamberName>
        <billTextVersionName>Reported to Senate</billTextVersionName>
        <billTextVersionCode>RS</billTextVersionCode>
      </item>
      <item>
        <titleType>Short Title(s) as Introduced</titleType>
        <title>American Security Drone Act of 2021</title>
        <billTextVersionName>Introduced in Senate</billTextVersionName>
        <billTextVersionCode>IS</billTextVersionCode>
      </item>
    </titles>
    <textVersions>
      <item>
        <type>Reported to Senate</type>
        <date>2022-12-19T05:00:00Z</date>
        <formats>
          <item>
            <url>https://www.govinfo.gov/content/pkg/BILLS-117s73rs/xml/BILLS-117s73rs.xml</url>
          </item>
        </formats>
      </item>
      <item>
        <type>Introduced in Senate</type>
        <date>2021-01-27T05:00:00Z</date>
        <formats>
          <item>
            <url>https://www.govinfo.gov/content/pkg/BILLS-117s73is/xml/BILLS-117s73is.xml</url>
          </item>
        </formats>
      </item>
      <item>
        <date/>
        <formats/>
        <type/>
      </item>
    </textVersions>
    <latestAction>
      <actionDate>2022-12-19</actionDate>
      <text>Placed on Senate Legislative Calendar under General Orders. Calendar No. 666.</text>
    </latestAction>
  </bill>
  <dublinCore xmlns:dc="http://purl.org/dc/elements/1.1/">
    <dc:format>text/xml</dc:format>
    <dc:language>EN</dc:language>
    <dc:rights>Pursuant to Title 17 Section 105 of the United States Code, this file is not subject to copyright protection and is in the public domain.</dc:rights>
    <dc:contributor>Congressional Research Service, Library of Congress</dc:contributor>
    <dc:description>This file contains bill summaries and statuses for federal legislation. A bill summary describes the most significant provisions of a piece of legislation and details the effects the legislative text may have on current law and federal programs. Bill summaries are authored by the Congressional Research Service (CRS) of the Library of Congress. As stated in Public Law 91-510 (2 USC 166 (d)(6)), one of the duties of CRS is "to prepare summaries and digests of bills and resolutions of a public general nature introduced in the Senate or House of Representatives". For more information, refer to the User Guide that accompanies this file.</dc:description>
  </dublinCore>
</billStatus>
