<?xml version="1.0" encoding="utf-8" standalone="no"?>
<billStatus>
  <version>3.0.0</version>
  <bill>
    <number>332</number>
    <updateDate>2023-01-11T13:46:35Z</updateDate>
    <updateDateIncludingText>2023-01-11T13:46:35Z</updateDateIncludingText>
    <originChamber>Senate</originChamber>
    <type>S</type>
    <introducedDate>2021-02-22</introducedDate>
    <congress>117</congress>
    <committees>
      <item>
        <systemCode>ssfr00</systemCode>
        <name>Foreign Relations Committee</name>
        <chamber>Senate</chamber>
        <type>Standing</type>
        <activities>
          <item>
            <name>Referred to</name>
            <date>2021-02-22T22:29:14Z</date>
          </item>
        </activities>
      </item>
    </committees>
    <relatedBills>
      <item>
        <title>Taiwan Invasion Prevention Act</title>
        <congress>117</congress>
        <number>1173</number>
        <type>HR</type>
        <latestAction>
          <actionDate>2021-02-18</actionDate>
          <text>Referred to the Committee on Foreign Affairs, and in addition to the Committees on Armed Services, and Ways and Means, for a period to be subsequently determined by the Speaker, in each case for consideration of such provisions as fall within the jurisdiction of the committee concerned.</text>
        </latestAction>
        <relationshipDetails>
          <item>
            <type>Related bill</type>
            <identifiedBy>CRS</identifiedBy>
          </item>
        </relationshipDetails>
      </item>
    </relatedBills>
    <actions>
      <item>
        <actionDate>2021-02-22</actionDate>
        <committees>
          <item>
            <systemCode>ssfr00</systemCode>
            <name>Foreign Relations Committee</name>
          </item>
        </committees>
        <sourceSystem>
          <name>Senate</name>
        </sourceSystem>
        <text>Read twice and referred to the Committee on Foreign Relations.</text>
        <type>IntroReferral</type>
      </item>
      <item>
        <actionDate>2021-02-22</actionDate>
        <text>Introduced in Senate</text>
        <type>IntroReferral</type>
        <actionCode>10000</actionCode>
        <sourceSystem>
          <code>9</code>
          <name>Library of Congress</name>
        </sourceSystem>
      </item>
    </actions>
    <sponsors>
      <item>
        <bioguideId>S001217</bioguideId>
        <fullName>Sen. Scott, Rick [R-FL]</fullName>
        <firstName>Rick</firstName>
        <lastName>Scott</lastName>
        <party>R</party>
        <state>FL</state>
        <identifiers>
          <bioguideId>S001217</bioguideId>
        </identifiers>
        <isByRequest>N</isByRequest>
      </item>
    </sponsors>
    <policyArea>
      <name>International Affairs</name>
    </policyArea>
    <subjects>
      <legislativeSubjects>
        <item>
          <name>Alliances</name>
        </item>
        <item>
          <name>Asia</name>
        </item>
        <item>
          <name>China</name>
        </item>
        <item>
          <name>Computer security and identity theft</name>
        </item>
        <item>
          <name>Congressional operations and organization</name>
        </item>
        <item>
          <name>Congressional oversight</name>
        </item>
        <item>
          <name>Defense spending</name>
        </item>
        <item>
          <name>Diplomacy, foreign officials, Americans abroad</name>
        </item>
        <item>
          <name>Foreign aid and international relief</name>
        </item>
        <item>
          <name>Military assistance, sales, and agreements</name>
        </item>
        <item>
          <name>Military education and training</name>
        </item>
        <item>
          <name>Military operations and strategy</name>
        </item>
        <item>
          <name>Military personnel and dependents</name>
        </item>
        <item>
          <name>Military procurement, research, weapons development</name>
        </item>
        <item>
          <name>Military readiness</name>
        </item>
        <item>
          <name>National Guard and reserves</name>
        </item>
        <item>
          <name>Presidents and presidential powers, Vice Presidents</name>
        </item>
        <item>
          <name>Sovereignty, recognition, national governance and status</name>
        </item>
        <item>
          <name>Taiwan</name>
        </item>
        <item>
          <name>Trade agreements and negotiations</name>
        </item>
        <item>
          <name>War and emergency powers</name>
        </item>
      </legislativeSubjects>
      <policyArea>
        <name>International Affairs</name>
      </policyArea>
    </subjects>
    <summaries>
      <summary>
        <versionCode>00</versionCode>
        <actionDate>2021-02-22</actionDate>
        <actionDesc>Introduced in Senate</actionDesc>
        <updateDate>2021-07-26T23:05:08Z</updateDate>
        <text>
          <![CDATA[ <p><b>Taiwan Invasion Prevention Act</b></p> <p>This bill authorizes the President to use the Armed Forces to defend Taiwan against a direct attack by China's military, a taking of Taiwan's territory by China, or a threat that endangers the lives of civilians in Taiwan or members of Taiwan's military. The bill also directs the Department of Defense to convene an annual regional security dialogue with Taiwan and other partners to improve U.S. security relationships with countries in the Western Pacific. </p> <p>(China considers Taiwan a part of China.)</p>]]>
        </text>
      </summary>
    </summaries>
    <title>Taiwan Invasion Prevention Act</title>
    <titles>
      <item>
        <titleType>Display Title</titleType>
        <title>Taiwan Invasion Prevention Act</title>
      </item>
      <item>
        <titleType>Official Title as Introduced</titleType>
        <title>A bill to authorize the President to use military force for the purpose of securing and defending Taiwan against armed attack, and for other purposes.</title>
        <billTextVersionName>Introduced in Senate</billTextVersionName>
        <billTextVersionCode>IS</billTextVersionCode>
      </item>
      <item>
        <titleType>Short Title(s) as Introduced</titleType>
        <title>Taiwan Invasion Prevention Act</title>
        <billTextVersionName>Introduced in Senate</billTextVersionName>
        <billTextVersionCode>IS</billTextVersionCode>
      </item>
    </titles>
    <textVersions>
      <item>
        <type>Introduced in Senate</type>
        <date>2021-02-22T05:00:00Z</date>
        <formats>
          <item>
            <url>https://www.govinfo.gov/content/pkg/BILLS-117s332is/xml/BILLS-117s332is.xml</url>
          </item>
        </formats>
      </item>
      <item>
        <date/>
        <formats/>
        <type/>
      </item>
    </textVersions>
    <latestAction>
      <actionDate>2021-02-22</actionDate>
      <text>Read twice and referred to the Committee on Foreign Relations.</text>
    </latestAction>
  </bill>
  <dublinCore xmlns:dc="http://purl.org/dc/elements/1.1/">
    <dc:format>text/xml</dc:format>
    <dc:language>EN</dc:language>
    <dc:rights>Pursuant to Title 17 Section 105 of the United States Code, this file is not subject to copyright protection and is in the public domain.</dc:rights>
    <dc:contributor>Congressional Research Service, Library of Congress</dc:contributor>
    <dc:description>This file contains bill summaries and statuses for federal legislation. A bill summary describes the most significant provisions of a piece of legislation and details the effects the legislative text may have on current law and federal programs. Bill summaries are authored by the Congressional Research Service (CRS) of the Library of Congress. As stated in Public Law 91-510 (2 USC 166 (d)(6)), one of the duties of CRS is "to prepare summaries and digests of bills and resolutions of a public general nature introduced in the Senate or House of Representatives". For more information, refer to the User Guide that accompanies this file.</dc:description>
  </dublinCore>
</billStatus>
