<?xml version="1.0" encoding="utf-8" standalone="no"?>
<billStatus>
  <version>3.0.0</version>
  <bill>
    <number>140</number>
    <updateDate>2023-01-11T13:47:31Z</updateDate>
    <updateDateIncludingText>2023-01-11T13:47:31Z</updateDateIncludingText>
    <originChamber>Senate</originChamber>
    <type>S</type>
    <introducedDate>2021-01-28</introducedDate>
    <congress>117</congress>
    <committees>
      <item>
        <systemCode>sscm00</systemCode>
        <name>Commerce, Science, and Transportation Committee</name>
        <chamber>Senate</chamber>
        <type>Standing</type>
        <activities>
          <item>
            <name>Reported by</name>
            <date>2021-12-17T20:06:58Z</date>
          </item>
          <item>
            <name>Markup by</name>
            <date>2021-05-12T14:00:04Z</date>
          </item>
          <item>
            <name>Referred to</name>
            <date>2021-01-28T21:13:14Z</date>
          </item>
        </activities>
      </item>
    </committees>
    <committeeReports>
      <committeeReport>
        <citation>S. Rept. 117-74</citation>
      </committeeReport>
    </committeeReports>
    <relatedBills>
      <item>
        <title>BLUE GLOBE Act</title>
        <congress>117</congress>
        <number>3748</number>
        <type>HR</type>
        <latestAction>
          <actionDate>2021-06-22</actionDate>
          <text>Committee Hearings Held.</text>
        </latestAction>
        <relationshipDetails>
          <item>
            <type>Identical bill</type>
            <identifiedBy>CRS</identifiedBy>
          </item>
        </relationshipDetails>
      </item>
    </relatedBills>
    <actions>
      <item>
        <actionDate>2022-02-15</actionDate>
        <committees>
          <item>
            <systemCode>sscm00</systemCode>
            <name>Commerce, Science, and Transportation Committee</name>
          </item>
        </committees>
        <sourceSystem>
          <name>Senate</name>
        </sourceSystem>
        <text>By Senator Cantwell from Committee on Commerce, Science, and Transportation filed written report. Report No. 117-74.</text>
        <type>Floor</type>
      </item>
      <item>
        <actionDate>2022-02-15</actionDate>
        <text>By Senator Cantwell from Committee on Commerce, Science, and Transportation filed written report. Report No. 117-74.</text>
        <type>Committee</type>
        <actionCode>14900</actionCode>
        <sourceSystem>
          <code>9</code>
          <name>Library of Congress</name>
        </sourceSystem>
        <committees>
          <item>
            <systemCode>sscm00</systemCode>
            <name>Commerce, Science, and Transportation Committee</name>
          </item>
        </committees>
      </item>
      <item>
        <actionDate>2021-12-17</actionDate>
        <sourceSystem>
          <name>Senate</name>
        </sourceSystem>
        <text>Placed on Senate Legislative Calendar under General Orders. Calendar No. 206.</text>
        <type>Calendars</type>
      </item>
      <item>
        <actionDate>2021-12-17</actionDate>
        <committees>
          <item>
            <systemCode>sscm00</systemCode>
            <name>Commerce, Science, and Transportation Committee</name>
          </item>
        </committees>
        <sourceSystem>
          <name>Senate</name>
        </sourceSystem>
        <text>Committee on Commerce, Science, and Transportation. Reported by Senator Cantwell with an amendment in the nature of a substitute. Without written report.</text>
        <type>Committee</type>
      </item>
      <item>
        <actionDate>2021-12-17</actionDate>
        <text>Committee on Commerce, Science, and Transportation. Reported by Senator Cantwell with an amendment in the nature of a substitute. Without written report.</text>
        <type>Committee</type>
        <actionCode>14000</actionCode>
        <sourceSystem>
          <code>9</code>
          <name>Library of Congress</name>
        </sourceSystem>
        <committees>
          <item>
            <systemCode>sscm00</systemCode>
            <name>Commerce, Science, and Transportation Committee</name>
          </item>
        </committees>
      </item>
      <item>
        <actionDate>2021-05-12</actionDate>
        <committees>
          <item>
            <systemCode>sscm00</systemCode>
            <name>Commerce, Science, and Transportation Committee</name>
          </item>
        </committees>
        <sourceSystem>
          <name>Senate</name>
        </sourceSystem>
        <text>Committee on Commerce, Science, and Transportation. Ordered to be reported with an amendment in the nature of a substitute favorably.</text>
        <type>Committee</type>
      </item>
      <item>
        <actionDate>2021-01-28</actionDate>
        <committees>
          <item>
            <systemCode>sscm00</systemCode>
            <name>Commerce, Science, and Transportation Committee</name>
          </item>
        </committees>
        <sourceSystem>
          <name>Senate</name>
        </sourceSystem>
        <text>Read twice and referred to the Committee on Commerce, Science, and Transportation.</text>
        <type>IntroReferral</type>
      </item>
      <item>
        <actionDate>2021-01-28</actionDate>
        <text>Introduced in Senate</text>
        <type>IntroReferral</type>
        <actionCode>10000</actionCode>
        <sourceSystem>
          <code>9</code>
          <name>Library of Congress</name>
        </sourceSystem>
      </item>
    </actions>
    <sponsors>
      <item>
        <bioguideId>W000802</bioguideId>
        <fullName>Sen. Whitehouse, Sheldon [D-RI]</fullName>
        <firstName>Sheldon</firstName>
        <lastName>Whitehouse</lastName>
        <party>D</party>
        <state>RI</state>
        <identifiers>
          <bioguideId>W000802</bioguideId>
        </identifiers>
        <isByRequest>N</isByRequest>
      </item>
    </sponsors>
    <cosponsors>
      <item>
        <bioguideId>M001153</bioguideId>
        <fullName>Sen. Murkowski, Lisa [R-AK]</fullName>
        <firstName>Lisa</firstName>
        <lastName>Murkowski</lastName>
        <party>R</party>
        <state>AK</state>
        <identifiers>
          <bioguideId>M001153</bioguideId>
        </identifiers>
        <sponsorshipDate>2021-03-02</sponsorshipDate>
        <isOriginalCosponsor>False</isOriginalCosponsor>
      </item>
      <item>
        <bioguideId>M001176</bioguideId>
        <fullName>Sen. Merkley, Jeff [D-OR]</fullName>
        <firstName>Jeff</firstName>
        <lastName>Merkley</lastName>
        <party>D</party>
        <state>OR</state>
        <identifiers>
          <bioguideId>M001176</bioguideId>
        </identifiers>
        <sponsorshipDate>2021-03-09</sponsorshipDate>
        <isOriginalCosponsor>False</isOriginalCosponsor>
      </item>
      <item>
        <bioguideId>P000449</bioguideId>
        <fullName>Sen. Portman, Rob [R-OH]</fullName>
        <firstName>Rob</firstName>
        <lastName>Portman</lastName>
        <party>R</party>
        <state>OH</state>
        <identifiers>
          <bioguideId>P000449</bioguideId>
        </identifiers>
        <sponsorshipDate>2021-03-09</sponsorshipDate>
        <isOriginalCosponsor>False</isOriginalCosponsor>
      </item>
      <item>
        <bioguideId>B001277</bioguideId>
        <fullName>Sen. Blumenthal, Richard [D-CT]</fullName>
        <firstName>Richard</firstName>
        <lastName>Blumenthal</lastName>
        <party>D</party>
        <state>CT</state>
        <identifiers>
          <bioguideId>B001277</bioguideId>
        </identifiers>
        <sponsorshipDate>2022-03-07</sponsorshipDate>
        <isOriginalCosponsor>False</isOriginalCosponsor>
      </item>
    </cosponsors>
    <cboCostEstimates>
      <item>
        <pubDate>2022-01-18T22:08:00Z</pubDate>
        <title>S. 140, BLUE GLOBE Act</title>
        <url>https://www.cbo.gov/publication/57737</url>
        <description>As reported by the Senate Committee on Commerce, Science, and Transportation on December 17, 2021</description>
      </item>
    </cboCostEstimates>
    <policyArea>
      <name>Public Lands and Natural Resources</name>
    </policyArea>
    <subjects>
      <legislativeSubjects>
        <item>
          <name>Advanced technology and technological innovations</name>
        </item>
        <item>
          <name>Air quality</name>
        </item>
        <item>
          <name>Aquatic ecology</name>
        </item>
        <item>
          <name>Atmospheric science and weather</name>
        </item>
        <item>
          <name>Climate change and greenhouse gases</name>
        </item>
        <item>
          <name>Computers and information technology</name>
        </item>
        <item>
          <name>Congressional oversight</name>
        </item>
        <item>
          <name>Economic development</name>
        </item>
        <item>
          <name>Economic performance and conditions</name>
        </item>
        <item>
          <name>Employee hiring</name>
        </item>
        <item>
          <name>Environmental assessment, monitoring, research</name>
        </item>
        <item>
          <name>Environmental technology</name>
        </item>
        <item>
          <name>Fishes</name>
        </item>
        <item>
          <name>Genetics</name>
        </item>
        <item>
          <name>Geography and mapping</name>
        </item>
        <item>
          <name>Government employee pay, benefits, personnel management</name>
        </item>
        <item>
          <name>Government information and archives</name>
        </item>
        <item>
          <name>Government studies and investigations</name>
        </item>
        <item>
          <name>Great Lakes</name>
        </item>
        <item>
          <name>International organizations and cooperation</name>
        </item>
        <item>
          <name>Lakes and rivers</name>
        </item>
        <item>
          <name>Marine and coastal resources, fisheries</name>
        </item>
        <item>
          <name>Marine and inland water transportation</name>
        </item>
        <item>
          <name>Marine pollution</name>
        </item>
        <item>
          <name>Mining</name>
        </item>
        <item>
          <name>Navigation, waterways, harbors</name>
        </item>
        <item>
          <name>Outdoor recreation</name>
        </item>
        <item>
          <name>Performance measurement</name>
        </item>
        <item>
          <name>Research administration and funding</name>
        </item>
        <item>
          <name>Solid waste and recycling</name>
        </item>
        <item>
          <name>Spacecraft and satellites</name>
        </item>
        <item>
          <name>Technology transfer and commercialization</name>
        </item>
        <item>
          <name>Travel and tourism</name>
        </item>
        <item>
          <name>Water quality</name>
        </item>
      </legislativeSubjects>
      <policyArea>
        <name>Public Lands and Natural Resources</name>
      </policyArea>
    </subjects>
    <summaries>
      <summary>
        <versionCode>00</versionCode>
        <actionDate>2021-01-28</actionDate>
        <actionDesc>Introduced in Senate</actionDesc>
        <updateDate>2021-03-11T00:30:14Z</updateDate>
        <text>
          <![CDATA[ <p><b>Bolstering Long-term Understanding and Exploration of the Great Lakes, Oceans, Bays, and Estuaries Act or the</b> <b>BLUE GLOBE Act</b></p> <p>This bill addresses data collection and monitoring of the Great Lakes, oceans, bays, estuaries, and coasts.</p> <p>The bill increases domestic and international coordination to enhance data management and monitoring of the Great Lakes, oceans, bays, estuaries, and coasts. </p> <p>It adds programs for the application and development of innovative technology to the list of technology programs used to combat illegal, unreported, and unregulated fishing.</p> <p>It also modifies requirements related to the scientific workforce in areas of oceanic and atmospheric research and development to include investigating whether there is a workforce shortage, workforce diversity, actions the federal government can take to increase diversity in the scientific workforce, and actions it can take to shorten the hiring backlog for such workforce.</p> <p>The National Oceanic Atmospheric Administration (NOAA) must (1) ensure that a goal of its cooperative institutes is to advance or apply emerging technologies, (2) create an ocean innovation prize to catalyze the rapid development and deployment of data collection and monitoring technology, and (3) seek to enter into an agreement with the National Academy of Sciences to assess the potential for an Advanced Research Projects Agency-Oceans.</p> <p>The bill also reauthorizes through FY2024 various NOAA hydrographic programs, including nautical mapping and charting.</p> <p>Additionally, relevant federal agencies must measure the value and impact of industries related to the Great Lakes, oceans, bays, estuaries, and coasts on the U.S. economy.</p>]]>
        </text>
      </summary>
      <summary>
        <versionCode>25</versionCode>
        <actionDate>2021-12-17</actionDate>
        <actionDesc>Reported to Senate</actionDesc>
        <updateDate>2022-05-12T14:46:54Z</updateDate>
        <text>
          <![CDATA[ <p><b>Bolstering Long-term Understanding and Exploration of the Great Lakes, Oceans, Bays, and Estuaries Act or the</b> <b>BLUE GLOBE Act</b></p> <p>This bill addresses data collection and monitoring of the Great Lakes, oceans, bays, estuaries, and coasts.</p> <p>Specifically, it expands requirements related to a study of the scientific workforce in areas of oceanic and atmospheric research and development. For example, the bill requires the study to include an investigation on whether there is a workforce shortage in the number of individuals with technical or trade-based skillsets or credentials suited to a career in oceanic and atmospheric data collection, processing, satellite production, or satellite operations. The study must also investigate actions the federal government can take to increase diversity in the scientific workforce and shorten the hiring backlog for such workforce.</p> <p>The bill also directs the National Oceanic Atmospheric Administration (NOAA) to create an Electronic Monitoring Innovation Prize, which may be awarded for the development of advanced electronic fisheries monitoring equipment and data analysis tools. </p> <p>NOAA must also seek to enter into an agreement with the National Academy of Sciences to evaluate whether there is a need for an Advanced Research Projects Agency-Oceans within NOAA.</p> <p>Additionally, NOAA must establish a program to improve the collection, aggregation, and analysis of data to measure the value and impact of industries related to the Great Lakes, oceans, bays, estuaries, and coasts on the U.S. economy.</p>]]>
        </text>
      </summary>
    </summaries>
    <title>BLUE GLOBE Act</title>
    <titles>
      <item>
        <titleType>Display Title</titleType>
        <title>BLUE GLOBE Act</title>
      </item>
      <item>
        <titleType>Official Title as Introduced</titleType>
        <title>A bill to improve data collection and monitoring of the Great Lakes, oceans, bays, estuaries, and coasts, and for other purposes.</title>
        <billTextVersionName>Introduced in Senate</billTextVersionName>
        <billTextVersionCode>IS</billTextVersionCode>
      </item>
      <item>
        <titleType>Short Title(s) as Introduced</titleType>
        <title>BLUE GLOBE Act</title>
        <billTextVersionName>Introduced in Senate</billTextVersionName>
        <billTextVersionCode>IS</billTextVersionCode>
      </item>
      <item>
        <titleType>Short Title(s) as Introduced</titleType>
        <title>Bolstering Long-term Understanding and Exploration of the Great Lakes, Oceans, Bays, and Estuaries Act</title>
        <billTextVersionName>Introduced in Senate</billTextVersionName>
        <billTextVersionCode>IS</billTextVersionCode>
      </item>
      <item>
        <titleType>Short Title(s) as Reported to Senate</titleType>
        <title>BLUE GLOBE Act</title>
        <chamberCode>S</chamberCode>
        <chamberName>Senate</chamberName>
        <billTextVersionName>Reported to Senate</billTextVersionName>
        <billTextVersionCode>RS</billTextVersionCode>
      </item>
      <item>
        <titleType>Short Title(s) as Reported to Senate</titleType>
        <title>Bolstering Long-term Understanding and Exploration of the Great Lakes, Oceans, Bays, and Estuaries Act</title>
        <chamberCode>S</chamberCode>
        <chamberName>Senate</chamberName>
        <billTextVersionName>Reported to Senate</billTextVersionName>
        <billTextVersionCode>RS</billTextVersionCode>
      </item>
    </titles>
    <textVersions>
      <item>
        <type>Reported to Senate</type>
        <date>2021-12-17T05:00:00Z</date>
        <formats>
          <item>
            <url>https://www.govinfo.gov/content/pkg/BILLS-117s140rs/xml/BILLS-117s140rs.xml</url>
          </item>
        </formats>
      </item>
      <item>
        <type>Introduced in Senate</type>
        <date>2021-01-28T05:00:00Z</date>
        <formats>
          <item>
            <url>https://www.govinfo.gov/content/pkg/BILLS-117s140is/xml/BILLS-117s140is.xml</url>
          </item>
        </formats>
      </item>
      <item>
        <date/>
        <formats/>
        <type/>
      </item>
    </textVersions>
    <latestAction>
      <actionDate>2022-02-15</actionDate>
      <text>By Senator Cantwell from Committee on Commerce, Science, and Transportation filed written report. Report No. 117-74.</text>
    </latestAction>
  </bill>
  <dublinCore xmlns:dc="http://purl.org/dc/elements/1.1/">
    <dc:format>text/xml</dc:format>
    <dc:language>EN</dc:language>
    <dc:rights>Pursuant to Title 17 Section 105 of the United States Code, this file is not subject to copyright protection and is in the public domain.</dc:rights>
    <dc:contributor>Congressional Research Service, Library of Congress</dc:contributor>
    <dc:description>This file contains bill summaries and statuses for federal legislation. A bill summary describes the most significant provisions of a piece of legislation and details the effects the legislative text may have on current law and federal programs. Bill summaries are authored by the Congressional Research Service (CRS) of the Library of Congress. As stated in Public Law 91-510 (2 USC 166 (d)(6)), one of the duties of CRS is "to prepare summaries and digests of bills and resolutions of a public general nature introduced in the Senate or House of Representatives". For more information, refer to the User Guide that accompanies this file.</dc:description>
  </dublinCore>
</billStatus>
