<?xml version="1.0" encoding="utf-8" standalone="no"?>
<billStatus>
  <version>3.0.0</version>
  <bill>
    <number>27</number>
    <updateDate>2023-01-11T13:47:30Z</updateDate>
    <updateDateIncludingText>2023-01-11T13:47:30Z</updateDateIncludingText>
    <originChamber>Senate</originChamber>
    <type>S</type>
    <introducedDate>2021-01-22</introducedDate>
    <congress>117</congress>
    <committees>
      <item>
        <systemCode>sscm00</systemCode>
        <name>Commerce, Science, and Transportation Committee</name>
        <chamber>Senate</chamber>
        <type>Standing</type>
        <activities>
          <item>
            <name>Referred to</name>
            <date>2021-01-22T21:14:30Z</date>
          </item>
        </activities>
      </item>
    </committees>
    <actions>
      <item>
        <actionDate>2021-01-22</actionDate>
        <committees>
          <item>
            <systemCode>sscm00</systemCode>
            <name>Commerce, Science, and Transportation Committee</name>
          </item>
        </committees>
        <sourceSystem>
          <name>Senate</name>
        </sourceSystem>
        <text>Read twice and referred to the Committee on Commerce, Science, and Transportation.</text>
        <type>IntroReferral</type>
      </item>
      <item>
        <actionDate>2021-01-22</actionDate>
        <text>Introduced in Senate</text>
        <type>IntroReferral</type>
        <actionCode>10000</actionCode>
        <sourceSystem>
          <code>9</code>
          <name>Library of Congress</name>
        </sourceSystem>
      </item>
    </actions>
    <sponsors>
      <item>
        <bioguideId>M001183</bioguideId>
        <fullName>Sen. Manchin, Joe, III [D-WV]</fullName>
        <firstName>Joseph</firstName>
        <lastName>Manchin</lastName>
        <party>D</party>
        <state>WV</state>
        <identifiers>
          <bioguideId>M001183</bioguideId>
        </identifiers>
        <isByRequest>N</isByRequest>
      </item>
    </sponsors>
    <cosponsors>
      <item>
        <bioguideId>C001056</bioguideId>
        <fullName>Sen. Cornyn, John [R-TX]</fullName>
        <firstName>John</firstName>
        <lastName>Cornyn</lastName>
        <party>R</party>
        <state>TX</state>
        <identifiers>
          <bioguideId>C001056</bioguideId>
        </identifiers>
        <sponsorshipDate>2021-01-22</sponsorshipDate>
        <isOriginalCosponsor>True</isOriginalCosponsor>
      </item>
    </cosponsors>
    <policyArea>
      <name>Science, Technology, Communications</name>
    </policyArea>
    <subjects>
      <legislativeSubjects>
        <item>
          <name>Business records</name>
        </item>
        <item>
          <name>Civil actions and liability</name>
        </item>
        <item>
          <name>Computers and information technology</name>
        </item>
        <item>
          <name>Congressional oversight</name>
        </item>
        <item>
          <name>Consumer affairs</name>
        </item>
        <item>
          <name>Criminal investigation, prosecution, interrogation</name>
        </item>
        <item>
          <name>Department of Justice</name>
        </item>
        <item>
          <name>Drug trafficking and controlled substances</name>
        </item>
        <item>
          <name>Executive agency funding and structure</name>
        </item>
        <item>
          <name>Internet and video services</name>
        </item>
        <item>
          <name>Internet, web applications, social media</name>
        </item>
        <item>
          <name>Public-private cooperation</name>
        </item>
        <item>
          <name>Terrorism</name>
        </item>
        <item>
          <name>Violent crime</name>
        </item>
        <item>
          <name>White-collar crime</name>
        </item>
      </legislativeSubjects>
      <policyArea>
        <name>Science, Technology, Communications</name>
      </policyArea>
    </subjects>
    <summaries>
      <summary>
        <versionCode>00</versionCode>
        <actionDate>2021-01-22</actionDate>
        <actionDesc>Introduced in Senate</actionDesc>
        <updateDate>2021-04-20T11:01:58Z</updateDate>
        <text>
          <![CDATA[ <p><b>See Something, Say Something Online Act of 2021</b></p> <p>This bill requires an interactive computer service (e.g., a social media company) that detects a suspicious transmission to submit a suspicious transmission activity report (STAR) describing the suspicious transmission.</p> <p>A suspicious transmission is any post, message, comment, tag, or other user-generated content or transmission that commits, facilitates, incites, promotes, or otherwise assists the commission of a major crime.</p> <p>Each STAR must be submitted to the Department of Justice and contain (1) the name, location, and other identification information submitted by the user; (2) the date and nature of the user-generated content or transmission detected for suspicious activity; and (3) any relevant text, information, and metadata related to the suspicious transmission.</p> <p>Any provider of an interactive computer service that fails to report a known suspicious transmission shall not be immune from liability for such transmission and may be held liable as a publisher for the related suspicious transmission. </p>]]>
        </text>
      </summary>
    </summaries>
    <title>See Something, Say Something Online Act of 2021</title>
    <titles>
      <item>
        <titleType>Display Title</titleType>
        <title>See Something, Say Something Online Act of 2021</title>
      </item>
      <item>
        <titleType>Official Title as Introduced</titleType>
        <title>A bill to require reporting of suspicious transmissions in order to assist in criminal investigations and counterintelligence activities relating to international terrorism, and for other purposes.</title>
        <billTextVersionName>Introduced in Senate</billTextVersionName>
        <billTextVersionCode>IS</billTextVersionCode>
      </item>
      <item>
        <titleType>Short Title(s) as Introduced</titleType>
        <title>See Something, Say Something Online Act of 2021</title>
        <billTextVersionName>Introduced in Senate</billTextVersionName>
        <billTextVersionCode>IS</billTextVersionCode>
      </item>
    </titles>
    <textVersions>
      <item>
        <type>Introduced in Senate</type>
        <date>2021-01-22T05:00:00Z</date>
        <formats>
          <item>
            <url>https://www.govinfo.gov/content/pkg/BILLS-117s27is/xml/BILLS-117s27is.xml</url>
          </item>
        </formats>
      </item>
      <item>
        <date/>
        <formats/>
        <type/>
      </item>
    </textVersions>
    <latestAction>
      <actionDate>2021-01-22</actionDate>
      <text>Read twice and referred to the Committee on Commerce, Science, and Transportation.</text>
    </latestAction>
  </bill>
  <dublinCore xmlns:dc="http://purl.org/dc/elements/1.1/">
    <dc:format>text/xml</dc:format>
    <dc:language>EN</dc:language>
    <dc:rights>Pursuant to Title 17 Section 105 of the United States Code, this file is not subject to copyright protection and is in the public domain.</dc:rights>
    <dc:contributor>Congressional Research Service, Library of Congress</dc:contributor>
    <dc:description>This file contains bill summaries and statuses for federal legislation. A bill summary describes the most significant provisions of a piece of legislation and details the effects the legislative text may have on current law and federal programs. Bill summaries are authored by the Congressional Research Service (CRS) of the Library of Congress. As stated in Public Law 91-510 (2 USC 166 (d)(6)), one of the duties of CRS is "to prepare summaries and digests of bills and resolutions of a public general nature introduced in the Senate or House of Representatives". For more information, refer to the User Guide that accompanies this file.</dc:description>
  </dublinCore>
</billStatus>
