<?xml version="1.0" encoding="utf-8" standalone="no"?>
<billStatus>
  <version>3.0.0</version>
  <bill>
    <number>4804</number>
    <updateDate>2022-12-29T13:03:35Z</updateDate>
    <updateDateIncludingText>2022-12-29T13:03:35Z</updateDateIncludingText>
    <originChamber>Senate</originChamber>
    <type>S</type>
    <introducedDate>2022-09-08</introducedDate>
    <congress>117</congress>
    <committees>
      <item>
        <systemCode>sshr00</systemCode>
        <name>Health, Education, Labor, and Pensions Committee</name>
        <chamber>Senate</chamber>
        <type>Standing</type>
        <activities>
          <item>
            <name>Referred to</name>
            <date>2022-09-08T17:16:15Z</date>
          </item>
        </activities>
      </item>
    </committees>
    <relatedBills>
      <item>
        <title>Parity Enforcement Act of 2021</title>
        <congress>117</congress>
        <number>1364</number>
        <type>HR</type>
        <latestAction>
          <actionDate>2021-02-25</actionDate>
          <text>Referred to the House Committee on Education and Labor.</text>
        </latestAction>
        <relationshipDetails>
          <item>
            <type>Related bill</type>
            <identifiedBy>CRS</identifiedBy>
          </item>
        </relationshipDetails>
      </item>
      <item>
        <title>Inflation Reduction Act of 2022</title>
        <congress>117</congress>
        <number>5376</number>
        <type>HR</type>
        <latestAction>
          <actionDate>2022-08-16</actionDate>
          <text>Became Public Law No: 117-169.</text>
        </latestAction>
        <relationshipDetails>
          <item>
            <type>Related bill</type>
            <identifiedBy>CRS</identifiedBy>
          </item>
        </relationshipDetails>
      </item>
    </relatedBills>
    <actions>
      <item>
        <actionDate>2022-09-08</actionDate>
        <committees>
          <item>
            <systemCode>sshr00</systemCode>
            <name>Health, Education, Labor, and Pensions Committee</name>
          </item>
        </committees>
        <sourceSystem>
          <name>Senate</name>
        </sourceSystem>
        <text>Read twice and referred to the Committee on Health, Education, Labor, and Pensions.</text>
        <type>IntroReferral</type>
      </item>
      <item>
        <actionDate>2022-09-08</actionDate>
        <text>Introduced in Senate</text>
        <type>IntroReferral</type>
        <actionCode>10000</actionCode>
        <sourceSystem>
          <code>9</code>
          <name>Library of Congress</name>
        </sourceSystem>
      </item>
    </actions>
    <sponsors>
      <item>
        <bioguideId>M001169</bioguideId>
        <fullName>Sen. Murphy, Christopher [D-CT]</fullName>
        <firstName>Christopher</firstName>
        <lastName>Murphy</lastName>
        <party>D</party>
        <state>CT</state>
        <identifiers>
          <bioguideId>M001169</bioguideId>
        </identifiers>
        <middleName>S.</middleName>
        <isByRequest>N</isByRequest>
      </item>
    </sponsors>
    <cosponsors>
      <item>
        <bioguideId>S001203</bioguideId>
        <fullName>Sen. Smith, Tina [D-MN]</fullName>
        <firstName>Tina</firstName>
        <lastName>Smith</lastName>
        <party>D</party>
        <state>MN</state>
        <identifiers>
          <bioguideId>S001203</bioguideId>
        </identifiers>
        <sponsorshipDate>2022-09-08</sponsorshipDate>
        <isOriginalCosponsor>True</isOriginalCosponsor>
      </item>
      <item>
        <bioguideId>L000570</bioguideId>
        <fullName>Sen. Lujan, Ben Ray [D-NM]</fullName>
        <firstName>Ben</firstName>
        <lastName>Lujan</lastName>
        <party>D</party>
        <state>NM</state>
        <identifiers>
          <bioguideId>L000570</bioguideId>
        </identifiers>
        <middleName>R.</middleName>
        <sponsorshipDate>2022-09-08</sponsorshipDate>
        <isOriginalCosponsor>True</isOriginalCosponsor>
      </item>
    </cosponsors>
    <policyArea>
      <name>Health</name>
    </policyArea>
    <subjects>
      <legislativeSubjects>
        <item>
          <name>Labor and Employment</name>
        </item>
      </legislativeSubjects>
      <policyArea>
        <name>Health</name>
      </policyArea>
    </subjects>
    <summaries>
      <summary>
        <versionCode>00</versionCode>
        <actionDate>2022-09-08</actionDate>
        <actionDesc>Introduced in Senate</actionDesc>
        <updateDate>2022-10-14T14:43:55Z</updateDate>
        <text>
          <![CDATA[ <p><b>Parity Enforcement Act of 20</b><strong>22</strong><br> <br> This bill provides authority for the Department of Labor to enforce the parity requirements for group health plans with respect to the coverage of mental health and substance use disorder benefits.</p>]]>
        </text>
      </summary>
    </summaries>
    <title>Parity Enforcement Act of 2022</title>
    <titles>
      <item>
        <titleType>Display Title</titleType>
        <title>Parity Enforcement Act of 2022</title>
      </item>
      <item>
        <titleType>Short Title(s) as Introduced</titleType>
        <title>Parity Enforcement Act of 2022</title>
        <billTextVersionName>Introduced in Senate</billTextVersionName>
        <billTextVersionCode>IS</billTextVersionCode>
      </item>
      <item>
        <titleType>Official Title as Introduced</titleType>
        <title>A bill to provide for civil monetary penalties for violations of mental health parity requirements.</title>
        <billTextVersionName>Introduced in Senate</billTextVersionName>
        <billTextVersionCode>IS</billTextVersionCode>
      </item>
    </titles>
    <textVersions>
      <item>
        <type>Introduced in Senate</type>
        <date>2022-09-08T04:00:00Z</date>
        <formats>
          <item>
            <url>https://www.govinfo.gov/content/pkg/BILLS-117s4804is/xml/BILLS-117s4804is.xml</url>
          </item>
        </formats>
      </item>
      <item>
        <date/>
        <formats/>
        <type/>
      </item>
    </textVersions>
    <latestAction>
      <actionDate>2022-09-08</actionDate>
      <text>Read twice and referred to the Committee on Health, Education, Labor, and Pensions.</text>
    </latestAction>
  </bill>
  <dublinCore xmlns:dc="http://purl.org/dc/elements/1.1/">
    <dc:format>text/xml</dc:format>
    <dc:language>EN</dc:language>
    <dc:rights>Pursuant to Title 17 Section 105 of the United States Code, this file is not subject to copyright protection and is in the public domain.</dc:rights>
    <dc:contributor>Congressional Research Service, Library of Congress</dc:contributor>
    <dc:description>This file contains bill summaries and statuses for federal legislation. A bill summary describes the most significant provisions of a piece of legislation and details the effects the legislative text may have on current law and federal programs. Bill summaries are authored by the Congressional Research Service (CRS) of the Library of Congress. As stated in Public Law 91-510 (2 USC 166 (d)(6)), one of the duties of CRS is "to prepare summaries and digests of bills and resolutions of a public general nature introduced in the Senate or House of Representatives". For more information, refer to the User Guide that accompanies this file.</dc:description>
  </dublinCore>
</billStatus>
