<?xml version="1.0" encoding="utf-8" standalone="no"?>
<billStatus>
  <version>3.0.0</version>
  <bill>
    <number>517</number>
    <updateDate>2023-01-11T13:47:51Z</updateDate>
    <updateDateIncludingText>2023-01-11T13:47:51Z</updateDateIncludingText>
    <originChamber>Senate</originChamber>
    <type>S</type>
    <introducedDate>2021-03-01</introducedDate>
    <congress>117</congress>
    <committees>
      <item>
        <systemCode>ssga00</systemCode>
        <name>Homeland Security and Governmental Affairs Committee</name>
        <chamber>Senate</chamber>
        <type>Standing</type>
        <activities>
          <item>
            <name>Reported by</name>
            <date>2021-07-26T20:22:06Z</date>
          </item>
          <item>
            <name>Markup by</name>
            <date>2021-03-17T14:26:45Z</date>
          </item>
          <item>
            <name>Referred to</name>
            <date>2021-03-02T00:10:43Z</date>
          </item>
        </activities>
      </item>
    </committees>
    <committeeReports>
      <committeeReport>
        <citation>S. Rept. 117-31</citation>
      </committeeReport>
    </committeeReports>
    <actions>
      <item>
        <actionDate>2021-07-26</actionDate>
        <sourceSystem>
          <name>Senate</name>
        </sourceSystem>
        <text>Placed on Senate Legislative Calendar under General Orders. Calendar No. 106.</text>
        <type>Calendars</type>
      </item>
      <item>
        <actionDate>2021-07-26</actionDate>
        <committees>
          <item>
            <systemCode>ssga00</systemCode>
            <name>Homeland Security and Governmental Affairs Committee</name>
          </item>
        </committees>
        <sourceSystem>
          <name>Senate</name>
        </sourceSystem>
        <text>Committee on Homeland Security and Governmental Affairs. Reported by Senator Peters without amendment. With written report No. 117-31.</text>
        <type>Committee</type>
      </item>
      <item>
        <actionDate>2021-07-26</actionDate>
        <text>Committee on Homeland Security and Governmental Affairs. Reported by Senator Peters without amendment. With written report No. 117-31.</text>
        <type>Committee</type>
        <actionCode>14000</actionCode>
        <sourceSystem>
          <code>9</code>
          <name>Library of Congress</name>
        </sourceSystem>
        <committees>
          <item>
            <systemCode>ssga00</systemCode>
            <name>Homeland Security and Governmental Affairs Committee</name>
          </item>
        </committees>
      </item>
      <item>
        <actionDate>2021-03-17</actionDate>
        <committees>
          <item>
            <systemCode>ssga00</systemCode>
            <name>Homeland Security and Governmental Affairs Committee</name>
          </item>
        </committees>
        <sourceSystem>
          <name>Senate</name>
        </sourceSystem>
        <text>Committee on Homeland Security and Governmental Affairs. Ordered to be reported without amendment favorably.</text>
        <type>Committee</type>
      </item>
      <item>
        <actionDate>2021-03-01</actionDate>
        <committees>
          <item>
            <systemCode>ssga00</systemCode>
            <name>Homeland Security and Governmental Affairs Committee</name>
          </item>
        </committees>
        <sourceSystem>
          <name>Senate</name>
        </sourceSystem>
        <text>Read twice and referred to the Committee on Homeland Security and Governmental Affairs.</text>
        <type>IntroReferral</type>
      </item>
      <item>
        <actionDate>2021-03-01</actionDate>
        <text>Introduced in Senate</text>
        <type>IntroReferral</type>
        <actionCode>10000</actionCode>
        <sourceSystem>
          <code>9</code>
          <name>Library of Congress</name>
        </sourceSystem>
      </item>
    </actions>
    <sponsors>
      <item>
        <bioguideId>H001076</bioguideId>
        <fullName>Sen. Hassan, Margaret Wood [D-NH]</fullName>
        <firstName>Maggie</firstName>
        <lastName>Hassan</lastName>
        <party>D</party>
        <state>NH</state>
        <identifiers>
          <bioguideId>H001076</bioguideId>
        </identifiers>
        <isByRequest>N</isByRequest>
      </item>
    </sponsors>
    <cosponsors>
      <item>
        <bioguideId>L000577</bioguideId>
        <fullName>Sen. Lee, Mike [R-UT]</fullName>
        <firstName>Mike</firstName>
        <lastName>Lee</lastName>
        <party>R</party>
        <state>UT</state>
        <identifiers>
          <bioguideId>L000577</bioguideId>
        </identifiers>
        <sponsorshipDate>2021-03-15</sponsorshipDate>
        <isOriginalCosponsor>False</isOriginalCosponsor>
      </item>
    </cosponsors>
    <cboCostEstimates>
      <item>
        <pubDate>2021-04-15T20:09:00Z</pubDate>
        <title>S. 517 REPORT Act</title>
        <url>https://www.cbo.gov/publication/57144</url>
        <description>As ordered reported by the Senate Committee on Homeland Security and Governmental Affairs on March 17, 2021</description>
      </item>
    </cboCostEstimates>
    <policyArea>
      <name>Crime and Law Enforcement</name>
    </policyArea>
    <subjects>
      <legislativeSubjects>
        <item>
          <name>Congressional oversight</name>
        </item>
        <item>
          <name>Crime prevention</name>
        </item>
        <item>
          <name>Criminal investigation, prosecution, interrogation</name>
        </item>
        <item>
          <name>Emergency Management</name>
        </item>
        <item>
          <name>Government information and archives</name>
        </item>
        <item>
          <name>Government studies and investigations</name>
        </item>
        <item>
          <name>Homeland security</name>
        </item>
        <item>
          <name>Law enforcement administration and funding</name>
        </item>
        <item>
          <name>Terrorism</name>
        </item>
      </legislativeSubjects>
      <policyArea>
        <name>Crime and Law Enforcement</name>
      </policyArea>
    </subjects>
    <summaries>
      <summary>
        <versionCode>00</versionCode>
        <actionDate>2021-03-01</actionDate>
        <actionDesc>Introduced in Senate</actionDesc>
        <updateDate>2021-09-30T13:33:04Z</updateDate>
        <text>
          <![CDATA[ <p><strong>Reporting Efficiently to Proper Officials in Response to Terrorism Act of 2021 or the REPORT Act</strong></p> <p>This bill requires the primary government agency investigating an act of terrorism to submit to Congress an unclassified report within one year after the agency completes its investigation. The agency shall conduct such investigation in collaboration with the Department of Homeland Security (DHS), the Department of Justice (DOJ), the Federal Bureau of Investigation (FBI), and the National Counterterrorism Center. Such requirement shall not apply in instances in which DHS, DOJ, the FBI, or the center determines that the information required to be reported could jeopardize an ongoing investigation or prosecution, in which case the principal agency making such determination must notify Congress.</p> <p>Such a report shall (1) identify any gaps in national security that could be addressed to prevent future acts of terrorism, and (2) include any recommendations for additional measures that could be taken to improve homeland security.</p>]]>
        </text>
      </summary>
      <summary>
        <versionCode>25</versionCode>
        <actionDate>2021-07-26</actionDate>
        <actionDesc>Reported to Senate</actionDesc>
        <updateDate>2021-10-08T18:26:16Z</updateDate>
        <text>
          <![CDATA[ <p><strong>Reporting Efficiently to Proper Officials in Response to Terrorism Act of 2021 or the REPORT Act</strong></p> <p>This bill requires the primary government agency investigating an act of terrorism to submit to Congress an unclassified report within one year after the agency completes its investigation. The agency shall conduct such investigation in collaboration with the Department of Homeland Security (DHS), the Department of Justice (DOJ), the Federal Bureau of Investigation (FBI), and the National Counterterrorism Center. Such requirement shall not apply in instances in which DHS, DOJ, the FBI, or the center determines that the information required to be reported could jeopardize an ongoing investigation or prosecution, in which case the principal agency making such determination must notify Congress.</p> <p>Such a report shall (1) identify any gaps in national security that could be addressed to prevent future acts of terrorism, and (2) include any recommendations for additional measures that could be taken to improve homeland security.</p>]]>
        </text>
      </summary>
    </summaries>
    <title>Reporting Efficiently to Proper Officials in Response to Terrorism Act of 2021</title>
    <titles>
      <item>
        <titleType>Display Title</titleType>
        <title>Reporting Efficiently to Proper Officials in Response to Terrorism Act of 2021</title>
      </item>
      <item>
        <titleType>Official Title as Introduced</titleType>
        <title>A bill to provide for joint reports by relevant Federal agencies to Congress regarding incidents of terrorism, and for other purposes.</title>
        <billTextVersionName>Introduced in Senate</billTextVersionName>
        <billTextVersionCode>IS</billTextVersionCode>
      </item>
      <item>
        <titleType>Short Title(s) as Reported to Senate</titleType>
        <title>Reporting Efficiently to Proper Officials in Response to Terrorism Act of 2021</title>
        <chamberCode>S</chamberCode>
        <chamberName>Senate</chamberName>
        <billTextVersionName>Reported to Senate</billTextVersionName>
        <billTextVersionCode>RS</billTextVersionCode>
      </item>
      <item>
        <titleType>Short Title(s) as Reported to Senate</titleType>
        <title>REPORT Act</title>
        <chamberCode>S</chamberCode>
        <chamberName>Senate</chamberName>
        <billTextVersionName>Reported to Senate</billTextVersionName>
        <billTextVersionCode>RS</billTextVersionCode>
      </item>
      <item>
        <titleType>Short Title(s) as Introduced</titleType>
        <title>REPORT Act</title>
        <billTextVersionName>Introduced in Senate</billTextVersionName>
        <billTextVersionCode>IS</billTextVersionCode>
      </item>
      <item>
        <titleType>Short Title(s) as Introduced</titleType>
        <title>Reporting Efficiently to Proper Officials in Response to Terrorism Act of 2021</title>
        <billTextVersionName>Introduced in Senate</billTextVersionName>
        <billTextVersionCode>IS</billTextVersionCode>
      </item>
    </titles>
    <textVersions>
      <item>
        <type>Reported to Senate</type>
        <date>2021-07-26T04:00:00Z</date>
        <formats>
          <item>
            <url>https://www.govinfo.gov/content/pkg/BILLS-117s517rs/xml/BILLS-117s517rs.xml</url>
          </item>
        </formats>
      </item>
      <item>
        <type>Introduced in Senate</type>
        <date>2021-03-01T05:00:00Z</date>
        <formats>
          <item>
            <url>https://www.govinfo.gov/content/pkg/BILLS-117s517is/xml/BILLS-117s517is.xml</url>
          </item>
        </formats>
      </item>
      <item>
        <date/>
        <formats/>
        <type/>
      </item>
    </textVersions>
    <latestAction>
      <actionDate>2021-07-26</actionDate>
      <text>Placed on Senate Legislative Calendar under General Orders. Calendar No. 106.</text>
    </latestAction>
  </bill>
  <dublinCore xmlns:dc="http://purl.org/dc/elements/1.1/">
    <dc:format>text/xml</dc:format>
    <dc:language>EN</dc:language>
    <dc:rights>Pursuant to Title 17 Section 105 of the United States Code, this file is not subject to copyright protection and is in the public domain.</dc:rights>
    <dc:contributor>Congressional Research Service, Library of Congress</dc:contributor>
    <dc:description>This file contains bill summaries and statuses for federal legislation. A bill summary describes the most significant provisions of a piece of legislation and details the effects the legislative text may have on current law and federal programs. Bill summaries are authored by the Congressional Research Service (CRS) of the Library of Congress. As stated in Public Law 91-510 (2 USC 166 (d)(6)), one of the duties of CRS is "to prepare summaries and digests of bills and resolutions of a public general nature introduced in the Senate or House of Representatives". For more information, refer to the User Guide that accompanies this file.</dc:description>
  </dublinCore>
</billStatus>
