<?xml version="1.0" encoding="utf-8" standalone="no"?>
<billStatus>
  <version>3.0.0</version>
  <bill>
    <number>2801</number>
    <updateDate>2023-01-21T15:26:14Z</updateDate>
    <updateDateIncludingText>2023-01-21T15:26:14Z</updateDateIncludingText>
    <originChamber>Senate</originChamber>
    <type>S</type>
    <introducedDate>2021-09-22</introducedDate>
    <congress>117</congress>
    <committees>
      <item>
        <systemCode>ssga00</systemCode>
        <name>Homeland Security and Governmental Affairs Committee</name>
        <chamber>Senate</chamber>
        <type>Standing</type>
        <activities>
          <item>
            <name>Reported by</name>
            <date>2022-12-19T21:30:41Z</date>
          </item>
          <item>
            <name>Markup by</name>
            <date>2022-02-02T16:19:21Z</date>
          </item>
          <item>
            <name>Referred to</name>
            <date>2021-09-22T19:57:43Z</date>
          </item>
        </activities>
      </item>
    </committees>
    <committeeReports>
      <committeeReport>
        <citation>S. Rept. 117-273</citation>
      </committeeReport>
    </committeeReports>
    <actions>
      <item>
        <actionDate>2022-12-19</actionDate>
        <sourceSystem>
          <name>Senate</name>
        </sourceSystem>
        <text>Placed on Senate Legislative Calendar under General Orders. Calendar No. 672.</text>
        <type>Calendars</type>
      </item>
      <item>
        <actionDate>2022-12-19</actionDate>
        <committees>
          <item>
            <systemCode>ssga00</systemCode>
            <name>Homeland Security and Governmental Affairs Committee</name>
          </item>
        </committees>
        <sourceSystem>
          <name>Senate</name>
        </sourceSystem>
        <text>Committee on Homeland Security and Governmental Affairs. Reported by Senator Peters with an amendment in the nature of a substitute. With written report No. 117-273.</text>
        <type>Committee</type>
      </item>
      <item>
        <actionDate>2022-12-19</actionDate>
        <text>Committee on Homeland Security and Governmental Affairs. Reported by Senator Peters with an amendment in the nature of a substitute. With written report No. 117-273.</text>
        <type>Committee</type>
        <actionCode>14000</actionCode>
        <sourceSystem>
          <code>9</code>
          <name>Library of Congress</name>
        </sourceSystem>
        <committees>
          <item>
            <systemCode>ssga00</systemCode>
            <name>Homeland Security and Governmental Affairs Committee</name>
          </item>
        </committees>
      </item>
      <item>
        <actionDate>2022-02-02</actionDate>
        <committees>
          <item>
            <systemCode>ssga00</systemCode>
            <name>Homeland Security and Governmental Affairs Committee</name>
          </item>
        </committees>
        <sourceSystem>
          <name>Senate</name>
        </sourceSystem>
        <text>Committee on Homeland Security and Governmental Affairs. Ordered to be reported with an amendment in the nature of a substitute favorably.</text>
        <type>Committee</type>
      </item>
      <item>
        <actionDate>2021-09-22</actionDate>
        <committees>
          <item>
            <systemCode>ssga00</systemCode>
            <name>Homeland Security and Governmental Affairs Committee</name>
          </item>
        </committees>
        <sourceSystem>
          <name>Senate</name>
        </sourceSystem>
        <text>Read twice and referred to the Committee on Homeland Security and Governmental Affairs.</text>
        <type>IntroReferral</type>
      </item>
      <item>
        <actionDate>2021-09-22</actionDate>
        <text>Introduced in Senate</text>
        <type>IntroReferral</type>
        <actionCode>10000</actionCode>
        <sourceSystem>
          <code>9</code>
          <name>Library of Congress</name>
        </sourceSystem>
      </item>
    </actions>
    <sponsors>
      <item>
        <bioguideId>S001191</bioguideId>
        <fullName>Sen. Sinema, Kyrsten [D-AZ]</fullName>
        <firstName>Kyrsten</firstName>
        <lastName>Sinema</lastName>
        <party>D</party>
        <state>AZ</state>
        <identifiers>
          <bioguideId>S001191</bioguideId>
        </identifiers>
        <isByRequest>N</isByRequest>
      </item>
    </sponsors>
    <cosponsors>
      <item>
        <bioguideId>L000575</bioguideId>
        <fullName>Sen. Lankford, James [R-OK]</fullName>
        <firstName>James</firstName>
        <lastName>Lankford</lastName>
        <party>R</party>
        <state>OK</state>
        <identifiers>
          <bioguideId>L000575</bioguideId>
        </identifiers>
        <sponsorshipDate>2021-09-22</sponsorshipDate>
        <isOriginalCosponsor>True</isOriginalCosponsor>
      </item>
    </cosponsors>
    <policyArea>
      <name>Government Operations and Politics</name>
    </policyArea>
    <subjects>
      <legislativeSubjects>
        <item>
          <name>Administrative law and regulatory procedures</name>
        </item>
        <item>
          <name>Competition and antitrust</name>
        </item>
        <item>
          <name>Competitiveness, trade promotion, trade deficits</name>
        </item>
        <item>
          <name>Economic performance and conditions</name>
        </item>
        <item>
          <name>Inflation and prices</name>
        </item>
        <item>
          <name>Judicial review and appeals</name>
        </item>
      </legislativeSubjects>
      <policyArea>
        <name>Government Operations and Politics</name>
      </policyArea>
    </subjects>
    <summaries>
      <summary>
        <versionCode>00</versionCode>
        <actionDate>2021-09-22</actionDate>
        <actionDesc>Introduced in Senate</actionDesc>
        <updateDate>2022-12-23T17:20:56Z</updateDate>
        <text>
          <![CDATA[ <p><strong>Setting Manageable Analysis Requirements in Text Act of 2021 or the SMART Act of 2021</strong></p> <p>This bill requires agencies, when publishing a proposed or final major rule, to include a framework for assessing whether the rule achieves its regulatory objective. An agency must assess a rule in the time frame included in the framework. The assessment must compare the rule's anticipated and actual benefits and costs.</p> <p>The bill defines a&nbsp;major rule&nbsp;as a rule likely to cause (1)&nbsp;an annual effect on the economy of $100 million or more; (2) a major increase in costs or prices; or (3) significant effects on competition, employment, investment, productivity, innovation, health, safety, the environment, or the ability of U.S.-based enterprises to compete with foreign-based enterprises.</p>]]>
        </text>
      </summary>
      <summary>
        <versionCode>25</versionCode>
        <actionDate>2022-12-19</actionDate>
        <actionDesc>Reported to Senate</actionDesc>
        <updateDate>2022-12-23T17:36:50Z</updateDate>
        <text>
          <![CDATA[ <p><strong>Setting Manageable Analysis Requirements in Text Act of 2022 or the SMART Act of 202</strong><b>2</b></p> <p>This bill requires agencies, when publishing a proposed or final major rule, to include a framework for assessing whether the rule achieves its regulatory objective. An agency must assess a rule in the time frame included in the framework. The assessment must compare the rule's anticipated and actual benefits and costs.</p> <p>The bill defines a&nbsp;major rule&nbsp;as a rule likely to cause (1)&nbsp;an annual effect on the economy of $100 million or more; (2) a major increase in costs or prices; or (3) significant adverse effects on competition, employment, investment, productivity, innovation, health, safety, the environment, or the ability of U.S.-based enterprises to compete with foreign-based enterprises.</p>]]>
        </text>
      </summary>
    </summaries>
    <title>SMART Act of 2022</title>
    <titles>
      <item>
        <titleType>Display Title</titleType>
        <title>SMART Act of 2022</title>
      </item>
      <item>
        <titleType>Official Title as Introduced</titleType>
        <title>A bill to amend title 5, United States Code, to improve the effectiveness of major rules in accomplishing their regulatory objectives by promoting retrospective review, and for other purposes.</title>
        <billTextVersionName>Introduced in Senate</billTextVersionName>
        <billTextVersionCode>IS</billTextVersionCode>
      </item>
      <item>
        <titleType>Short Title(s) as Reported to Senate</titleType>
        <title>SMART Act of 2022</title>
        <chamberCode>S</chamberCode>
        <chamberName>Senate</chamberName>
        <billTextVersionName>Reported to Senate</billTextVersionName>
        <billTextVersionCode>RS</billTextVersionCode>
      </item>
      <item>
        <titleType>Short Title(s) as Reported to Senate</titleType>
        <title>Setting Manageable Analysis Requirements in Text Act of 2022</title>
        <chamberCode>S</chamberCode>
        <chamberName>Senate</chamberName>
        <billTextVersionName>Reported to Senate</billTextVersionName>
        <billTextVersionCode>RS</billTextVersionCode>
      </item>
      <item>
        <titleType>Short Title(s) as Introduced</titleType>
        <title>SMART Act of 2021</title>
        <billTextVersionName>Introduced in Senate</billTextVersionName>
        <billTextVersionCode>IS</billTextVersionCode>
      </item>
      <item>
        <titleType>Short Title(s) as Introduced</titleType>
        <title>Setting Manageable Analysis Requirements in Text Act of 2021</title>
        <billTextVersionName>Introduced in Senate</billTextVersionName>
        <billTextVersionCode>IS</billTextVersionCode>
      </item>
    </titles>
    <textVersions>
      <item>
        <type>Reported to Senate</type>
        <date>2022-12-19T05:00:00Z</date>
        <formats>
          <item>
            <url>https://www.govinfo.gov/content/pkg/BILLS-117s2801rs/xml/BILLS-117s2801rs.xml</url>
          </item>
        </formats>
      </item>
      <item>
        <type>Introduced in Senate</type>
        <date>2021-09-22T04:00:00Z</date>
        <formats>
          <item>
            <url>https://www.govinfo.gov/content/pkg/BILLS-117s2801is/xml/BILLS-117s2801is.xml</url>
          </item>
        </formats>
      </item>
      <item>
        <date/>
        <formats/>
        <type/>
      </item>
    </textVersions>
    <latestAction>
      <actionDate>2022-12-19</actionDate>
      <text>Placed on Senate Legislative Calendar under General Orders. Calendar No. 672.</text>
    </latestAction>
  </bill>
  <dublinCore xmlns:dc="http://purl.org/dc/elements/1.1/">
    <dc:format>text/xml</dc:format>
    <dc:language>EN</dc:language>
    <dc:rights>Pursuant to Title 17 Section 105 of the United States Code, this file is not subject to copyright protection and is in the public domain.</dc:rights>
    <dc:contributor>Congressional Research Service, Library of Congress</dc:contributor>
    <dc:description>This file contains bill summaries and statuses for federal legislation. A bill summary describes the most significant provisions of a piece of legislation and details the effects the legislative text may have on current law and federal programs. Bill summaries are authored by the Congressional Research Service (CRS) of the Library of Congress. As stated in Public Law 91-510 (2 USC 166 (d)(6)), one of the duties of CRS is "to prepare summaries and digests of bills and resolutions of a public general nature introduced in the Senate or House of Representatives". For more information, refer to the User Guide that accompanies this file.</dc:description>
  </dublinCore>
</billStatus>
