<?xml version="1.0" encoding="utf-8" standalone="no"?>
<billStatus>
  <version>3.0.0</version>
  <bill>
    <number>312</number>
    <updateDate>2023-01-11T13:46:36Z</updateDate>
    <updateDateIncludingText>2023-01-11T13:46:36Z</updateDateIncludingText>
    <originChamber>Senate</originChamber>
    <type>S</type>
    <introducedDate>2021-02-12</introducedDate>
    <congress>117</congress>
    <committees>
      <item>
        <systemCode>ssju00</systemCode>
        <name>Judiciary Committee</name>
        <chamber>Senate</chamber>
        <type>Standing</type>
        <activities>
          <item>
            <name>Reported by</name>
            <date>2021-06-08T20:51:04Z</date>
          </item>
          <item>
            <name>Markup by</name>
            <date>2021-05-27T14:00:00Z</date>
          </item>
          <item>
            <name>Referred to</name>
            <date>2021-02-12T17:06:53Z</date>
          </item>
        </activities>
      </item>
    </committees>
    <relatedBills>
      <item>
        <title>To provide that the amount of time that an elderly offender must serve before being eligible for placement in home detention is to be reduced by the amount of good time credits earned by the prisoner, and for other purposes.</title>
        <congress>117</congress>
        <number>929</number>
        <type>HR</type>
        <latestAction>
          <actionDate>2021-04-23</actionDate>
          <text>Referred to the Subcommittee on Crime, Terrorism, and Homeland Security.</text>
        </latestAction>
        <relationshipDetails>
          <item>
            <type>Related bill</type>
            <identifiedBy>CRS</identifiedBy>
          </item>
        </relationshipDetails>
      </item>
      <item>
        <title>COVID–19 Safer Detention Act of 2021</title>
        <congress>117</congress>
        <number>3669</number>
        <type>HR</type>
        <latestAction>
          <actionDate>2022-11-01</actionDate>
          <text>Referred to the Subcommittee on Crime, Terrorism, and Homeland Security.</text>
        </latestAction>
        <relationshipDetails>
          <item>
            <type>Identical bill</type>
            <identifiedBy>CRS</identifiedBy>
          </item>
        </relationshipDetails>
      </item>
    </relatedBills>
    <actions>
      <item>
        <actionDate>2021-06-08</actionDate>
        <sourceSystem>
          <name>Senate</name>
        </sourceSystem>
        <text>Placed on Senate Legislative Calendar under General Orders. Calendar No. 68.</text>
        <type>Calendars</type>
      </item>
      <item>
        <actionDate>2021-06-08</actionDate>
        <committees>
          <item>
            <systemCode>ssju00</systemCode>
            <name>Judiciary Committee</name>
          </item>
        </committees>
        <sourceSystem>
          <name>Senate</name>
        </sourceSystem>
        <text>Committee on the Judiciary. Reported by Senator Durbin with an amendment in the nature of a substitute. Without written report.</text>
        <type>Committee</type>
      </item>
      <item>
        <actionDate>2021-06-08</actionDate>
        <text>Committee on the Judiciary. Reported by Senator Durbin with an amendment in the nature of a substitute. Without written report.</text>
        <type>Committee</type>
        <actionCode>14000</actionCode>
        <sourceSystem>
          <code>9</code>
          <name>Library of Congress</name>
        </sourceSystem>
        <committees>
          <item>
            <systemCode>ssju00</systemCode>
            <name>Judiciary Committee</name>
          </item>
        </committees>
      </item>
      <item>
        <actionDate>2021-05-27</actionDate>
        <committees>
          <item>
            <systemCode>ssju00</systemCode>
            <name>Judiciary Committee</name>
          </item>
        </committees>
        <sourceSystem>
          <name>Senate</name>
        </sourceSystem>
        <text>Committee on the Judiciary. Ordered to be reported with an amendment in the nature of a substitute favorably.</text>
        <type>Committee</type>
      </item>
      <item>
        <actionDate>2021-02-12</actionDate>
        <committees>
          <item>
            <systemCode>ssju00</systemCode>
            <name>Judiciary Committee</name>
          </item>
        </committees>
        <sourceSystem>
          <name>Senate</name>
        </sourceSystem>
        <text>Read twice and referred to the Committee on the Judiciary.</text>
        <type>IntroReferral</type>
      </item>
      <item>
        <actionDate>2021-02-12</actionDate>
        <text>Introduced in Senate</text>
        <type>IntroReferral</type>
        <actionCode>10000</actionCode>
        <sourceSystem>
          <code>9</code>
          <name>Library of Congress</name>
        </sourceSystem>
      </item>
    </actions>
    <sponsors>
      <item>
        <bioguideId>D000563</bioguideId>
        <fullName>Sen. Durbin, Richard J. [D-IL]</fullName>
        <firstName>Richard</firstName>
        <lastName>Durbin</lastName>
        <party>D</party>
        <state>IL</state>
        <identifiers>
          <bioguideId>D000563</bioguideId>
        </identifiers>
        <middleName>J.</middleName>
        <isByRequest>N</isByRequest>
      </item>
    </sponsors>
    <cosponsors>
      <item>
        <bioguideId>G000386</bioguideId>
        <fullName>Sen. Grassley, Chuck [R-IA]</fullName>
        <firstName>Charles</firstName>
        <lastName>Grassley</lastName>
        <party>R</party>
        <state>IA</state>
        <identifiers>
          <bioguideId>G000386</bioguideId>
        </identifiers>
        <middleName>E.</middleName>
        <sponsorshipDate>2021-02-12</sponsorshipDate>
        <isOriginalCosponsor>True</isOriginalCosponsor>
      </item>
      <item>
        <bioguideId>W000802</bioguideId>
        <fullName>Sen. Whitehouse, Sheldon [D-RI]</fullName>
        <firstName>Sheldon</firstName>
        <lastName>Whitehouse</lastName>
        <party>D</party>
        <state>RI</state>
        <identifiers>
          <bioguideId>W000802</bioguideId>
        </identifiers>
        <sponsorshipDate>2021-02-12</sponsorshipDate>
        <isOriginalCosponsor>True</isOriginalCosponsor>
      </item>
      <item>
        <bioguideId>T000476</bioguideId>
        <fullName>Sen. Tillis, Thomas [R-NC]</fullName>
        <firstName>Thomas</firstName>
        <lastName>Tillis</lastName>
        <party>R</party>
        <state>NC</state>
        <identifiers>
          <bioguideId>T000476</bioguideId>
        </identifiers>
        <middleName>Roland</middleName>
        <sponsorshipDate>2021-02-12</sponsorshipDate>
        <isOriginalCosponsor>True</isOriginalCosponsor>
      </item>
      <item>
        <bioguideId>C001088</bioguideId>
        <fullName>Sen. Coons, Christopher A. [D-DE]</fullName>
        <firstName>Christopher</firstName>
        <lastName>Coons</lastName>
        <party>D</party>
        <state>DE</state>
        <identifiers>
          <bioguideId>C001088</bioguideId>
        </identifiers>
        <middleName>A.</middleName>
        <sponsorshipDate>2021-02-12</sponsorshipDate>
        <isOriginalCosponsor>True</isOriginalCosponsor>
      </item>
      <item>
        <bioguideId>C001096</bioguideId>
        <fullName>Sen. Cramer, Kevin [R-ND]</fullName>
        <firstName>Kevin</firstName>
        <lastName>Cramer</lastName>
        <party>R</party>
        <state>ND</state>
        <identifiers>
          <bioguideId>C001096</bioguideId>
        </identifiers>
        <sponsorshipDate>2021-02-12</sponsorshipDate>
        <isOriginalCosponsor>True</isOriginalCosponsor>
      </item>
      <item>
        <bioguideId>B001288</bioguideId>
        <fullName>Sen. Booker, Cory A. [D-NJ]</fullName>
        <firstName>Cory</firstName>
        <lastName>Booker</lastName>
        <party>D</party>
        <state>NJ</state>
        <identifiers>
          <bioguideId>B001288</bioguideId>
        </identifiers>
        <sponsorshipDate>2021-02-12</sponsorshipDate>
        <isOriginalCosponsor>True</isOriginalCosponsor>
      </item>
      <item>
        <bioguideId>W000437</bioguideId>
        <fullName>Sen. Wicker, Roger F. [R-MS]</fullName>
        <firstName>Roger</firstName>
        <lastName>Wicker</lastName>
        <party>R</party>
        <state>MS</state>
        <identifiers>
          <bioguideId>W000437</bioguideId>
        </identifiers>
        <middleName>F.</middleName>
        <sponsorshipDate>2021-02-12</sponsorshipDate>
        <isOriginalCosponsor>True</isOriginalCosponsor>
      </item>
      <item>
        <bioguideId>B000575</bioguideId>
        <fullName>Sen. Blunt, Roy [R-MO]</fullName>
        <firstName>Roy</firstName>
        <lastName>Blunt</lastName>
        <party>R</party>
        <state>MO</state>
        <identifiers>
          <bioguideId>B000575</bioguideId>
        </identifiers>
        <sponsorshipDate>2022-02-16</sponsorshipDate>
        <isOriginalCosponsor>False</isOriginalCosponsor>
      </item>
      <item>
        <bioguideId>B000944</bioguideId>
        <fullName>Sen. Brown, Sherrod [D-OH]</fullName>
        <firstName>Sherrod</firstName>
        <lastName>Brown</lastName>
        <party>D</party>
        <state>OH</state>
        <identifiers>
          <bioguideId>B000944</bioguideId>
        </identifiers>
        <sponsorshipDate>2022-05-19</sponsorshipDate>
        <isOriginalCosponsor>False</isOriginalCosponsor>
      </item>
    </cosponsors>
    <cboCostEstimates>
      <item>
        <pubDate>2022-05-12T21:55:00Z</pubDate>
        <title>S. 312, COVID-19 Safer Detention Act of 2021</title>
        <url>https://www.cbo.gov/publication/58109</url>
        <description>As reported by the Senate Committee on the Judiciary on June 8, 2021</description>
      </item>
    </cboCostEstimates>
    <policyArea>
      <name>Crime and Law Enforcement</name>
    </policyArea>
    <subjects>
      <legislativeSubjects>
        <item>
          <name>Administrative remedies</name>
        </item>
        <item>
          <name>Aging</name>
        </item>
        <item>
          <name>Cardiovascular and respiratory health</name>
        </item>
        <item>
          <name>Congressional oversight</name>
        </item>
        <item>
          <name>Correctional facilities and imprisonment</name>
        </item>
        <item>
          <name>Criminal procedure and sentencing</name>
        </item>
        <item>
          <name>Department of Justice</name>
        </item>
        <item>
          <name>Detention of persons</name>
        </item>
        <item>
          <name>Emergency medical services and trauma care</name>
        </item>
        <item>
          <name>Government studies and investigations</name>
        </item>
        <item>
          <name>Infectious and parasitic diseases</name>
        </item>
        <item>
          <name>Judicial procedure and administration</name>
        </item>
        <item>
          <name>Judicial review and appeals</name>
        </item>
        <item>
          <name>Lawyers and legal services</name>
        </item>
        <item>
          <name>Long-term, rehabilitative, and terminal care</name>
        </item>
      </legislativeSubjects>
      <policyArea>
        <name>Crime and Law Enforcement</name>
      </policyArea>
    </subjects>
    <summaries>
      <summary>
        <versionCode>00</versionCode>
        <actionDate>2021-02-12</actionDate>
        <actionDesc>Introduced in Senate</actionDesc>
        <updateDate>2021-12-16T22:37:09Z</updateDate>
        <text>
          <![CDATA[ <p><b>COVID-19 Safer Detention Act of 2021</b></p> <p>This bill expands statutory authority for federal prisoners to be released before completing their sentences or to be placed in the community to serve the final portion of their sentences.</p> <p>First, the bill makes changes to the early release pilot program. The early release pilot program authorizes the Bureau of Prisons to release early and place on home confinement elderly offenders and terminally ill offenders who meet eligibility criteria. This bill </p> <ul> <li>expands eligibility to offenders serving time for an offense under the laws of the District of Columbia, </li> <li>expands eligibility to offenders who have served at least one-half (currently, two-thirds) of their prison term, </li> <li>reduces the amount of time an offender must serve by the good time credits earned by the offender, and </li> <li>creates a judicial review process for prisoners and shortens the waiting period for judicial review during the COVID-19 pandemic. </li> </ul> <p>Second, the bill modifies the compassionate release process. The compassionate release process authorizes federal courts to reduce a prisoner's sentence and impose a term of probation or supervised released in certain circumstances. This bill</p> <ul> <li>expands eligibility to prisoners sentenced before November 1, 1987, </li> <li>specifies that vulnerability to COVID-19 is a basis for compassionate release, and </li> <li>shortens the waiting period for judicial review during the COVID-19 pandemic. </li> </ul>]]>
        </text>
      </summary>
      <summary>
        <versionCode>25</versionCode>
        <actionDate>2021-06-08</actionDate>
        <actionDesc>Reported to Senate</actionDesc>
        <updateDate>2022-05-25T15:48:36Z</updateDate>
        <text>
          <![CDATA[ <p><b>COVID-19 Safer Detention Act of 2021</b></p> <p>This bill expands statutory authority for federal prisoners to be released before completing their sentences or to be placed in the community to serve the final portion of their sentences.</p> <p>First, the bill makes changes to the early release pilot program which authorizes the Bureau of Prisons to release early and place on home confinement elderly offenders and terminally ill offenders who meet eligibility criteria. This bill </p> <ul> <li>expands eligibility to offenders serving time for an offense under the laws of the District of Columbia, </li> <li>reduces the amount of time an offender must serve by the good time credits earned by the offender, and</li> <li>creates a judicial review process for prisoners.</li> </ul>   <p>Second, the bill modifies the compassionate release process which authorizes federal courts to reduce a prisoner's sentence and impose a term of probation or supervised released in certain circumstances. This bill</p> <ul> <li>expands eligibility to prisoners sentenced before November 1, 1987; and</li> <li>specifies that vulnerability to COVID-19 is a basis for compassionate release. </li> </ul>   <p> <p>Regarding the judicial review of these release authorities, the bill also (1) authorizes federal courts to appoint counsel to assist defendants, (2) applies statutory rights for crime victims to these proceedings, and (3) shortens the waiting period during the COVID-19 pandemic.</p> <p>Additionally, the bill requires the Government Accountability Office to study postrelease, probation, and pretrial services, including recent changes.</p> <p>Finally, the bill directs the Administrative Office of the U.S. Courts to request resources to address staffing needs in each judicial district, including resources that may be necessary as a result of this bill.</p>]]>
        </text>
      </summary>
    </summaries>
    <title>COVID–19 Safer Detention Act of 2021</title>
    <titles>
      <item>
        <titleType>Display Title</titleType>
        <title>COVID–19 Safer Detention Act of 2021</title>
      </item>
      <item>
        <titleType>Official Title as Introduced</titleType>
        <title>A bill to expand eligibility for and provide judicial review for the Elderly Home Detention Pilot Program, provide for compassionate release based on COVID-19 vulnerability, shorten the waiting period for judicial review during the COVID-19 pandemic, and make other technical corrections.</title>
        <billTextVersionName>Introduced in Senate</billTextVersionName>
        <billTextVersionCode>IS</billTextVersionCode>
      </item>
      <item>
        <titleType>Short Title(s) as Introduced</titleType>
        <title>COVID–19 Safer Detention Act of 2021</title>
        <billTextVersionName>Introduced in Senate</billTextVersionName>
        <billTextVersionCode>IS</billTextVersionCode>
      </item>
      <item>
        <titleType>Short Title(s) as Reported to Senate</titleType>
        <title>COVID–19 Safer Detention Act of 2021</title>
        <chamberCode>S</chamberCode>
        <chamberName>Senate</chamberName>
        <billTextVersionName>Reported to Senate</billTextVersionName>
        <billTextVersionCode>RS</billTextVersionCode>
      </item>
    </titles>
    <textVersions>
      <item>
        <type>Reported to Senate</type>
        <date>2021-06-08T04:00:00Z</date>
        <formats>
          <item>
            <url>https://www.govinfo.gov/content/pkg/BILLS-117s312rs/xml/BILLS-117s312rs.xml</url>
          </item>
        </formats>
      </item>
      <item>
        <type>Introduced in Senate</type>
        <date>2021-02-12T05:00:00Z</date>
        <formats>
          <item>
            <url>https://www.govinfo.gov/content/pkg/BILLS-117s312is/xml/BILLS-117s312is.xml</url>
          </item>
        </formats>
      </item>
      <item>
        <date/>
        <formats/>
        <type/>
      </item>
    </textVersions>
    <latestAction>
      <actionDate>2021-06-08</actionDate>
      <text>Placed on Senate Legislative Calendar under General Orders. Calendar No. 68.</text>
    </latestAction>
  </bill>
  <dublinCore xmlns:dc="http://purl.org/dc/elements/1.1/">
    <dc:format>text/xml</dc:format>
    <dc:language>EN</dc:language>
    <dc:rights>Pursuant to Title 17 Section 105 of the United States Code, this file is not subject to copyright protection and is in the public domain.</dc:rights>
    <dc:contributor>Congressional Research Service, Library of Congress</dc:contributor>
    <dc:description>This file contains bill summaries and statuses for federal legislation. A bill summary describes the most significant provisions of a piece of legislation and details the effects the legislative text may have on current law and federal programs. Bill summaries are authored by the Congressional Research Service (CRS) of the Library of Congress. As stated in Public Law 91-510 (2 USC 166 (d)(6)), one of the duties of CRS is "to prepare summaries and digests of bills and resolutions of a public general nature introduced in the Senate or House of Representatives". For more information, refer to the User Guide that accompanies this file.</dc:description>
  </dublinCore>
</billStatus>
