<?xml version="1.0" encoding="utf-8" standalone="no"?>
<billStatus>
  <version>3.0.0</version>
  <bill>
    <number>356</number>
    <updateDate>2023-01-11T13:46:34Z</updateDate>
    <updateDateIncludingText>2023-01-11T13:46:34Z</updateDateIncludingText>
    <originChamber>Senate</originChamber>
    <type>S</type>
    <introducedDate>2021-02-22</introducedDate>
    <congress>117</congress>
    <committees>
      <item>
        <systemCode>sscm00</systemCode>
        <name>Commerce, Science, and Transportation Committee</name>
        <chamber>Senate</chamber>
        <type>Standing</type>
        <activities>
          <item>
            <name>Referred to</name>
            <date>2021-02-22T23:43:15Z</date>
          </item>
        </activities>
      </item>
    </committees>
    <relatedBills>
      <item>
        <title>Transportation Workforce Centers of Excellence Act</title>
        <congress>117</congress>
        <number>2696</number>
        <type>HR</type>
        <latestAction>
          <actionDate>2021-04-21</actionDate>
          <text>Referred to the Subcommittee on Highways and Transit.</text>
        </latestAction>
        <relationshipDetails>
          <item>
            <type>Related bill</type>
            <identifiedBy>CRS</identifiedBy>
          </item>
        </relationshipDetails>
      </item>
      <item>
        <title>21st Century Transportation Workforce Development Act</title>
        <congress>117</congress>
        <number>2697</number>
        <type>HR</type>
        <latestAction>
          <actionDate>2021-04-21</actionDate>
          <text>Referred to the Subcommittee on Highways and Transit.</text>
        </latestAction>
        <relationshipDetails>
          <item>
            <type>Related bill</type>
            <identifiedBy>CRS</identifiedBy>
          </item>
        </relationshipDetails>
      </item>
      <item>
        <title>Promoting Service in Transportation Act</title>
        <congress>117</congress>
        <number>3310</number>
        <type>HR</type>
        <latestAction>
          <actionDate>2021-05-19</actionDate>
          <text>Referred to the Subcommittee on Highways and Transit.</text>
        </latestAction>
        <relationshipDetails>
          <item>
            <type>Related bill</type>
            <identifiedBy>CRS</identifiedBy>
          </item>
        </relationshipDetails>
      </item>
    </relatedBills>
    <actions>
      <item>
        <actionDate>2021-02-22</actionDate>
        <committees>
          <item>
            <systemCode>sscm00</systemCode>
            <name>Commerce, Science, and Transportation Committee</name>
          </item>
        </committees>
        <sourceSystem>
          <name>Senate</name>
        </sourceSystem>
        <text>Read twice and referred to the Committee on Commerce, Science, and Transportation.</text>
        <type>IntroReferral</type>
      </item>
      <item>
        <actionDate>2021-02-22</actionDate>
        <text>Introduced in Senate</text>
        <type>IntroReferral</type>
        <actionCode>10000</actionCode>
        <sourceSystem>
          <code>9</code>
          <name>Library of Congress</name>
        </sourceSystem>
      </item>
    </actions>
    <sponsors>
      <item>
        <bioguideId>C001113</bioguideId>
        <fullName>Sen. Cortez Masto, Catherine [D-NV]</fullName>
        <firstName>Catherine</firstName>
        <lastName>Cortez Masto</lastName>
        <party>D</party>
        <state>NV</state>
        <identifiers>
          <bioguideId>C001113</bioguideId>
        </identifiers>
        <isByRequest>N</isByRequest>
      </item>
    </sponsors>
    <policyArea>
      <name>Transportation and Public Works</name>
    </policyArea>
    <subjects>
      <legislativeSubjects>
        <item>
          <name>Administrative remedies</name>
        </item>
        <item>
          <name>Advanced technology and technological innovations</name>
        </item>
        <item>
          <name>Advisory bodies</name>
        </item>
        <item>
          <name>Air quality</name>
        </item>
        <item>
          <name>Computer security and identity theft</name>
        </item>
        <item>
          <name>Congressional oversight</name>
        </item>
        <item>
          <name>Department of Transportation</name>
        </item>
        <item>
          <name>Education programs funding</name>
        </item>
        <item>
          <name>Elementary and secondary education</name>
        </item>
        <item>
          <name>Employee hiring</name>
        </item>
        <item>
          <name>Employment and training programs</name>
        </item>
        <item>
          <name>Executive agency funding and structure</name>
        </item>
        <item>
          <name>Government information and archives</name>
        </item>
        <item>
          <name>Government studies and investigations</name>
        </item>
        <item>
          <name>Higher education</name>
        </item>
        <item>
          <name>Hybrid, electric, and advanced technology vehicles</name>
        </item>
        <item>
          <name>Manufacturing</name>
        </item>
        <item>
          <name>Marketing and advertising</name>
        </item>
        <item>
          <name>Minority employment</name>
        </item>
        <item>
          <name>Public transit</name>
        </item>
        <item>
          <name>Public-private cooperation</name>
        </item>
        <item>
          <name>Railroads</name>
        </item>
        <item>
          <name>Research and development</name>
        </item>
        <item>
          <name>Roads and highways</name>
        </item>
        <item>
          <name>Teaching, teachers, curricula</name>
        </item>
        <item>
          <name>Transportation employees</name>
        </item>
        <item>
          <name>Transportation programs funding</name>
        </item>
        <item>
          <name>Vocational and technical education</name>
        </item>
        <item>
          <name>Women's education</name>
        </item>
        <item>
          <name>Women's employment</name>
        </item>
      </legislativeSubjects>
      <policyArea>
        <name>Transportation and Public Works</name>
      </policyArea>
    </subjects>
    <summaries>
      <summary>
        <versionCode>00</versionCode>
        <actionDate>2021-02-22</actionDate>
        <actionDesc>Introduced in Senate</actionDesc>
        <updateDate>2021-03-19T14:28:30Z</updateDate>
        <text>
          <![CDATA[ <p><b>Transportation Opportunities for Professional Service Act or the</b> <b>TOPS Act</b></p> <p>This bill establishes federal training and educational programs to develop the transportation workforce.</p> <p>It directs the Department of Transportation to </p> <ul> <li>create a task force on developing a 21st century surface transportation workforce;</li> <li> provide grants to partnerships including states, institutions of higher education, and others, to support transportation-sector education and workforce development projects;</li> <li>conduct a national and international scanning tour of surface transportation agencies to identify critical future investment in workforce development;</li> <li>designate certain geographically diverse consortia of two-year institutions of higher education as Community and Technical College Centers of Excellence in Transportation Workforce Training; </li> <li>establish and administer a transportation workforce outreach program to carry out a series of public service announcement campaigns, including to increase diversity and the awareness of career opportunities in the transportation sector; and</li> <li>address emerging technologies in the transportation workforce, including cybersecurity related to such technologies.</li> </ul> <p>Additionally, the Government Accountability Office must study issues relating to workforce development in intelligent and zero-emissions transportation technologies.</p>]]>
        </text>
      </summary>
    </summaries>
    <title>Transportation Opportunities for Professional Service Act</title>
    <titles>
      <item>
        <titleType>Display Title</titleType>
        <title>Transportation Opportunities for Professional Service Act</title>
      </item>
      <item>
        <titleType>Official Title as Introduced</titleType>
        <title>A bill to develop and improve the transportation workforce, and for other purposes.</title>
        <billTextVersionName>Introduced in Senate</billTextVersionName>
        <billTextVersionCode>IS</billTextVersionCode>
      </item>
      <item>
        <titleType>Short Title(s) as Introduced</titleType>
        <title>Transportation Opportunities for Professional Service Act</title>
        <billTextVersionName>Introduced in Senate</billTextVersionName>
        <billTextVersionCode>IS</billTextVersionCode>
      </item>
    </titles>
    <textVersions>
      <item>
        <type>Introduced in Senate</type>
        <date>2021-02-22T05:00:00Z</date>
        <formats>
          <item>
            <url>https://www.govinfo.gov/content/pkg/BILLS-117s356is/xml/BILLS-117s356is.xml</url>
          </item>
        </formats>
      </item>
      <item>
        <date/>
        <formats/>
        <type/>
      </item>
    </textVersions>
    <latestAction>
      <actionDate>2021-02-22</actionDate>
      <text>Read twice and referred to the Committee on Commerce, Science, and Transportation.</text>
    </latestAction>
  </bill>
  <dublinCore xmlns:dc="http://purl.org/dc/elements/1.1/">
    <dc:format>text/xml</dc:format>
    <dc:language>EN</dc:language>
    <dc:rights>Pursuant to Title 17 Section 105 of the United States Code, this file is not subject to copyright protection and is in the public domain.</dc:rights>
    <dc:contributor>Congressional Research Service, Library of Congress</dc:contributor>
    <dc:description>This file contains bill summaries and statuses for federal legislation. A bill summary describes the most significant provisions of a piece of legislation and details the effects the legislative text may have on current law and federal programs. Bill summaries are authored by the Congressional Research Service (CRS) of the Library of Congress. As stated in Public Law 91-510 (2 USC 166 (d)(6)), one of the duties of CRS is "to prepare summaries and digests of bills and resolutions of a public general nature introduced in the Senate or House of Representatives". For more information, refer to the User Guide that accompanies this file.</dc:description>
  </dublinCore>
</billStatus>
