<?xml version="1.0" encoding="utf-8" standalone="no"?>
<billStatus>
  <version>3.0.0</version>
  <bill>
    <number>325</number>
    <updateDate>2023-01-11T13:46:36Z</updateDate>
    <updateDateIncludingText>2023-01-11T13:46:36Z</updateDateIncludingText>
    <originChamber>Senate</originChamber>
    <type>S</type>
    <introducedDate>2021-02-12</introducedDate>
    <congress>117</congress>
    <committees>
      <item>
        <systemCode>slia00</systemCode>
        <name>Indian Affairs Committee</name>
        <chamber>Senate</chamber>
        <type>Other</type>
        <activities>
          <item>
            <name>Reported by</name>
            <date>2021-04-14T21:38:38Z</date>
          </item>
          <item>
            <name>Markup by</name>
            <date>2021-03-10T19:30:06Z</date>
          </item>
          <item>
            <name>Referred to</name>
            <date>2021-02-12T19:28:13Z</date>
          </item>
        </activities>
      </item>
    </committees>
    <committeeReports>
      <committeeReport>
        <citation>S. Rept. 117-12</citation>
      </committeeReport>
    </committeeReports>
    <relatedBills>
      <item>
        <title>To amend the Alyce Spotted Bear and Walter Soboleff Commission on Native Children Act to extend the deadline for a report by the Alyce Spotted Bear and Walter Soboleff Commission on Native Children, and for other purposes.</title>
        <congress>117</congress>
        <number>438</number>
        <type>HR</type>
        <latestAction>
          <actionDate>2021-07-26</actionDate>
          <text>Placed on the Union Calendar, Calendar No. 76.</text>
        </latestAction>
        <relationshipDetails>
          <item>
            <type>Identical bill</type>
            <identifiedBy>CRS</identifiedBy>
          </item>
          <item>
            <type>Related bill</type>
            <identifiedBy>House</identifiedBy>
          </item>
        </relationshipDetails>
      </item>
    </relatedBills>
    <actions>
      <item>
        <actionDate>2021-09-24</actionDate>
        <text>Became Public Law No: 117-41.</text>
        <type>President</type>
        <actionCode>E40000</actionCode>
        <sourceSystem>
          <code>9</code>
          <name>Library of Congress</name>
        </sourceSystem>
      </item>
      <item>
        <actionDate>2021-09-24</actionDate>
        <text>Became Public Law No: 117-41.</text>
        <type>BecameLaw</type>
        <actionCode>36000</actionCode>
        <sourceSystem>
          <code>9</code>
          <name>Library of Congress</name>
        </sourceSystem>
      </item>
      <item>
        <actionDate>2021-09-24</actionDate>
        <text>Signed by President.</text>
        <type>President</type>
        <actionCode>E30000</actionCode>
        <sourceSystem>
          <code>9</code>
          <name>Library of Congress</name>
        </sourceSystem>
      </item>
      <item>
        <actionDate>2021-09-24</actionDate>
        <text>Signed by President.</text>
        <type>BecameLaw</type>
        <actionCode>36000</actionCode>
        <sourceSystem>
          <code>9</code>
          <name>Library of Congress</name>
        </sourceSystem>
      </item>
      <item>
        <actionDate>2021-09-21</actionDate>
        <text>Presented to President.</text>
        <type>Floor</type>
        <actionCode>E20000</actionCode>
        <sourceSystem>
          <code>2</code>
          <name>House floor actions</name>
        </sourceSystem>
      </item>
      <item>
        <actionDate>2021-09-21</actionDate>
        <text>Presented to President.</text>
        <type>President</type>
        <actionCode>28000</actionCode>
        <sourceSystem>
          <code>9</code>
          <name>Library of Congress</name>
        </sourceSystem>
      </item>
      <item>
        <actionDate>2021-08-23</actionDate>
        <actionTime>19:20:30</actionTime>
        <text>Motion to reconsider laid on the table Agreed to without objection.</text>
        <type>Floor</type>
        <actionCode>H38310</actionCode>
        <sourceSystem>
          <code>2</code>
          <name>House floor actions</name>
        </sourceSystem>
      </item>
      <item>
        <actionDate>2021-08-23</actionDate>
        <actionTime>19:20:25</actionTime>
        <text>On motion to suspend the rules and pass the bill Agreed to by the Yeas and Nays: (2/3 required): 418 - 7 (Roll no. 255).</text>
        <type>Floor</type>
        <actionCode>H37300</actionCode>
        <sourceSystem>
          <code>2</code>
          <name>House floor actions</name>
        </sourceSystem>
        <recordedVotes>
          <recordedVote>
            <rollNumber>255</rollNumber>
            <url>https://clerk.house.gov/evs/2021/roll255.xml</url>
            <chamber>House</chamber>
            <congress>117</congress>
            <date>2021-08-23T23:20:25Z</date>
            <sessionNumber>1</sessionNumber>
          </recordedVote>
        </recordedVotes>
      </item>
      <item>
        <actionDate>2021-08-23</actionDate>
        <actionTime>19:20:25</actionTime>
        <text>Passed/agreed to in House: On motion to suspend the rules and pass the bill Agreed to by the Yeas and Nays: (2/3 required): 418 - 7 (Roll no. 255).</text>
        <type>Floor</type>
        <actionCode>8000</actionCode>
        <sourceSystem>
          <code>9</code>
          <name>Library of Congress</name>
        </sourceSystem>
        <recordedVotes>
          <recordedVote>
            <rollNumber>255</rollNumber>
            <url>https://clerk.house.gov/evs/2021/roll255.xml</url>
            <chamber>House</chamber>
            <congress>117</congress>
            <date>2021-08-23T23:20:25Z</date>
            <sessionNumber>1</sessionNumber>
          </recordedVote>
        </recordedVotes>
      </item>
      <item>
        <actionDate>2021-08-23</actionDate>
        <actionTime>18:31:49</actionTime>
        <text>Considered as unfinished business. (consideration: CR H4350-4351)</text>
        <type>Floor</type>
        <actionCode>H30000</actionCode>
        <sourceSystem>
          <code>2</code>
          <name>House floor actions</name>
        </sourceSystem>
      </item>
      <item>
        <actionDate>2021-07-26</actionDate>
        <actionTime>15:49:45</actionTime>
        <text>At the conclusion of debate, the Yeas and Nays were demanded and ordered. Pursuant to the provisions of clause 8, rule XX, the Chair announced that further proceedings on the motion would be postponed.</text>
        <type>Floor</type>
        <actionCode>H37220</actionCode>
        <sourceSystem>
          <code>2</code>
          <name>House floor actions</name>
        </sourceSystem>
      </item>
      <item>
        <actionDate>2021-07-26</actionDate>
        <actionTime>15:42:38</actionTime>
        <text>DEBATE - The House proceeded with forty minutes of debate on S. 325.</text>
        <type>Floor</type>
        <actionCode>H8D000</actionCode>
        <sourceSystem>
          <code>2</code>
          <name>House floor actions</name>
        </sourceSystem>
      </item>
      <item>
        <actionDate>2021-07-26</actionDate>
        <actionTime>15:42:35</actionTime>
        <text>Considered under suspension of the rules. (consideration: CR H3868-3869; text: CR H3868)</text>
        <type>Floor</type>
        <actionCode>H30000</actionCode>
        <sourceSystem>
          <code>2</code>
          <name>House floor actions</name>
        </sourceSystem>
      </item>
      <item>
        <actionDate>2021-07-26</actionDate>
        <actionTime>15:41:52</actionTime>
        <text>Mrs. Dingell moved to suspend the rules and pass the bill.</text>
        <type>Floor</type>
        <actionCode>H30300</actionCode>
        <sourceSystem>
          <code>2</code>
          <name>House floor actions</name>
        </sourceSystem>
      </item>
      <item>
        <actionDate>2021-05-28</actionDate>
        <actionTime>10:23:38</actionTime>
        <text>Held at the desk.</text>
        <type>Floor</type>
        <actionCode>H15000</actionCode>
        <sourceSystem>
          <code>2</code>
          <name>House floor actions</name>
        </sourceSystem>
      </item>
      <item>
        <actionDate>2021-05-28</actionDate>
        <actionTime>10:10:55</actionTime>
        <text>Received in the House.</text>
        <type>Floor</type>
        <actionCode>H14000</actionCode>
        <sourceSystem>
          <code>2</code>
          <name>House floor actions</name>
        </sourceSystem>
      </item>
      <item>
        <actionDate>2021-05-27</actionDate>
        <sourceSystem>
          <name>Senate</name>
        </sourceSystem>
        <text>Message on Senate action sent to the House.</text>
        <type>Floor</type>
      </item>
      <item>
        <actionDate>2021-05-26</actionDate>
        <sourceSystem>
          <name>Senate</name>
        </sourceSystem>
        <text>Passed Senate without amendment by Voice Vote. (consideration: CR S3489; text: CR S3489)</text>
        <type>Floor</type>
      </item>
      <item>
        <actionDate>2021-05-26</actionDate>
        <text>Passed/agreed to in Senate: Passed Senate without amendment by Voice Vote.(consideration: CR S3489; text: CR S3489)</text>
        <type>Floor</type>
        <actionCode>17000</actionCode>
        <sourceSystem>
          <code>9</code>
          <name>Library of Congress</name>
        </sourceSystem>
      </item>
      <item>
        <actionDate>2021-04-14</actionDate>
        <sourceSystem>
          <name>Senate</name>
        </sourceSystem>
        <text>Placed on Senate Legislative Calendar under General Orders. Calendar No. 40.</text>
        <type>Calendars</type>
      </item>
      <item>
        <actionDate>2021-04-14</actionDate>
        <committees>
          <item>
            <systemCode>slia00</systemCode>
            <name>Indian Affairs Committee</name>
          </item>
        </committees>
        <sourceSystem>
          <name>Senate</name>
        </sourceSystem>
        <text>Committee on Indian Affairs. Reported by Senator Schatz without amendment. With written report No. 117-12.</text>
        <type>Committee</type>
      </item>
      <item>
        <actionDate>2021-04-14</actionDate>
        <text>Committee on Indian Affairs. Reported by Senator Schatz without amendment. With written report No. 117-12.</text>
        <type>Committee</type>
        <actionCode>14000</actionCode>
        <sourceSystem>
          <code>9</code>
          <name>Library of Congress</name>
        </sourceSystem>
        <committees>
          <item>
            <systemCode>slia00</systemCode>
            <name>Indian Affairs Committee</name>
          </item>
        </committees>
      </item>
      <item>
        <actionDate>2021-03-10</actionDate>
        <committees>
          <item>
            <systemCode>slia00</systemCode>
            <name>Indian Affairs Committee</name>
          </item>
        </committees>
        <sourceSystem>
          <name>Senate</name>
        </sourceSystem>
        <text>Committee on Indian Affairs. Ordered to be reported without amendment favorably.</text>
        <type>Committee</type>
      </item>
      <item>
        <actionDate>2021-02-12</actionDate>
        <committees>
          <item>
            <systemCode>slia00</systemCode>
            <name>Indian Affairs Committee</name>
          </item>
        </committees>
        <sourceSystem>
          <name>Senate</name>
        </sourceSystem>
        <text>Read twice and referred to the Committee on Indian Affairs.</text>
        <type>IntroReferral</type>
      </item>
      <item>
        <actionDate>2021-02-12</actionDate>
        <text>Introduced in Senate</text>
        <type>IntroReferral</type>
        <actionCode>10000</actionCode>
        <sourceSystem>
          <code>9</code>
          <name>Library of Congress</name>
        </sourceSystem>
      </item>
    </actions>
    <sponsors>
      <item>
        <bioguideId>M001153</bioguideId>
        <fullName>Sen. Murkowski, Lisa [R-AK]</fullName>
        <firstName>Lisa</firstName>
        <lastName>Murkowski</lastName>
        <party>R</party>
        <state>AK</state>
        <identifiers>
          <bioguideId>M001153</bioguideId>
        </identifiers>
        <isByRequest>N</isByRequest>
      </item>
    </sponsors>
    <cosponsors>
      <item>
        <bioguideId>S001194</bioguideId>
        <fullName>Sen. Schatz, Brian [D-HI]</fullName>
        <firstName>Brian</firstName>
        <lastName>Schatz</lastName>
        <party>D</party>
        <state>HI</state>
        <identifiers>
          <bioguideId>S001194</bioguideId>
        </identifiers>
        <sponsorshipDate>2021-03-02</sponsorshipDate>
        <isOriginalCosponsor>False</isOriginalCosponsor>
      </item>
      <item>
        <bioguideId>S001198</bioguideId>
        <fullName>Sen. Sullivan, Dan [R-AK]</fullName>
        <firstName>Dan</firstName>
        <lastName>Sullivan</lastName>
        <party>R</party>
        <state>AK</state>
        <identifiers>
          <bioguideId>S001198</bioguideId>
        </identifiers>
        <sponsorshipDate>2021-03-02</sponsorshipDate>
        <isOriginalCosponsor>False</isOriginalCosponsor>
      </item>
      <item>
        <bioguideId>T000464</bioguideId>
        <fullName>Sen. Tester, Jon [D-MT]</fullName>
        <firstName>Jon</firstName>
        <lastName>Tester</lastName>
        <party>D</party>
        <state>MT</state>
        <identifiers>
          <bioguideId>T000464</bioguideId>
        </identifiers>
        <sponsorshipDate>2021-03-02</sponsorshipDate>
        <isOriginalCosponsor>False</isOriginalCosponsor>
      </item>
    </cosponsors>
    <cboCostEstimates>
      <item>
        <pubDate>2021-03-29T20:00:00Z</pubDate>
        <title>S. 325, A bill to amend the Alyce Spotted Bear and Walter Soboleff Commission on Native Children Act to extend the deadline for a report by the Alyce Spotted Bear and Walter Soboleff Commission on Native Children, and for other purposes</title>
        <url>https://www.cbo.gov/publication/57095</url>
        <description>As ordered reported by the Senate Committee on Indian Affairs onMarch 10, 2021</description>
      </item>
      <item>
        <pubDate>2021-03-29T20:00:00Z</pubDate>
        <title>S. 325, a bill to amend the Alyce Spotted Bear and Walter Soboleff Commission on Native Children Act to extend the deadline for a report by the Alyce Spotted Bear and Walter Soboleff Commission on Native Children, and for other purposes</title>
        <url>https://www.cbo.gov/publication/57095</url>
        <description>As ordered reported by the Senate Committee on Indian Affairs onMarch 10, 2021</description>
      </item>
    </cboCostEstimates>
    <laws>
      <item>
        <type>Public Law</type>
        <number>117-41</number>
      </item>
    </laws>
    <policyArea>
      <name>Native Americans</name>
    </policyArea>
    <subjects>
      <legislativeSubjects>
        <item>
          <name>Child safety and welfare</name>
        </item>
        <item>
          <name>Congressional oversight</name>
        </item>
        <item>
          <name>Government studies and investigations</name>
        </item>
        <item>
          <name>Indian social and development programs</name>
        </item>
      </legislativeSubjects>
      <policyArea>
        <name>Native Americans</name>
      </policyArea>
    </subjects>
    <summaries>
      <summary>
        <versionCode>00</versionCode>
        <actionDate>2021-02-12</actionDate>
        <actionDesc>Introduced in Senate</actionDesc>
        <updateDate>2021-03-19T13:31:45Z</updateDate>
        <text>
          <![CDATA[ <p>This bill extends the deadline, from three years to five years, for the Alyce Spotted Bear and Walter Soboleff Commission on Native Children to submit its report to the President and Congress. The commission was established to conduct a comprehensive study of federal, state, local, and tribal programs that serve Native children and to develop plans for federal policy related to Native children.</p>]]>
        </text>
      </summary>
      <summary>
        <versionCode>25</versionCode>
        <actionDate>2021-04-14</actionDate>
        <actionDesc>Reported to Senate</actionDesc>
        <updateDate>2021-04-30T15:07:24Z</updateDate>
        <text>
          <![CDATA[ <p>This bill extends the deadline, from three years to five years, for the Alyce Spotted Bear and Walter Soboleff Commission on Native Children to submit its report to the President and Congress. The commission was established to conduct a comprehensive study of federal, state, local, and tribal programs that serve Native children and to develop plans for federal policy related to Native children.</p>]]>
        </text>
      </summary>
      <summary>
        <versionCode>55</versionCode>
        <actionDate>2021-05-26</actionDate>
        <actionDesc>Passed Senate</actionDesc>
        <updateDate>2021-06-08T00:01:34Z</updateDate>
        <text>
          <![CDATA[ <p>This bill extends the deadline, from three years to five years, for the Alyce Spotted Bear and Walter Soboleff Commission on Native Children to submit its report to the President and Congress. The commission was established to conduct a comprehensive study of federal, state, local, and tribal programs that serve Native children and to develop plans for federal policy related to Native children.</p>]]>
        </text>
      </summary>
      <summary>
        <versionCode>53</versionCode>
        <actionDate>2021-08-23</actionDate>
        <actionDesc>Passed House</actionDesc>
        <updateDate>2021-09-30T13:54:14Z</updateDate>
        <text>
          <![CDATA[ <p>This bill extends the deadline, from three years to five years, for the Alyce Spotted Bear and Walter Soboleff Commission on Native Children to submit its report to the President and Congress. The commission was established to conduct a comprehensive study of federal, state, local, and tribal programs that serve Native children and to develop plans for federal policy related to Native children.</p>]]>
        </text>
      </summary>
      <summary>
        <versionCode>49</versionCode>
        <actionDate>2021-09-24</actionDate>
        <actionDesc>Public Law</actionDesc>
        <updateDate>2021-10-05T01:00:43Z</updateDate>
        <text>
          <![CDATA[ <p>This bill extends the deadline, from three years to five years, for the Alyce Spotted Bear and Walter Soboleff Commission on Native Children to submit its report to the President and Congress. The commission was established to conduct a comprehensive study of federal, state, local, and tribal programs that serve Native children and to develop plans for federal policy related to Native children.</p>]]>
        </text>
      </summary>
    </summaries>
    <title>A bill to amend the Alyce Spotted Bear and Walter Soboleff Commission on Native Children Act to extend the deadline for a report by the Alyce Spotted Bear and Walter Soboleff Commission on Native Children, and for other purposes.</title>
    <titles>
      <item>
        <titleType>Display Title</titleType>
        <title>A bill to amend the Alyce Spotted Bear and Walter Soboleff Commission on Native Children Act to extend the deadline for a report by the Alyce Spotted Bear and Walter Soboleff Commission on Native Children, and for other purposes.</title>
      </item>
      <item>
        <titleType>Official Title as Introduced</titleType>
        <title>A bill to amend the Alyce Spotted Bear and Walter Soboleff Commission on Native Children Act to extend the deadline for a report by the Alyce Spotted Bear and Walter Soboleff Commission on Native Children, and for other purposes.</title>
        <billTextVersionName>Introduced in Senate</billTextVersionName>
        <billTextVersionCode>IS</billTextVersionCode>
      </item>
    </titles>
    <textVersions>
      <item>
        <type>Enrolled Bill</type>
        <date/>
        <formats>
          <item>
            <url>https://www.govinfo.gov/content/pkg/BILLS-117s325enr/xml/BILLS-117s325enr.xml</url>
          </item>
        </formats>
      </item>
      <item>
        <type>Engrossed in Senate</type>
        <date>2021-05-26T04:00:00Z</date>
        <formats>
          <item>
            <url>https://www.govinfo.gov/content/pkg/BILLS-117s325es/xml/BILLS-117s325es.xml</url>
          </item>
        </formats>
      </item>
      <item>
        <type>Reported to Senate</type>
        <date>2021-04-14T04:00:00Z</date>
        <formats>
          <item>
            <url>https://www.govinfo.gov/content/pkg/BILLS-117s325rs/xml/BILLS-117s325rs.xml</url>
          </item>
        </formats>
      </item>
      <item>
        <type>Introduced in Senate</type>
        <date>2021-02-12T05:00:00Z</date>
        <formats>
          <item>
            <url>https://www.govinfo.gov/content/pkg/BILLS-117s325is/xml/BILLS-117s325is.xml</url>
          </item>
        </formats>
      </item>
      <item>
        <date>2021-09-25T03:59:59Z</date>
        <formats>
          <item>
            <url>https://www.govinfo.gov/content/pkg/PLAW-117publ41_uslm/xml/PLAW-117publ41_uslm.xml</url>
          </item>
        </formats>
        <type>Public Law</type>
      </item>
    </textVersions>
    <latestAction>
      <actionDate>2021-09-24</actionDate>
      <text>Became Public Law No: 117-41.</text>
    </latestAction>
  </bill>
  <dublinCore xmlns:dc="http://purl.org/dc/elements/1.1/">
    <dc:format>text/xml</dc:format>
    <dc:language>EN</dc:language>
    <dc:rights>Pursuant to Title 17 Section 105 of the United States Code, this file is not subject to copyright protection and is in the public domain.</dc:rights>
    <dc:contributor>Congressional Research Service, Library of Congress</dc:contributor>
    <dc:description>This file contains bill summaries and statuses for federal legislation. A bill summary describes the most significant provisions of a piece of legislation and details the effects the legislative text may have on current law and federal programs. Bill summaries are authored by the Congressional Research Service (CRS) of the Library of Congress. As stated in Public Law 91-510 (2 USC 166 (d)(6)), one of the duties of CRS is "to prepare summaries and digests of bills and resolutions of a public general nature introduced in the Senate or House of Representatives". For more information, refer to the User Guide that accompanies this file.</dc:description>
  </dublinCore>
</billStatus>
