<?xml version="1.0" encoding="utf-8" standalone="no"?>
<billStatus>
  <version>3.0.0</version>
  <bill>
    <number>1364</number>
    <updateDate>2022-01-27T05:20:22Z</updateDate>
    <updateDateIncludingText>2022-02-09T15:55:04Z</updateDateIncludingText>
    <originChamber>Senate</originChamber>
    <type>S</type>
    <introducedDate>2021-04-26</introducedDate>
    <congress>117</congress>
    <committees>
      <item>
        <systemCode>slia00</systemCode>
        <name>Indian Affairs Committee</name>
        <chamber>Senate</chamber>
        <type>Other</type>
        <activities>
          <item>
            <name>Hearings by</name>
            <date>2021-11-17T19:30:06Z</date>
          </item>
          <item>
            <name>Referred to</name>
            <date>2021-11-02T22:12:57Z</date>
          </item>
        </activities>
      </item>
    </committees>
    <relatedBills>
      <item>
        <title>Lumbee Recognition Act</title>
        <congress>117</congress>
        <number>2758</number>
        <type>HR</type>
        <latestAction>
          <actionDate>2022-10-11</actionDate>
          <text>Read the second time. Placed on Senate Legislative Calendar under General Orders. Calendar No. 522.</text>
        </latestAction>
        <relationshipDetails>
          <item>
            <type>Related bill</type>
            <identifiedBy>CRS</identifiedBy>
          </item>
        </relationshipDetails>
      </item>
    </relatedBills>
    <actions>
      <item>
        <actionDate>2021-11-17</actionDate>
        <committees>
          <item>
            <systemCode>slia00</systemCode>
            <name>Indian Affairs Committee</name>
          </item>
        </committees>
        <sourceSystem>
          <name>Senate</name>
        </sourceSystem>
        <text>Committee on Indian Affairs. Hearings held. Hearings printed: S.Hrg. 117-115.</text>
        <type>Committee</type>
      </item>
      <item>
        <actionDate>2021-11-02</actionDate>
        <committees>
          <item>
            <systemCode>slia00</systemCode>
            <name>Indian Affairs Committee</name>
          </item>
        </committees>
        <sourceSystem>
          <name>Senate</name>
        </sourceSystem>
        <text>Referred to the Committee on Indian Affairs by unanimous consent.</text>
        <type>IntroReferral</type>
      </item>
      <item>
        <actionDate>2021-04-27</actionDate>
        <sourceSystem>
          <name>Senate</name>
        </sourceSystem>
        <text>Read the second time. Placed on Senate Legislative Calendar under General Orders. Calendar No. 50.</text>
        <type>Calendars</type>
      </item>
      <item>
        <actionDate>2021-04-26</actionDate>
        <sourceSystem>
          <name>Senate</name>
        </sourceSystem>
        <text>Introduced in the Senate. Read the first time. Placed on Senate Legislative Calendar under Read the First Time.</text>
        <type>Calendars</type>
      </item>
      <item>
        <actionDate>2021-04-26</actionDate>
        <text>Introduced in Senate</text>
        <type>IntroReferral</type>
        <actionCode>10000</actionCode>
        <sourceSystem>
          <code>9</code>
          <name>Library of Congress</name>
        </sourceSystem>
      </item>
    </actions>
    <sponsors>
      <item>
        <bioguideId>B001135</bioguideId>
        <fullName>Sen. Burr, Richard [R-NC]</fullName>
        <firstName>Richard</firstName>
        <lastName>Burr</lastName>
        <party>R</party>
        <state>NC</state>
        <identifiers>
          <bioguideId>B001135</bioguideId>
        </identifiers>
        <middleName>Mauze</middleName>
        <isByRequest>N</isByRequest>
      </item>
    </sponsors>
    <cosponsors>
      <item>
        <bioguideId>T000476</bioguideId>
        <fullName>Sen. Tillis, Thomas [R-NC]</fullName>
        <firstName>Thomas</firstName>
        <lastName>Tillis</lastName>
        <party>R</party>
        <state>NC</state>
        <identifiers>
          <bioguideId>T000476</bioguideId>
        </identifiers>
        <middleName>Roland</middleName>
        <sponsorshipDate>2021-04-26</sponsorshipDate>
        <isOriginalCosponsor>True</isOriginalCosponsor>
      </item>
    </cosponsors>
    <policyArea>
      <name>Native Americans</name>
    </policyArea>
    <subjects>
      <legislativeSubjects>
        <item>
          <name>Federal-Indian relations</name>
        </item>
        <item>
          <name>Indian lands and resources rights</name>
        </item>
        <item>
          <name>North Carolina</name>
        </item>
      </legislativeSubjects>
      <policyArea>
        <name>Native Americans</name>
      </policyArea>
    </subjects>
    <summaries>
      <summary>
        <versionCode>00</versionCode>
        <actionDate>2021-04-26</actionDate>
        <actionDesc>Introduced in Senate</actionDesc>
        <updateDate>2021-05-04T20:56:49Z</updateDate>
        <text>
          <![CDATA[ <p><b>Lumbee Tribe of North Carolina Recognition Act</b></p> <p>This bill extends federal recognition to the Lumbee Tribe of North Carolina and makes its members eligible for the services and benefits provided to members of federally recognized tribes. </p> <p>Members of the tribe residing in Robeson, Cumberland, Hoke, and Scotland counties in North Carolina are deemed to be within the delivery area for such services.</p> <p>The Department of the Interior and the Department of Health and Human Services must develop, in consultation with the tribe, a determination of needs to provide the services for which members of the tribe are eligible.</p> <p>Interior may take land into trust for the benefit of the tribe.</p> <p>Finally, North Carolina must exercise jurisdiction over all criminal offenses committed, and all civil actions that arise, on North Carolina lands owned by, or held in trust for, the Lumbee Tribe or any dependent Indian community of the tribe unless jurisdiction is transferred to the United States pursuant to an agreement between the tribe and the state.</p>]]>
        </text>
      </summary>
    </summaries>
    <title>Lumbee Tribe of North Carolina Recognition Act</title>
    <titles>
      <item>
        <titleType>Display Title</titleType>
        <title>Lumbee Tribe of North Carolina Recognition Act</title>
      </item>
      <item>
        <titleType>Short Title(s) as Introduced</titleType>
        <title>Lumbee Tribe of North Carolina Recognition Act</title>
      </item>
      <item>
        <titleType>Official Title as Introduced</titleType>
        <title>A bill to provide for the recognition of the Lumbee Tribe of North Carolina, and for other purposes.</title>
      </item>
    </titles>
    <textVersions>
      <item>
        <type>Referred to Committee Senate</type>
        <date>2021-11-02T04:00:00Z</date>
        <formats>
          <item>
            <url>https://www.govinfo.gov/content/pkg/BILLS-117s1364rts/xml/BILLS-117s1364rts.xml</url>
          </item>
        </formats>
      </item>
      <item>
        <type>Placed on Calendar Senate</type>
        <date>2021-04-27T04:00:00Z</date>
        <formats>
          <item>
            <url>https://www.govinfo.gov/content/pkg/BILLS-117s1364pcs/xml/BILLS-117s1364pcs.xml</url>
          </item>
        </formats>
      </item>
      <item>
        <date/>
        <formats/>
        <type/>
      </item>
    </textVersions>
    <latestAction>
      <actionDate>2021-11-17</actionDate>
      <text>Committee on Indian Affairs. Hearings held. Hearings printed: S.Hrg. 117-115.</text>
    </latestAction>
  </bill>
  <dublinCore xmlns:dc="http://purl.org/dc/elements/1.1/">
    <dc:format>text/xml</dc:format>
    <dc:language>EN</dc:language>
    <dc:rights>Pursuant to Title 17 Section 105 of the United States Code, this file is not subject to copyright protection and is in the public domain.</dc:rights>
    <dc:contributor>Congressional Research Service, Library of Congress</dc:contributor>
    <dc:description>This file contains bill summaries and statuses for federal legislation. A bill summary describes the most significant provisions of a piece of legislation and details the effects the legislative text may have on current law and federal programs. Bill summaries are authored by the Congressional Research Service (CRS) of the Library of Congress. As stated in Public Law 91-510 (2 USC 166 (d)(6)), one of the duties of CRS is "to prepare summaries and digests of bills and resolutions of a public general nature introduced in the Senate or House of Representatives". For more information, refer to the User Guide that accompanies this file.</dc:description>
  </dublinCore>
</billStatus>
