<?xml version="1.0" encoding="utf-8" standalone="no"?>
<billStatus>
  <version>3.0.0</version>
  <bill>
    <number>887</number>
    <updateDate>2023-01-11T13:47:37Z</updateDate>
    <updateDateIncludingText>2023-01-11T13:47:37Z</updateDateIncludingText>
    <originChamber>Senate</originChamber>
    <type>S</type>
    <introducedDate>2021-03-22</introducedDate>
    <congress>117</congress>
    <committees>
      <item>
        <systemCode>ssva00</systemCode>
        <name>Veterans' Affairs Committee</name>
        <chamber>Senate</chamber>
        <type>Standing</type>
        <activities>
          <item>
            <name>Markup by</name>
            <date>2021-07-28T15:30:34Z</date>
          </item>
          <item>
            <name>Hearings by</name>
            <date>2021-06-23T19:00:38Z</date>
          </item>
          <item>
            <name>Referred to</name>
            <date>2021-03-22T22:22:45Z</date>
          </item>
        </activities>
      </item>
    </committees>
    <relatedBills>
      <item>
        <title>VA Supply Chain Resiliency Act</title>
        <congress>117</congress>
        <number>2082</number>
        <type>HR</type>
        <latestAction>
          <actionDate>2021-05-04</actionDate>
          <text>Ordered to be Reported by the Yeas and Nays: 22 - 6.</text>
        </latestAction>
        <relationshipDetails>
          <item>
            <type>Related bill</type>
            <identifiedBy>CRS</identifiedBy>
          </item>
        </relationshipDetails>
      </item>
    </relatedBills>
    <actions>
      <item>
        <actionDate>2021-07-28</actionDate>
        <committees>
          <item>
            <systemCode>ssva00</systemCode>
            <name>Veterans' Affairs Committee</name>
          </item>
        </committees>
        <sourceSystem>
          <name>Senate</name>
        </sourceSystem>
        <text>Committee on Veterans' Affairs. Ordered to be reported without amendment favorably.</text>
        <type>Committee</type>
      </item>
      <item>
        <actionDate>2021-06-23</actionDate>
        <committees>
          <item>
            <systemCode>ssva00</systemCode>
            <name>Veterans' Affairs Committee</name>
          </item>
        </committees>
        <sourceSystem>
          <name>Senate</name>
        </sourceSystem>
        <text>Committee on Veterans' Affairs. Hearings held.</text>
        <type>Committee</type>
      </item>
      <item>
        <actionDate>2021-03-22</actionDate>
        <committees>
          <item>
            <systemCode>ssva00</systemCode>
            <name>Veterans' Affairs Committee</name>
          </item>
        </committees>
        <sourceSystem>
          <name>Senate</name>
        </sourceSystem>
        <text>Read twice and referred to the Committee on Veterans' Affairs.</text>
        <type>IntroReferral</type>
      </item>
      <item>
        <actionDate>2021-03-22</actionDate>
        <text>Introduced in Senate</text>
        <type>IntroReferral</type>
        <actionCode>10000</actionCode>
        <sourceSystem>
          <code>9</code>
          <name>Library of Congress</name>
        </sourceSystem>
      </item>
    </actions>
    <sponsors>
      <item>
        <bioguideId>M000934</bioguideId>
        <fullName>Sen. Moran, Jerry [R-KS]</fullName>
        <firstName>Jerry</firstName>
        <lastName>Moran</lastName>
        <party>R</party>
        <state>KS</state>
        <identifiers>
          <bioguideId>M000934</bioguideId>
        </identifiers>
        <isByRequest>N</isByRequest>
      </item>
    </sponsors>
    <cosponsors>
      <item>
        <bioguideId>T000464</bioguideId>
        <fullName>Sen. Tester, Jon [D-MT]</fullName>
        <firstName>Jon</firstName>
        <lastName>Tester</lastName>
        <party>D</party>
        <state>MT</state>
        <identifiers>
          <bioguideId>T000464</bioguideId>
        </identifiers>
        <sponsorshipDate>2021-03-22</sponsorshipDate>
        <isOriginalCosponsor>True</isOriginalCosponsor>
      </item>
      <item>
        <bioguideId>H001076</bioguideId>
        <fullName>Sen. Hassan, Margaret Wood [D-NH]</fullName>
        <firstName>Maggie</firstName>
        <lastName>Hassan</lastName>
        <party>D</party>
        <state>NH</state>
        <identifiers>
          <bioguideId>H001076</bioguideId>
        </identifiers>
        <sponsorshipDate>2021-07-27</sponsorshipDate>
        <isOriginalCosponsor>False</isOriginalCosponsor>
      </item>
    </cosponsors>
    <cboCostEstimates>
      <item>
        <pubDate>2021-08-09T21:36:00Z</pubDate>
        <title>S. 887, VA Supply Chain Resiliency Act</title>
        <url>https://www.cbo.gov/publication/57417</url>
        <description>As ordered reported by the Senate Committee on Veterans’ Affairs onJuly 28, 2021</description>
      </item>
    </cboCostEstimates>
    <policyArea>
      <name>Armed Forces and National Security</name>
    </policyArea>
    <subjects>
      <legislativeSubjects>
        <item>
          <name>Cardiovascular and respiratory health</name>
        </item>
        <item>
          <name>Congressional oversight</name>
        </item>
        <item>
          <name>Department of Veterans Affairs</name>
        </item>
        <item>
          <name>Disaster relief and insurance</name>
        </item>
        <item>
          <name>Emergency medical services and trauma care</name>
        </item>
        <item>
          <name>Emergency planning and evacuation</name>
        </item>
        <item>
          <name>Health technology, devices, supplies</name>
        </item>
        <item>
          <name>Infectious and parasitic diseases</name>
        </item>
        <item>
          <name>Military procurement, research, weapons development</name>
        </item>
        <item>
          <name>Natural disasters</name>
        </item>
        <item>
          <name>Public contracts and procurement</name>
        </item>
        <item>
          <name>Veterans' medical care</name>
        </item>
      </legislativeSubjects>
      <policyArea>
        <name>Armed Forces and National Security</name>
      </policyArea>
    </subjects>
    <summaries>
      <summary>
        <versionCode>00</versionCode>
        <actionDate>2021-03-22</actionDate>
        <actionDesc>Introduced in Senate</actionDesc>
        <updateDate>2021-05-04T14:42:11Z</updateDate>
        <text>
          <![CDATA[ <p><strong>VA Supply Chain Resiliency Act</strong></p> <p>This bill addresses the Department of Veterans Affairs (VA) supply chain processes, particularly during emergency periods.</p> <p>The bill requires the VA to submit a report containing a description of the items and quantities of items that are critical with respect to the VA's ongoing response to the COVID-19 (i.e., coronavirus disease 2019) pandemic and future epidemic, pandemic, emergency, national emergency, or natural disaster scenarios.</p> <p>The VA and the Department of Defense (DOD) must enter into an agreement to provide for the participation of the VA in the Warstopper Program of the Defense Logistics Agency (DLA) of DOD. The Warstopper Program was established to satisfy requirements for sudden and sustained increases in production of critical industrial and medical items.</p> <p>Under such an agreement, the DLA must</p> <ul> <li>ensure the maintenance and stability of the items the VA identifies as critical in its report (and that the VA and DOD determine are appropriate for the program),<br> </li> <li>establish guidance for the participation of the VA in the program, and<br> </li> <li>use existing and new contracts and agreements to reserve the supply of critical items.</li> </ul> <p>Finally, the VA must ensure it does not exclusively rely on holding regional, physical inventories of critical items in order to respond to greater than expected needs during epidemic, pandemic, emergency, national emergency, or natural disaster situations.<br> </p>]]>
        </text>
      </summary>
    </summaries>
    <title>VA Supply Chain Resiliency Act</title>
    <titles>
      <item>
        <titleType>Display Title</titleType>
        <title>VA Supply Chain Resiliency Act</title>
      </item>
      <item>
        <titleType>Official Title as Introduced</titleType>
        <title>A bill make certain improvements relating to the supply chain of the Department of Veterans Affairs, and for other purposes.</title>
        <billTextVersionName>Introduced in Senate</billTextVersionName>
        <billTextVersionCode>IS</billTextVersionCode>
      </item>
      <item>
        <titleType>Short Title(s) as Introduced</titleType>
        <title>VA Supply Chain Resiliency Act</title>
        <billTextVersionName>Introduced in Senate</billTextVersionName>
        <billTextVersionCode>IS</billTextVersionCode>
      </item>
    </titles>
    <textVersions>
      <item>
        <type>Introduced in Senate</type>
        <date>2021-03-22T04:00:00Z</date>
        <formats>
          <item>
            <url>https://www.govinfo.gov/content/pkg/BILLS-117s887is/xml/BILLS-117s887is.xml</url>
          </item>
        </formats>
      </item>
      <item>
        <date/>
        <formats/>
        <type/>
      </item>
    </textVersions>
    <latestAction>
      <actionDate>2021-07-28</actionDate>
      <text>Committee on Veterans' Affairs. Ordered to be reported without amendment favorably.</text>
    </latestAction>
  </bill>
  <dublinCore xmlns:dc="http://purl.org/dc/elements/1.1/">
    <dc:format>text/xml</dc:format>
    <dc:language>EN</dc:language>
    <dc:rights>Pursuant to Title 17 Section 105 of the United States Code, this file is not subject to copyright protection and is in the public domain.</dc:rights>
    <dc:contributor>Congressional Research Service, Library of Congress</dc:contributor>
    <dc:description>This file contains bill summaries and statuses for federal legislation. A bill summary describes the most significant provisions of a piece of legislation and details the effects the legislative text may have on current law and federal programs. Bill summaries are authored by the Congressional Research Service (CRS) of the Library of Congress. As stated in Public Law 91-510 (2 USC 166 (d)(6)), one of the duties of CRS is "to prepare summaries and digests of bills and resolutions of a public general nature introduced in the Senate or House of Representatives". For more information, refer to the User Guide that accompanies this file.</dc:description>
  </dublinCore>
</billStatus>
