<?xml version="1.0" encoding="utf-8" standalone="no"?>
<billStatus>
  <version>3.0.0</version>
  <bill>
    <number>2661</number>
    <updateDate>2023-01-01T20:17:25Z</updateDate>
    <updateDateIncludingText>2023-01-01T20:17:25Z</updateDateIncludingText>
    <originChamber>Senate</originChamber>
    <type>S</type>
    <introducedDate>2021-08-05</introducedDate>
    <congress>117</congress>
    <committees>
      <item>
        <systemCode>ssev00</systemCode>
        <name>Environment and Public Works Committee</name>
        <chamber>Senate</chamber>
        <type>Standing</type>
        <activities>
          <item>
            <name>Hearings by</name>
            <date>2022-09-07T14:00:04Z</date>
          </item>
          <item>
            <name>Referred to</name>
            <date>2021-08-05T22:52:25Z</date>
          </item>
        </activities>
      </item>
    </committees>
    <actions>
      <item>
        <actionDate>2022-09-07</actionDate>
        <committees>
          <item>
            <systemCode>ssev00</systemCode>
            <name>Environment and Public Works Committee</name>
          </item>
        </committees>
        <sourceSystem>
          <name>Senate</name>
        </sourceSystem>
        <text>Committee on Environment and Public Works. Hearings held.</text>
        <type>Committee</type>
      </item>
      <item>
        <actionDate>2021-08-05</actionDate>
        <committees>
          <item>
            <systemCode>ssev00</systemCode>
            <name>Environment and Public Works Committee</name>
          </item>
        </committees>
        <sourceSystem>
          <name>Senate</name>
        </sourceSystem>
        <text>Read twice and referred to the Committee on Environment and Public Works.</text>
        <type>IntroReferral</type>
      </item>
      <item>
        <actionDate>2021-08-05</actionDate>
        <text>Introduced in Senate</text>
        <type>IntroReferral</type>
        <actionCode>10000</actionCode>
        <sourceSystem>
          <code>9</code>
          <name>Library of Congress</name>
        </sourceSystem>
      </item>
    </actions>
    <sponsors>
      <item>
        <bioguideId>M001176</bioguideId>
        <fullName>Sen. Merkley, Jeff [D-OR]</fullName>
        <firstName>Jeff</firstName>
        <lastName>Merkley</lastName>
        <party>D</party>
        <state>OR</state>
        <identifiers>
          <bioguideId>M001176</bioguideId>
        </identifiers>
        <isByRequest>N</isByRequest>
      </item>
    </sponsors>
    <cosponsors>
      <item>
        <bioguideId>W000779</bioguideId>
        <fullName>Sen. Wyden, Ron [D-OR]</fullName>
        <firstName>Ron</firstName>
        <lastName>Wyden</lastName>
        <party>D</party>
        <state>OR</state>
        <identifiers>
          <bioguideId>W000779</bioguideId>
        </identifiers>
        <sponsorshipDate>2021-08-05</sponsorshipDate>
        <isOriginalCosponsor>True</isOriginalCosponsor>
      </item>
      <item>
        <bioguideId>P000145</bioguideId>
        <fullName>Sen. Padilla, Alex [D-CA]</fullName>
        <firstName>Alex</firstName>
        <lastName>Padilla</lastName>
        <party>D</party>
        <state>CA</state>
        <identifiers>
          <bioguideId>P000145</bioguideId>
        </identifiers>
        <sponsorshipDate>2021-08-05</sponsorshipDate>
        <isOriginalCosponsor>True</isOriginalCosponsor>
      </item>
      <item>
        <bioguideId>F000062</bioguideId>
        <fullName>Sen. Feinstein, Dianne [D-CA]</fullName>
        <firstName>Dianne</firstName>
        <lastName>Feinstein</lastName>
        <party>D</party>
        <state>CA</state>
        <identifiers>
          <bioguideId>F000062</bioguideId>
        </identifiers>
        <sponsorshipDate>2021-08-05</sponsorshipDate>
        <isOriginalCosponsor>True</isOriginalCosponsor>
      </item>
    </cosponsors>
    <policyArea>
      <name>Environmental Protection</name>
    </policyArea>
    <subjects>
      <legislativeSubjects>
        <item>
          <name>Air quality</name>
        </item>
        <item>
          <name>Building construction</name>
        </item>
        <item>
          <name>Community life and organization</name>
        </item>
        <item>
          <name>Emergency planning and evacuation</name>
        </item>
        <item>
          <name>Environmental technology</name>
        </item>
        <item>
          <name>Fires</name>
        </item>
        <item>
          <name>Forests, forestry, trees</name>
        </item>
        <item>
          <name>Health technology, devices, supplies</name>
        </item>
        <item>
          <name>Lighting, heating, cooling</name>
        </item>
      </legislativeSubjects>
      <policyArea>
        <name>Environmental Protection</name>
      </policyArea>
    </subjects>
    <summaries>
      <summary>
        <versionCode>00</versionCode>
        <actionDate>2021-08-05</actionDate>
        <actionDesc>Introduced in Senate</actionDesc>
        <updateDate>2022-10-20T21:47:10Z</updateDate>
        <text>
          <![CDATA[ <p><strong>Smoke-Ready Communities Act of 2021</strong></p> <p>This bill authorizes the Environmental Protection Agency to make grants to air pollution control agencies to support the development and implementation of programs that support local communities in detecting, preparing for, communicating with the public about, or mitigating the environmental and public health aspects of wildfire smoke.</p>]]>
        </text>
      </summary>
    </summaries>
    <title>Smoke-Ready Communities Act of 2021</title>
    <titles>
      <item>
        <titleType>Official Title as Introduced</titleType>
        <title>A bill to amend the Clean Air Act to establish a grant program for supporting local communities in detecting, preparing for, communicating about, or mitigating the environmental and public health impacts of wildfire smoke, and for other purposes.</title>
        <billTextVersionName>Introduced in Senate</billTextVersionName>
        <billTextVersionCode>IS</billTextVersionCode>
      </item>
      <item>
        <titleType>Display Title</titleType>
        <title>Smoke-Ready Communities Act of 2021</title>
      </item>
      <item>
        <titleType>Short Title(s) as Introduced</titleType>
        <title>Smoke-Ready Communities Act of 2021</title>
        <billTextVersionName>Introduced in Senate</billTextVersionName>
        <billTextVersionCode>IS</billTextVersionCode>
      </item>
    </titles>
    <textVersions>
      <item>
        <type>Introduced in Senate</type>
        <date>2021-08-05T04:00:00Z</date>
        <formats>
          <item>
            <url>https://www.govinfo.gov/content/pkg/BILLS-117s2661is/xml/BILLS-117s2661is.xml</url>
          </item>
        </formats>
      </item>
      <item>
        <date/>
        <formats/>
        <type/>
      </item>
    </textVersions>
    <latestAction>
      <actionDate>2022-09-07</actionDate>
      <text>Committee on Environment and Public Works. Hearings held.</text>
    </latestAction>
  </bill>
  <dublinCore xmlns:dc="http://purl.org/dc/elements/1.1/">
    <dc:format>text/xml</dc:format>
    <dc:language>EN</dc:language>
    <dc:rights>Pursuant to Title 17 Section 105 of the United States Code, this file is not subject to copyright protection and is in the public domain.</dc:rights>
    <dc:contributor>Congressional Research Service, Library of Congress</dc:contributor>
    <dc:description>This file contains bill summaries and statuses for federal legislation. A bill summary describes the most significant provisions of a piece of legislation and details the effects the legislative text may have on current law and federal programs. Bill summaries are authored by the Congressional Research Service (CRS) of the Library of Congress. As stated in Public Law 91-510 (2 USC 166 (d)(6)), one of the duties of CRS is "to prepare summaries and digests of bills and resolutions of a public general nature introduced in the Senate or House of Representatives". For more information, refer to the User Guide that accompanies this file.</dc:description>
  </dublinCore>
</billStatus>
