<?xml version="1.0" encoding="utf-8" standalone="no"?>
<billStatus>
  <version>3.0.0</version>
  <bill>
    <number>3816</number>
    <updateDate>2022-12-29T22:33:31Z</updateDate>
    <updateDateIncludingText>2022-12-29T22:33:31Z</updateDateIncludingText>
    <originChamber>Senate</originChamber>
    <type>S</type>
    <introducedDate>2022-03-10</introducedDate>
    <congress>117</congress>
    <committees>
      <item>
        <systemCode>sscm00</systemCode>
        <name>Commerce, Science, and Transportation Committee</name>
        <chamber>Senate</chamber>
        <type>Standing</type>
        <activities>
          <item>
            <name>Referred to</name>
            <date>2022-03-10T21:30:38Z</date>
          </item>
        </activities>
      </item>
    </committees>
    <relatedBills>
      <item>
        <title>Maritime Administration Authorization Act for Fiscal Year 2023</title>
        <congress>117</congress>
        <number>4357</number>
        <type>S</type>
        <latestAction>
          <actionDate>2022-06-22</actionDate>
          <text>Committee on Commerce, Science, and Transportation. Ordered to be reported with an amendment in the nature of a substitute favorably.</text>
        </latestAction>
        <relationshipDetails>
          <item>
            <type>Related bill</type>
            <identifiedBy>CRS</identifiedBy>
          </item>
        </relationshipDetails>
      </item>
    </relatedBills>
    <actions>
      <item>
        <actionDate>2022-03-10</actionDate>
        <committees>
          <item>
            <systemCode>sscm00</systemCode>
            <name>Commerce, Science, and Transportation Committee</name>
          </item>
        </committees>
        <sourceSystem>
          <name>Senate</name>
        </sourceSystem>
        <text>Read twice and referred to the Committee on Commerce, Science, and Transportation.</text>
        <type>IntroReferral</type>
      </item>
      <item>
        <actionDate>2022-03-10</actionDate>
        <text>Introduced in Senate</text>
        <type>IntroReferral</type>
        <actionCode>10000</actionCode>
        <sourceSystem>
          <code>9</code>
          <name>Library of Congress</name>
        </sourceSystem>
      </item>
    </actions>
    <sponsors>
      <item>
        <bioguideId>W000437</bioguideId>
        <fullName>Sen. Wicker, Roger F. [R-MS]</fullName>
        <firstName>Roger</firstName>
        <lastName>Wicker</lastName>
        <party>R</party>
        <state>MS</state>
        <identifiers>
          <bioguideId>W000437</bioguideId>
        </identifiers>
        <middleName>F.</middleName>
        <isByRequest>N</isByRequest>
      </item>
    </sponsors>
    <cosponsors>
      <item>
        <bioguideId>P000595</bioguideId>
        <fullName>Sen. Peters, Gary C. [D-MI]</fullName>
        <firstName>Gary</firstName>
        <lastName>Peters</lastName>
        <party>D</party>
        <state>MI</state>
        <identifiers>
          <bioguideId>P000595</bioguideId>
        </identifiers>
        <sponsorshipDate>2022-03-10</sponsorshipDate>
        <isOriginalCosponsor>True</isOriginalCosponsor>
      </item>
    </cosponsors>
    <policyArea>
      <name>Transportation and Public Works</name>
    </policyArea>
    <subjects>
      <legislativeSubjects/>
      <policyArea>
        <name>Transportation and Public Works</name>
      </policyArea>
    </subjects>
    <summaries>
      <summary>
        <versionCode>00</versionCode>
        <actionDate>2022-03-10</actionDate>
        <actionDesc>Introduced in Senate</actionDesc>
        <updateDate>2022-12-12T17:43:20Z</updateDate>
        <text>
          <![CDATA[ <p><strong>Marine Highway Promotion Act </strong></p> <p>This bill directs the Maritime Administration (MARAD) to establish a United States Marine Highway Program to designate marine highway routes as extensions of the surface transportation system and provide grants and enter into contacts or agreements for marine highway services.</p> <p>In awarding grants or entering into contracts and agreements, MARAD must give preference to marine highway services that present the most financially viable transportation services and require the lowest percentage federal share of the costs.</p> <p>MARAD may also develop strategies to encourage the use of marine highway transportation for the transportation of passengers and cargo.</p>]]>
        </text>
      </summary>
    </summaries>
    <title>Marine Highway Promotion Act</title>
    <titles>
      <item>
        <titleType>Display Title</titleType>
        <title>Marine Highway Promotion Act</title>
      </item>
      <item>
        <titleType>Short Title(s) as Introduced</titleType>
        <title>Marine Highway Promotion Act</title>
        <billTextVersionName>Introduced in Senate</billTextVersionName>
        <billTextVersionCode>IS</billTextVersionCode>
      </item>
      <item>
        <titleType>Official Title as Introduced</titleType>
        <title>A bill to amend title 46, United States Code, to establish a United States Marine Highway Program, and for other purposes.</title>
        <billTextVersionName>Introduced in Senate</billTextVersionName>
        <billTextVersionCode>IS</billTextVersionCode>
      </item>
    </titles>
    <textVersions>
      <item>
        <type>Introduced in Senate</type>
        <date>2022-03-10T05:00:00Z</date>
        <formats>
          <item>
            <url>https://www.govinfo.gov/content/pkg/BILLS-117s3816is/xml/BILLS-117s3816is.xml</url>
          </item>
        </formats>
      </item>
      <item>
        <date/>
        <formats/>
        <type/>
      </item>
    </textVersions>
    <latestAction>
      <actionDate>2022-03-10</actionDate>
      <text>Read twice and referred to the Committee on Commerce, Science, and Transportation.</text>
    </latestAction>
  </bill>
  <dublinCore xmlns:dc="http://purl.org/dc/elements/1.1/">
    <dc:format>text/xml</dc:format>
    <dc:language>EN</dc:language>
    <dc:rights>Pursuant to Title 17 Section 105 of the United States Code, this file is not subject to copyright protection and is in the public domain.</dc:rights>
    <dc:contributor>Congressional Research Service, Library of Congress</dc:contributor>
    <dc:description>This file contains bill summaries and statuses for federal legislation. A bill summary describes the most significant provisions of a piece of legislation and details the effects the legislative text may have on current law and federal programs. Bill summaries are authored by the Congressional Research Service (CRS) of the Library of Congress. As stated in Public Law 91-510 (2 USC 166 (d)(6)), one of the duties of CRS is "to prepare summaries and digests of bills and resolutions of a public general nature introduced in the Senate or House of Representatives". For more information, refer to the User Guide that accompanies this file.</dc:description>
  </dublinCore>
</billStatus>
