<?xml version="1.0" encoding="utf-8" standalone="no"?>
<billStatus>
  <version>3.0.0</version>
  <bill>
    <number>590</number>
    <updateDate>2023-01-11T13:47:48Z</updateDate>
    <updateDateIncludingText>2023-01-11T13:47:48Z</updateDateIncludingText>
    <originChamber>Senate</originChamber>
    <type>S</type>
    <introducedDate>2021-03-04</introducedDate>
    <congress>117</congress>
    <relatedBills>
      <item>
        <title>CONFUCIUS Act</title>
        <congress>117</congress>
        <number>2622</number>
        <type>HR</type>
        <latestAction>
          <actionDate>2021-04-16</actionDate>
          <text>Referred to the House Committee on Education and Labor.</text>
        </latestAction>
        <relationshipDetails>
          <item>
            <type>Identical bill</type>
            <identifiedBy>CRS</identifiedBy>
          </item>
        </relationshipDetails>
      </item>
      <item>
        <title>Hold CCP Accountable Act of 2022</title>
        <congress>117</congress>
        <number>7457</number>
        <type>HR</type>
        <latestAction>
          <actionDate>2022-11-01</actionDate>
          <text>Referred to the Subcommittee on Immigration and Citizenship.</text>
        </latestAction>
        <relationshipDetails>
          <item>
            <type>Related bill</type>
            <identifiedBy>CRS</identifiedBy>
          </item>
        </relationshipDetails>
      </item>
    </relatedBills>
    <actions>
      <item>
        <actionDate>2021-03-08</actionDate>
        <actionTime>14:25:16</actionTime>
        <text>Held at the desk.</text>
        <type>Floor</type>
        <actionCode>H15000</actionCode>
        <sourceSystem>
          <code>2</code>
          <name>House floor actions</name>
        </sourceSystem>
      </item>
      <item>
        <actionDate>2021-03-08</actionDate>
        <actionTime>14:16:27</actionTime>
        <text>Received in the House.</text>
        <type>Floor</type>
        <actionCode>H14000</actionCode>
        <sourceSystem>
          <code>2</code>
          <name>House floor actions</name>
        </sourceSystem>
      </item>
      <item>
        <actionDate>2021-03-08</actionDate>
        <sourceSystem>
          <name>Senate</name>
        </sourceSystem>
        <text>Message on Senate action sent to the House.</text>
        <type>Floor</type>
      </item>
      <item>
        <actionDate>2021-03-04</actionDate>
        <sourceSystem>
          <name>Senate</name>
        </sourceSystem>
        <text>Introduced in the Senate, read twice, considered, read the third time, and passed without amendment by Unanimous Consent. (consideration: CR S1043; text: CR S1043)</text>
        <type>Floor</type>
      </item>
      <item>
        <actionDate>2021-03-04</actionDate>
        <text>Passed/agreed to in Senate: Introduced in the Senate, read twice, considered, read the third time, and passed without amendment by Unanimous Consent.(consideration: CR S1043; text: CR S1043)</text>
        <type>Floor</type>
        <actionCode>17000</actionCode>
        <sourceSystem>
          <code>9</code>
          <name>Library of Congress</name>
        </sourceSystem>
      </item>
      <item>
        <actionDate>2021-03-04</actionDate>
        <text>Introduced in Senate</text>
        <type>IntroReferral</type>
        <actionCode>10000</actionCode>
        <sourceSystem>
          <code>9</code>
          <name>Library of Congress</name>
        </sourceSystem>
      </item>
    </actions>
    <sponsors>
      <item>
        <bioguideId>K000393</bioguideId>
        <fullName>Sen. Kennedy, John [R-LA]</fullName>
        <firstName>John</firstName>
        <lastName>Kennedy</lastName>
        <party>R</party>
        <state>LA</state>
        <identifiers>
          <bioguideId>K000393</bioguideId>
        </identifiers>
        <middleName>Neely</middleName>
        <isByRequest>N</isByRequest>
      </item>
    </sponsors>
    <cosponsors>
      <item>
        <bioguideId>G000386</bioguideId>
        <fullName>Sen. Grassley, Chuck [R-IA]</fullName>
        <firstName>Charles</firstName>
        <lastName>Grassley</lastName>
        <party>R</party>
        <state>IA</state>
        <identifiers>
          <bioguideId>G000386</bioguideId>
        </identifiers>
        <middleName>E.</middleName>
        <sponsorshipDate>2021-03-04</sponsorshipDate>
        <isOriginalCosponsor>True</isOriginalCosponsor>
      </item>
      <item>
        <bioguideId>T000476</bioguideId>
        <fullName>Sen. Tillis, Thomas [R-NC]</fullName>
        <firstName>Thomas</firstName>
        <lastName>Tillis</lastName>
        <party>R</party>
        <state>NC</state>
        <identifiers>
          <bioguideId>T000476</bioguideId>
        </identifiers>
        <middleName>Roland</middleName>
        <sponsorshipDate>2021-03-04</sponsorshipDate>
        <isOriginalCosponsor>True</isOriginalCosponsor>
      </item>
      <item>
        <bioguideId>H001089</bioguideId>
        <fullName>Sen. Hawley, Josh [R-MO]</fullName>
        <firstName>Josh</firstName>
        <lastName>Hawley</lastName>
        <party>R</party>
        <state>MO</state>
        <identifiers>
          <bioguideId>H001089</bioguideId>
        </identifiers>
        <sponsorshipDate>2021-03-04</sponsorshipDate>
        <isOriginalCosponsor>True</isOriginalCosponsor>
      </item>
      <item>
        <bioguideId>B001243</bioguideId>
        <fullName>Sen. Blackburn, Marsha [R-TN]</fullName>
        <firstName>Marsha</firstName>
        <lastName>Blackburn</lastName>
        <party>R</party>
        <state>TN</state>
        <identifiers>
          <bioguideId>B001243</bioguideId>
        </identifiers>
        <sponsorshipDate>2021-03-04</sponsorshipDate>
        <isOriginalCosponsor>True</isOriginalCosponsor>
      </item>
      <item>
        <bioguideId>M001198</bioguideId>
        <fullName>Sen. Marshall, Roger [R-KS]</fullName>
        <firstName>Roger</firstName>
        <lastName>Marshall</lastName>
        <party>R</party>
        <state>KS</state>
        <identifiers>
          <bioguideId>M001198</bioguideId>
        </identifiers>
        <sponsorshipDate>2021-03-04</sponsorshipDate>
        <isOriginalCosponsor>True</isOriginalCosponsor>
      </item>
      <item>
        <bioguideId>H000601</bioguideId>
        <fullName>Sen. Hagerty, Bill [R-TN]</fullName>
        <firstName>Bill</firstName>
        <lastName>Hagerty</lastName>
        <party>R</party>
        <state>TN</state>
        <identifiers>
          <bioguideId>H000601</bioguideId>
        </identifiers>
        <sponsorshipDate>2021-03-15</sponsorshipDate>
        <isOriginalCosponsor>False</isOriginalCosponsor>
      </item>
    </cosponsors>
    <policyArea>
      <name>Education</name>
    </policyArea>
    <subjects>
      <legislativeSubjects>
        <item>
          <name>Area studies and international education</name>
        </item>
        <item>
          <name>Asia</name>
        </item>
        <item>
          <name>China</name>
        </item>
        <item>
          <name>Contracts and agency</name>
        </item>
        <item>
          <name>Education programs funding</name>
        </item>
        <item>
          <name>Higher education</name>
        </item>
        <item>
          <name>Research administration and funding</name>
        </item>
        <item>
          <name>Teaching, teachers, curricula</name>
        </item>
      </legislativeSubjects>
      <policyArea>
        <name>Education</name>
      </policyArea>
    </subjects>
    <summaries>
      <summary>
        <versionCode>00</versionCode>
        <actionDate>2021-03-04</actionDate>
        <actionDesc>Introduced in Senate</actionDesc>
        <updateDate>2021-03-09T23:09:07Z</updateDate>
        <text>
          <![CDATA[ <p><b>Concerns Over Nations Funding University Campus Institutes in the United States Act or the CONFUCIUS Act</b></p> <p>This bill addresses China's influence on postsecondary educational institutions through Confucius Institutes, which are cultural institutes directly or indirectly funded by the Chinese government.</p> <p>Specifically, the bill establishes requirements for postsecondary educational institutions that receive federal funding and that have contracts or agreements with Confucius Institutes. The contracts or agreements must include clear provisions that (1) protect the academic freedom of the institutions; (2) prohibit the application of foreign law on the institutions' campuses; and (3) grant full managerial authority of the institutes to the institutions, including full control over teaching plans, activities, research grants, and employment decisions.</p>]]>
        </text>
      </summary>
      <summary>
        <versionCode>55</versionCode>
        <actionDate>2021-03-04</actionDate>
        <actionDesc>Passed Senate</actionDesc>
        <updateDate>2021-03-10T15:43:13Z</updateDate>
        <text>
          <![CDATA[ <p><b>Concerns Over Nations Funding University Campus Institutes in the United States Act or the CONFUCIUS Act</b></p> <p>This bill addresses China's influence on postsecondary educational institutions through Confucius Institutes, which are cultural institutes directly or indirectly funded by the Chinese government.</p> <p>Specifically, the bill establishes requirements for postsecondary educational institutions that receive federal funding and that have contracts or agreements with Confucius Institutes. The contracts or agreements must include clear provisions that (1) protect the academic freedom of the institutions; (2) prohibit the application of foreign law on the institutions' campuses; and (3) grant full managerial authority of the institutes to the institutions, including full control over teaching plans, activities, research grants, and employment decisions.</p>]]>
        </text>
      </summary>
    </summaries>
    <title>CONFUCIUS Act</title>
    <titles>
      <item>
        <titleType>Display Title</titleType>
        <title>CONFUCIUS Act</title>
      </item>
      <item>
        <titleType>Short Title(s) as Passed Senate</titleType>
        <title>CONFUCIUS Act</title>
        <chamberCode>S</chamberCode>
        <chamberName>Senate</chamberName>
        <billTextVersionName>Engrossed in Senate</billTextVersionName>
        <billTextVersionCode>ES</billTextVersionCode>
      </item>
      <item>
        <titleType>Short Title(s) as Passed Senate</titleType>
        <title>Concerns Over Nations Funding University Campus Institutes in the United States Act</title>
        <chamberCode>S</chamberCode>
        <chamberName>Senate</chamberName>
        <billTextVersionName>Engrossed in Senate</billTextVersionName>
        <billTextVersionCode>ES</billTextVersionCode>
      </item>
      <item>
        <titleType>Short Titles as Passed Senate</titleType>
        <title>CONFUCIUS Act</title>
        <chamberCode>S</chamberCode>
        <chamberName>Senate</chamberName>
      </item>
      <item>
        <titleType>Short Titles as Passed Senate</titleType>
        <title>Concerns Over Nations Funding University Campus Institutes in the United States Act</title>
        <chamberCode>S</chamberCode>
        <chamberName>Senate</chamberName>
      </item>
      <item>
        <titleType>Short Title(s) as Introduced</titleType>
        <title>CONFUCIUS Act</title>
      </item>
      <item>
        <titleType>Short Title(s) as Introduced</titleType>
        <title>Concerns Over Nations Funding University Campus Institutes in the United States Act</title>
      </item>
      <item>
        <titleType>Official Title as Introduced</titleType>
        <title>A bill to establish limitations regarding Confucius Institutes, and for other purposes.</title>
      </item>
    </titles>
    <textVersions>
      <item>
        <type>Engrossed in Senate</type>
        <date>2021-03-04T05:00:00Z</date>
        <formats>
          <item>
            <url>https://www.govinfo.gov/content/pkg/BILLS-117s590es/xml/BILLS-117s590es.xml</url>
          </item>
        </formats>
      </item>
      <item>
        <type>Considered and Passed Senate</type>
        <date>2021-03-04T05:00:00Z</date>
        <formats>
          <item>
            <url>https://www.govinfo.gov/content/pkg/BILLS-117s590cps/xml/BILLS-117s590cps.xml</url>
          </item>
        </formats>
      </item>
      <item>
        <date/>
        <formats/>
        <type/>
      </item>
    </textVersions>
    <latestAction>
      <actionDate>2021-03-08</actionDate>
      <text>Held at the desk.</text>
      <actionTime>14:25:16</actionTime>
    </latestAction>
  </bill>
  <dublinCore xmlns:dc="http://purl.org/dc/elements/1.1/">
    <dc:format>text/xml</dc:format>
    <dc:language>EN</dc:language>
    <dc:rights>Pursuant to Title 17 Section 105 of the United States Code, this file is not subject to copyright protection and is in the public domain.</dc:rights>
    <dc:contributor>Congressional Research Service, Library of Congress</dc:contributor>
    <dc:description>This file contains bill summaries and statuses for federal legislation. A bill summary describes the most significant provisions of a piece of legislation and details the effects the legislative text may have on current law and federal programs. Bill summaries are authored by the Congressional Research Service (CRS) of the Library of Congress. As stated in Public Law 91-510 (2 USC 166 (d)(6)), one of the duties of CRS is "to prepare summaries and digests of bills and resolutions of a public general nature introduced in the Senate or House of Representatives". For more information, refer to the User Guide that accompanies this file.</dc:description>
  </dublinCore>
</billStatus>
