<?xml version="1.0" encoding="utf-8" standalone="no"?>
<billStatus>
  <version>3.0.0</version>
  <bill>
    <number>23</number>
    <updateDate>2023-01-11T13:47:30Z</updateDate>
    <updateDateIncludingText>2023-01-11T13:47:30Z</updateDateIncludingText>
    <originChamber>Senate</originChamber>
    <type>S</type>
    <introducedDate>2021-01-22</introducedDate>
    <congress>117</congress>
    <committees>
      <item>
        <systemCode>ssju00</systemCode>
        <name>Judiciary Committee</name>
        <chamber>Senate</chamber>
        <type>Standing</type>
        <activities>
          <item>
            <name>Referred to</name>
            <date>2021-01-22T18:23:14Z</date>
          </item>
        </activities>
      </item>
    </committees>
    <relatedBills>
      <item>
        <title>To authorize an additional district judgeship for the district of Idaho.</title>
        <congress>117</congress>
        <number>319</number>
        <type>HR</type>
        <latestAction>
          <actionDate>2021-03-05</actionDate>
          <text>Referred to the Subcommittee on Courts, Intellectual Property, and the Internet.</text>
        </latestAction>
        <relationshipDetails>
          <item>
            <type>Related bill</type>
            <identifiedBy>CRS</identifiedBy>
          </item>
        </relationshipDetails>
      </item>
    </relatedBills>
    <actions>
      <item>
        <actionDate>2021-01-22</actionDate>
        <committees>
          <item>
            <systemCode>ssju00</systemCode>
            <name>Judiciary Committee</name>
          </item>
        </committees>
        <sourceSystem>
          <name>Senate</name>
        </sourceSystem>
        <text>Read twice and referred to the Committee on the Judiciary.</text>
        <type>IntroReferral</type>
      </item>
      <item>
        <actionDate>2021-01-22</actionDate>
        <text>Introduced in Senate</text>
        <type>IntroReferral</type>
        <actionCode>10000</actionCode>
        <sourceSystem>
          <code>9</code>
          <name>Library of Congress</name>
        </sourceSystem>
      </item>
    </actions>
    <sponsors>
      <item>
        <bioguideId>C000880</bioguideId>
        <fullName>Sen. Crapo, Mike [R-ID]</fullName>
        <firstName>Mike</firstName>
        <lastName>Crapo</lastName>
        <party>R</party>
        <state>ID</state>
        <identifiers>
          <bioguideId>C000880</bioguideId>
        </identifiers>
        <isByRequest>N</isByRequest>
      </item>
    </sponsors>
    <cosponsors>
      <item>
        <bioguideId>R000584</bioguideId>
        <fullName>Sen. Risch, James E. [R-ID]</fullName>
        <firstName>James</firstName>
        <lastName>Risch</lastName>
        <party>R</party>
        <state>ID</state>
        <identifiers>
          <bioguideId>R000584</bioguideId>
        </identifiers>
        <middleName>E.</middleName>
        <sponsorshipDate>2021-01-22</sponsorshipDate>
        <isOriginalCosponsor>True</isOriginalCosponsor>
      </item>
    </cosponsors>
    <policyArea>
      <name>Law</name>
    </policyArea>
    <subjects>
      <legislativeSubjects>
        <item>
          <name>Federal district courts</name>
        </item>
        <item>
          <name>Idaho</name>
        </item>
        <item>
          <name>Judges</name>
        </item>
      </legislativeSubjects>
      <policyArea>
        <name>Law</name>
      </policyArea>
    </subjects>
    <summaries>
      <summary>
        <versionCode>00</versionCode>
        <actionDate>2021-01-22</actionDate>
        <actionDesc>Introduced in Senate</actionDesc>
        <updateDate>2021-03-04T21:31:21Z</updateDate>
        <text>
          <![CDATA[ <p>This bill increases from two to three the total number of U.S. district court judgeships for the District of Idaho. The President must appoint, with the advice and consent of the Senate, one additional judge for that judicial district.</p>]]>
        </text>
      </summary>
    </summaries>
    <title>A bill to authorize an additional district judgeship for the district of Idaho.</title>
    <titles>
      <item>
        <titleType>Display Title</titleType>
        <title>A bill to authorize an additional district judgeship for the district of Idaho.</title>
      </item>
      <item>
        <titleType>Official Title as Introduced</titleType>
        <title>A bill to authorize an additional district judgeship for the district of Idaho.</title>
        <billTextVersionName>Introduced in Senate</billTextVersionName>
        <billTextVersionCode>IS</billTextVersionCode>
      </item>
    </titles>
    <textVersions>
      <item>
        <type>Introduced in Senate</type>
        <date>2021-01-22T05:00:00Z</date>
        <formats>
          <item>
            <url>https://www.govinfo.gov/content/pkg/BILLS-117s23is/xml/BILLS-117s23is.xml</url>
          </item>
        </formats>
      </item>
      <item>
        <date/>
        <formats/>
        <type/>
      </item>
    </textVersions>
    <latestAction>
      <actionDate>2021-01-22</actionDate>
      <text>Read twice and referred to the Committee on the Judiciary.</text>
    </latestAction>
  </bill>
  <dublinCore xmlns:dc="http://purl.org/dc/elements/1.1/">
    <dc:format>text/xml</dc:format>
    <dc:language>EN</dc:language>
    <dc:rights>Pursuant to Title 17 Section 105 of the United States Code, this file is not subject to copyright protection and is in the public domain.</dc:rights>
    <dc:contributor>Congressional Research Service, Library of Congress</dc:contributor>
    <dc:description>This file contains bill summaries and statuses for federal legislation. A bill summary describes the most significant provisions of a piece of legislation and details the effects the legislative text may have on current law and federal programs. Bill summaries are authored by the Congressional Research Service (CRS) of the Library of Congress. As stated in Public Law 91-510 (2 USC 166 (d)(6)), one of the duties of CRS is "to prepare summaries and digests of bills and resolutions of a public general nature introduced in the Senate or House of Representatives". For more information, refer to the User Guide that accompanies this file.</dc:description>
  </dublinCore>
</billStatus>
