<?xml version="1.0" encoding="utf-8" standalone="no"?>
<billStatus>
  <version>3.0.0</version>
  <bill>
    <number>2997</number>
    <updateDate>2023-01-01T23:49:13Z</updateDate>
    <updateDateIncludingText>2023-01-01T23:49:13Z</updateDateIncludingText>
    <originChamber>Senate</originChamber>
    <type>S</type>
    <introducedDate>2021-10-19</introducedDate>
    <congress>117</congress>
    <committees>
      <item>
        <systemCode>ssaf00</systemCode>
        <name>Agriculture, Nutrition, and Forestry Committee</name>
        <chamber>Senate</chamber>
        <type>Standing</type>
        <activities>
          <item>
            <name>Referred to</name>
            <date>2021-10-19T20:23:44Z</date>
          </item>
        </activities>
      </item>
    </committees>
    <actions>
      <item>
        <actionDate>2021-10-19</actionDate>
        <committees>
          <item>
            <systemCode>ssaf00</systemCode>
            <name>Agriculture, Nutrition, and Forestry Committee</name>
          </item>
        </committees>
        <sourceSystem>
          <name>Senate</name>
        </sourceSystem>
        <text>Read twice and referred to the Committee on Agriculture, Nutrition, and Forestry.</text>
        <type>IntroReferral</type>
      </item>
      <item>
        <actionDate>2021-10-19</actionDate>
        <text>Introduced in Senate</text>
        <type>IntroReferral</type>
        <actionCode>10000</actionCode>
        <sourceSystem>
          <code>9</code>
          <name>Library of Congress</name>
        </sourceSystem>
      </item>
    </actions>
    <sponsors>
      <item>
        <bioguideId>S001217</bioguideId>
        <fullName>Sen. Scott, Rick [R-FL]</fullName>
        <firstName>Rick</firstName>
        <lastName>Scott</lastName>
        <party>R</party>
        <state>FL</state>
        <identifiers>
          <bioguideId>S001217</bioguideId>
        </identifiers>
        <isByRequest>N</isByRequest>
      </item>
    </sponsors>
    <policyArea>
      <name>Agriculture and Food</name>
    </policyArea>
    <subjects>
      <legislativeSubjects>
        <item>
          <name>Cardiovascular and respiratory health</name>
        </item>
        <item>
          <name>Child health</name>
        </item>
        <item>
          <name>Elementary and secondary education</name>
        </item>
        <item>
          <name>Emergency medical services and trauma care</name>
        </item>
        <item>
          <name>Food assistance and relief</name>
        </item>
        <item>
          <name>Immunology and vaccination</name>
        </item>
        <item>
          <name>Infectious and parasitic diseases</name>
        </item>
        <item>
          <name>State and local government operations</name>
        </item>
      </legislativeSubjects>
      <policyArea>
        <name>Agriculture and Food</name>
      </policyArea>
    </subjects>
    <summaries>
      <summary>
        <versionCode>00</versionCode>
        <actionDate>2021-10-19</actionDate>
        <actionDesc>Introduced in Senate</actionDesc>
        <updateDate>2022-08-15T14:50:38Z</updateDate>
        <text>
          <![CDATA[ <p>This bill prohibits the Department of Agriculture and state agencies from making individuals receive a COVID-19 vaccine in order to participate in the Supplemental Nutrition Assistance Program (SNAP), the Special Supplemental Nutrition Program for Women, Infants, and Children (WIC), and school meals programs.</p>]]>
        </text>
      </summary>
    </summaries>
    <title>A bill to prohibit a COVID-19 vaccination requirement for eligibility in nutrition programs.</title>
    <titles>
      <item>
        <titleType>Official Title as Introduced</titleType>
        <title>A bill to prohibit a COVID-19 vaccination requirement for eligibility in nutrition programs.</title>
        <billTextVersionName>Introduced in Senate</billTextVersionName>
        <billTextVersionCode>IS</billTextVersionCode>
      </item>
      <item>
        <titleType>Display Title</titleType>
        <title>A bill to prohibit a COVID-19 vaccination requirement for eligibility in nutrition programs.</title>
      </item>
    </titles>
    <textVersions>
      <item>
        <type>Introduced in Senate</type>
        <date>2021-10-19T04:00:00Z</date>
        <formats>
          <item>
            <url>https://www.govinfo.gov/content/pkg/BILLS-117s2997is/xml/BILLS-117s2997is.xml</url>
          </item>
        </formats>
      </item>
      <item>
        <date/>
        <formats/>
        <type/>
      </item>
    </textVersions>
    <latestAction>
      <actionDate>2021-10-19</actionDate>
      <text>Read twice and referred to the Committee on Agriculture, Nutrition, and Forestry.</text>
    </latestAction>
  </bill>
  <dublinCore xmlns:dc="http://purl.org/dc/elements/1.1/">
    <dc:format>text/xml</dc:format>
    <dc:language>EN</dc:language>
    <dc:rights>Pursuant to Title 17 Section 105 of the United States Code, this file is not subject to copyright protection and is in the public domain.</dc:rights>
    <dc:contributor>Congressional Research Service, Library of Congress</dc:contributor>
    <dc:description>This file contains bill summaries and statuses for federal legislation. A bill summary describes the most significant provisions of a piece of legislation and details the effects the legislative text may have on current law and federal programs. Bill summaries are authored by the Congressional Research Service (CRS) of the Library of Congress. As stated in Public Law 91-510 (2 USC 166 (d)(6)), one of the duties of CRS is "to prepare summaries and digests of bills and resolutions of a public general nature introduced in the Senate or House of Representatives". For more information, refer to the User Guide that accompanies this file.</dc:description>
  </dublinCore>
</billStatus>
