<?xml version="1.0" encoding="utf-8" standalone="no"?>
<billStatus>
  <version>3.0.0</version>
  <bill>
    <number>3293</number>
    <updateDate>2022-12-30T03:18:56Z</updateDate>
    <updateDateIncludingText>2022-12-30T03:18:56Z</updateDateIncludingText>
    <originChamber>Senate</originChamber>
    <type>S</type>
    <introducedDate>2021-12-01</introducedDate>
    <congress>117</congress>
    <committees>
      <item>
        <systemCode>ssva00</systemCode>
        <name>Veterans' Affairs Committee</name>
        <chamber>Senate</chamber>
        <type>Standing</type>
        <activities>
          <item>
            <name>Markup by</name>
            <date>2021-12-15T21:17:49Z</date>
          </item>
          <item>
            <name>Referred to</name>
            <date>2021-12-01T18:36:12Z</date>
          </item>
        </activities>
      </item>
    </committees>
    <actions>
      <item>
        <actionDate>2021-12-15</actionDate>
        <committees>
          <item>
            <systemCode>ssva00</systemCode>
            <name>Veterans' Affairs Committee</name>
          </item>
        </committees>
        <sourceSystem>
          <name>Senate</name>
        </sourceSystem>
        <text>Committee on Veterans' Affairs. Ordered to be reported without amendment favorably.</text>
        <type>Committee</type>
      </item>
      <item>
        <actionDate>2021-12-01</actionDate>
        <committees>
          <item>
            <systemCode>ssva00</systemCode>
            <name>Veterans' Affairs Committee</name>
          </item>
        </committees>
        <sourceSystem>
          <name>Senate</name>
        </sourceSystem>
        <text>Read twice and referred to the Committee on Veterans' Affairs.</text>
        <type>IntroReferral</type>
      </item>
      <item>
        <actionDate>2021-12-01</actionDate>
        <text>Introduced in Senate</text>
        <type>IntroReferral</type>
        <actionCode>10000</actionCode>
        <sourceSystem>
          <code>9</code>
          <name>Library of Congress</name>
        </sourceSystem>
      </item>
    </actions>
    <sponsors>
      <item>
        <bioguideId>T000464</bioguideId>
        <fullName>Sen. Tester, Jon [D-MT]</fullName>
        <firstName>Jon</firstName>
        <lastName>Tester</lastName>
        <party>D</party>
        <state>MT</state>
        <identifiers>
          <bioguideId>T000464</bioguideId>
        </identifiers>
        <isByRequest>N</isByRequest>
      </item>
    </sponsors>
    <cosponsors>
      <item>
        <bioguideId>M000934</bioguideId>
        <fullName>Sen. Moran, Jerry [R-KS]</fullName>
        <firstName>Jerry</firstName>
        <lastName>Moran</lastName>
        <party>R</party>
        <state>KS</state>
        <identifiers>
          <bioguideId>M000934</bioguideId>
        </identifiers>
        <sponsorshipDate>2021-12-01</sponsorshipDate>
        <isOriginalCosponsor>True</isOriginalCosponsor>
      </item>
      <item>
        <bioguideId>B001277</bioguideId>
        <fullName>Sen. Blumenthal, Richard [D-CT]</fullName>
        <firstName>Richard</firstName>
        <lastName>Blumenthal</lastName>
        <party>D</party>
        <state>CT</state>
        <identifiers>
          <bioguideId>B001277</bioguideId>
        </identifiers>
        <sponsorshipDate>2021-12-15</sponsorshipDate>
        <isOriginalCosponsor>False</isOriginalCosponsor>
      </item>
      <item>
        <bioguideId>T000476</bioguideId>
        <fullName>Sen. Tillis, Thomas [R-NC]</fullName>
        <firstName>Thomas</firstName>
        <lastName>Tillis</lastName>
        <party>R</party>
        <state>NC</state>
        <identifiers>
          <bioguideId>T000476</bioguideId>
        </identifiers>
        <middleName>Roland</middleName>
        <sponsorshipDate>2021-12-15</sponsorshipDate>
        <isOriginalCosponsor>False</isOriginalCosponsor>
      </item>
      <item>
        <bioguideId>M001111</bioguideId>
        <fullName>Sen. Murray, Patty [D-WA]</fullName>
        <firstName>Patty</firstName>
        <lastName>Murray</lastName>
        <party>D</party>
        <state>WA</state>
        <identifiers>
          <bioguideId>M001111</bioguideId>
        </identifiers>
        <sponsorshipDate>2021-12-15</sponsorshipDate>
        <isOriginalCosponsor>False</isOriginalCosponsor>
      </item>
      <item>
        <bioguideId>T000278</bioguideId>
        <fullName>Sen. Tuberville, Tommy [R-AL]</fullName>
        <firstName>Tommy</firstName>
        <lastName>Tuberville</lastName>
        <party>R</party>
        <state>AL</state>
        <identifiers>
          <bioguideId>T000278</bioguideId>
        </identifiers>
        <sponsorshipDate>2021-12-15</sponsorshipDate>
        <isOriginalCosponsor>False</isOriginalCosponsor>
      </item>
      <item>
        <bioguideId>C001070</bioguideId>
        <fullName>Sen. Casey, Robert P., Jr. [D-PA]</fullName>
        <firstName>Bob</firstName>
        <lastName>Casey</lastName>
        <party>D</party>
        <state>PA</state>
        <identifiers>
          <bioguideId>C001070</bioguideId>
        </identifiers>
        <sponsorshipDate>2022-02-16</sponsorshipDate>
        <isOriginalCosponsor>False</isOriginalCosponsor>
      </item>
      <item>
        <bioguideId>P000595</bioguideId>
        <fullName>Sen. Peters, Gary C. [D-MI]</fullName>
        <firstName>Gary</firstName>
        <lastName>Peters</lastName>
        <party>D</party>
        <state>MI</state>
        <identifiers>
          <bioguideId>P000595</bioguideId>
        </identifiers>
        <sponsorshipDate>2022-02-17</sponsorshipDate>
        <isOriginalCosponsor>False</isOriginalCosponsor>
      </item>
      <item>
        <bioguideId>K000377</bioguideId>
        <fullName>Sen. Kelly, Mark [D-AZ]</fullName>
        <firstName>Mark</firstName>
        <lastName>Kelly</lastName>
        <party>D</party>
        <state>AZ</state>
        <identifiers>
          <bioguideId>K000377</bioguideId>
        </identifiers>
        <sponsorshipDate>2022-03-02</sponsorshipDate>
        <isOriginalCosponsor>False</isOriginalCosponsor>
      </item>
      <item>
        <bioguideId>C001113</bioguideId>
        <fullName>Sen. Cortez Masto, Catherine [D-NV]</fullName>
        <firstName>Catherine</firstName>
        <lastName>Cortez Masto</lastName>
        <party>D</party>
        <state>NV</state>
        <identifiers>
          <bioguideId>C001113</bioguideId>
        </identifiers>
        <sponsorshipDate>2022-05-25</sponsorshipDate>
        <isOriginalCosponsor>False</isOriginalCosponsor>
      </item>
      <item>
        <bioguideId>O000174</bioguideId>
        <fullName>Sen. Ossoff, Jon [D-GA]</fullName>
        <firstName>Jon</firstName>
        <lastName>Ossoff</lastName>
        <party>D</party>
        <state>GA</state>
        <identifiers>
          <bioguideId>O000174</bioguideId>
        </identifiers>
        <sponsorshipDate>2022-06-14</sponsorshipDate>
        <isOriginalCosponsor>False</isOriginalCosponsor>
      </item>
      <item>
        <bioguideId>S000770</bioguideId>
        <fullName>Sen. Stabenow, Debbie [D-MI]</fullName>
        <firstName>Debbie</firstName>
        <lastName>Stabenow</lastName>
        <party>D</party>
        <state>MI</state>
        <identifiers>
          <bioguideId>S000770</bioguideId>
        </identifiers>
        <sponsorshipDate>2022-09-27</sponsorshipDate>
        <isOriginalCosponsor>False</isOriginalCosponsor>
      </item>
    </cosponsors>
    <cboCostEstimates>
      <item>
        <pubDate>2022-07-22T17:22:00Z</pubDate>
        <title>S. 3293, Post-9/11 Veterans’ Mental Health Care Improvement Act of 2021</title>
        <url>https://www.cbo.gov/publication/58329</url>
      </item>
    </cboCostEstimates>
    <policyArea>
      <name>Armed Forces and National Security</name>
    </policyArea>
    <subjects>
      <legislativeSubjects>
        <item>
          <name>Colorado</name>
        </item>
        <item>
          <name>Congressional oversight</name>
        </item>
        <item>
          <name>Department of Veterans Affairs</name>
        </item>
        <item>
          <name>Disability assistance</name>
        </item>
        <item>
          <name>Drug, alcohol, tobacco use</name>
        </item>
        <item>
          <name>Employee hiring</name>
        </item>
        <item>
          <name>Government employee pay, benefits, personnel management</name>
        </item>
        <item>
          <name>Government studies and investigations</name>
        </item>
        <item>
          <name>Health care coverage and access</name>
        </item>
        <item>
          <name>Health facilities and institutions</name>
        </item>
        <item>
          <name>Health promotion and preventive care</name>
        </item>
        <item>
          <name>Higher education</name>
        </item>
        <item>
          <name>Homelessness and emergency shelter</name>
        </item>
        <item>
          <name>Hospital care</name>
        </item>
        <item>
          <name>Medical education</name>
        </item>
        <item>
          <name>Medical research</name>
        </item>
        <item>
          <name>Mental health</name>
        </item>
        <item>
          <name>Military medicine</name>
        </item>
        <item>
          <name>Military personnel and dependents</name>
        </item>
        <item>
          <name>Neurological disorders</name>
        </item>
        <item>
          <name>New York State</name>
        </item>
        <item>
          <name>Nursing</name>
        </item>
        <item>
          <name>Research administration and funding</name>
        </item>
        <item>
          <name>Rural conditions and development</name>
        </item>
        <item>
          <name>Student aid and college costs</name>
        </item>
        <item>
          <name>Utah</name>
        </item>
        <item>
          <name>Veterans' loans, housing, homeless programs</name>
        </item>
        <item>
          <name>Veterans' medical care</name>
        </item>
        <item>
          <name>Veterans' pensions and compensation</name>
        </item>
      </legislativeSubjects>
      <policyArea>
        <name>Armed Forces and National Security</name>
      </policyArea>
    </subjects>
    <summaries>
      <summary>
        <versionCode>00</versionCode>
        <actionDate>2021-12-01</actionDate>
        <actionDesc>Introduced in Senate</actionDesc>
        <updateDate>2022-11-21T12:53:52Z</updateDate>
        <text>
          <![CDATA[ <p><b>Post-9/11 Veterans' Mental Health Care Improvement Act of 2021</b></p> <p>This bill addresses mental health care provided by the Department of Veterans Affairs (VA), including by requiring the VA to expand access to mental health care, expand its mental health workforce, and conduct studies and research.</p> <p>Among other requirements, the VA must</p> <ul> <li>increase the number of full-time equivalent employees at Vet Centers,</li> <li>expand specified scholarships and loan repayment programs for mental health providers and students,</li> <li>offer mental health consultations to certain veterans,</li> <li>improve the assessment and treatment of veterans with sleep disorders, and</li> <li>perform various studies and research related to mental health issues and care. </li> </ul>]]>
        </text>
      </summary>
    </summaries>
    <title>Post-9/11 Veterans’ Mental Health Care Improvement Act of 2021</title>
    <titles>
      <item>
        <titleType>Display Title</titleType>
        <title>Post-9/11 Veterans’ Mental Health Care Improvement Act of 2021</title>
      </item>
      <item>
        <titleType>Short Title(s) as Introduced</titleType>
        <title>Post-9/11 Veterans’ Mental Health Care Improvement Act of 2021</title>
        <billTextVersionName>Introduced in Senate</billTextVersionName>
        <billTextVersionCode>IS</billTextVersionCode>
      </item>
      <item>
        <titleType>Official Title as Introduced</titleType>
        <title>A bill to expand access of veterans to mental health care from the Department of Veterans Affairs, and for other purposes.</title>
        <billTextVersionName>Introduced in Senate</billTextVersionName>
        <billTextVersionCode>IS</billTextVersionCode>
      </item>
    </titles>
    <textVersions>
      <item>
        <type>Introduced in Senate</type>
        <date>2021-12-01T05:00:00Z</date>
        <formats>
          <item>
            <url>https://www.govinfo.gov/content/pkg/BILLS-117s3293is/xml/BILLS-117s3293is.xml</url>
          </item>
        </formats>
      </item>
      <item>
        <date/>
        <formats/>
        <type/>
      </item>
    </textVersions>
    <latestAction>
      <actionDate>2021-12-15</actionDate>
      <text>Committee on Veterans' Affairs. Ordered to be reported without amendment favorably.</text>
    </latestAction>
  </bill>
  <dublinCore xmlns:dc="http://purl.org/dc/elements/1.1/">
    <dc:format>text/xml</dc:format>
    <dc:language>EN</dc:language>
    <dc:rights>Pursuant to Title 17 Section 105 of the United States Code, this file is not subject to copyright protection and is in the public domain.</dc:rights>
    <dc:contributor>Congressional Research Service, Library of Congress</dc:contributor>
    <dc:description>This file contains bill summaries and statuses for federal legislation. A bill summary describes the most significant provisions of a piece of legislation and details the effects the legislative text may have on current law and federal programs. Bill summaries are authored by the Congressional Research Service (CRS) of the Library of Congress. As stated in Public Law 91-510 (2 USC 166 (d)(6)), one of the duties of CRS is "to prepare summaries and digests of bills and resolutions of a public general nature introduced in the Senate or House of Representatives". For more information, refer to the User Guide that accompanies this file.</dc:description>
  </dublinCore>
</billStatus>
