<?xml version="1.0" encoding="utf-8" standalone="no"?>
<billStatus>
  <version>3.0.0</version>
  <bill>
    <number>2920</number>
    <updateDate>2022-12-30T07:03:58Z</updateDate>
    <updateDateIncludingText>2022-12-30T07:03:58Z</updateDateIncludingText>
    <originChamber>Senate</originChamber>
    <type>S</type>
    <introducedDate>2021-09-30</introducedDate>
    <congress>117</congress>
    <committees>
      <item>
        <systemCode>ssbk00</systemCode>
        <name>Banking, Housing, and Urban Affairs Committee</name>
        <chamber>Senate</chamber>
        <type>Standing</type>
        <activities>
          <item>
            <name>Hearings by</name>
            <date>2022-06-22T18:20:55Z</date>
          </item>
          <item>
            <name>Hearings by</name>
            <date>2022-02-10T15:00:00Z</date>
          </item>
          <item>
            <name>Referred to</name>
            <date>2021-09-30T22:27:52Z</date>
          </item>
        </activities>
      </item>
    </committees>
    <relatedBills>
      <item>
        <title>Housing is Infrastructure Act of 2021</title>
        <congress>117</congress>
        <number>4497</number>
        <type>HR</type>
        <latestAction>
          <actionDate>2022-11-01</actionDate>
          <text>Referred to the Subcommittee on the Constitution, Civil Rights, and Civil Liberties.</text>
        </latestAction>
        <relationshipDetails>
          <item>
            <type>Related bill</type>
            <identifiedBy>CRS</identifiedBy>
          </item>
        </relationshipDetails>
      </item>
      <item>
        <title>Downpayment Toward Equity Act of 2021</title>
        <congress>117</congress>
        <number>4495</number>
        <type>HR</type>
        <latestAction>
          <actionDate>2022-06-22</actionDate>
          <text>Ordered to be Reported (Amended) by the Yeas and Nays: 28 - 23.</text>
        </latestAction>
        <relationshipDetails>
          <item>
            <type>Identical bill</type>
            <identifiedBy>CRS</identifiedBy>
          </item>
        </relationshipDetails>
      </item>
    </relatedBills>
    <actions>
      <item>
        <actionDate>2022-06-22</actionDate>
        <committees>
          <item>
            <systemCode>ssbk00</systemCode>
            <name>Banking, Housing, and Urban Affairs Committee</name>
          </item>
        </committees>
        <sourceSystem>
          <name>Senate</name>
        </sourceSystem>
        <text>Committee on Banking, Housing, and Urban Affairs. Hearings held.</text>
        <type>Committee</type>
      </item>
      <item>
        <actionDate>2022-02-10</actionDate>
        <committees>
          <item>
            <systemCode>ssbk00</systemCode>
            <name>Banking, Housing, and Urban Affairs Committee</name>
          </item>
        </committees>
        <sourceSystem>
          <name>Senate</name>
        </sourceSystem>
        <text>Committee on Banking, Housing, and Urban Affairs. Hearings held.</text>
        <type>Committee</type>
      </item>
      <item>
        <actionDate>2021-09-30</actionDate>
        <committees>
          <item>
            <systemCode>ssbk00</systemCode>
            <name>Banking, Housing, and Urban Affairs Committee</name>
          </item>
        </committees>
        <sourceSystem>
          <name>Senate</name>
        </sourceSystem>
        <text>Read twice and referred to the Committee on Banking, Housing, and Urban Affairs.</text>
        <type>IntroReferral</type>
      </item>
      <item>
        <actionDate>2021-09-30</actionDate>
        <text>Introduced in Senate</text>
        <type>IntroReferral</type>
        <actionCode>10000</actionCode>
        <sourceSystem>
          <code>9</code>
          <name>Library of Congress</name>
        </sourceSystem>
      </item>
    </actions>
    <sponsors>
      <item>
        <bioguideId>W000790</bioguideId>
        <fullName>Sen. Warnock, Raphael G. [D-GA]</fullName>
        <firstName>Raphael</firstName>
        <lastName>Warnock</lastName>
        <party>D</party>
        <state>GA</state>
        <identifiers>
          <bioguideId>W000790</bioguideId>
        </identifiers>
        <middleName>G.</middleName>
        <isByRequest>N</isByRequest>
      </item>
    </sponsors>
    <cosponsors>
      <item>
        <bioguideId>B000944</bioguideId>
        <fullName>Sen. Brown, Sherrod [D-OH]</fullName>
        <firstName>Sherrod</firstName>
        <lastName>Brown</lastName>
        <party>D</party>
        <state>OH</state>
        <identifiers>
          <bioguideId>B000944</bioguideId>
        </identifiers>
        <sponsorshipDate>2021-09-30</sponsorshipDate>
        <isOriginalCosponsor>True</isOriginalCosponsor>
      </item>
      <item>
        <bioguideId>K000384</bioguideId>
        <fullName>Sen. Kaine, Tim [D-VA]</fullName>
        <firstName>Timothy</firstName>
        <lastName>Kaine</lastName>
        <party>D</party>
        <state>VA</state>
        <identifiers>
          <bioguideId>K000384</bioguideId>
        </identifiers>
        <middleName>M.</middleName>
        <sponsorshipDate>2021-09-30</sponsorshipDate>
        <isOriginalCosponsor>True</isOriginalCosponsor>
      </item>
      <item>
        <bioguideId>V000128</bioguideId>
        <fullName>Sen. Van Hollen, Chris [D-MD]</fullName>
        <firstName>Chris</firstName>
        <lastName>Van Hollen</lastName>
        <party>D</party>
        <state>MD</state>
        <identifiers>
          <bioguideId>V000128</bioguideId>
        </identifiers>
        <sponsorshipDate>2021-09-30</sponsorshipDate>
        <isOriginalCosponsor>True</isOriginalCosponsor>
      </item>
      <item>
        <bioguideId>W000817</bioguideId>
        <fullName>Sen. Warren, Elizabeth [D-MA]</fullName>
        <firstName>Elizabeth</firstName>
        <lastName>Warren</lastName>
        <party>D</party>
        <state>MA</state>
        <identifiers>
          <bioguideId>W000817</bioguideId>
        </identifiers>
        <middleName>A.</middleName>
        <sponsorshipDate>2021-09-30</sponsorshipDate>
        <isOriginalCosponsor>True</isOriginalCosponsor>
      </item>
      <item>
        <bioguideId>W000805</bioguideId>
        <fullName>Sen. Warner, Mark R. [D-VA]</fullName>
        <firstName>Mark</firstName>
        <lastName>Warner</lastName>
        <party>D</party>
        <state>VA</state>
        <identifiers>
          <bioguideId>W000805</bioguideId>
        </identifiers>
        <middleName>R.</middleName>
        <sponsorshipDate>2021-09-30</sponsorshipDate>
        <isOriginalCosponsor>True</isOriginalCosponsor>
      </item>
      <item>
        <bioguideId>P000145</bioguideId>
        <fullName>Sen. Padilla, Alex [D-CA]</fullName>
        <firstName>Alex</firstName>
        <lastName>Padilla</lastName>
        <party>D</party>
        <state>CA</state>
        <identifiers>
          <bioguideId>P000145</bioguideId>
        </identifiers>
        <sponsorshipDate>2022-06-14</sponsorshipDate>
        <isOriginalCosponsor>False</isOriginalCosponsor>
      </item>
    </cosponsors>
    <policyArea>
      <name>Housing and Community Development</name>
    </policyArea>
    <subjects>
      <legislativeSubjects>
        <item>
          <name>Building construction</name>
        </item>
        <item>
          <name>Congressional oversight</name>
        </item>
        <item>
          <name>Government information and archives</name>
        </item>
        <item>
          <name>Government studies and investigations</name>
        </item>
        <item>
          <name>Housing and community development funding</name>
        </item>
        <item>
          <name>Housing finance and home ownership</name>
        </item>
        <item>
          <name>Interest, dividends, interest rates</name>
        </item>
        <item>
          <name>Intergovernmental relations</name>
        </item>
      </legislativeSubjects>
      <policyArea>
        <name>Housing and Community Development</name>
      </policyArea>
    </subjects>
    <summaries>
      <summary>
        <versionCode>00</versionCode>
        <actionDate>2021-09-30</actionDate>
        <actionDesc>Introduced in Senate</actionDesc>
        <updateDate>2022-01-13T20:40:33Z</updateDate>
        <text>
          <![CDATA[ <p><strong>Downpayment Toward Equity Act of 2021 </strong></p> <p>This bill establishes a grant program through the Department of Housing and Urban Development for states and other entities to provide qualifying assistance to certain first-time, first-generation home buyers in purchasing their first homes. Qualifying assistance includes assistance for mortgage down payments, mortgage closing costs, reduction of mortgage interest rates, subsidies for shared equity homes, or for certain preoccupancy modifications to a home to accommodate persons with disabilities. </p> <p>The bill also establishes grant requirements regarding home buyer income, types of housing, homeowner occupancy, types of mortgages, and home buyer counseling. </p>]]>
        </text>
      </summary>
    </summaries>
    <title>Downpayment Toward Equity Act of 2021</title>
    <titles>
      <item>
        <titleType>Display Title</titleType>
        <title>Downpayment Toward Equity Act of 2021</title>
      </item>
      <item>
        <titleType>Short Title(s) as Introduced</titleType>
        <title>Downpayment Toward Equity Act of 2021</title>
        <billTextVersionName>Introduced in Senate</billTextVersionName>
        <billTextVersionCode>IS</billTextVersionCode>
      </item>
      <item>
        <titleType>Official Title as Introduced</titleType>
        <title>A bill to provide downpayment assistance to first-generation homebuyers to address multigenerational inequities in access to homeownership and to narrow and ultimately close the racial homeownership gap in the United States, and for other purposes.</title>
      </item>
    </titles>
    <textVersions>
      <item>
        <type>Introduced in Senate</type>
        <date>2021-09-30T04:00:00Z</date>
        <formats>
          <item>
            <url>https://www.govinfo.gov/content/pkg/BILLS-117s2920is/xml/BILLS-117s2920is.xml</url>
          </item>
        </formats>
      </item>
      <item>
        <date/>
        <formats/>
        <type/>
      </item>
    </textVersions>
    <latestAction>
      <actionDate>2022-06-22</actionDate>
      <text>Committee on Banking, Housing, and Urban Affairs. Hearings held.</text>
    </latestAction>
  </bill>
  <dublinCore xmlns:dc="http://purl.org/dc/elements/1.1/">
    <dc:format>text/xml</dc:format>
    <dc:language>EN</dc:language>
    <dc:rights>Pursuant to Title 17 Section 105 of the United States Code, this file is not subject to copyright protection and is in the public domain.</dc:rights>
    <dc:contributor>Congressional Research Service, Library of Congress</dc:contributor>
    <dc:description>This file contains bill summaries and statuses for federal legislation. A bill summary describes the most significant provisions of a piece of legislation and details the effects the legislative text may have on current law and federal programs. Bill summaries are authored by the Congressional Research Service (CRS) of the Library of Congress. As stated in Public Law 91-510 (2 USC 166 (d)(6)), one of the duties of CRS is "to prepare summaries and digests of bills and resolutions of a public general nature introduced in the Senate or House of Representatives". For more information, refer to the User Guide that accompanies this file.</dc:description>
  </dublinCore>
</billStatus>
