<?xml version="1.0" encoding="utf-8" standalone="no"?>
<billStatus>
  <version>3.0.0</version>
  <bill>
    <number>66</number>
    <updateDate>2023-01-11T13:47:29Z</updateDate>
    <updateDateIncludingText>2023-01-11T13:47:29Z</updateDateIncludingText>
    <originChamber>Senate</originChamber>
    <type>S</type>
    <introducedDate>2021-01-27</introducedDate>
    <congress>117</congress>
    <committees>
      <item>
        <systemCode>sscm00</systemCode>
        <name>Commerce, Science, and Transportation Committee</name>
        <chamber>Senate</chamber>
        <type>Standing</type>
        <activities>
          <item>
            <name>Reported by</name>
            <date>2021-12-17T18:59:21Z</date>
          </item>
          <item>
            <name>Markup by</name>
            <date>2021-06-16T14:00:02Z</date>
          </item>
          <item>
            <name>Referred to</name>
            <date>2021-01-27T21:34:00Z</date>
          </item>
        </activities>
      </item>
    </committees>
    <committeeReports>
      <committeeReport>
        <citation>S. Rept. 117-64</citation>
      </committeeReport>
    </committeeReports>
    <relatedBills>
      <item>
        <title>South Florida Clean Coastal Waters Act of 2021</title>
        <congress>117</congress>
        <number>565</number>
        <type>HR</type>
        <latestAction>
          <actionDate>2021-02-22</actionDate>
          <text>Referred to the Subcommittee on Water, Oceans, and Wildlife.</text>
        </latestAction>
        <relationshipDetails>
          <item>
            <type>Identical bill</type>
            <identifiedBy>CRS</identifiedBy>
          </item>
        </relationshipDetails>
      </item>
    </relatedBills>
    <actions>
      <item>
        <actionDate>2022-06-16</actionDate>
        <text>Became Public Law No: 117-144.</text>
        <type>President</type>
        <actionCode>E40000</actionCode>
        <sourceSystem>
          <code>9</code>
          <name>Library of Congress</name>
        </sourceSystem>
      </item>
      <item>
        <actionDate>2022-06-16</actionDate>
        <text>Became Public Law No: 117-144.</text>
        <type>BecameLaw</type>
        <actionCode>36000</actionCode>
        <sourceSystem>
          <code>9</code>
          <name>Library of Congress</name>
        </sourceSystem>
      </item>
      <item>
        <actionDate>2022-06-16</actionDate>
        <text>Signed by President.</text>
        <type>President</type>
        <actionCode>E30000</actionCode>
        <sourceSystem>
          <code>9</code>
          <name>Library of Congress</name>
        </sourceSystem>
      </item>
      <item>
        <actionDate>2022-06-16</actionDate>
        <text>Signed by President.</text>
        <type>BecameLaw</type>
        <actionCode>36000</actionCode>
        <sourceSystem>
          <code>9</code>
          <name>Library of Congress</name>
        </sourceSystem>
      </item>
      <item>
        <actionDate>2022-06-09</actionDate>
        <text>Presented to President.</text>
        <type>Floor</type>
        <actionCode>E20000</actionCode>
        <sourceSystem>
          <code>2</code>
          <name>House floor actions</name>
        </sourceSystem>
      </item>
      <item>
        <actionDate>2022-06-09</actionDate>
        <text>Presented to President.</text>
        <type>President</type>
        <actionCode>28000</actionCode>
        <sourceSystem>
          <code>9</code>
          <name>Library of Congress</name>
        </sourceSystem>
      </item>
      <item>
        <actionDate>2022-05-11</actionDate>
        <actionTime>16:07:20</actionTime>
        <text>Motion to reconsider laid on the table Agreed to without objection.</text>
        <type>Floor</type>
        <actionCode>H38310</actionCode>
        <sourceSystem>
          <code>2</code>
          <name>House floor actions</name>
        </sourceSystem>
      </item>
      <item>
        <actionDate>2022-05-11</actionDate>
        <actionTime>16:07:19</actionTime>
        <text>On motion to suspend the rules and pass the bill Agreed to by the Yeas and Nays: (2/3 required): 412 - 7 (Roll no. 152). (text: 05/10/2022 CR H4731-4732)</text>
        <type>Floor</type>
        <actionCode>H37300</actionCode>
        <sourceSystem>
          <code>2</code>
          <name>House floor actions</name>
        </sourceSystem>
        <recordedVotes>
          <recordedVote>
            <rollNumber>152</rollNumber>
            <url>https://clerk.house.gov/evs/2022/roll152.xml</url>
            <chamber>House</chamber>
            <congress>117</congress>
            <date>2022-05-11T20:07:19Z</date>
            <sessionNumber>2</sessionNumber>
          </recordedVote>
        </recordedVotes>
      </item>
      <item>
        <actionDate>2022-05-11</actionDate>
        <actionTime>16:07:19</actionTime>
        <text>Passed/agreed to in House: On motion to suspend the rules and pass the bill Agreed to by the Yeas and Nays: (2/3 required): 412 - 7 (Roll no. 152).</text>
        <type>Floor</type>
        <actionCode>8000</actionCode>
        <sourceSystem>
          <code>9</code>
          <name>Library of Congress</name>
        </sourceSystem>
        <recordedVotes>
          <recordedVote>
            <rollNumber>152</rollNumber>
            <url>https://clerk.house.gov/evs/2022/roll152.xml</url>
            <chamber>House</chamber>
            <congress>117</congress>
            <date>2022-05-11T20:07:19Z</date>
            <sessionNumber>2</sessionNumber>
          </recordedVote>
        </recordedVotes>
      </item>
      <item>
        <actionDate>2022-05-11</actionDate>
        <actionTime>15:56:57</actionTime>
        <text>Considered as unfinished business. (consideration: CR H4832-4833)</text>
        <type>Floor</type>
        <actionCode>H30000</actionCode>
        <sourceSystem>
          <code>2</code>
          <name>House floor actions</name>
        </sourceSystem>
      </item>
      <item>
        <actionDate>2022-05-10</actionDate>
        <actionTime>14:56:12</actionTime>
        <text>At the conclusion of debate, the Yeas and Nays were demanded and ordered. Pursuant to the provisions of clause 8, rule XX, the Chair announced that further proceedings on the motion would be postponed.</text>
        <type>Floor</type>
        <actionCode>H37220</actionCode>
        <sourceSystem>
          <code>2</code>
          <name>House floor actions</name>
        </sourceSystem>
      </item>
      <item>
        <actionDate>2022-05-10</actionDate>
        <actionTime>14:49:17</actionTime>
        <text>DEBATE - The House proceeded with forty minutes of debate on S. 66.</text>
        <type>Floor</type>
        <actionCode>H8D000</actionCode>
        <sourceSystem>
          <code>2</code>
          <name>House floor actions</name>
        </sourceSystem>
      </item>
      <item>
        <actionDate>2022-05-10</actionDate>
        <actionTime>14:49:15</actionTime>
        <text>Considered under suspension of the rules. (consideration: CR H4731-4733)</text>
        <type>Floor</type>
        <actionCode>H30000</actionCode>
        <sourceSystem>
          <code>2</code>
          <name>House floor actions</name>
        </sourceSystem>
      </item>
      <item>
        <actionDate>2022-05-10</actionDate>
        <actionTime>14:49:02</actionTime>
        <text>Ms. Stevens moved to suspend the rules and pass the bill.</text>
        <type>Floor</type>
        <actionCode>H30300</actionCode>
        <sourceSystem>
          <code>2</code>
          <name>House floor actions</name>
        </sourceSystem>
      </item>
      <item>
        <actionDate>2022-03-08</actionDate>
        <actionTime>20:35:41</actionTime>
        <text>Held at the desk.</text>
        <type>Floor</type>
        <actionCode>H15000</actionCode>
        <sourceSystem>
          <code>2</code>
          <name>House floor actions</name>
        </sourceSystem>
      </item>
      <item>
        <actionDate>2022-03-08</actionDate>
        <actionTime>19:48:40</actionTime>
        <text>Received in the House.</text>
        <type>Floor</type>
        <actionCode>H14000</actionCode>
        <sourceSystem>
          <code>2</code>
          <name>House floor actions</name>
        </sourceSystem>
      </item>
      <item>
        <actionDate>2022-03-08</actionDate>
        <sourceSystem>
          <name>Senate</name>
        </sourceSystem>
        <text>Message on Senate action sent to the House.</text>
        <type>Floor</type>
      </item>
      <item>
        <actionDate>2022-03-08</actionDate>
        <sourceSystem>
          <name>Senate</name>
        </sourceSystem>
        <text>Passed Senate without amendment by Unanimous Consent. (consideration: CR S1066-1067; text: CR S1066-1067)</text>
        <type>Floor</type>
      </item>
      <item>
        <actionDate>2022-03-08</actionDate>
        <text>Passed/agreed to in Senate: Passed Senate without amendment by Unanimous Consent.(consideration: CR S1066-1067; text: CR S1066-1067)</text>
        <type>Floor</type>
        <actionCode>17000</actionCode>
        <sourceSystem>
          <code>9</code>
          <name>Library of Congress</name>
        </sourceSystem>
      </item>
      <item>
        <actionDate>2022-02-03</actionDate>
        <committees>
          <item>
            <systemCode>sscm00</systemCode>
            <name>Commerce, Science, and Transportation Committee</name>
          </item>
        </committees>
        <sourceSystem>
          <name>Senate</name>
        </sourceSystem>
        <text>By Senator Cantwell from Committee on Commerce, Science, and Transportation filed written report. Report No. 117-64.</text>
        <type>Floor</type>
      </item>
      <item>
        <actionDate>2022-02-03</actionDate>
        <text>By Senator Cantwell from Committee on Commerce, Science, and Transportation filed written report. Report No. 117-64.</text>
        <type>Committee</type>
        <actionCode>14900</actionCode>
        <sourceSystem>
          <code>9</code>
          <name>Library of Congress</name>
        </sourceSystem>
        <committees>
          <item>
            <systemCode>sscm00</systemCode>
            <name>Commerce, Science, and Transportation Committee</name>
          </item>
        </committees>
      </item>
      <item>
        <actionDate>2021-12-17</actionDate>
        <sourceSystem>
          <name>Senate</name>
        </sourceSystem>
        <text>Placed on Senate Legislative Calendar under General Orders. Calendar No. 203.</text>
        <type>Calendars</type>
      </item>
      <item>
        <actionDate>2021-12-17</actionDate>
        <committees>
          <item>
            <systemCode>sscm00</systemCode>
            <name>Commerce, Science, and Transportation Committee</name>
          </item>
        </committees>
        <sourceSystem>
          <name>Senate</name>
        </sourceSystem>
        <text>Committee on Commerce, Science, and Transportation. Reported by Senator Cantwell without amendment. Without written report.</text>
        <type>Committee</type>
      </item>
      <item>
        <actionDate>2021-12-17</actionDate>
        <text>Committee on Commerce, Science, and Transportation. Reported by Senator Cantwell without amendment. Without written report.</text>
        <type>Committee</type>
        <actionCode>14000</actionCode>
        <sourceSystem>
          <code>9</code>
          <name>Library of Congress</name>
        </sourceSystem>
        <committees>
          <item>
            <systemCode>sscm00</systemCode>
            <name>Commerce, Science, and Transportation Committee</name>
          </item>
        </committees>
      </item>
      <item>
        <actionDate>2021-06-16</actionDate>
        <committees>
          <item>
            <systemCode>sscm00</systemCode>
            <name>Commerce, Science, and Transportation Committee</name>
          </item>
        </committees>
        <sourceSystem>
          <name>Senate</name>
        </sourceSystem>
        <text>Committee on Commerce, Science, and Transportation. Ordered to be reported without amendment favorably.</text>
        <type>Committee</type>
      </item>
      <item>
        <actionDate>2021-01-27</actionDate>
        <committees>
          <item>
            <systemCode>sscm00</systemCode>
            <name>Commerce, Science, and Transportation Committee</name>
          </item>
        </committees>
        <sourceSystem>
          <name>Senate</name>
        </sourceSystem>
        <text>Read twice and referred to the Committee on Commerce, Science, and Transportation.</text>
        <type>IntroReferral</type>
      </item>
      <item>
        <actionDate>2021-01-27</actionDate>
        <text>Introduced in Senate</text>
        <type>IntroReferral</type>
        <actionCode>10000</actionCode>
        <sourceSystem>
          <code>9</code>
          <name>Library of Congress</name>
        </sourceSystem>
      </item>
    </actions>
    <sponsors>
      <item>
        <bioguideId>R000595</bioguideId>
        <fullName>Sen. Rubio, Marco [R-FL]</fullName>
        <firstName>Marco</firstName>
        <lastName>Rubio</lastName>
        <party>R</party>
        <state>FL</state>
        <identifiers>
          <bioguideId>R000595</bioguideId>
        </identifiers>
        <isByRequest>N</isByRequest>
      </item>
    </sponsors>
    <cosponsors>
      <item>
        <bioguideId>S001217</bioguideId>
        <fullName>Sen. Scott, Rick [R-FL]</fullName>
        <firstName>Rick</firstName>
        <lastName>Scott</lastName>
        <party>R</party>
        <state>FL</state>
        <identifiers>
          <bioguideId>S001217</bioguideId>
        </identifiers>
        <sponsorshipDate>2021-01-27</sponsorshipDate>
        <isOriginalCosponsor>True</isOriginalCosponsor>
      </item>
    </cosponsors>
    <cboCostEstimates>
      <item>
        <pubDate>2021-12-13T21:17:00Z</pubDate>
        <title>S. 66, South Florida Clean Coastal Waters Act of 2021</title>
        <url>https://www.cbo.gov/publication/57690</url>
        <description>As ordered reported by the Senate Committee on Commerce, Science, and Transportation on June 16, 2021</description>
      </item>
    </cboCostEstimates>
    <laws>
      <item>
        <type>Public Law</type>
        <number>117-144</number>
      </item>
    </laws>
    <policyArea>
      <name>Environmental Protection</name>
    </policyArea>
    <subjects>
      <legislativeSubjects>
        <item>
          <name>Aquatic ecology</name>
        </item>
        <item>
          <name>Congressional oversight</name>
        </item>
        <item>
          <name>Environmental assessment, monitoring, research</name>
        </item>
        <item>
          <name>Everglades</name>
        </item>
        <item>
          <name>Florida</name>
        </item>
        <item>
          <name>Lakes and rivers</name>
        </item>
        <item>
          <name>Marine and coastal resources, fisheries</name>
        </item>
        <item>
          <name>Water quality</name>
        </item>
      </legislativeSubjects>
      <policyArea>
        <name>Environmental Protection</name>
      </policyArea>
    </subjects>
    <summaries>
      <summary>
        <versionCode>00</versionCode>
        <actionDate>2021-01-27</actionDate>
        <actionDesc>Introduced in Senate</actionDesc>
        <updateDate>2021-02-24T15:09:30Z</updateDate>
        <text>
          <![CDATA[ <p><b>South Florida Clean Coastal Waters Act of 2021</b></p> <p>This bill addresses harmful algal blooms and hypoxia in the South Florida ecosystem. An algal bloom is a rapid growth of algae that may create toxic or hypoxic (severely low-oxygen) conditions that are harmful to humans, animals, aquatic ecosystems, and the economy.</p> <p>The Inter-Agency Task Force on Harmful Algal Blooms and Hypoxia must assess potential approaches to reduce harmful algal blooms and hypoxia in the ecosystem. The task force must also submit a plan, based on the assessment, for reducing, mitigating, and controlling harmful algal blooms and hypoxia in the region.</p>]]>
        </text>
      </summary>
      <summary>
        <versionCode>25</versionCode>
        <actionDate>2021-12-17</actionDate>
        <actionDesc>Reported to Senate</actionDesc>
        <updateDate>2022-01-05T00:25:39Z</updateDate>
        <text>
          <![CDATA[ <p><b>South Florida Clean Coastal Waters Act of 2021</b></p> <p>This bill addresses harmful algal blooms and hypoxia in the South Florida ecosystem. An algal bloom is a rapid growth of algae that may create toxic or hypoxic (severely low-oxygen) conditions that are harmful to humans, animals, aquatic ecosystems, and the economy.</p> <p>The Inter-Agency Task Force on Harmful Algal Blooms and Hypoxia must assess potential approaches to reduce harmful algal blooms and hypoxia in the ecosystem. The task force must also submit a plan, based on the assessment, for reducing, mitigating, and controlling harmful algal blooms and hypoxia in the region.</p>]]>
        </text>
      </summary>
      <summary>
        <versionCode>55</versionCode>
        <actionDate>2022-03-08</actionDate>
        <actionDesc>Passed Senate</actionDesc>
        <updateDate>2022-03-10T22:31:23Z</updateDate>
        <text>
          <![CDATA[ <p><b>South Florida Clean Coastal Waters Act of 2021</b></p> <p>This bill addresses harmful algal blooms and hypoxia in the South Florida ecosystem. An algal bloom is a rapid growth of algae that may create toxic or hypoxic (severely low-oxygen) conditions that are harmful to humans, animals, aquatic ecosystems, and the economy.</p> <p>The Inter-Agency Task Force on Harmful Algal Blooms and Hypoxia must assess potential approaches to reduce harmful algal blooms and hypoxia in the ecosystem. The task force must also submit a plan, based on the assessment, for reducing, mitigating, and controlling harmful algal blooms and hypoxia in the region.</p>]]>
        </text>
      </summary>
      <summary>
        <versionCode>53</versionCode>
        <actionDate>2022-05-11</actionDate>
        <actionDesc>Passed House</actionDesc>
        <updateDate>2022-05-17T13:41:31Z</updateDate>
        <text>
          <![CDATA[ <p><b>South Florida Clean Coastal Waters Act of 2021</b></p> <p>This bill addresses harmful algal blooms and hypoxia in the South Florida ecosystem. An algal bloom is a rapid growth of algae that may create toxic or hypoxic (severely low-oxygen) conditions that are harmful to humans, animals, aquatic ecosystems, and the economy.</p> <p>The Inter-Agency Task Force on Harmful Algal Blooms and Hypoxia must assess potential approaches to reduce harmful algal blooms and hypoxia in the ecosystem. The task force must also submit a plan, based on the assessment, for reducing, mitigating, and controlling harmful algal blooms and hypoxia in the region.</p>]]>
        </text>
      </summary>
      <summary>
        <versionCode>49</versionCode>
        <actionDate>2022-06-16</actionDate>
        <actionDesc>Public Law</actionDesc>
        <updateDate>2022-06-21T16:08:02Z</updateDate>
        <text>
          <![CDATA[ <p><b>South Florida Clean Coastal Waters Act of 2021</b></p> <p>This bill addresses harmful algal blooms and hypoxia in the South Florida ecosystem. An algal bloom is a rapid growth of algae that may create toxic or hypoxic (severely low-oxygen) conditions that are harmful to humans, animals, aquatic ecosystems, and the economy.</p> <p>The Inter-Agency Task Force on Harmful Algal Blooms and Hypoxia must assess potential approaches to reduce harmful algal blooms and hypoxia in the ecosystem. The task force must also submit a plan, based on the assessment, for reducing, mitigating, and controlling harmful algal blooms and hypoxia in the region.</p>]]>
        </text>
      </summary>
    </summaries>
    <title>South Florida Clean Coastal Waters Act of 2021</title>
    <titles>
      <item>
        <titleType>Display Title</titleType>
        <title>South Florida Clean Coastal Waters Act of 2021</title>
      </item>
      <item>
        <titleType>Short Titles as Enacted</titleType>
        <title>South Florida Clean Coastal Waters Act of 2021</title>
      </item>
      <item>
        <titleType>Short Titles as Passed Senate</titleType>
        <title>South Florida Clean Coastal Waters Act of 2021</title>
        <chamberCode>S</chamberCode>
        <chamberName>Senate</chamberName>
      </item>
      <item>
        <titleType>Official Title as Introduced</titleType>
        <title>A bill to require the Inter-Agency Task Force on Harmful Algal Blooms and Hypoxia to develop a plan for reducing, mitigating, and controlling harmful algal blooms and hypoxia in South Florida, and for other purposes.</title>
        <billTextVersionName>Introduced in Senate</billTextVersionName>
        <billTextVersionCode>IS</billTextVersionCode>
      </item>
      <item>
        <titleType>Short Titles as Passed House</titleType>
        <title>South Florida Clean Coastal Waters Act of 2021</title>
        <chamberCode>H</chamberCode>
        <chamberName>House</chamberName>
      </item>
      <item>
        <titleType>Short Title(s) as Passed Senate</titleType>
        <title>South Florida Clean Coastal Waters Act of 2021</title>
        <chamberCode>S</chamberCode>
        <chamberName>Senate</chamberName>
        <billTextVersionName>Engrossed in Senate</billTextVersionName>
        <billTextVersionCode>ES</billTextVersionCode>
      </item>
      <item>
        <titleType>Short Title(s) as Introduced</titleType>
        <title>South Florida Clean Coastal Waters Act of 2021</title>
        <billTextVersionName>Introduced in Senate</billTextVersionName>
        <billTextVersionCode>IS</billTextVersionCode>
      </item>
      <item>
        <titleType>Short Title(s) as Reported to Senate</titleType>
        <title>South Florida Clean Coastal Waters Act of 2021</title>
        <chamberCode>S</chamberCode>
        <chamberName>Senate</chamberName>
        <billTextVersionName>Reported to Senate</billTextVersionName>
        <billTextVersionCode>RS</billTextVersionCode>
      </item>
    </titles>
    <textVersions>
      <item>
        <type>Enrolled Bill</type>
        <date/>
        <formats>
          <item>
            <url>https://www.govinfo.gov/content/pkg/BILLS-117s66enr/xml/BILLS-117s66enr.xml</url>
          </item>
        </formats>
      </item>
      <item>
        <type>Engrossed in Senate</type>
        <date>2022-03-08T05:00:00Z</date>
        <formats>
          <item>
            <url>https://www.govinfo.gov/content/pkg/BILLS-117s66es/xml/BILLS-117s66es.xml</url>
          </item>
        </formats>
      </item>
      <item>
        <type>Reported to Senate</type>
        <date>2021-12-17T05:00:00Z</date>
        <formats>
          <item>
            <url>https://www.govinfo.gov/content/pkg/BILLS-117s66rs/xml/BILLS-117s66rs.xml</url>
          </item>
        </formats>
      </item>
      <item>
        <type>Introduced in Senate</type>
        <date>2021-01-27T05:00:00Z</date>
        <formats>
          <item>
            <url>https://www.govinfo.gov/content/pkg/BILLS-117s66is/xml/BILLS-117s66is.xml</url>
          </item>
        </formats>
      </item>
      <item>
        <date>2022-06-17T03:59:59Z</date>
        <formats>
          <item>
            <url>https://www.govinfo.gov/content/pkg/PLAW-117publ144_uslm/xml/PLAW-117publ144_uslm.xml</url>
          </item>
        </formats>
        <type>Public Law</type>
      </item>
    </textVersions>
    <latestAction>
      <actionDate>2022-06-16</actionDate>
      <text>Became Public Law No: 117-144.</text>
    </latestAction>
  </bill>
  <dublinCore xmlns:dc="http://purl.org/dc/elements/1.1/">
    <dc:format>text/xml</dc:format>
    <dc:language>EN</dc:language>
    <dc:rights>Pursuant to Title 17 Section 105 of the United States Code, this file is not subject to copyright protection and is in the public domain.</dc:rights>
    <dc:contributor>Congressional Research Service, Library of Congress</dc:contributor>
    <dc:description>This file contains bill summaries and statuses for federal legislation. A bill summary describes the most significant provisions of a piece of legislation and details the effects the legislative text may have on current law and federal programs. Bill summaries are authored by the Congressional Research Service (CRS) of the Library of Congress. As stated in Public Law 91-510 (2 USC 166 (d)(6)), one of the duties of CRS is "to prepare summaries and digests of bills and resolutions of a public general nature introduced in the Senate or House of Representatives". For more information, refer to the User Guide that accompanies this file.</dc:description>
  </dublinCore>
</billStatus>
