<?xml version="1.0" encoding="utf-8" standalone="no"?>
<billStatus>
  <version>3.0.0</version>
  <bill>
    <number>705</number>
    <updateDate>2023-01-11T13:47:44Z</updateDate>
    <updateDateIncludingText>2023-01-11T13:47:44Z</updateDateIncludingText>
    <originChamber>Senate</originChamber>
    <type>S</type>
    <introducedDate>2021-03-11</introducedDate>
    <congress>117</congress>
    <committees>
      <item>
        <systemCode>ssev00</systemCode>
        <name>Environment and Public Works Committee</name>
        <chamber>Senate</chamber>
        <type>Standing</type>
        <activities>
          <item>
            <name>Referred to</name>
            <date>2021-03-11T18:40:12Z</date>
          </item>
        </activities>
      </item>
    </committees>
    <relatedBills>
      <item>
        <title>Ports-to-Plains Highway Act of 2021</title>
        <congress>117</congress>
        <number>1608</number>
        <type>HR</type>
        <latestAction>
          <actionDate>2021-03-09</actionDate>
          <text>Referred to the Subcommittee on Highways and Transit.</text>
        </latestAction>
        <relationshipDetails>
          <item>
            <type>Identical bill</type>
            <identifiedBy>CRS</identifiedBy>
          </item>
        </relationshipDetails>
      </item>
    </relatedBills>
    <actions>
      <item>
        <actionDate>2021-03-11</actionDate>
        <committees>
          <item>
            <systemCode>ssev00</systemCode>
            <name>Environment and Public Works Committee</name>
          </item>
        </committees>
        <sourceSystem>
          <name>Senate</name>
        </sourceSystem>
        <text>Read twice and referred to the Committee on Environment and Public Works.</text>
        <type>IntroReferral</type>
      </item>
      <item>
        <actionDate>2021-03-11</actionDate>
        <text>Introduced in Senate</text>
        <type>IntroReferral</type>
        <actionCode>10000</actionCode>
        <sourceSystem>
          <code>9</code>
          <name>Library of Congress</name>
        </sourceSystem>
      </item>
    </actions>
    <sponsors>
      <item>
        <bioguideId>C001098</bioguideId>
        <fullName>Sen. Cruz, Ted [R-TX]</fullName>
        <firstName>Ted</firstName>
        <lastName>Cruz</lastName>
        <party>R</party>
        <state>TX</state>
        <identifiers>
          <bioguideId>C001098</bioguideId>
        </identifiers>
        <isByRequest>N</isByRequest>
      </item>
    </sponsors>
    <cosponsors>
      <item>
        <bioguideId>C001056</bioguideId>
        <fullName>Sen. Cornyn, John [R-TX]</fullName>
        <firstName>John</firstName>
        <lastName>Cornyn</lastName>
        <party>R</party>
        <state>TX</state>
        <identifiers>
          <bioguideId>C001056</bioguideId>
        </identifiers>
        <sponsorshipDate>2021-03-11</sponsorshipDate>
        <isOriginalCosponsor>True</isOriginalCosponsor>
      </item>
      <item>
        <bioguideId>C001096</bioguideId>
        <fullName>Sen. Cramer, Kevin [R-ND]</fullName>
        <firstName>Kevin</firstName>
        <lastName>Cramer</lastName>
        <party>R</party>
        <state>ND</state>
        <identifiers>
          <bioguideId>C001096</bioguideId>
        </identifiers>
        <sponsorshipDate>2021-03-11</sponsorshipDate>
        <isOriginalCosponsor>True</isOriginalCosponsor>
      </item>
    </cosponsors>
    <policyArea>
      <name>Transportation and Public Works</name>
    </policyArea>
    <subjects>
      <legislativeSubjects>
        <item>
          <name>Colorado</name>
        </item>
        <item>
          <name>Infrastructure development</name>
        </item>
        <item>
          <name>Motor carriers</name>
        </item>
        <item>
          <name>Motor vehicles</name>
        </item>
        <item>
          <name>New Mexico</name>
        </item>
        <item>
          <name>Oklahoma</name>
        </item>
        <item>
          <name>Roads and highways</name>
        </item>
        <item>
          <name>Texas</name>
        </item>
        <item>
          <name>Transportation safety and security</name>
        </item>
      </legislativeSubjects>
      <policyArea>
        <name>Transportation and Public Works</name>
      </policyArea>
    </subjects>
    <summaries>
      <summary>
        <versionCode>00</versionCode>
        <actionDate>2021-03-11</actionDate>
        <actionDesc>Introduced in Senate</actionDesc>
        <updateDate>2021-05-17T15:01:28Z</updateDate>
        <text>
          <![CDATA[ <p><b>Ports-to-Plains Highway Act of 202</b><strong>1</strong></p> <p>This bill expands and designates certain route segments on the National Highway System.</p> <p>Specifically, the bill (1) designates the portion of the Heartland Expressway (relating solely to the portion from Limon, Colorado to Interstate Route I-76 in the vicinity of Brush, Colorado) and the Ports-to-Plains Corridor as future parts of the Interstate System; and (2) permits the continued operation of vehicles on any segment of the Heartland Expressway (relating solely to the portion from Limon, Colorado to I-76 in the vicinity of Brush, Colorado) and the Ports-to-Plains Corridor that is designated as a route on the Interstate System in Texas, Oklahoma, Colorado, and New Mexico, without regard to vehicle weight limitation requirements.</p>]]>
        </text>
      </summary>
    </summaries>
    <title>Ports-to-Plains Highway Act of 2021</title>
    <titles>
      <item>
        <titleType>Display Title</titleType>
        <title>Ports-to-Plains Highway Act of 2021</title>
      </item>
      <item>
        <titleType>Official Title as Introduced</titleType>
        <title>A bill to amend the Intermodal Surface Transportation Efficiency Act of 1991 with respect to future interstate designations, and for other purposes.</title>
        <billTextVersionName>Introduced in Senate</billTextVersionName>
        <billTextVersionCode>IS</billTextVersionCode>
      </item>
      <item>
        <titleType>Short Title(s) as Introduced</titleType>
        <title>Ports-to-Plains Highway Act of 2021</title>
        <billTextVersionName>Introduced in Senate</billTextVersionName>
        <billTextVersionCode>IS</billTextVersionCode>
      </item>
    </titles>
    <textVersions>
      <item>
        <type>Introduced in Senate</type>
        <date>2021-03-11T05:00:00Z</date>
        <formats>
          <item>
            <url>https://www.govinfo.gov/content/pkg/BILLS-117s705is/xml/BILLS-117s705is.xml</url>
          </item>
        </formats>
      </item>
      <item>
        <date/>
        <formats/>
        <type/>
      </item>
    </textVersions>
    <latestAction>
      <actionDate>2021-03-11</actionDate>
      <text>Read twice and referred to the Committee on Environment and Public Works.</text>
    </latestAction>
  </bill>
  <dublinCore xmlns:dc="http://purl.org/dc/elements/1.1/">
    <dc:format>text/xml</dc:format>
    <dc:language>EN</dc:language>
    <dc:rights>Pursuant to Title 17 Section 105 of the United States Code, this file is not subject to copyright protection and is in the public domain.</dc:rights>
    <dc:contributor>Congressional Research Service, Library of Congress</dc:contributor>
    <dc:description>This file contains bill summaries and statuses for federal legislation. A bill summary describes the most significant provisions of a piece of legislation and details the effects the legislative text may have on current law and federal programs. Bill summaries are authored by the Congressional Research Service (CRS) of the Library of Congress. As stated in Public Law 91-510 (2 USC 166 (d)(6)), one of the duties of CRS is "to prepare summaries and digests of bills and resolutions of a public general nature introduced in the Senate or House of Representatives". For more information, refer to the User Guide that accompanies this file.</dc:description>
  </dublinCore>
</billStatus>
