<?xml version="1.0" encoding="utf-8" standalone="no"?>
<billStatus>
  <version>3.0.0</version>
  <bill>
    <number>277</number>
    <updateDate>2023-01-11T13:46:37Z</updateDate>
    <updateDateIncludingText>2023-01-11T13:46:37Z</updateDateIncludingText>
    <originChamber>Senate</originChamber>
    <type>S</type>
    <introducedDate>2021-02-08</introducedDate>
    <congress>117</congress>
    <committees>
      <item>
        <systemCode>ssev00</systemCode>
        <name>Environment and Public Works Committee</name>
        <chamber>Senate</chamber>
        <type>Standing</type>
        <activities>
          <item>
            <name>Referred to</name>
            <date>2021-02-08T22:46:16Z</date>
          </item>
        </activities>
      </item>
    </committees>
    <relatedBills>
      <item>
        <title>Public Water Supply Invasive Species Compliance Act of 2021</title>
        <congress>117</congress>
        <number>931</number>
        <type>HR</type>
        <latestAction>
          <actionDate>2021-04-23</actionDate>
          <text>Referred to the Subcommittee on Antitrust, Commercial, and Administrative Law.</text>
        </latestAction>
        <relationshipDetails>
          <item>
            <type>Related bill</type>
            <identifiedBy>CRS</identifiedBy>
          </item>
        </relationshipDetails>
      </item>
    </relatedBills>
    <actions>
      <item>
        <actionDate>2021-02-08</actionDate>
        <committees>
          <item>
            <systemCode>ssev00</systemCode>
            <name>Environment and Public Works Committee</name>
          </item>
        </committees>
        <sourceSystem>
          <name>Senate</name>
        </sourceSystem>
        <text>Read twice and referred to the Committee on Environment and Public Works.</text>
        <type>IntroReferral</type>
      </item>
      <item>
        <actionDate>2021-02-08</actionDate>
        <text>Introduced in Senate</text>
        <type>IntroReferral</type>
        <actionCode>10000</actionCode>
        <sourceSystem>
          <code>9</code>
          <name>Library of Congress</name>
        </sourceSystem>
      </item>
    </actions>
    <sponsors>
      <item>
        <bioguideId>C001098</bioguideId>
        <fullName>Sen. Cruz, Ted [R-TX]</fullName>
        <firstName>Ted</firstName>
        <lastName>Cruz</lastName>
        <party>R</party>
        <state>TX</state>
        <identifiers>
          <bioguideId>C001098</bioguideId>
        </identifiers>
        <isByRequest>N</isByRequest>
      </item>
    </sponsors>
    <cosponsors>
      <item>
        <bioguideId>C001075</bioguideId>
        <fullName>Sen. Cassidy, Bill [R-LA]</fullName>
        <firstName>Bill</firstName>
        <lastName>Cassidy</lastName>
        <party>R</party>
        <state>LA</state>
        <identifiers>
          <bioguideId>C001075</bioguideId>
        </identifiers>
        <sponsorshipDate>2021-02-08</sponsorshipDate>
        <isOriginalCosponsor>True</isOriginalCosponsor>
      </item>
    </cosponsors>
    <policyArea>
      <name>Water Resources Development</name>
    </policyArea>
    <subjects>
      <legislativeSubjects>
        <item>
          <name>Aquatic ecology</name>
        </item>
        <item>
          <name>Arkansas</name>
        </item>
        <item>
          <name>Crimes against animals and natural resources</name>
        </item>
        <item>
          <name>Environmental Protection</name>
        </item>
        <item>
          <name>Environmental assessment, monitoring, research</name>
        </item>
        <item>
          <name>Louisiana</name>
        </item>
        <item>
          <name>Texas</name>
        </item>
        <item>
          <name>Trade restrictions</name>
        </item>
        <item>
          <name>Water use and supply</name>
        </item>
        <item>
          <name>Wildlife conservation and habitat protection</name>
        </item>
      </legislativeSubjects>
      <policyArea>
        <name>Water Resources Development</name>
      </policyArea>
    </subjects>
    <summaries>
      <summary>
        <versionCode>00</versionCode>
        <actionDate>2021-02-08</actionDate>
        <actionDesc>Introduced in Senate</actionDesc>
        <updateDate>2021-03-05T16:50:36Z</updateDate>
        <text>
          <![CDATA[ <p><b>Public Water Supply Invasive Species Compliance Act of 2021</b></p> <p>This bill addresses transfers between&nbsp;Texas, Arkansas, and Louisiana&nbsp;of water that contains invasive species.</p> <p>The bill exempts certain water transfers between public water supplies in Texas, Arkansas, and Louisiana from prohibitions on illegal trade of plants and wildlife. Specifically, the prohibitions do not apply to covered water transfers containing prohibited species if </p><ul> <li>the species are present in both public water supplies before the transfer, the water is subject to effective mitigation measures, and the water is transferred directly between the supplies; or</li> <li>the water is transferred in a closed conveyance system, such as a pipe system, and sent directly to treatment facilities where the species will be destroyed.</li> </ul> <p>The costs of the mitigation measures must be borne by the entity that sells the water for financial gain.</p> <p>Finally, the bill establishes notification requirements for water transfers.</p>]]>
        </text>
      </summary>
    </summaries>
    <title>Public Water Supply Invasive Species Compliance Act of 2021</title>
    <titles>
      <item>
        <titleType>Display Title</titleType>
        <title>Public Water Supply Invasive Species Compliance Act of 2021</title>
      </item>
      <item>
        <titleType>Official Title as Introduced</titleType>
        <title>A bill to exempt from the Lacey Act and the Lacey Act Amendments of 1981 certain water transfers between any of the States of Texas, Arkansas, and Louisiana, and for other purposes.</title>
        <billTextVersionName>Introduced in Senate</billTextVersionName>
        <billTextVersionCode>IS</billTextVersionCode>
      </item>
      <item>
        <titleType>Short Title(s) as Introduced</titleType>
        <title>Public Water Supply Invasive Species Compliance Act of 2021</title>
        <billTextVersionName>Introduced in Senate</billTextVersionName>
        <billTextVersionCode>IS</billTextVersionCode>
      </item>
    </titles>
    <textVersions>
      <item>
        <type>Introduced in Senate</type>
        <date>2021-02-08T05:00:00Z</date>
        <formats>
          <item>
            <url>https://www.govinfo.gov/content/pkg/BILLS-117s277is/xml/BILLS-117s277is.xml</url>
          </item>
        </formats>
      </item>
      <item>
        <date/>
        <formats/>
        <type/>
      </item>
    </textVersions>
    <latestAction>
      <actionDate>2021-02-08</actionDate>
      <text>Read twice and referred to the Committee on Environment and Public Works.</text>
    </latestAction>
  </bill>
  <dublinCore xmlns:dc="http://purl.org/dc/elements/1.1/">
    <dc:format>text/xml</dc:format>
    <dc:language>EN</dc:language>
    <dc:rights>Pursuant to Title 17 Section 105 of the United States Code, this file is not subject to copyright protection and is in the public domain.</dc:rights>
    <dc:contributor>Congressional Research Service, Library of Congress</dc:contributor>
    <dc:description>This file contains bill summaries and statuses for federal legislation. A bill summary describes the most significant provisions of a piece of legislation and details the effects the legislative text may have on current law and federal programs. Bill summaries are authored by the Congressional Research Service (CRS) of the Library of Congress. As stated in Public Law 91-510 (2 USC 166 (d)(6)), one of the duties of CRS is "to prepare summaries and digests of bills and resolutions of a public general nature introduced in the Senate or House of Representatives". For more information, refer to the User Guide that accompanies this file.</dc:description>
  </dublinCore>
</billStatus>
