<?xml version="1.0" encoding="utf-8" standalone="no"?>
<billStatus>
  <version>3.0.0</version>
  <bill>
    <number>143</number>
    <updateDate>2023-01-11T13:47:30Z</updateDate>
    <updateDateIncludingText>2023-01-11T13:47:30Z</updateDateIncludingText>
    <originChamber>Senate</originChamber>
    <type>S</type>
    <introducedDate>2021-01-28</introducedDate>
    <congress>117</congress>
    <committees>
      <item>
        <systemCode>ssra00</systemCode>
        <name>Rules and Administration Committee</name>
        <chamber>Senate</chamber>
        <type>Standing</type>
        <activities>
          <item>
            <name>Referred to</name>
            <date>2021-01-28T21:51:28Z</date>
          </item>
        </activities>
      </item>
    </committees>
    <relatedBills>
      <item>
        <title>To authorize the use of the rotunda of the Capitol for a memorial service in honor of United States Capitol Police Officer Brian Sicknick for his courage and sacrifice at the United States Capitol on January 6, 2021, and for other purposes.</title>
        <congress>117</congress>
        <number>582</number>
        <type>HR</type>
        <latestAction>
          <actionDate>2021-01-28</actionDate>
          <text>Referred to the House Committee on House Administration.</text>
        </latestAction>
        <relationshipDetails>
          <item>
            <type>Identical bill</type>
            <identifiedBy>CRS</identifiedBy>
          </item>
        </relationshipDetails>
      </item>
    </relatedBills>
    <actions>
      <item>
        <actionDate>2021-01-28</actionDate>
        <committees>
          <item>
            <systemCode>ssra00</systemCode>
            <name>Rules and Administration Committee</name>
          </item>
        </committees>
        <sourceSystem>
          <name>Senate</name>
        </sourceSystem>
        <text>Read twice and referred to the Committee on Rules and Administration.</text>
        <type>IntroReferral</type>
      </item>
      <item>
        <actionDate>2021-01-28</actionDate>
        <text>Introduced in Senate</text>
        <type>IntroReferral</type>
        <actionCode>10000</actionCode>
        <sourceSystem>
          <code>9</code>
          <name>Library of Congress</name>
        </sourceSystem>
      </item>
    </actions>
    <sponsors>
      <item>
        <bioguideId>S001184</bioguideId>
        <fullName>Sen. Scott, Tim [R-SC]</fullName>
        <firstName>Tim</firstName>
        <lastName>Scott</lastName>
        <party>R</party>
        <state>SC</state>
        <identifiers>
          <bioguideId>S001184</bioguideId>
        </identifiers>
        <isByRequest>N</isByRequest>
      </item>
    </sponsors>
    <policyArea>
      <name>Congress</name>
    </policyArea>
    <subjects>
      <legislativeSubjects>
        <item>
          <name>Assault and harassment offenses</name>
        </item>
        <item>
          <name>Cemeteries and funerals</name>
        </item>
        <item>
          <name>Congressional officers and employees</name>
        </item>
        <item>
          <name>Congressional tributes</name>
        </item>
        <item>
          <name>Crime victims</name>
        </item>
        <item>
          <name>Crimes against property</name>
        </item>
        <item>
          <name>Employee benefits and pensions</name>
        </item>
        <item>
          <name>Government buildings, facilities, and property</name>
        </item>
        <item>
          <name>Government employee pay, benefits, personnel management</name>
        </item>
        <item>
          <name>Government trust funds</name>
        </item>
        <item>
          <name>Law enforcement officers</name>
        </item>
        <item>
          <name>Members of Congress</name>
        </item>
        <item>
          <name>Monuments and memorials</name>
        </item>
        <item>
          <name>Protest and dissent</name>
        </item>
        <item>
          <name>Subversive activities</name>
        </item>
        <item>
          <name>Terrorism</name>
        </item>
        <item>
          <name>Transportation costs</name>
        </item>
        <item>
          <name>U.S. Capitol</name>
        </item>
        <item>
          <name>Violent crime</name>
        </item>
      </legislativeSubjects>
      <policyArea>
        <name>Congress</name>
      </policyArea>
    </subjects>
    <summaries>
      <summary>
        <versionCode>00</versionCode>
        <actionDate>2021-01-28</actionDate>
        <actionDesc>Introduced in Senate</actionDesc>
        <updateDate>2021-03-10T15:37:51Z</updateDate>
        <text>
          <![CDATA[ <p>This bill authorizes the use of the Capitol rotunda on February 3, 2021, for a memorial service honoring Officer Brian Sicknick of the U.S. Capitol Police.</p> <p>The memorial service shall include Officer Sicknick's lying in honor in the rotunda, and the Architect of the Capitol shall place a plaque in honor of Officer Sicknick near the Capitol steps. The Sergeant at Arms of the House of Representatives and the Sergeant at Arms and Doorkeeper of the Senate must make arrangements for funeral services in the Capitol for Officer Sicknick, including payments for travel expenses of immediate family members and the attendance of Members of Congress.</p> <p>The bill also requires that any funds received by the Capitol Police Board in response to the attack on the U.S. Capitol on January 6, 2021, be deposited into the United States Capitol Police Memorial Fund.</p>]]>
        </text>
      </summary>
    </summaries>
    <title>A bill to authorize the use of the rotunda of the Capitol for a memorial service in honor of United States Capitol Police Officer Brian Sicknick for his courage and sacrifice at the United States Capitol on January 6, 2021, and for other purposes.</title>
    <titles>
      <item>
        <titleType>Display Title</titleType>
        <title>A bill to authorize the use of the rotunda of the Capitol for a memorial service in honor of United States Capitol Police Officer Brian Sicknick for his courage and sacrifice at the United States Capitol on January 6, 2021, and for other purposes.</title>
      </item>
      <item>
        <titleType>Official Title as Introduced</titleType>
        <title>A bill to authorize the use of the rotunda of the Capitol for a memorial service in honor of United States Capitol Police Officer Brian Sicknick for his courage and sacrifice at the United States Capitol on January 6, 2021, and for other purposes.</title>
        <billTextVersionName>Introduced in Senate</billTextVersionName>
        <billTextVersionCode>IS</billTextVersionCode>
      </item>
    </titles>
    <textVersions>
      <item>
        <type>Introduced in Senate</type>
        <date>2021-01-28T05:00:00Z</date>
        <formats>
          <item>
            <url>https://www.govinfo.gov/content/pkg/BILLS-117s143is/xml/BILLS-117s143is.xml</url>
          </item>
        </formats>
      </item>
      <item>
        <date/>
        <formats/>
        <type/>
      </item>
    </textVersions>
    <latestAction>
      <actionDate>2021-01-28</actionDate>
      <text>Read twice and referred to the Committee on Rules and Administration.</text>
    </latestAction>
  </bill>
  <dublinCore xmlns:dc="http://purl.org/dc/elements/1.1/">
    <dc:format>text/xml</dc:format>
    <dc:language>EN</dc:language>
    <dc:rights>Pursuant to Title 17 Section 105 of the United States Code, this file is not subject to copyright protection and is in the public domain.</dc:rights>
    <dc:contributor>Congressional Research Service, Library of Congress</dc:contributor>
    <dc:description>This file contains bill summaries and statuses for federal legislation. A bill summary describes the most significant provisions of a piece of legislation and details the effects the legislative text may have on current law and federal programs. Bill summaries are authored by the Congressional Research Service (CRS) of the Library of Congress. As stated in Public Law 91-510 (2 USC 166 (d)(6)), one of the duties of CRS is "to prepare summaries and digests of bills and resolutions of a public general nature introduced in the Senate or House of Representatives". For more information, refer to the User Guide that accompanies this file.</dc:description>
  </dublinCore>
</billStatus>
