<?xml version="1.0"?>
<?xml-stylesheet type="text/xsl" href="billres.xsl"?>
<!DOCTYPE bill PUBLIC "-//US Congress//DTDs/bill.dtd//EN" "bill.dtd">
<bill bill-stage="Introduced-in-Senate" dms-id="A1" public-private="public" slc-id="S1-TAM21292-TLG-JV-T6N"><metadata xmlns:dc="http://purl.org/dc/elements/1.1/">
<dublinCore>
<dc:title>114 S288 IS: Timely ReAuthorization of Necessary Stem-cell Programs Lends Access to Needed Therapies Act of 2021</dc:title>
<dc:publisher>U.S. Senate</dc:publisher>
<dc:date>2021-02-08</dc:date>
<dc:format>text/xml</dc:format>
<dc:language>EN</dc:language>
<dc:rights>Pursuant to Title 17 Section 105 of the United States Code, this file is not subject to copyright protection and is in the public domain.</dc:rights>
</dublinCore>
</metadata>
<form>
<distribution-code display="yes">II</distribution-code><congress>117th CONGRESS</congress><session>1st Session</session><legis-num>S. 288</legis-num><current-chamber>IN THE SENATE OF THE UNITED STATES</current-chamber><action><action-date date="20210208">February 8, 2021</action-date><action-desc><sponsor name-id="S259">Mr. Reed</sponsor> (for himself, <cosponsor name-id="S300">Mr. Burr</cosponsor>, <cosponsor name-id="S394">Ms. Smith</cosponsor>, and <cosponsor name-id="S365">Mr. Scott of South Carolina</cosponsor>) introduced the following bill; which was read twice and referred to the <committee-name committee-id="SSHR00">Committee on Health, Education, Labor, and Pensions</committee-name></action-desc></action><legis-type>A BILL</legis-type><official-title>To reauthorize the Stem Cell Therapeutic and Research Act of 2005, and for other purposes.</official-title></form><legis-body style="OLC"><section id="HD61B5A923C7B4183B262C781E4E2A2DC" section-type="section-one"><enum>1.</enum><header>Short title</header><text display-inline="no-display-inline">This Act may be cited as the <quote><short-title>Timely ReAuthorization of Necessary Stem-cell Programs Lends Access to Needed Therapies Act of 2021</short-title></quote> or the <quote><short-title>TRANSPLANT Act of 2021</short-title></quote>.</text></section><section id="H9EF30F3CE51F45E7AF25250F2A19AB95"><enum>2.</enum><header>Reauthorization of the C.W. Bill Young Cell Transplantation Program</header><subsection id="H9975E85A719F486FB2F287C6567EF15F"><enum>(a)</enum><header>Advisory council meetings</header><text display-inline="yes-display-inline">Subsection (a) of section 379 of the Public Health Service Act (<external-xref legal-doc="usc" parsable-cite="usc/42/274k">42 U.S.C. 274k</external-xref>) is amended by adding at the end the following new paragraph:</text><quoted-block display-inline="no-display-inline" id="HAC2C119F27184A898DE09F2643D13DE2" style="OLC"><paragraph id="HE9E9319C6D4A41DD8D2504F1D82CBB45"><enum>(7)</enum><text display-inline="yes-display-inline">The Secretary shall convene the Advisory Council at least 2 times each calendar year.</text></paragraph><after-quoted-block>.</after-quoted-block></quoted-block></subsection><subsection id="HF85572DCB557451BBBE0C07B97D3727A"><enum>(b)</enum><header>Increasing collection</header><paragraph id="H1BBCC9F1B30044BEBBED6869C6E37027"><enum>(1)</enum><header>Technical clarification</header><text>Effective as if included in the enactment of <external-xref legal-doc="public-law" parsable-cite="pl/114/104">Public Law 114–104</external-xref> (the Stem Cell Therapeutic and Research Reauthorization Act of 2015), the amendment to section 379(d)(2)(B) of the Public Health Service Act (<external-xref legal-doc="usc" parsable-cite="usc/42/274k">42 U.S.C. 274k(d)(2)(B)</external-xref>) in section 2(a)(2) of <external-xref legal-doc="public-law" parsable-cite="pl/114/104">Public Law 114–104</external-xref> is amended by inserting <quote>goal of increasing collections of high quality</quote> before <quote>cord blood units,</quote>.</text></paragraph><paragraph id="H7761385870B34AE9ACD1C16DEDA55FB1"><enum>(2)</enum><header>Eliminating deadwood</header><text display-inline="yes-display-inline">Subparagraph (B) of section 379(d)(2) of the Public Health Service Act (<external-xref legal-doc="usc" parsable-cite="usc/42/274k">42 U.S.C. 274k(d)(2)</external-xref>) is amended by striking the second and third sentences in such subparagraph.</text></paragraph></subsection><subsection id="HF4572B816EDF4005AAF304B0DD8D1CB6"><enum>(c)</enum><header>Periodic review of state of science</header><text display-inline="yes-display-inline">Section 379 of the Public Health Service Act (<external-xref legal-doc="usc" parsable-cite="usc/42/274k">42 U.S.C. 274k</external-xref>) is amended by adding at the end the following new subsection:</text><quoted-block display-inline="no-display-inline" id="H3546314FAA7A4A32BFFA3F94386CBCC2" style="OLC"><subsection commented="no" id="HE7DD51D07B254A438B32ADF6F135177B"><enum>(o)</enum><header>Periodic review of state of science</header><paragraph commented="no" id="HD150D65378324B5295A495C7E3116527"><enum>(1)</enum><header>Review</header><text display-inline="yes-display-inline">Not less frequently than every 2 years, the Secretary, in consultation with the Director of the National Institutes of Health, the Commissioner of Food and Drugs, the Administrator of the Health Resources and Services Administration, the Advisory Council, and other stakeholders, where appropriate given relevant expertise, shall conduct a review of the state of the science of using adult stem cells and birthing tissues to develop new types of therapies for patients, for the purpose of considering the potential inclusion of such new types of therapies in the Program.</text></paragraph><paragraph id="HD182EAFCF17A482FAFBDFBC86B508B0D"><enum>(2)</enum><header>Recommendations</header><text>Not later than June 30, 2025, the Secretary shall—</text><subparagraph id="H2B66DB0978824450A2103C2C160D800A"><enum>(A)</enum><text>complete the second review required by paragraph (1); and</text></subparagraph><subparagraph id="H58BA2F0A4E904748B4AF62EFA1452572"><enum>(B)</enum><text>informed by such review, submit to the Committee on Health, Education, Labor, and Pensions of the Senate and the Committee on Energy and Commerce of the House of Representatives recommendations on the appropriateness of the inclusion of new types of therapies in the Program.</text></subparagraph></paragraph></subsection><after-quoted-block>.</after-quoted-block></quoted-block></subsection><subsection commented="no" id="HF1CE191104DC4F5E80332B4AF2676CD4"><enum>(d)</enum><header>Authorization of appropriations</header><text>Section 379B of the Public Health Service Act (<external-xref legal-doc="usc" parsable-cite="usc/42/274m">42 U.S.C. 274m</external-xref>) is amended by striking <quote>$33,000,000 for fiscal year 2015 and $30,000,000 for each of fiscal years 2016 through 2020</quote> and inserting <quote>$31,000,000 for each of fiscal years 2022 through 2026</quote>.</text></subsection></section><section id="H037849CD97A2401DA0DA0178E729E505"><enum>3.</enum><header>Cord blood inventory</header><text display-inline="no-display-inline">Subsection (g) of section 2 of the Stem Cell Therapeutic and Research Act of 2005 (<external-xref legal-doc="usc" parsable-cite="usc/42/274k">42 U.S.C. 274k</external-xref> note) is amended to read as follows:</text><quoted-block display-inline="no-display-inline" id="H2A20402A55B94EA6A7A3FB7A061B2115" style="OLC"><subsection id="H8378BA1B1B914D1186B30918B288409F"><enum>(g)</enum><header>Authorization of appropriations</header><text display-inline="yes-display-inline">To carry out this section, there is authorized to be appropriated $23,000,000 for each of fiscal years 2022 through 2026.</text></subsection><after-quoted-block>.</after-quoted-block></quoted-block></section><section id="HE4140977EF76430F8DE0E1E73095E195"><enum>4.</enum><header>Advancing the field of regenerative medicine</header><text display-inline="no-display-inline">Section 402 of the Public Health Service Act (<external-xref legal-doc="usc" parsable-cite="usc/42/282">42 U.S.C. 282</external-xref>) is amended by adding at the end the following:</text><quoted-block style="OLC" id="H0F8139C05A5643108619B6DA8DD913B7" display-inline="no-display-inline"><subsection id="H8C7B1289A6E94DD9944114780751D416"><enum>(o)</enum><header>Regenerative Medicine</header><text display-inline="yes-display-inline">The Director of NIH shall, as appropriate, continue to consult with the directors of relevant institutes and centers of the National Institutes of Health, other relevant experts from such institutes and centers, and relevant experts within the Food and Drug Administration, to further the field of regenerative medicine using adult stem cells, including autologous stem cells, therapeutic tissue engineering products, human cell and tissue products, human gene therapies, and genetically modified cells.</text></subsection><after-quoted-block>.</after-quoted-block></quoted-block></section><section id="H84BEA24B6E834D809D121FF4CE0DCF10"><enum>5.</enum><header>GAO report on regenerative medicine workforce</header><text display-inline="no-display-inline">Not later than 2 years after the date of enactment of this Act, the Comptroller General of the United States shall submit to the Committee on Health, Education, Labor, and Pensions of the Senate and the Committee on Energy and Commerce of the House of Representatives a report that assesses a specialized health care workforce in the field of regenerative medicine. The report shall include— </text><paragraph id="H9DD22935DCE04013941358D390D3F6E7"><enum>(1)</enum><text>an overview of the current employment levels, in both commercial and academic settings, for—</text><subparagraph id="H729A1BE22E83444AA8F4BDBB5423AA97"><enum>(A)</enum><text display-inline="yes-display-inline">positions necessary for the collection and transplantation of stem cell therapeutics, including bone marrow and cord blood; and</text></subparagraph><subparagraph id="HFC655B15D6EB496A9E6065A0D098EEC3"><enum>(B)</enum><text>positions in the field of regenerative medicine using adult stem cells and related to product development; </text></subparagraph></paragraph><paragraph id="HAEDEF919A34A41D0AC1468ACB4E78D33"><enum>(2)</enum><text>the identification of gaps, if any, in the projected workforce capacity for—</text><subparagraph id="H179AEB1488A54812BBFADE465F5B48F6"><enum>(A)</enum><text>positions described in paragraph (1)(A); and</text></subparagraph><subparagraph id="H0C4A0FFD10284D39B55B83C39C448D17"><enum>(B)</enum><text>the field of regenerative medicine using adult stem cells, including workforce gaps related to the development of new cellular therapies using adult stem cells;</text></subparagraph></paragraph><paragraph id="H80CBF43015F14209A6E074C5A2FAF3B0"><enum>(3)</enum><text>an overview of the availability of training programs related to the development, refinement, and utilization of adult stem cells, including training on good manufacturing practices for such activities, and the performance of such programs; and</text></paragraph><paragraph id="HA1547116093B498BB7241768D5B61811"><enum>(4)</enum><text>recommendations, if any, for improving the workforce capacity related to—</text><subparagraph id="HA11B20E6776747B58F2D3D15F9065A85"><enum>(A)</enum><text>the positions described in paragraph (1)(A); or</text></subparagraph><subparagraph id="H952E980642F14E038A4E6647C417AD25"><enum>(B)</enum><text>the field of regenerative medicine using adult stem cells.</text></subparagraph></paragraph></section></legis-body></bill> 

