<?xml version="1.0"?>
<?xml-stylesheet type="text/xsl" href="billres.xsl"?>
<!DOCTYPE bill PUBLIC "-//US Congress//DTDs/bill.dtd//EN" "bill.dtd">
<bill bill-stage="Engrossed-in-Senate" dms-id="A1" public-private="public" slc-id="S1-TAM21060-XCC-VJ-SN9" star-print="no-star-print" bill-type="olc" stage-count="1" public-print="no"><metadata xmlns:dc="http://purl.org/dc/elements/1.1/">
<dublinCore>
<dc:title>117 S164 ES: Advancing Education on Biosimilars Act of 2021</dc:title>
<dc:publisher>U.S. Senate</dc:publisher>
<dc:date></dc:date>
<dc:format>text/xml</dc:format>
<dc:language>EN</dc:language>
<dc:rights>Pursuant to Title 17 Section 105 of the United States Code, this file is not subject to copyright protection and is in the public domain.</dc:rights>
</dublinCore>
</metadata>
<form display="yes">
<congress display="yes">117th CONGRESS</congress><session display="yes">1st Session</session><legis-num display="yes">S. 164</legis-num><current-chamber display="no">IN THE SENATE OF THE UNITED STATES</current-chamber><legis-type display="yes">AN ACT</legis-type><official-title display="yes">To educate health care providers and the public on biosimilar
biological products, and for other purposes.</official-title></form><legis-body style="OLC" display-enacting-clause="yes-display-enacting-clause"><section id="id00D8C00ACC224A3F9A5C6C7CA80DCAF1" section-type="section-one" commented="no" display-inline="no-display-inline"><enum>1.</enum><header display-inline="yes-display-inline">Short title</header><text display-inline="no-display-inline">This Act may be cited as the <quote><short-title>Advancing Education on Biosimilars Act of 2021</short-title></quote>.</text></section><section section-type="subsequent-section" id="idB91E21E39B0640589EDCEDC1B897872A" commented="no" display-inline="no-display-inline"><enum>2.</enum><header display-inline="yes-display-inline">Education on biological products</header><text display-inline="no-display-inline">Subpart 1 of part F of title III of the Public Health Service Act (<external-xref legal-doc="usc" parsable-cite="usc/42/262">42 U.S.C. 262</external-xref> et seq.) is amended by adding at the end the following:</text><quoted-block style="OLC" display-inline="no-display-inline" id="idA8ED40B614CA4FD38F4A689BCA9099CE"><section id="id9660188FE30E44F9B968F237FA8D8A61" commented="no" display-inline="no-display-inline" section-type="subsequent-section"><enum>352A.</enum><header display-inline="yes-display-inline">Education on biological products</header><subsection id="idD56F9D725BFB4208A7B57D2FB3573F9B" commented="no" display-inline="no-display-inline"><enum>(a)</enum><header display-inline="yes-display-inline">Internet website</header><paragraph id="id4DC370626BFE4828A6AF4297CA7944FF" commented="no" display-inline="no-display-inline"><enum>(1)</enum><header display-inline="yes-display-inline">In general</header><text display-inline="yes-display-inline">The Secretary may maintain and operate an internet website to provide educational materials for health care providers, patients, and caregivers, regarding the meaning of the terms, and the standards for review and licensing of, biological products, including biosimilar biological products and interchangeable biosimilar biological products.</text></paragraph><paragraph id="id3DFF3BD9F8434C2EA8DBE42ACD7F687A" commented="no" display-inline="no-display-inline"><enum>(2)</enum><header display-inline="yes-display-inline">Content</header><text display-inline="yes-display-inline">Educational materials provided under paragraph (1) may include—</text><subparagraph id="id5A2AF9E731FD412ABC9577E019BFDBF0" commented="no" display-inline="no-display-inline"><enum>(A)</enum><text display-inline="yes-display-inline">explanations of key statutory and regulatory terms, including <term>biosimilar</term> and <term>interchangeable</term>, and clarification regarding the use of interchangeable biosimilar biological products;</text></subparagraph><subparagraph id="id0F7C454773A047CEA66DE6C4DFD1EDF2" commented="no" display-inline="no-display-inline"><enum>(B)</enum><text display-inline="yes-display-inline">information related to development programs for biological products, including biosimilar biological products and interchangeable biosimilar biological products and relevant clinical considerations for prescribers, which may include, as appropriate and applicable, information related to the comparability of such biological products;</text></subparagraph><subparagraph id="id2EA125266B124E71BEB7452B4267861C" commented="no" display-inline="no-display-inline"><enum>(C)</enum><text display-inline="yes-display-inline">an explanation of the process for reporting adverse events for biological products, including biosimilar biological products and interchangeable biosimilar biological products; and</text></subparagraph><subparagraph id="id01605666F7AF4DC1A33F5DFA7448794D" commented="no" display-inline="no-display-inline"><enum>(D)</enum><text display-inline="yes-display-inline">an explanation of the relationship between biosimilar biological products and interchangeable biosimilar biological products licensed under section 351(k) and reference products (as defined in section 351(i)), including the standards for review and licensing of each such type of biological product.</text></subparagraph></paragraph><paragraph id="idB89139BFC88E49BDB14FEB072AC4F232" commented="no" display-inline="no-display-inline"><enum>(3)</enum><header display-inline="yes-display-inline">Format</header><text display-inline="yes-display-inline">The educational materials provided under paragraph (1) may be—</text><subparagraph id="id67253B42C91347048B49CB5FBDA0440E" commented="no" display-inline="no-display-inline"><enum>(A)</enum><text display-inline="yes-display-inline">in formats such as webinars, continuing education modules, videos, fact sheets, infographics, stakeholder toolkits, or other formats as appropriate and applicable; and</text></subparagraph><subparagraph id="idF37052146CB24739B067409631F92B8D" commented="no" display-inline="no-display-inline"><enum>(B)</enum><text display-inline="yes-display-inline">tailored for the unique needs of health care providers, patients, caregivers, and other audiences, as the Secretary determines appropriate.</text></subparagraph></paragraph><paragraph id="id5E0EB08DABE649799CEB53567EA5D813" commented="no" display-inline="no-display-inline"><enum>(4)</enum><header display-inline="yes-display-inline">Other information</header><text display-inline="yes-display-inline">In addition to the information described in paragraph (2), the Secretary shall continue to publish—</text><subparagraph id="id41D68429460249F28BF8DE6346CE1543" commented="no" display-inline="no-display-inline"><enum>(A)</enum><text display-inline="yes-display-inline">the action package of each biological product licensed under subsection (a) or (k) of section 351; or</text></subparagraph><subparagraph id="id368ABD1F26084312A5765A01D189C329" commented="no" display-inline="no-display-inline"><enum>(B)</enum><text display-inline="yes-display-inline">the summary review of each biological product licensed under subsection (a) or (k) of section 351.</text></subparagraph></paragraph><paragraph id="id8DA9FC177FD144D39CD7C34EE0B284EE" commented="no" display-inline="no-display-inline"><enum>(5)</enum><header display-inline="yes-display-inline">Confidential and trade secret information</header><text display-inline="yes-display-inline">This subsection does not authorize the disclosure of any trade secret, confidential commercial or financial information, or other matter described in section 552(b) of title 5.</text></paragraph></subsection><subsection id="idB106A8F8F3BC456995B3C92D44962F5F" commented="no" display-inline="no-display-inline"><enum>(b)</enum><header display-inline="yes-display-inline">Continuing education</header><text display-inline="yes-display-inline">The Secretary shall advance education and awareness among health care providers regarding biological products, including biosimilar biological products and interchangeable biosimilar biological products, as appropriate, including by developing or improving continuing education programs that advance the education of such providers on the prescribing of, and relevant clinical considerations with respect to, biological products, including biosimilar biological products and interchangeable biosimilar biological products.</text></subsection></section><after-quoted-block display="yes">. </after-quoted-block></quoted-block></section></legis-body><attestation><attestation-group><attestation-date date="20210303" chamber="Senate">Passed the Senate March 3, 2021.</attestation-date><attestor display="no"></attestor><role>Secretary</role></attestation-group></attestation><endorsement display="yes"></endorsement></bill>


