<?xml version="1.0"?>
<?xml-stylesheet type="text/xsl" href="billres.xsl"?>
<!DOCTYPE bill PUBLIC "-//US Congress//DTDs/bill.dtd//EN" "bill.dtd">
<bill bill-type="olc" bill-stage="Introduced-in-Senate" dms-id="A1" public-private="public" slc-id="S1-TAM21129-THH-M8-T2M"><metadata xmlns:dc="http://purl.org/dc/elements/1.1/">
<dublinCore>
<dc:title>117 S77 IS: Protecting Life and Integrity in Research Act of 2021</dc:title>
<dc:publisher>U.S. Senate</dc:publisher>
<dc:date>2021-01-28</dc:date>
<dc:format>text/xml</dc:format>
<dc:language>EN</dc:language>
<dc:rights>Pursuant to Title 17 Section 105 of the United States Code, this file is not subject to copyright protection and is in the public domain.</dc:rights>
</dublinCore>
</metadata>
<form>
<distribution-code display="yes">II</distribution-code><congress>117th CONGRESS</congress><session>1st Session</session><legis-num>S. 77</legis-num><current-chamber>IN THE SENATE OF THE UNITED STATES</current-chamber><action><action-date date="20210128">January 28, 2021</action-date><action-desc><sponsor name-id="S395">Mrs. Hyde-Smith</sponsor> (for herself, <cosponsor name-id="S317">Mr. Barrasso</cosponsor>, <cosponsor name-id="S396">Mrs. Blackburn</cosponsor>, <cosponsor name-id="S343">Mr. Boozman</cosponsor>, <cosponsor name-id="S374">Mr. Cotton</cosponsor>, <cosponsor name-id="S398">Mr. Cramer</cosponsor>, <cosponsor name-id="S375">Mr. Daines</cosponsor>, <cosponsor name-id="S357">Mrs. Fischer</cosponsor>, <cosponsor name-id="S399">Mr. Hawley</cosponsor>, <cosponsor name-id="S236">Mr. Inhofe</cosponsor>, <cosponsor name-id="S378">Mr. Lankford</cosponsor>, <cosponsor name-id="S410">Ms. Lummis</cosponsor>, <cosponsor name-id="S347">Mr. Moran</cosponsor>, <cosponsor name-id="S349">Mr. Portman</cosponsor>, <cosponsor name-id="S323">Mr. Risch</cosponsor>, <cosponsor name-id="S381">Mr. Rounds</cosponsor>, <cosponsor name-id="S365">Mr. Scott of South Carolina</cosponsor>, <cosponsor name-id="S355">Mr. Cruz</cosponsor>, <cosponsor name-id="S411">Mr. Marshall</cosponsor>, <cosponsor name-id="S397">Mr. Braun</cosponsor>, <cosponsor name-id="S389">Mr. Kennedy</cosponsor>, and <cosponsor name-id="S346">Mr. Lee</cosponsor>) introduced the following bill; which was read twice and referred to the <committee-name committee-id="SSHR00">Committee on Health, Education, Labor, and Pensions</committee-name></action-desc></action><legis-type>A BILL</legis-type><official-title>To amend the Public Health Service Act to prohibit the Secretary of Health and Human Services from conducting or supporting any research involving human fetal tissue that is obtained pursuant to an induced abortion, and for other purposes.</official-title></form><legis-body style="OLC" display-enacting-clause="yes-display-enacting-clause" id="HECCE44CE2D184D299ABA7CE20F93EB42"><section section-type="section-one" id="H042529D33FD248A9963DC1493C1020A1"><enum>1.</enum><header>Short title</header><text display-inline="no-display-inline">This Act may be cited as the <quote><short-title>Protecting Life and Integrity in Research Act of 2021</short-title></quote>.</text></section><section id="H8E377F71399F4A8D8A385237A93D5816"><enum>2.</enum><header>No research by HHS involving human fetal tissue obtained pursuant to an induced abortion</header><subsection id="H5C9EA0B95447493CA896E1A2D85C8186"><enum>(a)</enum><header>In general</header><text display-inline="yes-display-inline">The Public Health Service Act is amended by inserting after section 498A of such Act (<external-xref legal-doc="usc" parsable-cite="usc/42/289g-1">42 U.S.C. 289g–1</external-xref>) the following:</text><quoted-block style="OLC" display-inline="no-display-inline" id="H64C4A817ACA743919D0FBDDD19A9CDA5"><section id="H014C20161529466AB7FE22796D3E07D6"><enum>498A–1.</enum><header>No research involving human fetal tissue obtained pursuant to an induced abortion</header><subsection id="H45083ED497D244E8BE4F52B65A7A1AA3"><enum>(a)</enum><header>In general</header><text display-inline="yes-display-inline">The Secretary may not conduct or support any research involving human fetal tissue that is obtained pursuant to an induced abortion.</text></subsection><subsection id="HFAE81CCFF7404BB392F8B83E0AEF7845"><enum>(b)</enum><header>Development of new, ethical cell lines</header><text display-inline="yes-display-inline">Subsection (a) does not limit the authority of the Secretary to develop or support the development of new, high-efficiency cell lines, including for the production of vaccines and genetic vectors, so long as the cell lines are not derived from human fetal tissue that is obtained pursuant to an induced abortion.</text></subsection></section><after-quoted-block>.</after-quoted-block></quoted-block></subsection><subsection id="H8AA143A117824EAAACE5F4CB5F90157D"><enum>(b)</enum><header>Conforming amendments</header><text display-inline="yes-display-inline">Section 498A of the Public Health Service Act (<external-xref legal-doc="usc" parsable-cite="usc/42/289g-1">42 U.S.C. 289g–1</external-xref>) is amended—</text><paragraph id="H46E4E743BE4A4ABC862BA0508E613318"><enum>(1)</enum><text>in subsections (a)(2), (c)(1)(B), and (g), by striking <quote>or induced</quote> each place it appears; and</text></paragraph><paragraph id="H7818E12EE05C4891B45143F95A47184C"><enum>(2)</enum><text>in subsection (b)(2)—</text><subparagraph id="HE24C6FB2ECC44E17BF8344F751040A22"><enum>(A)</enum><text>by striking subparagraph (A); and</text></subparagraph><subparagraph id="H9308C847ACE847C39387CB29098EB9D9"><enum>(B)</enum><text>by redesignating subparagraphs (B) and (C) as (A) and (B), respectively.</text></subparagraph></paragraph></subsection></section><section id="H77C4F5E430DE4982B00B239E59347004"><enum>3.</enum><header>Prohibition against solicitation or knowing acquisition, receipt, or acceptance of a donation of human fetal tissue knowing that the tissue was obtained pursuant to an induced abortion</header><subsection id="H5FBC0DE1B5D6403199C5476660C965A2"><enum>(a)</enum><header>In general</header><text display-inline="yes-display-inline">Paragraph (1) of section 498B(c) of the Public Health Service Act (<external-xref legal-doc="usc" parsable-cite="usc/42/289g-2">42 U.S.C. 289g–2(c)</external-xref>) is amended to read as follows:</text><quoted-block style="OLC" display-inline="no-display-inline" id="HE7445841830A4B53B6E05A9D91B25E31"><paragraph id="H44D50C0516F442C188C65258489C54C7"><enum>(1)</enum><text display-inline="yes-display-inline">solicit or knowingly acquire, receive, or accept a donation (excluding any transfer for purposes of autopsy or burial) of human fetal tissue knowing that—</text><subparagraph id="H92228986FE8C44D98BA6A6FF6E88D690"><enum>(A)</enum><text>a human pregnancy was deliberately initiated to provide such tissue; or</text></subparagraph><subparagraph id="HC8A1312B00FC4585BB1EED12C689A915"><enum>(B)</enum><text display-inline="yes-display-inline">the tissue was obtained pursuant to an induced abortion; or</text></subparagraph></paragraph><after-quoted-block>.</after-quoted-block></quoted-block></subsection><subsection id="H5EFC19BAEEFB49E98B74B8448BD33912"><enum>(b)</enum><header>Conforming changes</header><text display-inline="yes-display-inline">Section 498B of the Public Health Service Act (<external-xref legal-doc="usc" parsable-cite="usc/42/289g-2">42 U.S.C. 289g–2</external-xref>) is amended—</text><paragraph id="HCF8F60DC88FB40D3A255A8188D191DA0"><enum>(1)</enum><text>by striking subsection (b);</text></paragraph><paragraph id="HFAB7ABDAD3EA4AFBA91278A609217A30"><enum>(2)</enum><text>by redesignating subsections (c) through (e) as subsections (b) through (d), respectively;</text></paragraph><paragraph id="H94D57F58D8EC4E84AA279E11C3B1DBA3"><enum>(3)</enum><text>in subsection (c), as redesignated—</text><subparagraph id="HCF2FEBF801004C87B0C0B4B58C3DED42"><enum>(A)</enum><text>in paragraph (1), by striking <quote>(a), (b), or (c)</quote> and inserting <quote>(a) or (b)</quote>; and</text></subparagraph><subparagraph id="H8FAD06C9FCEB484FBCBA24B39EF15C78"><enum>(B)</enum><text>in paragraph (2), by striking <quote>or (b)(3)</quote>; and</text></subparagraph></paragraph><paragraph id="H8F1EDDB3194D42AA8228AA8F52201249"><enum>(4)</enum><text>in subsection (d), as redesignated, by amending paragraph (1) to read as follows:</text><quoted-block style="OLC" display-inline="no-display-inline" id="HE0F09B72B4254AE4908B1DFF4F48B82E"><paragraph id="HA8A4AA9C5E1642D4B0486386022DF809"><enum>(1)</enum><text display-inline="yes-display-inline">The term <term>human fetal tissue</term> means tissue or cells obtained from a dead human embryo or fetus after a spontaneous or induced abortion, or after a stillbirth.</text></paragraph><after-quoted-block>.</after-quoted-block></quoted-block></paragraph></subsection></section><section commented="no" id="H1A9DD1FD850642468386BAA2DAB0B168"><enum>4.</enum><header>Authorization for HHS research on fetal tissue and corresponding reporting</header><text display-inline="no-display-inline">Section 498A of the Public Health Service Act (<external-xref legal-doc="usc" parsable-cite="usc/42/289g-1">42 U.S.C. 289g–1</external-xref>) is amended—</text><paragraph commented="no" id="H950B336739D1475DBA0901241FF96371"><enum>(1)</enum><text display-inline="yes-display-inline">in the section heading, by striking <quote><header-in-text level="section" style="traditional">Research on transplantation of fetal tissue</header-in-text></quote> and inserting <quote><header-in-text level="section" style="traditional">Research on fetal tissue</header-in-text></quote>;</text></paragraph><paragraph commented="no" id="HEC93830D15F94184B06D821193D092D5"><enum>(2)</enum><text>in subsection (a)(1)—</text><subparagraph commented="no" id="H8A99DE7C90864F27B1E6F48A853D6C91"><enum>(A)</enum><text>by striking <quote>research on the transplantation of human fetal tissue for therapeutic purposes</quote> and inserting <quote>research on human fetal tissue</quote>; and</text></subparagraph><subparagraph commented="no" id="H5562FC21127246E2AE2C637A9A6B8767"><enum>(B)</enum><text>by adding at the end the following: <quote>Notwithstanding any other provision of law, any research of the Department of Health and Human Services on human fetal tissue shall be conducted or supported in accordance with this section.</quote>; and</text></subparagraph></paragraph><paragraph commented="no" id="HCAE8E3E76A114C83840EDD54EF67C198"><enum>(3)</enum><text>in subsection (b)(1)(B), by inserting <quote>if the fetal tissue is intended for transplantation,</quote> before <quote>the donation is made</quote>.</text></paragraph></section></legis-body></bill> 

