<?xml version="1.0"?>
<?xml-stylesheet type="text/xsl" href="billres.xsl"?>
<!DOCTYPE bill PUBLIC "-//US Congress//DTDs/bill.dtd//EN" "bill.dtd">
<bill bill-type="olc" bill-stage="Introduced-in-Senate" dms-id="A1" public-private="public" slc-id="S1-KEN21184-69P-8W-V79"><metadata xmlns:dc="http://purl.org/dc/elements/1.1/">
<dublinCore>
<dc:title>89 S314 IS: Klamath Tribe Judgment Fund Repeal Act</dc:title>
<dc:publisher>U.S. Senate</dc:publisher>
<dc:date>2021-02-12</dc:date>
<dc:format>text/xml</dc:format>
<dc:language>EN</dc:language>
<dc:rights>Pursuant to Title 17 Section 105 of the United States Code, this file is not subject to copyright protection and is in the public domain.</dc:rights>
</dublinCore>
</metadata>
<form>
<distribution-code display="yes">II</distribution-code><congress>117th CONGRESS</congress><session>1st Session</session><legis-num>S. 314</legis-num><current-chamber>IN THE SENATE OF THE UNITED STATES</current-chamber><action><action-date date="20210212">February 12, 2021</action-date><action-desc><sponsor name-id="S322">Mr. Merkley</sponsor> (for himself and <cosponsor name-id="S247">Mr. Wyden</cosponsor>) introduced the following bill; which was read twice and referred to the <committee-name committee-id="SLIA00">Committee on Indian Affairs</committee-name></action-desc></action><legis-type>A BILL</legis-type><official-title>To repeal the Klamath Tribe Judgment Fund Act.</official-title></form><legis-body style="OLC" display-enacting-clause="yes-display-enacting-clause" id="H5F694FB271CF4B3496DBE0343EF40C9C"><section commented="no" display-inline="no-display-inline" section-type="section-one" id="id28A9DF1B5FEC4E049997D503FD1DA6BE"><enum>1.</enum><header display-inline="yes-display-inline">Short title</header><text display-inline="no-display-inline">This Act may be cited as the <quote><short-title>Klamath Tribe Judgment Fund Repeal Act</short-title></quote>.</text></section><section commented="no" display-inline="no-display-inline" section-type="subsequent-section" id="idbf9da56602044501ae32e12ec9909b3d"><enum>2.</enum><header display-inline="yes-display-inline">Repeal</header><text display-inline="no-display-inline">Public Law 89–224 (commonly known as the <quote>Klamath Tribe Judgment Fund Act</quote>) (79 Stat. 897) is repealed.</text></section><section commented="no" display-inline="no-display-inline" section-type="subsequent-section" id="idbcda9082b4094141bf80695b428462d3"><enum>3.</enum><header display-inline="yes-display-inline">Disbursement of remaining funds</header><text display-inline="no-display-inline">Notwithstanding any provision of <external-xref legal-doc="public-law" parsable-cite="pl/89/224">Public Law 89–224</external-xref> (79 Stat. 897) (as in effect on the day before the date of enactment of this Act) relating to the distribution or use of funds, as soon as practicable after the date of enactment of this Act, the Secretary of the Interior shall disburse to the Klamath Tribe the balance of any funds that, on or before the date of enactment of this Act, were appropriated or deposited into the trust accounts for remaining legal fees and administration and per capita trust accounts, as identified by the Secretary of the Interior, under that Act (as in effect on the day before the date of enactment of this Act).</text></section></legis-body></bill>


