<?xml version="1.0"?>
<?xml-stylesheet type="text/xsl" href="billres.xsl"?>
<!DOCTYPE bill PUBLIC "-//US Congress//DTDs/bill.dtd//EN" "bill.dtd">
<bill bill-stage="Introduced-in-Senate" dms-id="A1" public-private="public" slc-id="S1-MCG21028-NS7-C8-0WX"><metadata xmlns:dc="http://purl.org/dc/elements/1.1/">
<dublinCore>
<dc:title>117 S136 IS: Vote at Home Act of 2021</dc:title>
<dc:publisher>U.S. Senate</dc:publisher>
<dc:date>2021-01-28</dc:date>
<dc:format>text/xml</dc:format>
<dc:language>EN</dc:language>
<dc:rights>Pursuant to Title 17 Section 105 of the United States Code, this file is not subject to copyright protection and is in the public domain.</dc:rights>
</dublinCore>
</metadata>
<form>
<distribution-code display="yes">II</distribution-code><congress>117th CONGRESS</congress><session>1st Session</session><legis-num>S. 136</legis-num><current-chamber>IN THE SENATE OF THE UNITED STATES</current-chamber><action><action-date date="20210128">January 28, 2021</action-date><action-desc><sponsor name-id="S247">Mr. Wyden</sponsor> (for himself, <cosponsor name-id="S275">Ms. Cantwell</cosponsor>, <cosponsor name-id="S277">Mr. Carper</cosponsor>, <cosponsor name-id="S370">Mr. Booker</cosponsor>, <cosponsor name-id="S369">Mr. Markey</cosponsor>, <cosponsor name-id="S353">Mr. Schatz</cosponsor>, <cosponsor name-id="S364">Mr. Murphy</cosponsor>, <cosponsor name-id="S366">Ms. Warren</cosponsor>, <cosponsor name-id="S341">Mr. Blumenthal</cosponsor>, <cosponsor name-id="S354">Ms. Baldwin</cosponsor>, <cosponsor name-id="S221">Mrs. Feinstein</cosponsor>, <cosponsor name-id="S316">Mr. Whitehouse</cosponsor>, <cosponsor name-id="S307">Mr. Brown</cosponsor>, and <cosponsor name-id="S390">Mr. Van Hollen</cosponsor>) introduced the following bill; which was read twice and referred to the <committee-name committee-id="SSRA00">Committee on Rules and Administration</committee-name></action-desc></action><legis-type>A BILL</legis-type><official-title>To amend the Help America Vote Act of 2002 to allow all eligible voters to vote by mail in Federal elections, to amend the National Voter Registration Act of 1993 to provide for automatic voter registration.</official-title></form><legis-body display-enacting-clause="yes-display-enacting-clause"><section display-inline="no-display-inline" section-type="section-one" id="H3020936AD0744C85997E13A31B504FA7"><enum>1.</enum><header>Short Title</header><text display-inline="no-display-inline">This Act may be cited as the <quote><short-title>Vote at Home Act of 2021</short-title></quote>.</text></section><section id="id8F25B3CDCBCB4C3AA21E72F49156C758"><enum>2.</enum><header>Findings</header><text display-inline="no-display-inline">Congress finds the following:</text><paragraph id="idC407785025224B0FBE1BE91A3885FCFD"><enum>(1)</enum><text display-inline="yes-display-inline">An inequity of voting rights exists in the United States because voters in some States have the universal right to vote by mail while voters in other States do not.</text></paragraph><paragraph id="id5fd8934973a6417e852da0dc6ee4267e"><enum>(2)</enum><text>Many voters often have work, family, or other commitments that make getting to polls and waiting in line on the date of an election difficult or impossible. Many citizens with disabilities are physically unable to vote due to long lines, inadequate parking, no curb cuts, steep ramps, and large crowds. In 2012, 30 percent of voters with disabilities had difficulty voting, and in 2016, nearly two-thirds of the 137 polling places inspected on election day had at least one impediment to people with disabilities. Under current State laws, many of these voters are not permitted to vote by mail. </text></paragraph><paragraph id="id5d32ac60f6de4d2f806b192cb966a70c"><enum>(3)</enum><text>In 2020, despite a global pandemic, the general election saw record high turnout as a result of increased vote by mail options, which allowed voters to cast a ballot and stay safe at the same time. </text></paragraph><paragraph id="id228BB031B22E434CBE61753F584927CA"><enum>(4)</enum><text display-inline="yes-display-inline">Thirty-four States and the District of Columbia allow universal absentee voting (also known as <quote>no-excuse</quote> absentee voting), which permits any voter to request a mail-in ballot without providing a reason for the request. No State which has implemented no-excuse absentee voting has repealed it.</text></paragraph><paragraph id="id25ada36d072a4e6eb86ad4c4aa49ad8c"><enum>(5)</enum><text>Five States currently hold elections entirely by mail. At least 22 States currently allow some elections to be conducted by mail, especially in large and rural jurisdictions where voting by mail is especially convenient. Polling stations in rural jurisdictions tend to have higher costs per voter, smaller staffs, and limited resources. Transportation is often a crucial barrier for rural voters.</text></paragraph><paragraph id="id6e1732c4702d44e7ac6080852f597796"><enum>(6)</enum><text>In 2020, in order to provide greater accessibility and to protect the public health, 30 States adopted or changed their laws for the general election to allow voters to cast their ballots from home. These changes included removing strict excuse requirements, allowing COVID–19 concerns to be a valid excuse to vote absentee, allowing ballot drop boxes, offering prepaid postage on election mail, and proactively sending all active registered voters applications to request an absentee ballot—with some States even skipping that step and sending the actual ballots. </text></paragraph><paragraph id="id23729D3E2DB3438CB5C9EF169E254889"><enum>(7)</enum><text display-inline="yes-display-inline">Voting by mail gives voters more time to consider their choices, which is especially important as many ballots contain greater numbers of questions about complex issues than in the past due to the expanded use of the initiative and referendum process in many States.</text></paragraph><paragraph id="id5355AE10924C4973B8FE711DBBD956F5"><enum>(8)</enum><text>Voting by mail is cost effective. After the State of Oregon adopted vote by mail for all voters in 1996, the cost to administer an election in the State dropped by nearly 30 percent over the next few elections, from $3.07 per voter to $2.21 per voter. After Colorado implemented all-mail balloting in 2013, voting administration costs decreased by an average of 40 percent. The cost of conducting vote-by-mail elections is generally one-third to one-half less than conducting polling place elections. Voting by mail also saves a substantial amount by getting rid of the temporary labor costs of hiring poll workers. In addition to that cost, many jurisdictions have been facing difficulty in obtaining sufficient numbers of poll workers.</text></paragraph><paragraph id="id16A331F1F12641C6A791E864B032AED4"><enum>(9)</enum><text display-inline="yes-display-inline">Allowing all voters the option to vote by mail can reduce waiting times for those voters who choose to vote at the polls. In 2016, voters in Arizona reported waiting in line from 1 to 5 hours to vote; in New York, voters reported that stations ran out of ballots and did not have staff during all of the hours scheduled for voting.</text></paragraph><paragraph id="idC942C5108B0F4AB8AF4B49EB64ECC25D"><enum>(10)</enum><text display-inline="yes-display-inline">Voting by mail is preferable to many voters as an alternative to going to the polls. In 2018, 25.3 percent of ballots in the United States were cast by mail, up from 10 percent in 2000. In 2016, nearly 58 percent of California voters chose to vote by mail. Voting by mail has become increasingly popular with voters who want to be certain that they are able to vote no matter what comes up on election day, as it reduces the physical obstacles and eases the time constraints connected with the act of voting.</text></paragraph><paragraph id="id674f4504e64a43be9e0f4a519393f4e9"><enum>(11)</enum><text>Despite attempts to claim that voting by mail is susceptible to fraud, it is not. Strategies such as tracking systems for ballots and postal service cooperation in preventing ballots from being delivered to names not recognized as receiving mail at an address nearly eliminate the potential for fraud in vote by mail elections. Evidence of undue influence or voter coercion after vote-by-mail implementation in Oregon has been nonexistent to minimal. </text></paragraph><paragraph id="id7353A77CC3404C118311599E01F83BC7"><enum>(12)</enum><text display-inline="yes-display-inline">Many of the reasons which voters in many States are required to provide in order to vote by mail require the revelation of personal information about health, travel plans, or religious activities, which violate voters’ privacy while doing nothing to prevent voter fraud.</text></paragraph><paragraph id="idEBE7070346F2442BAB5F2CF54284BAB4"><enum>(13)</enum><text display-inline="yes-display-inline">State laws which require voters to obtain a notary signature to vote by mail only add cost and inconvenience to voters without increasing security.</text></paragraph><paragraph id="ide28c76b16ec94aed8159e94f09b69cb5"><enum>(14)</enum><text>Many voters choose to cast ballots early when they have the option (over 50 percent in Arizona, Arkansas, California, Colorado, Florida, Georgia, Hawaii, Montana, Nevada, New Mexico, North Carolina, Oregon, Tennessee, Texas, Utah, and Washington). More than 40 percent of voters in the 2016 election cast their ballot before election day. In Oregon, 7 years after vote-by-mail election implementation, over 80 percent of voters favored the vote-by-mail system.</text></paragraph><paragraph commented="no" display-inline="no-display-inline" id="ide4f229e7918a44e6b91e1746e848224f"><enum>(15)</enum><text>Vote-by-mail typically increases turnout in all elections, but can be particularly effective in increasing voter participation in special elections and primary elections. Oregon, Washington, and Colorado, 3 of the 5 States with entirely vote by mail elections, continue to have consistently high voter turnout rates. In the 2016 Presidential election, while the percentage of registered voters who cast a ballot nationally was 68.1 percent, Oregon’s was 80.3 percent, Washington’s was 78.76 percent, and Colorado’s was 74.3 percent.</text></paragraph><paragraph id="id043bb1dd9ca94634aac298fada0b58f9"><enum>(16)</enum><text>A crucial component of a modern voting system is making it easy, affordable, and accessible to register to vote. Twenty states and the District of Columbia have enacted automatic voter registration policies, with Oregon and California becoming the first to automatically register their citizens to vote when they apply for a driver’s license. Automatic, permanent voter registration has the potential to increase participation, protect election integrity, and reduce registration costs. </text></paragraph></section><section id="H7FC3793FD1FD4A2DA67B8385EB5EDA02"><enum>3.</enum><header>Promoting ability
 of voters to vote by mail in Federal elections</header><subsection id="H44D9EA29872C4216A54306B204FE79A9"><enum>(a)</enum><header>Voting by mail in Federal elections</header><paragraph id="idA52A5BDC69654D818D7944D77B4DE439"><enum>(1)</enum><header>In general</header><text>Subtitle A of title III of the Help America Vote Act of 2002 (<external-xref legal-doc="usc" parsable-cite="usc/52/21081">52 U.S.C. 21081</external-xref> et seq.) is amended by inserting after section 303 the following new section:</text><quoted-block style="OLC" display-inline="no-display-inline" id="H803C931954F544FB91B4EF5B81C6AF51"><section id="H789D6D6AA06E461B941C050826312514"><enum>303A.</enum><header>Promoting
				ability of voters to vote by mail</header><subsection id="H39F6FD790E0B48FD8DC2594E6173AD44"><enum>(a)</enum><header>In
 general</header><text display-inline="yes-display-inline">If an individual in a State is eligible to cast a vote in an election for Federal office, the State may not impose any additional conditions or requirements on the eligibility of the individual to cast the vote in such election by mail, except to the extent that the State imposes a deadline for returning the ballot to the appropriate State or local election official.</text></subsection><subsection id="id0364165A906F499AA3552314D8DA8149"><enum>(b)</enum><header>Provision of ballot materials</header><text>Not later than 2 weeks before the date of any election for Federal office, each State shall mail ballots to individuals who are registered to vote in such election.</text></subsection><subsection id="idBB757DE2BE08404483EE90B8983198F0"><enum>(c)</enum><header>Accessibility for individuals with disabilities</header><text>All ballots provided under this section shall be accessible to individuals with disabilities in a manner that provides the same opportunity for access and participation (including for privacy and independence) as for other voters.</text></subsection><subsection id="HDB5652F4A1324F128B3E25F8C35E85B6"><enum>(d)</enum><header>Rule of
 Construction</header><text>Nothing in this section shall be construed to affect the authority of States to conduct elections for Federal office through the use of polling places at which individuals cast ballots.</text></subsection><subsection id="H4186EF8054334FB1925FA2EE14D6BBCC"><enum>(e)</enum><header>Effective
 Date</header><text>A State shall be required to comply with the requirements of subsection (a) with respect to elections for Federal office held in years beginning with 2022.</text></subsection></section><after-quoted-block>.</after-quoted-block></quoted-block></paragraph><paragraph id="H5D145D067A0D416CB9A8CF41C92E86B4"><enum>(2)</enum><header>Conforming
 Amendment Relating to Enforcement</header><text>Section 401 of such Act (<external-xref legal-doc="usc" parsable-cite="usc/52/21111">52 U.S.C. 21111</external-xref>) is amended by striking <quote>and 303</quote> and inserting <quote>303, and 303A</quote>.</text></paragraph><paragraph id="H2FB0F1A160334CAAA5AAAA9EACA64910"><enum>(3)</enum><header>Clerical
 Amendment</header><text>The table of contents for such Act is amended by inserting after the item relating to section 303 the following new item:</text><quoted-block style="OLC" display-inline="no-display-inline" id="H656CFFE0F78D4724AFB6FD260C5D5CF"><toc regeneration="no-regeneration"><toc-entry level="section">Sec. 303A. Promoting ability of voters to
				vote by
 mail.</toc-entry></toc><after-quoted-block>.</after-quoted-block></quoted-block></paragraph></subsection><subsection id="idFE62998856BE4FFF8BAF2B82887E4842"><enum>(b)</enum><header>Free postage for voting by mail</header><paragraph id="id8438353CA59D4D1182DEB0869FBB91CB"><enum>(1)</enum><header>In general</header><text><external-xref legal-doc="usc-chapter" parsable-cite="usc-chapter/39/34">Chapter 34</external-xref> of title 39, United States Code, is amended by adding at the end the following:</text><quoted-block style="USC" display-inline="no-display-inline" id="id50BA03937EE54EBF8BA9D1CA67561645"><section id="id18D5CCB0F8F64A018DCA74F6FD690950"><enum>3407.</enum><header>Ballots provided for voting in Federal elections</header><text display-inline="no-display-inline">The following shall be carried expeditiously and free of postage:</text><paragraph id="idD9548743BD8A4C04B99B0A11D03E0253"><enum>(1)</enum><text display-inline="yes-display-inline">Blank ballots mailed pursuant to section 303A(b) of the Help America Vote Act of 2002 (individually or in bulk).</text></paragraph><paragraph id="id623BE37DB9644B79A44E2F30517EF8B6"><enum>(2)</enum><text>Any ballot described in paragraph (1) that is completed by a voter and mailed by the voter to an election official for counting.</text></paragraph></section><after-quoted-block>.</after-quoted-block></quoted-block></paragraph><paragraph id="id967529AAF45149EA90B417F907C304C2"><enum>(2)</enum><header>Technical and conforming amendments</header><subparagraph id="id5A360E29EE14468DAB551640B22DC634"><enum>(A)</enum><header>Table of sections</header><text>The table of sections for <external-xref legal-doc="usc-chapter" parsable-cite="usc-chapter/39/34">chapter 34</external-xref> of title 39, United States Code, is amended by adding at the end the following:</text><quoted-block style="OLC" display-inline="no-display-inline" id="idB71D906F0377436CA867CF303EF2AFAB"><toc><toc-entry bold="off" level="section">3407. Ballots provided for voting in Federal elections.</toc-entry></toc><after-quoted-block>.</after-quoted-block></quoted-block></subparagraph><subparagraph id="id1FCBD8D2764841BEBDF75925B20378D4"><enum>(B)</enum><header>Authorization of appropriations</header><text>Section 2401(c) of title 39, United States Code, is amended by striking <quote>3403 through 3406</quote> and inserting <quote>3403 through 3407</quote>.</text></subparagraph></paragraph></subsection></section><section id="idD0168D44D4FB499EA9DFA2899E2208B1"><enum>4.</enum><header>Automatic voter registration through State motor vehicle authorities</header><subsection id="HBE182F8A600E49369451B8F0B2E9982A"><enum>(a)</enum><header>Automatic Voter Registration</header><text display-inline="yes-display-inline">Section 5 of the National Voter Registration Act of 1993 (<external-xref legal-doc="usc" parsable-cite="usc/52/20504">52 U.S.C. 20504</external-xref>) is amended to read as follows:</text><quoted-block style="OLC" display-inline="no-display-inline" id="H1270C489CA7D42949E37CB44F884964D"><section id="H724C6E72400E440399E5AB7DC90202E9"><enum>5.</enum><header>Voter registration through motor vehicle authority</header><subsection id="HEC7FE755DEFC49DD95D97D93159C6529"><enum>(a)</enum><header>Simultaneous application for voter registration and application for motor vehicle driver’s
 license</header><paragraph id="id7C66E2F69161478EAAE546DC39EF025E"><enum>(1)</enum><header>Transmission of information to election officials</header><text>Each State’s motor vehicle authority, upon receiving any of the identifying information described in paragraph (2) with respect to any applicable individual, shall securely transmit the identifying information to the appropriate State election official.</text></paragraph><paragraph id="idA5434D2070B5472D82462FABFC71E864"><enum>(2)</enum><header>Identifying information described</header><text>The identifying information described in this paragraph with respect to any individual is as follows:</text><subparagraph id="id0C369192B88A4E1DAB56BA253AEAB2C2"><enum>(A)</enum><text>The individual’s legal name.</text></subparagraph><subparagraph id="id44CC7750C51E42B3AF9D3329E25138BE"><enum>(B)</enum><text>The individual’s age.</text></subparagraph><subparagraph id="idC7E67FB2C7474FD29E872A747C59E915"><enum>(C)</enum><text>The individual’s residence.</text></subparagraph><subparagraph id="id1A254F9019AF4916AF568C62AB57B632"><enum>(D)</enum><text>The individual’s citizenship status.</text></subparagraph><subparagraph id="id5B7A9DE25E364399A7D77ACA6AAC2B94"><enum>(E)</enum><text>The individual’s electronic signature.</text></subparagraph></paragraph></subsection><subsection id="H95BC6F237088408CB12C4F7D9150D8E2"><enum>(b)</enum><header>Duties of officials receiving information</header><paragraph id="idC3BBEA574BDE46FD8BD49FF4DEF6F002"><enum>(1)</enum><header>In general</header><text>Upon receiving the identifying information with respect to an applicable individual under subsection (a), the appropriate State election official shall determine—</text><subparagraph id="idCF78817870BF4CB7B646E1489EEB180A"><enum>(A)</enum><text>whether such individual is eligible to vote in an election for Federal office; and</text></subparagraph><subparagraph id="id4BF27C190EC9433EA79211EB6F96DFC5"><enum>(B)</enum><text>whether such individual is currently registered to vote in elections for Federal office at the address provided in such identifying information.</text></subparagraph></paragraph><paragraph id="idAFDBF1C590E243E6B5810A9155A098B1"><enum>(2)</enum><header>Notification to Individuals</header><subparagraph id="idBAAC4FCB75D742FE8D415D04473F7F73"><enum>(A)</enum><header>Eligible unregistered individuals</header><text>In the case of an applicable individual who is eligible to vote in an election for Federal office and who is not currently registered to vote, the appropriate State election official shall issue a notification to the individual containing—</text><clause id="HC1FC601740FE4F2D959EA943C34AD1F1"><enum>(i)</enum><text>a statement that, unless the individual notifies the election official prior to the expiration of the 21-calendar-day period which begins on the date the official issued the notification that the individual declines to be registered to vote in elections for Federal office held in the State, the individual's records and signature will constitute a completed registration for the individual; and</text></clause><clause id="HFA116EFBCE9B4AD7B213D25328F45951"><enum>(ii)</enum><text>a description of the process by which the individual may decline to be registered to vote in elections for Federal office in the State.</text></clause></subparagraph><subparagraph id="id2E8A2C02FAF9498C8E877395314E0EE6"><enum>(B)</enum><header>Eligible individuals registered at a different address</header><text>In the case of an applicable individual who is eligible to vote in an election for Federal office and who is registered to vote in such election at a different address than the address provided in the identifying information, the appropriate State election official shall issue a notification to the individual containing—</text><clause id="id24A7FA718E454CBB8886C1982460EAA7"><enum>(i)</enum><text>a statement that, unless the individual notifies the election official prior to the expiration of the 21-calendar-day period which begins on the date the official issued the notification that the address provided in the identifying information should not be used for voter registration purposes, the address provided in the identifying information shall be used as the individual's address for voter registration purposes; and</text></clause><clause id="idFC29B304083C4A899FC85A43D8957EEC"><enum>(ii)</enum><text>a description of the process by which the individual may decline a change of address for voter registration purposes.</text></clause></subparagraph></paragraph></subsection><subsection id="H03723A23B8DC44E085979E6F16F4C284"><enum>(c)</enum><header>Automatic Registration of Eligible Individuals; automatic change of address</header><paragraph id="id98AC7FA17836480B84DAD7E0EE96ADAE"><enum>(1)</enum><header>Registration</header><text>Upon the expiration of the 21-calendar-day period which begins on the date the appropriate State election official issues a notification to an individual under subsection (b)(2)(A), the official shall ensure that the individual is registered to vote in elections for Federal office held in the State unless—</text><subparagraph id="H2FE86F09167F4FDB8F9BA9F6DCF955F3"><enum>(A)</enum><text>the official later determines that the individual does not meet the eligibility requirements for registering to vote in such elections; or</text></subparagraph><subparagraph id="HC26D413F65A647328D30D320763199BE"><enum>(B)</enum><text>prior to the expiration of such 21-calendar-day period, the individual notifies the official that the individual declines to be registered to vote in such elections.</text></subparagraph></paragraph><paragraph id="idCD1BAA19F92142E5B2CD2841159CC972"><enum>(2)</enum><header>Change of address</header><text>Upon the expiration of the 21-calendar-day period which begins on the date the appropriate State election official issues a notification to an individual under subsection (b)(2)(B), the official shall ensure that the individual is registered to vote in elections for Federal office at the address provided in the identifying information unless—</text><subparagraph id="id23BEF67DAE434D29AEB9BB621BF7320D"><enum>(A)</enum><text>the official later determines that the individual does not meet the eligibility requirements for registering to vote in such elections; or</text></subparagraph><subparagraph id="id33DE10EBD7AB4DB9905BECD9A675EAB8"><enum>(B)</enum><text>prior to the expiration of such 21-calendar-day period, the individual notifies the official that the individual declines a change of address for voter registration purposes.</text></subparagraph></paragraph></subsection><subsection id="id99F7C52C2B574991A37724C646008B0B"><enum>(d)</enum><header>Applicable individual</header><text>For purposes of this section, the term <term>applicable individual</term> means any individual who seeks assistance from, receives benefits from, or receives service or assistance from a State motor vehicle authority that issues motor vehicle driver's licenses.</text></subsection></section><after-quoted-block>.</after-quoted-block></quoted-block></subsection><subsection id="HE806584614CA4D64AFF00C24824912E1"><enum>(b)</enum><header>Conforming Amendment Relating to Timing of Registration Prior to Elections</header><text>Section 8(a)(1)(A) of such Act (<external-xref legal-doc="usc" parsable-cite="usc/52/20507">52 U.S.C. 20507(a)(1)(A)</external-xref>) is amended to read as follows:</text><quoted-block style="OLC" display-inline="no-display-inline" id="H93318E9175B740718ADB5871139786D9"><subparagraph id="HED802D0B4F8C41BD9847240B359AEEE7"><enum>(A)</enum><text display-inline="yes-display-inline">in the case of registration through a motor vehicle authority under section 5, if the identifying information with respect to the individual is transmitted by the authority to the appropriate State election official under section 5(a)(1) not later than the lesser of 30 days, or the period provided by State law, before the date of the election;</text></subparagraph><after-quoted-block>.</after-quoted-block></quoted-block></subsection><subsection id="HAFB00F8E0D994D7FBA34FB1ECCF4BDEB"><enum>(c)</enum><header>Other Conforming Amendment</header><text>Section 4(a)(1) of such Act (<external-xref legal-doc="usc" parsable-cite="usc/52/20503">52 U.S.C. 20503(a)(1)</external-xref>) is amended to read as follows:</text><quoted-block style="OLC" display-inline="no-display-inline" id="HDD29CDD7C51C4E3F9745B1BAC3753522"><paragraph id="H2C76FEF59B404C9F8FCE6CB8C1364D44"><enum>(1)</enum><text display-inline="yes-display-inline">through the State motor vehicle authority pursuant to section 5;</text></paragraph><after-quoted-block>.</after-quoted-block></quoted-block></subsection><subsection id="HB4DE40C1CE32457996F44723D17EB6A9"><enum>(d)</enum><header>Effective date</header><text display-inline="yes-display-inline">The amendments made by this section shall take effect upon the expiration of the 180-day period which begins on the date of the enactment of this Act.</text></subsection></section></legis-body></bill>


