<?xml version="1.0"?>
<?xml-stylesheet type="text/xsl" href="billres.xsl"?>
<!DOCTYPE bill PUBLIC "-//US Congress//DTDs/bill.dtd//EN" "bill.dtd">
<bill bill-type="olc" bill-stage="Introduced-in-Senate" dms-id="A1" public-private="public" slc-id="S1-KEN21093-RYY-M7-GV3"><metadata xmlns:dc="http://purl.org/dc/elements/1.1/">
<dublinCore>
<dc:title>117 S171 IS: Keystone XL Pipeline Construction and Jobs Preservation Act</dc:title>
<dc:publisher>U.S. Senate</dc:publisher>
<dc:date>2021-02-02</dc:date>
<dc:format>text/xml</dc:format>
<dc:language>EN</dc:language>
<dc:rights>Pursuant to Title 17 Section 105 of the United States Code, this file is not subject to copyright protection and is in the public domain.</dc:rights>
</dublinCore>
</metadata>
<form>
<distribution-code display="yes">II</distribution-code><congress>117th CONGRESS</congress><session>1st Session</session><legis-num>S. 171</legis-num><current-chamber>IN THE SENATE OF THE UNITED STATES</current-chamber><action><action-date date="20210202">February 2, 2021</action-date><action-desc><sponsor name-id="S375">Mr. Daines</sponsor> (for himself, <cosponsor name-id="S344">Mr. Hoeven</cosponsor>, <cosponsor name-id="S398">Mr. Cramer</cosponsor>, <cosponsor name-id="S317">Mr. Barrasso</cosponsor>, <cosponsor name-id="S410">Ms. Lummis</cosponsor>, <cosponsor name-id="S323">Mr. Risch</cosponsor>, <cosponsor name-id="S266">Mr. Crapo</cosponsor>, <cosponsor name-id="S347">Mr. Moran</cosponsor>, <cosponsor name-id="S411">Mr. Marshall</cosponsor>, <cosponsor name-id="S383">Mr. Sullivan</cosponsor>, <cosponsor name-id="S373">Mr. Cassidy</cosponsor>, <cosponsor name-id="S236">Mr. Inhofe</cosponsor>, <cosponsor name-id="S374">Mr. Cotton</cosponsor>, <cosponsor name-id="S355">Mr. Cruz</cosponsor>, and <cosponsor name-id="S389">Mr. Kennedy</cosponsor>) introduced the following bill; which was read twice and referred to the <committee-name committee-id="SSEG00">Committee on Energy and Natural Resources</committee-name></action-desc></action><legis-type>A BILL</legis-type><official-title>To authorize the Keystone XL Pipeline.</official-title></form><legis-body style="OLC" display-enacting-clause="yes-display-enacting-clause" id="HC1811EA3431847B78634BEF880D00881"><section section-type="section-one" id="HC57D0F92793A443AA5D72048FD01278B"><enum>1.</enum><header>Short title</header><text display-inline="no-display-inline">This Act may be cited as the <quote><short-title>Keystone XL Pipeline Construction and Jobs Preservation Act</short-title></quote>.</text></section><section id="H5A7AE0FF169B47F69C47302E8E137F5B"><enum>2.</enum><header>Keystone XL authorization</header><subsection id="H1D41EE43E2A44B07943A9A2298B949FE"><enum>(a)</enum><header>Authorization</header><text display-inline="yes-display-inline">TransCanada Keystone Pipeline, L.P., may construct, connect, operate, and maintain the pipeline facilities at the international border of the United States and Canada at Phillips County, Montana, for the import of oil from Canada to the United States described in the Presidential Permit of March 29, 2019 (84 Fed. Reg. 13101).</text></subsection><subsection id="HC41936AC184D43B7AAC8DDE3B55FAC77"><enum>(b)</enum><header>No Presidential permit required</header><text display-inline="yes-display-inline">No Presidential permit (or similar permit) under Executive Order 13867 (<external-xref legal-doc="usc" parsable-cite="usc/3/301">3 U.S.C. 301</external-xref> note; relating to the issuance of permits with respect to facilities and land transportation crossings at the international boundaries of the United States), Executive Order 12038 (<external-xref legal-doc="usc" parsable-cite="usc/42/7151">42 U.S.C. 7151</external-xref> note; relating to the transfer of certain functions to the Secretary of Energy), Executive Order 10485 (<external-xref legal-doc="usc" parsable-cite="usc/15/717b">15 U.S.C. 717b</external-xref> note; relating to the performance of functions respecting electric power and natural gas facilities located on United States borders), or any other Executive order shall be required for the construction, connection, operation, or maintenance of the pipeline facilities described in subsection (a).</text></subsection></section></legis-body></bill> 

