<?xml version="1.0"?>
<?xml-stylesheet type="text/xsl" href="billres.xsl"?>
<!DOCTYPE bill PUBLIC "-//US Congress//DTDs/bill.dtd//EN" "bill.dtd">
<bill bill-stage="Introduced-in-Senate" dms-id="A1" public-private="public" slc-id="S1-KIN21046-6VT-W8-VMX"><metadata xmlns:dc="http://purl.org/dc/elements/1.1/">
<dublinCore>
<dc:title>117 S133 IS: Child Care Workforce and Facilities Act of 2021</dc:title>
<dc:publisher>U.S. Senate</dc:publisher>
<dc:date>2021-01-28</dc:date>
<dc:format>text/xml</dc:format>
<dc:language>EN</dc:language>
<dc:rights>Pursuant to Title 17 Section 105 of the United States Code, this file is not subject to copyright protection and is in the public domain.</dc:rights>
</dublinCore>
</metadata>
<form>
<distribution-code display="yes">II</distribution-code><congress>117th CONGRESS</congress><session>1st Session</session><legis-num>S. 133</legis-num><current-chamber>IN THE SENATE OF THE UNITED STATES</current-chamber><action><action-date date="20210128">January 28, 2021</action-date><action-desc><sponsor name-id="S311">Ms. Klobuchar</sponsor> (for herself, <cosponsor name-id="S383">Mr. Sullivan</cosponsor>, <cosponsor name-id="S363">Mr. King</cosponsor>, <cosponsor name-id="S403">Ms. Sinema</cosponsor>, <cosponsor name-id="S376">Ms. Ernst</cosponsor>, <cosponsor name-id="S324">Mrs. Shaheen</cosponsor>, <cosponsor name-id="S375">Mr. Daines</cosponsor>, <cosponsor name-id="S359">Mr. Heinrich</cosponsor>, and <cosponsor name-id="S372">Mrs. Capito</cosponsor>) introduced the following bill; which was read twice and referred to the <committee-name committee-id="SSHR00">Committee on Health, Education, Labor, and Pensions</committee-name></action-desc></action><legis-type>A BILL</legis-type><official-title>To assist States in carrying out projects to expand the child care workforce and child care facilities in the States, and for other purposes. </official-title></form><legis-body display-enacting-clause="yes-display-enacting-clause" id="HC157B5ACF56C430BB8010B5C4DEE900B"><section section-type="section-one" id="S1"><enum>1.</enum><header>Short title</header><text display-inline="no-display-inline">This Act may be cited as the <quote><short-title>Child Care Workforce and Facilities Act of 2021</short-title></quote>.</text></section><section id="idb5434e9e33d74edcbadee0230bf86014"><enum>2.</enum><header>Child care workforce and facilities grants</header><subsection id="id311280ddecd143b9956d67046ef49f52"><enum>(a)</enum><header>Definitions</header><text>In this Act:</text><paragraph id="idebbcac36e906426c83679d7d5b614221"><enum>(1)</enum><header>Child care and development block grant act of 1990 definitions</header><text>The terms <term>eligible child care provider</term>, <term>Indian Tribe</term>, <term>Tribal organization</term> and <term>State</term> have the meanings given the terms in section 658P of the Child Care and Development Block Grant Act of 1990 (<external-xref legal-doc="usc" parsable-cite="usc/42/9858n">42 U.S.C. 9858n</external-xref>).</text></paragraph><paragraph id="id77cbb4a45468428c87bf6a40304be58e"><enum>(2)</enum><header>Child care desert</header><text>The term <term>child care desert</term> means—</text><subparagraph id="id5da6ee9c37894f60af5392045b34c9d2"><enum>(A)</enum><text>an area—</text><clause id="id641d8898052e4846a48028a9a47643f0"><enum>(i)</enum><text>within a census tract; and</text></clause><clause id="idfbbafc3dba0d485eb6389a6813bb6fb9"><enum>(ii)</enum><text>in which the number of children who are under age 5 (as determined using the most recent American Community Survey 1-year Estimates, as published by the Bureau of the Census) is more than 3 times the number of slots provided by child care providers who are licensed or registered by the State involved; or</text></clause></subparagraph><subparagraph id="idedf26ccf7d0c4ee085cb0bdd10a4e6ee"><enum>(B)</enum><text>a community that the State or Tribal entity involved determines has a low supply of quality, affordable child care.</text></subparagraph></paragraph><paragraph id="id10ae2f7929004c3aa42799d1c5aee172"><enum>(3)</enum><header>Family child care provider</header><text>The term <term>family child care provider</term> means such a provider that is described in paragraph (6)(A) of section 658P of the Child Care and Development Block Grant Act of 1990.</text></paragraph><paragraph id="id1972f55847b34f97b3034ce6832af571"><enum>(4)</enum><header>Licensed family child care home</header><text>The term <term>licensed family child care home</term> means a facility of a family child care provider.</text></paragraph><paragraph id="idcea712d49bc24a79ac5eb7fbde916735"><enum>(5)</enum><header>Portable credential; stackable credential</header><text>The terms <term>portable</term> and <term>stackable</term>, used with respect to a credential, have the meanings given the terms in the guidance document entitled <quote>Training and Employment Guidance Letter No. 15–10</quote>, issued by the Assistant Secretary for Employment and Training of the Department of Labor on December 15, 2010.</text></paragraph><paragraph id="idaa9c68a6dc0243488307fd80285f2b6d"><enum>(6)</enum><header>Postsecondary educational institution</header><text>The term <term>postsecondary educational institution</term> means an institution of higher education, as defined in section 102 of the Higher Education Act of 1965 (<external-xref legal-doc="usc" parsable-cite="usc/20/1002">20 U.S.C. 1002</external-xref>).</text></paragraph><paragraph id="ida2e8038105df4d45ab6634f70fdc60e1"><enum>(7)</enum><header>Secretary</header><text>The term <term>Secretary</term> means the Secretary of Health and Human Services, after consultation with the Secretary of Education and the Secretary of Labor.</text></paragraph><paragraph id="idaa84b08e0edb47da80f7ac194c859f58"><enum>(8)</enum><header>Tribal area</header><text>The term <term>Tribal area</term> means a reservation or other area that is served by a Tribal entity.</text></paragraph><paragraph id="id8c3fdaeac56c42189709152893cbae1c"><enum>(9)</enum><header>Tribal entity</header><text>The term <term>Tribal entity</term> means an Indian Tribe or Tribal organization.</text></paragraph></subsection><subsection id="ide3fbd9bc77be4952a8ec1fdd8a5da668"><enum>(b)</enum><header>Grants to States and Tribal entities</header><paragraph id="id77cce6ce70d54f72b04736030b125bb5"><enum>(1)</enum><header>Grants</header><subparagraph id="id09ceef4da7284849b1e2c8e1753e8e73"><enum>(A)</enum><header>In general</header><text>The Secretary shall make grants to States and Tribal entities on a competitive basis under subparagraph (B) to pay for the Federal share of the cost of carrying out projects described in this Act, in order to increase access to quality child care, by eligible child care providers, in the States and Tribal areas.</text></subparagraph><subparagraph id="idcfe366b6464f4f4387459fb6789d3758"><enum>(B)</enum><header>Types of grants</header><text>In making those grants, the Secretary may make—</text><clause id="id3c5e2879bb6e421d9b6344d13a2c607e"><enum>(i)</enum><text>a child care workforce grant for a State or Tribal project to develop and expand the workforce of eligible child care providers in child care deserts in the State or Tribal area; or</text></clause><clause id="id1ce798f5dfe44467a4f2eeea2b06b015"><enum>(ii)</enum><text>a child care facility grant for a State or Tribal project through which a State or Tribal entity may use or disburse the grant funds, including by making loans, for the construction, expansion, or renovation of facilities of eligible child care providers, including licensed family child care homes of family child care providers (including combinations of such providers) who are eligible child care providers, in child care deserts in the State or Tribal area.</text></clause></subparagraph><subparagraph id="id5cca2191ee3a4204abe9fc34f9f74c9c"><enum>(C)</enum><header>Period of grants</header><text>The Secretary shall make a grant under this paragraph for a period of not more than 5 years.</text></subparagraph></paragraph><paragraph id="id284971906cf94b88b9f12903777c93fd"><enum>(2)</enum><header>Application</header><text>To be eligible to receive a grant under this subsection, a State or Tribal entity shall submit an application to the Secretary for a project described in paragraph (1) at such time, in such manner, and containing a plan that contains such information related to the project as the Secretary may reasonably require, including—</text><subparagraph id="id74f3bfddd7c34647b43125e40f374d96"><enum>(A)</enum><text>information identifying the lead State agency that will administer the grant as determined by the Governor of the State, including whether the lead agency will be different from the lead agency referred to in section 658D of the Child Care and Development Block Grant Act of 1990 (<external-xref legal-doc="usc" parsable-cite="usc/42/9858b">42 U.S.C. 9858b</external-xref>), or corresponding information for a lead Tribal agency in the case of a Tribal area;</text></subparagraph><subparagraph id="id186f576f3d86494f9fadd64ffdad71bd"><enum>(B)</enum><text>in the case of a child care workforce grant—</text><clause id="ide6562339d948441ba7896912ce8a17fa"><enum>(i)</enum><text>information specifying how the project carried out under the grant will increase the number of individuals attaining stackable and portable credentials in child care or early childhood education;</text></clause><clause id="iddd02a9985c114c83bda898ca280e89f5"><enum>(ii)</enum><text>information describing how the State or Tribal agency will emphasize the provision of—</text><subclause id="id5d3450c8561746a2b6b4d77684a9e6c8"><enum>(I)</enum><text>outreach to individuals who do not have degrees from postsecondary educational institutions, regarding career pathways to careers in child care or early childhood education; and</text></subclause><subclause id="id501359d6543d4923960d2244c842dbf6"><enum>(II)</enum><text>outreach to individuals who seek a career working with children, but who have not completed the requirements for, or cannot afford to obtain, a degree from a postsecondary educational institution in education, child care, or early childhood education;</text></subclause></clause><clause id="id7de56dd244404302b29870a2671da696"><enum>(iii)</enum><text>information describing how the project will provide assistance, including assistance described in paragraph (3)(A), to individuals—</text><subclause id="id4cac0fd999684149b98d9efd0cb67b53"><enum>(I)</enum><text>who are pursuing or with such project assistance would pursue secondary education, postsecondary education, or training, that leads to a recognized postsecondary credential (as defined in section 3 of the Workforce Innovation Opportunity Act (<external-xref legal-doc="usc" parsable-cite="usc/29/3102">29 U.S.C. 3102</external-xref>)), and that is eligible for support under the Carl D. Perkins Career and Technical Education Act of 2006 (<external-xref legal-doc="usc" parsable-cite="usc/20/2301">20 U.S.C. 2301</external-xref> et seq.) or the Workforce Innovation and Opportunity Act (<external-xref legal-doc="usc" parsable-cite="usc/29/3101">29 U.S.C. 3101</external-xref> et seq.), to enable the individuals to successfully complete the education or training involved; or</text></subclause><subclause id="id897d85d7ab6147898d009e3a3094a5e9"><enum>(II)</enum><text>who are pursuing or with such project assistance would pursue secondary education, postsecondary education, or training, that meets such requirements as the State or Tribal entity shall specify, even if the education or training does not lead to credit toward such a recognized postsecondary credential or a degree from a postsecondary educational institution;</text></subclause></clause><clause id="idac0d5b67f0a445fdba05fb504efe4d58"><enum>(iv)</enum><text>information describing how the project will—</text><subclause id="id11b4db3aba7f4e66a4575eca82596b0c"><enum>(I)</enum><text>increase the availability of quality child care provided by eligible child care providers in child care deserts (referred to in this clause as <quote>target child care</quote>) in the State or Tribal area;</text></subclause><subclause id="id8003c1a0b2c540cf81b76e7fffb437ae"><enum>(II)</enum><text>address the affordability of target child care; and</text></subclause><subclause id="idd0f693f50d414855b4060fae37669c8d"><enum>(III)</enum><text>address the provision of target child care during nontraditional hours;</text></subclause></clause><clause id="id383425cba2904468835770cf49ba181a"><enum>(v)</enum><text>information describing how the project will increase access to quality child care provided by eligible child care providers in centers or other child care facilities;</text></clause><clause id="idd10d12bd1c8647e4b2471523d3aeb1fd"><enum>(vi)</enum><text>information describing how the project will enhance retention or compensation of eligible child care providers; and</text></clause><clause id="idd734e376a5a1410090023f5d3e392fff"><enum>(vii)</enum><text>a description of how the State agency or Tribal entity will—</text><subclause id="id97f814c4a5bc477782b2c435b40d0dba"><enum>(I)</enum><text>coordinate activities carried out under the child care workforce grant with activities carried out under the Carl D. Perkins Career and Technical Education Act of 2006 (<external-xref legal-doc="usc" parsable-cite="usc/20/2301">20 U.S.C. 2301</external-xref> et seq.) and the Workforce Innovation and Opportunity Act (<external-xref legal-doc="usc" parsable-cite="usc/29/3101">29 U.S.C. 3101</external-xref> et seq.) to support education and training described in clause (iii)(I);</text></subclause><subclause id="id65984363d02a438998a85a6a1ebf3813"><enum>(II)</enum><text>leverage funds provided under the Acts specified in subclause (I) to support that education and training; and</text></subclause><subclause id="id18f266726f3a4db5a189ecf349c2e885"><enum>(III)</enum><text>utilize, and encourage individual participants in projects supported under this subsection to utilize, available Federal and State financial assistance, including assistance available under the Workforce Innovation and Opportunity Act (<external-xref legal-doc="usc" parsable-cite="usc/29/3101">29 U.S.C. 3101</external-xref> et seq.), education assistance benefits available to veterans, and Federal Pell Grants available under section 401 of the Higher Education Act of 1965 (<external-xref legal-doc="usc" parsable-cite="usc/20/1070a">20 U.S.C. 1070a</external-xref>), prior to using assistance made available under this Act; and</text></subclause></clause></subparagraph><subparagraph id="idfc75f356a1fb49bda38375ad399e7913"><enum>(C)</enum><text>in the case of a child care facility grant—</text><clause id="ida0d8bd4bd55745ec9f9151a376cd6ece"><enum>(i)</enum><text>information, with respect to the child care facility project involved, described in clause (v) of subparagraph (B);</text></clause><clause id="id15f85413dcc042c38cd6166ce557ab9e"><enum>(ii)</enum><text>information on how the State or Tribal entity will use the grant funds to expand the supply of family child care providers (including combinations of such providers); and</text></clause><clause id="id53fc641922ba4032b6beb5bd4f4e4704"><enum>(iii)</enum><text>information describing how the project will—</text><subclause id="idb9de7ede6d454168836d1cc875272dae"><enum>(I)</enum><text>directly and indirectly, increase the availability of quality child care provided by eligible child care providers in child care deserts (referred to in this clause as <quote>target child care</quote>) in the State or Tribal area, including through the construction, expansion, or renovation of child care facilities, including center-based child care facilities and licensed family child care homes;</text></subclause><subclause id="id6bfb12d76b774fedaea8e7ceb59dead1"><enum>(II)</enum><text>address the affordability of target child care; and</text></subclause><subclause id="id690520f8549043f1b2c57813da40d884"><enum>(III)</enum><text>address the provision of target child care during nontraditional hours.</text></subclause></clause></subparagraph></paragraph><paragraph id="id4917b40962164617b4640c619c4fd736"><enum>(3)</enum><header>Use of funds</header><subparagraph id="id1ab111c67a31412e92c33d070f470474"><enum>(A)</enum><header>Child care workforce grants</header><text>A State or Tribal entity that receives a child care workforce grant under paragraph (1)(B)(i) may use the funds made available through the grant to support programs that assist individuals in obtaining the education or training described in paragraph (2)(B)(iii)(I), or education or training described in paragraph (2)(B)(iii)(II), including using the funds to defray any of the following costs of related instruction:</text><clause id="idd694ba2d81cd4f518e8fe0c7dda20268"><enum>(i)</enum><text>Tuition and fees.</text></clause><clause id="id0aeed13d069e4e789d9b54640898671d"><enum>(ii)</enum><text>Cost of textbooks, equipment, curriculum development, and other required educational materials.</text></clause><clause id="ide47ad3c963654b5896bff128c8dc6300"><enum>(iii)</enum><text>Cost of creating or expanding capacity for statewide, regional, or local child care resource and referral organizations, or similar entities, to conduct outreach, technical assistance, or State-recognized and credentialed training.</text></clause><clause id="idac59ac8b069740908b5e6887634a5157"><enum>(iv)</enum><text>Cost of any other item or service determined by the State or Tribal entity to be necessary.</text></clause></subparagraph><subparagraph id="ida3b2c1720b2046ebadffe10d1550491f"><enum>(B)</enum><header>Child care facility grants</header><text>A State or Tribal entity that receives a child care facility grant under paragraph (1)(B)(ii) may use the funds made available through the grant to increase the availability of quality child care as described in paragraph (2)(C)(iii)(I) by constructing, expanding, or renovating child care facilities, including using the funds to defray any of the following costs:</text><clause id="id35b8c6a6b77a4d8faf36116bf38cb6f3"><enum>(i)</enum><text>Cost of equipment or materials.</text></clause><clause id="id0702f86804434f26b7ea9c5dc8f8d482"><enum>(ii)</enum><text>Cost of construction, expansion, or renovation.</text></clause><clause id="id185b53830f2e48b8b3fd42b06ce3baa4"><enum>(iii)</enum><text>Cost of any other item or service determined by the State or Tribal entity to be necessary.</text></clause></subparagraph></paragraph><paragraph id="id257b1943fcfb4e56aa9dace17b1e8041"><enum>(4)</enum><header>Administrative costs</header><text>The State or Tribal entity that receives a grant under paragraph (1) may use not more than 10 percent of the grant funds for administrative costs relating to carrying out a project described in paragraph (1).</text></paragraph></subsection><subsection id="id1a6c413dae6d43cfaf823516a83f7907"><enum>(c)</enum><header>Federal share</header><paragraph id="id30e9272fec1a486bb711e4c9b9213d4f"><enum>(1)</enum><header>In general</header><text>The Federal share of the cost described in subsection (b)(1) shall be 50 percent.</text></paragraph><paragraph id="idb9bf54d014ba48b58ecd418f8053a4c4"><enum>(2)</enum><header>Non-Federal share</header><text>The State or Tribal entity may make the non-Federal share available—</text><subparagraph id="idbb707c8af9534885a95ed47e7e81ac75"><enum>(A)</enum><text>in cash or in-kind, fairly evaluated, including plant, equipment, or services; and</text></subparagraph><subparagraph id="idbc7118fcd3fe42918ed66c116d2b14bb"><enum>(B)</enum><text>directly or through donations from public or private entities (other than recipients of assistance from a State or Tribal entity under this section).</text></subparagraph></paragraph></subsection><subsection id="id396b4d2556a144afa5894c1ba6a1cc8c"><enum>(d)</enum><header>Evaluation and report</header><paragraph id="idf334f456ef764fc28cd98ee746a5e8da"><enum>(1)</enum><header>Evaluation</header><text>The Secretary shall conduct an evaluation of the activities carried out under the grants, which shall include an analysis of—</text><subparagraph id="idf09c392b785b4823ae33b1fd90847deb"><enum>(A)</enum><text>with respect to the child care workforce grants—</text><clause id="ided36c4eb53ca4f71aa291347b42996c3"><enum>(i)</enum><text>the characteristics of the individuals benefitting from the grants;</text></clause><clause id="id07b6c5be029e43deace1a89708a235ce"><enum>(ii)</enum><text>the progress of such individuals in attaining stackable, portable credentials; and</text></clause><clause id="id708fba8bae9c4cf5a5bfce884a3c41f4"><enum>(iii)</enum><text>the progress the States and Tribal entities have achieved through the grants in enhancing retention and compensation of eligible child care providers;</text></clause></subparagraph><subparagraph id="idb26fb63e566c4f2faf9ac68d8165795b"><enum>(B)</enum><text>with respect to the child care facilities grants, the number and location of facilities benefitting from the grants; and</text></subparagraph><subparagraph id="id8380310a36364ab096c3932a761df054"><enum>(C)</enum><text>the overall impact of the grants made under this section on the number and concentration of child care deserts across the Nation.</text></subparagraph></paragraph><paragraph id="id1e9c1a3c9d9043cd96da7915cba218fa"><enum>(2)</enum><header>Report</header><text>Not later than 2 years after the end of the grant period of the first child care workforce or child care facility grant the Secretary makes under subsection (b)(1), the Secretary shall submit a report to Congress that contains the findings of the evaluation.</text></paragraph></subsection><subsection id="ide1dfad51968b48f0a691c1c9a18eba85"><enum>(e)</enum><header>Policy of the United States</header><text>It is the policy of the United States that funds made available to a State or Tribal entity under this section should be used to supplement and not supplant other funds available under the Carl D. Perkins Career and Technical Education Act of 2006 (<external-xref legal-doc="usc" parsable-cite="usc/20/2301">20 U.S.C. 2301</external-xref> et seq.) and the Workforce Innovation and Opportunity Act (<external-xref legal-doc="usc" parsable-cite="usc/29/3101">29 U.S.C. 3101</external-xref> et seq.) and other Federal and State funds available to the State or Tribal entity to support programs to develop or expand the child care workforce or to construct, expand, or renovate child care facilities.</text></subsection></section><section id="id50e4dc8768e94bf4adc4cb99160e2fdd"><enum>3.</enum><header>Authorization of appropriations</header><text display-inline="no-display-inline">There is authorized to be appropriated to carry out this Act a total of $100,000,000 for fiscal years 2022 through 2028.</text></section></legis-body></bill> 

