<?xml version="1.0"?>
<?xml-stylesheet type="text/xsl" href="billres.xsl"?>
<!DOCTYPE bill PUBLIC "-//US Congress//DTDs/bill.dtd//EN" "bill.dtd">
<bill bill-stage="Introduced-in-Senate" dms-id="A1" public-private="public" slc-id="S1-DAV21283-KSD-GR-SCW"><metadata xmlns:dc="http://purl.org/dc/elements/1.1/">
<dublinCore>
<dc:title>117 S424 IS: International Human Rights Defense Act of 2021</dc:title>
<dc:publisher>U.S. Senate</dc:publisher>
<dc:date>2021-02-24</dc:date>
<dc:format>text/xml</dc:format>
<dc:language>EN</dc:language>
<dc:rights>Pursuant to Title 17 Section 105 of the United States Code, this file is not subject to copyright protection and is in the public domain.</dc:rights>
</dublinCore>
</metadata>
<form>
<distribution-code display="yes">II</distribution-code><congress>117th CONGRESS</congress><session>1st Session</session><legis-num>S. 424</legis-num><current-chamber>IN THE SENATE OF THE UNITED STATES</current-chamber><action><action-date date="20210224">February 24, 2021</action-date><action-desc><sponsor name-id="S369">Mr. Markey</sponsor> (for himself, <cosponsor name-id="S354">Ms. Baldwin</cosponsor>, <cosponsor name-id="S341">Mr. Blumenthal</cosponsor>, <cosponsor name-id="S370">Mr. Booker</cosponsor>, <cosponsor name-id="S307">Mr. Brown</cosponsor>, <cosponsor name-id="S275">Ms. Cantwell</cosponsor>, <cosponsor name-id="S308">Mr. Cardin</cosponsor>, <cosponsor name-id="S309">Mr. Casey</cosponsor>, <cosponsor name-id="S337">Mr. Coons</cosponsor>, <cosponsor name-id="S253">Mr. Durbin</cosponsor>, <cosponsor name-id="S221">Mrs. Feinstein</cosponsor>, <cosponsor name-id="S361">Ms. Hirono</cosponsor>, <cosponsor name-id="S362">Mr. Kaine</cosponsor>, <cosponsor name-id="S311">Ms. Klobuchar</cosponsor>, <cosponsor name-id="S057">Mr. Leahy</cosponsor>, <cosponsor name-id="S322">Mr. Merkley</cosponsor>, <cosponsor name-id="S364">Mr. Murphy</cosponsor>, <cosponsor name-id="S229">Mrs. Murray</cosponsor>, <cosponsor name-id="S259">Mr. Reed</cosponsor>, <cosponsor name-id="S402">Ms. Rosen</cosponsor>, <cosponsor name-id="S313">Mr. Sanders</cosponsor>, <cosponsor name-id="S270">Mr. Schumer</cosponsor>, <cosponsor name-id="S324">Mrs. Shaheen</cosponsor>, <cosponsor name-id="S403">Ms. Sinema</cosponsor>, <cosponsor name-id="S394">Ms. Smith</cosponsor>, <cosponsor name-id="S284">Ms. Stabenow</cosponsor>, <cosponsor name-id="S390">Mr. Van Hollen</cosponsor>, <cosponsor name-id="S327">Mr. Warner</cosponsor>, <cosponsor name-id="S366">Ms. Warren</cosponsor>, <cosponsor name-id="S316">Mr. Whitehouse</cosponsor>, and <cosponsor name-id="S247">Mr. Wyden</cosponsor>) introduced the following bill; which was read twice and referred to the <committee-name committee-id="SSFR00">Committee on Foreign Relations</committee-name></action-desc></action><legis-type>A BILL</legis-type><official-title>To establish in the Bureau of Democracy, Human Rights, and Labor of the Department of State a Special Envoy for the Human Rights of LGBTQI Peoples, and for other purposes.</official-title></form><legis-body><section id="S1" section-type="section-one"><enum>1.</enum><header>Short title</header><text display-inline="no-display-inline">This Act may be cited as the <quote><short-title>International Human Rights Defense Act of 2021</short-title></quote>.</text></section><section id="idad5e33573c1149f5ae8ab0aa139cd976"><enum>2.</enum><header>Definitions</header><text display-inline="no-display-inline">In this Act:</text><paragraph id="id05422fddfa744132915d70c84a4e3750"><enum>(1)</enum><header>Appropriate congressional committees</header><text>The term <term>appropriate congressional committees</term> means—</text><subparagraph id="id68fa58652a2341f38de979fb04bf64ed"><enum>(A)</enum><text>the Committee on Foreign Relations and the Committee on Appropriations of the Senate; and</text></subparagraph><subparagraph id="id15400e1aa57b42b695226ad4b90f5dfa"><enum>(B)</enum><text>the Committee on Foreign Affairs and the Committee on Appropriations of the House of Representatives.</text></subparagraph></paragraph><paragraph id="id1c8369017a954feaa3aced490898d19d"><enum>(2)</enum><header>Gender identity</header><text>The term <term>gender identity</term> means the gender-related identity, appearance, or mannerisms or other gender-related characteristics of an individual, regardless of the individual’s designated sex at birth.</text></paragraph><paragraph id="idb3574a02a8704574a82faed452adb254"><enum>(3)</enum><header>Intersex</header><text>The term <term>intersex</term> means individuals born with sex characteristics (including genitals, gonads, or chromosome patterns) that vary from typical binary notions of male or female bodies and is an umbrella term used to describe a wide range of natural bodily variations. </text></paragraph><paragraph id="ida3d777b89767483692129a2a96848b5e"><enum>(4)</enum><header>LGBTQI</header><text>The term <term>LGBTQI</term> means lesbian, gay, bisexual, transgender, queer, or intersex.</text></paragraph><paragraph id="id5d943b169a5e4196820173ff2c9c62b8"><enum>(5)</enum><header>Sexual orientation</header><text>The term <term>sexual orientation</term> means actual or perceived homosexuality, heterosexuality, or bisexuality.</text></paragraph></section><section id="ida2d0fd983d5648f0a92e31ab28e7cb84"><enum>3.</enum><header>Findings</header><text display-inline="no-display-inline">Congress makes the following findings:</text><paragraph id="idc09f3389a0b84ab6aadf30d6af9ee681"><enum>(1)</enum><text>Around the world, LGBTQI people face violence, discrimination, hatred, and bigotry.</text></paragraph><paragraph id="id28ab0925d6034a74a6bf7953bece931d"><enum>(2)</enum><text>Sixty-nine countries criminalize same-sex relations and at least three countries prohibit the public support of the LGBTQI community. That is equal to 35 percent of United Nations member states.</text></paragraph><paragraph id="id05e91eead91e42a286ce5855e76d49ee"><enum>(3)</enum><text>In several countries, homosexuality is a crime that is punishable by death.</text></paragraph><paragraph id="idee8c3907349d4f9ab75735a74f63b3c6"><enum>(4)</enum><text>Intersex people experience prejudice and discrimination, including the common performance of medically unnecessary surgeries without their consent or approval, because their bodies do not conform to other people’s expectations about sex and gender. </text></paragraph><paragraph id="id0eb7f39ab26a4e018d9ffbb72c6304b2"><enum>(5)</enum><text>Violence and discrimination based on sexual orientation and gender identity are documented in the Department of State’s annual Human Rights Report to Congress. The 2019 report continues to show a clear pattern of human rights violations in every region of the world based on sexual orientation and gender identity. These violations include murder, rape, torture, death threats, extortion, and imprisonment, as well as loss of employment, housing, access to health care, and other forms of societal stigma and discrimination. The report further documents LGBTQI-specific restrictions on basic freedoms of assembly, press, and speech in every region of the world.</text></paragraph><paragraph id="idb7abe39ed5ca4e8aac6446b159470d2a"><enum>(6)</enum><text>In 2013, the Russian Duma passed a law banning so-called <quote>homosexual propaganda</quote>, which effectively makes it a crime to publicly support LGBTQI equality or even discuss homosexuality. This pernicious law is the basis for similar so-called <quote>anti-propaganda</quote> legislation in countries across Eastern Europe and Central Asia, including in Moldova, Kyrgyzstan, and Belarus.</text></paragraph><paragraph id="id811b330cba2b499eb5b87f6d8accfc81"><enum>(7)</enum><text>On April 1, 2017, the Russian newspaper Novaya Gazeta reported that the government of the autonomous republic of Chechnya had been arresting, detaining, and torturing gay and bisexual men in secret prisons since early 2017. An Organization for Security and Co-operation in Europe (OSCE) fact-finding report released in December 2018 confirmed the atrocities, documenting <quote>several waves of violations of human rights abuses of persons based on their sexual orientation and gender identity</quote>. Reports throughout 2020 suggest the purge has continued.</text></paragraph><paragraph id="id37dc783365cd4c94b9a545e452a814e9"><enum>(8)</enum><text>In May 2020, the Hungarian Parliament voted to eliminate the ability for transgender and intersex Hungarians to legally change their gender on official documents. In June 2020, Poland’s president pledged to ban the <quote>propagation of LGBT ideology,</quote> and nearly a third of Polish towns and municipalities have now declared themselves to be <quote>LGBT-free zones</quote>.</text></paragraph><paragraph id="id8a678b9f469644a699220b8e53d2d70f"><enum>(9)</enum><text>In December 2013, under the guise of prohibiting marriage equality through the Same Sex Marriage (Prohibition) Act, the Government of Nigeria adopted a law that further criminalized same-sex relations and support for LGBTQI people, endangering neighbors, friends, doctors, and landlords of LGBTQI people. In August 2018, 57 men at a party in Lagos were arrested under this law and 47 were later charged in December 2019 for <quote>public show of same sex amorous relationship</quote>. While the case was thrown out in October 2020 due to deficiencies in the prosecution, the men suffered significant harm over the course of the two-year trial.</text></paragraph><paragraph id="id6dfd9685933242edafd095bb869b39da"><enum>(10)</enum><text>Several countries in South Asia continue to have draconian laws that criminalize homosexual acts, which place LGBTQI people in danger and undermine their ability to live free from persecution.</text></paragraph><paragraph id="id1608b9213ee045eea4fbb205e4fb0f43"><enum>(11)</enum><text>In February 2014, the Government of Uganda adopted a law making <quote>aggravated homosexuality</quote> a crime punishable with life imprisonment and concurrently, the Government of Uganda also passed laws severely limiting the basic freedoms of speech and assembly for LGBTQI citizens. Although the Constitutional Court overturned the Anti-Homosexuality Act on a technicality in August 2014, LGBTQI Ugandans continue to be subjected to discrimination and violence, and their government has in recent years forcibly shut down even private Pride celebrations in Kampala.</text></paragraph><paragraph id="id8f65f7c1b9fa42db83747f551e22dde7"><enum>(12)</enum><text>In November 2016, the Government of Tanzania banned all HIV and AIDS outreach projects aimed at gay men, including those funded by the President’s Emergency Plan for AIDS Relief (PEPFAR), forcing the closure of United States-funded programs providing testing, condoms, and care to gay men, exacerbating the health needs of gay men in Tanzania, about 30 percent of whom are HIV positive. In 2018, various government officials announced crackdowns on the LGBTQI community, including a threat by the governor of the largest city, who announced a purge on LGBTQI individuals and asked the public to report them.</text></paragraph><paragraph id="id9b1fa08cb42b4e0c8542ae21f8c573ef"><enum>(13)</enum><text>A 2020 report by Human Rights Watch found that in the Northern Triangle countries of El Salvador, Guatemala, and Honduras, <quote>gangs specifically target LGBT people, killing, assaulting, threatening or extorting them</quote>. A 2016 report noted that transgender women in El Salvador have an average life expectancy of less than 35 years due to violence, discrimination, and femicide.</text></paragraph><paragraph id="ide050dbcec279409292b8a78c4016d5af"><enum>(14)</enum><text>Extreme violence in El Salvador, Nicaragua, Guatemala, and Honduras has driven LGBTQI people to flee their countries or origin to the United States for protection. At the United States border with Mexico, LGBTQI asylum seekers face additional violence and many have been returned to face persecution in their home countries or in third countries that are not safe.</text></paragraph><paragraph id="id7734b84106764c529b2f21c01d2988ea"><enum>(15)</enum><text>On May 23, 2017, and again on July 13, 2018, gay men were publicly caned in the Indonesian province of Aceh, while thousands of spectators snapped pictures outside a mosque. More recently, including in August 2020, police in Indonesia have arrested men at private parties, sometimes releasing their photographs to the news media, endangering their lives. The August 2020 raid fits a disturbing pattern of Indonesian authorities using the pornography law as a weapon to target LGBTQI people.</text></paragraph><paragraph id="id45e9519fe9e44dd08164fcb0be142347"><enum>(16)</enum><text>The Department of State Human Rights Report for 2019 notes that Egyptian police arrest LGBTQI persons on charges such as <quote>debauchery</quote>, <quote>prostitution</quote>, and <quote>violating the teachings of religion</quote>, leading to prison sentences of up to 10 years. According to a local group, there have been more than 250 arrests since 2013. Arrests have continued apace in 2020. Rights groups also have reported on the discredited use of <quote>virginity</quote> and <quote>anal tests</quote> by Egyptian authorities to attempt to prove sexual activity, assaults that may constitute cruel, degrading, and inhuman treatment that can rise to the level of torture under international human rights law.</text></paragraph><paragraph id="ida7ec8865306a4120bdf90cf59b9f326a"><enum>(17)</enum><text>Anti-LGBTQI laws not only endanger all LGBTQI individuals, but also pose serious risks for those associated with or caring for LGBTQI people. Studies have shown that when LGBTQI people, especially LGBTQI youth, face discrimination, they are less likely to seek HIV testing, prevention, and treatment services.</text></paragraph><paragraph id="idea4e7bcf1a9c4f61831187ec6b19ed52"><enum>(18)</enum><text>According to the Trans Murder Monitoring Project, which monitors homicides of transgender individuals, 350 trans and gender-diverse were killed between October 1, 2019, and September 30, 2020, representing a 6 percent increase in reported murders from the 2019 update.</text></paragraph><paragraph id="id0e03c01672e744a5a621763ab8bec367"><enum>(19)</enum><text>According to the International Guidelines on HIV/AIDS and Human Rights, as published by the United Nations High Commissioner for Human Rights, and according to the reports of the United Nations Independent Expert on protection against violence and discrimination based on sexual orientation and gender identity, countries should review and reform criminal laws and correctional systems to ensure that they are consistent with international human rights obligations and are not misused or targeted against vulnerable groups.</text></paragraph><paragraph id="id3a8cdce8787346e68a734e5db65383e9"><enum>(20)</enum><text>Removing institutionalized discrimination and targeted persecution against LGBTQI people around the world is a critical step in the promotion of human rights and global health internationally.</text></paragraph><paragraph id="id77d032b4f7fe4d88b1b89d90bc635e58"><enum>(21)</enum><text>Anti-LGBTQI laws and discrimination pose significant risks for LGBTQI youth who come out to their family or community and often face rejection, homelessness, and limited educational and economic opportunities. These factors contribute to increased risks of substance abuse, suicide, and HIV infection among LGBTQI youth.</text></paragraph><paragraph id="idec86fa77afd448438ef3efcf1eaa163d"><enum>(22)</enum><text>On December 6, 2011, President Barack Obama released the <quote>Presidential Memorandum—International Initiatives to Advance the Human Rights of Lesbian, Gay, Bisexual, and Transgender Persons</quote>. The memorandum directed all Federal agencies engaged abroad to ensure that United States diplomacy and foreign assistance promote and protect the human rights of LGBTQI persons.</text></paragraph><paragraph id="id3b69abc754824ae9939d0e76ef4b5e08"><enum>(23)</enum><text>On February 23, 2015, Secretary of State John Kerry appointed senior diplomat Randy Berry as the Department of State's first-ever Special Envoy for the Human Rights of LGBTI Persons. No person was named to that position during the Trump Administration.</text></paragraph><paragraph id="idf1553514ceff478389290c0f9e37e8d9"><enum>(24)</enum><text>On June 30, 2016, the United Nations Human Rights Council passed a resolution cosponsored by the United States that established an Independent Expert on violence and discrimination based on sexual orientation and gender identity to help monitor and track discrimination and violence experienced by LGBTQI persons around the world.</text></paragraph><paragraph id="id144cb078c7a84a1486efef5e8c37f451"><enum>(25)</enum><text>At the annual Summit of Commonwealth Nations in April 2018, United Kingdom Prime Minister Theresa May issued an apology for discriminatory laws criminalizing same-sex relationships that were imposed on British colonies around the world. She also announced the creation of a fund to support legal reform efforts.</text></paragraph><paragraph id="id0d77bd398a504799b4cfd95d3cc8f4b4"><enum>(26)</enum><text>In April 2018, Trinidad and Tobago’s High Court of Justice issued a landmark ruling declaring that laws which criminalize same-sex relationships between consenting adults are unconstitutional.</text></paragraph><paragraph id="id7150d8ac628d4c0c8ad1d219ce001b0d"><enum>(27)</enum><text>In September 2018, the Supreme Court of India decriminalized same-sex relationships. The same court also has affirmed the rights of transgender people as a protected <quote>third gender</quote> under the Constitution of India.</text></paragraph><paragraph id="id0bd67d928dad48c4aa34f4f1ee1e3989"><enum>(28)</enum><text>Angola decriminalized same-sex relationships in January 2019, and prohibited discrimination against people on the basis of sexual orientation. In December 2020, the parliament of Bhutan voted to decriminalize same-sex relationships.</text></paragraph><paragraph id="id6d345427de8c474796040ac1210f08d0"><enum>(29)</enum><text>In January 2018, the Inter-American Court of Human Rights issued an advisory opinion declaring that the American Convention on Human Rights, adopted at San Jose November 22, 1969, grants the right of transgender people to change their name and gender on public documents, and that same-sex couples must be granted full legal rights, including the right to marriage. This ruling is animating legal reforms and human rights cases across the Americas.</text></paragraph><paragraph id="idc7269bfb7dfb49b79c8a0d5edb3da0c9"><enum>(30)</enum><text>In September 2018, the legislature in Chile passed a groundbreaking legal gender recognition law, which allows transgender individuals to self-determine their legal gender in official documents without a judicial determination or medical interventions. The Government of Uruguay passed a similarly expansive gender recognition law in 2018.</text></paragraph><paragraph id="ida81d293e950d481b856f78d20a3d17ee"><enum>(31)</enum><text>In May 2020, the United Nations Independent Expert on protection against violence and discrimination based on sexual orientation and gender identity released a report on so-called <quote>conversion therapy,</quote> which is an umbrella term used to describe interventions based on a belief that a person's sexual orientation or gender identity can and should be changed. The report concludes that such practices represent significant violations of rights to bodily autonomy, health, and free expression, and can breach the prohibition against torture and ill-treatment. The Independent Expert concludes by calling for a global ban on conversion therapy, noting that <quote>the psychological pain and suffering inflicted by practices of <quote>conversion therapy</quote> are deep and long-lasting and often exacerbate the risk of suicide</quote>.</text></paragraph><paragraph id="id600c9a5dcd7d4188b2e89f00d0f905e6"><enum>(32)</enum><text>The global COVID–19 pandemic has exacerbated inequalities that LGBTQI individuals face, including access to healthcare, stigma, and discrimination.</text></paragraph><paragraph id="id145a4ce7b5244598b4dcf3e3a6868a84"><enum>(33)</enum><text>Some governments have enacted measures that target or discriminate against LGBTQI individuals and communities under the guise of COVID–19 public health precautions.</text></paragraph><paragraph id="idee414b9b9aa34d2fa12114912eb47609"><enum>(34)</enum><text>In March 2020, Ugandan police arbitrarily arrested 20 LGBTQI people living in a homeless shelter, charging them with <quote>a negligent act likely to spread infection of disease</quote>. They were released and all charges were dropped after nearly two months in prison.</text></paragraph><paragraph id="idfd502f60a18b40bfb1c21af44d6c1777"><enum>(35)</enum><text>Gender-based quarantine rules have resulted in increased violence against transgender individuals and reports indicate an increase in transphobic and homophobic rhetoric, as religious leaders and others scapegoat LGBTQI people for the spread of the disease.</text></paragraph><paragraph id="id9ebb23581cbc43d695784548b295bffd"><enum>(36)</enum><text>COVID–19 has also increased barriers to access health care for LGBTQI individuals. In addition to discrimination in care, the health needs of LGBTQI people may be deprioritized. For example, HIV prevention activities have largely ceased due to the pandemic, elevating risks for transmission among key population groups.</text></paragraph><paragraph id="id174902cd54184f54b017bba6f9ce0a3b"><enum>(37)</enum><text>Due to stay-at-home restrictions, LGBTQI people may be confined to hostile households, putting them at increased risk for gender-based violence and compounding mental health challenges.</text></paragraph><paragraph id="id3b1e2ac04fda4a479bc0d7e7f7d178cc"><enum>(38)</enum><text>LGBTQI individuals may be unable to access a government’s COVID support services due to discrimination. In response, LGBTQI-led civil society organizations have been forced to shift their programs to provide humanitarian support to their communities, sidelining other programs previously performed in their communities.</text></paragraph></section><section id="idd22da7196eef4f47aa37b5d806aa5a3f"><enum>4.</enum><header>Statement of policy</header><text display-inline="no-display-inline">It is the policy of the United States—</text><paragraph id="idcfb738583d6c40a18b397ef1d9e8db22"><enum>(1)</enum><text>to take effective action to prevent and respond to discrimination and violence against all people on any basis internationally, including sexual orientation, gender identity, and sex characteristics, and that human rights policy includes attention to criminalization, hate crimes, and other discrimination against LGBTQI people;</text></paragraph><paragraph id="id36e096dd6e53424da8991a632c4c4e8b"><enum>(2)</enum><text>to systematically integrate and coordinate into United States foreign policy efforts to prevent and respond to criminalization, discrimination, and violence against LGBTQI people internationally;</text></paragraph><paragraph id="id3e81227b965a4e5e83d42a7115169359"><enum>(3)</enum><text>to support and build local capacity in countries around the world, including of governments at all levels and nongovernmental organizations, to prevent and respond to criminalization, discrimination, and violence against LGBTQI people internationally;</text></paragraph><paragraph id="id6b102619052742afb9568a41ea5d345e"><enum>(4)</enum><text>to consult, cooperate, coordinate, and collaborate with a wide variety of nongovernmental partners, including faith-based organizations and LGBTQI-led organizations, with demonstrated experience in preventing and responding to criminalization, discrimination, and violence against LGBTQI people internationally;</text></paragraph><paragraph id="id6c65714d4c7a4fbf8739975a8b9f7ec3"><enum>(5)</enum><text>to employ a multisectoral approach to preventing and responding to criminalization, discrimination, and violence against LGBTQI people internationally, including activities in the economic, education, health, nutrition, legal, and judicial sectors;</text></paragraph><paragraph id="id2d6110cac2f24aec97170bc4365915c6"><enum>(6)</enum><text>to work at all levels, from the individual to the family, community, local, national, and international levels, to prevent and respond to criminalization, discrimination, and violence against LGBTQI people internationally;</text></paragraph><paragraph id="idd525d9a2f2cc4c218ba2f7f0313a27ad"><enum>(7)</enum><text>to enhance training by United States personnel of professional foreign military and police forces and judicial officials to include appropriate and thorough LGBTQI-specific instruction on preventing and responding to criminalization, discrimination, and violence based on sexual orientation and gender identity;</text></paragraph><paragraph id="id39c2ccdb31dc4168a9d77ca5279630a6"><enum>(8)</enum><text>to engage non-LGBTQI people as allies and partners, as an essential element of making sustained reductions in criminalization, discrimination, and violence against LGBTQI people internationally;</text></paragraph><paragraph id="idd21eb12d829a486ba4041e944e4dc97c"><enum>(9)</enum><text>to require that all Federal contractors and grant recipients in the United States Government’s international programs establish appropriate policies and take effective measures to ensure the protection and safety of their staff and workplace, including from discrimination and violence directed against LGBTQI people and those who provide services to them;</text></paragraph><paragraph id="idda093c8dba4e488dbd3fac72dca22a5c"><enum>(10)</enum><text>to exert sustained international leadership, including in bilateral and multilateral fora, to prevent and respond to criminalization, discrimination, and violence against LGBTQI people internationally;</text></paragraph><paragraph id="id1b1e6ee2636b4cd29f4a0cc92f90d799"><enum>(11)</enum><text>to fully implement and expand upon the policies outlined in the <quote>Presidential Memorandum—International Initiatives to Advance the Human Rights of Lesbian, Gay, Bisexual, and Transgender Persons</quote>;</text></paragraph><paragraph id="idb7f0964b4a9a4ca3a4e5706e9e6d7bee"><enum>(12)</enum><text>to ensure that international efforts to combat HIV/AIDS take all appropriate measures to support at-risk communities, including LGBTQI people, and to create enabling legal environments for these communities;</text></paragraph><paragraph id="id5a54983eb9064bbea19084d0932b48da"><enum>(13)</enum><text>to work with governments and nongovernmental partners around the world to develop and implement regional strategies to decriminalize homosexuality and to counteract the prohibition of public support of LGBTQI people; and</text></paragraph><paragraph id="ide2623d135d86446d8c4c77c7c5c109b6"><enum>(14)</enum><text>to ensure that those who have a well-founded fear of persecution on account of being LGBTQI or supporting LGBTQI rights have the opportunity to seek protection in the United States.</text></paragraph></section><section id="idcd3493eb29b04a9dbcbcd87cc5301a9f"><enum>5.</enum><header>Special Envoy for the Human Rights of LGBTQI people</header><subsection id="id1d85654e70324faf85f0a5d8b137e85b"><enum>(a)</enum><header>Establishment</header><paragraph id="id000864D54FC64BEA82DF988877B212B8"><enum>(1)</enum><header>In general</header><text>The Secretary of State shall establish in the Bureau of Democracy, Human Rights, and Labor (DRL) of the Department of State a permanent Special Envoy for the Human Rights of LGBTQI Peoples (in this section referred to as the <quote>Special Envoy</quote>), who shall be appointed by the President. The Special Envoy shall report directly to the Assistant Secretary for Democracy, Human Rights, and Labor.</text></paragraph><paragraph id="id40FE1687B59B46A69C601D3C69A403B2"><enum>(2)</enum><header>Rank</header><text>The Special Envoy may be appointed at the rank of Ambassador.</text></paragraph></subsection><subsection id="ide27dbbbe358a466db1779226305402cf"><enum>(b)</enum><header>Purpose</header><text>In addition to the duties described in subsection (c) and those duties determined by the Secretary of State, the Special Envoy shall direct efforts of the United States Government relating to United States foreign policy, as directed by the Secretary, regarding human rights abuses against LGBTQI people and communities internationally and the advancement of human rights for LGBTQI people, and shall represent the United States internationally in bilateral and multilateral engagement on such matters.</text></subsection><subsection id="id8234316dbe934077b96963ae577941ca"><enum>(c)</enum><header>Duties</header><paragraph id="id306fa59d1f6b41ac92f89c15ae78d5b0"><enum>(1)</enum><header>In general</header><text>The Special Envoy—</text><subparagraph id="idfe2c810eacef435094151444ed7389c3"><enum>(A)</enum><text>shall serve as the principal advisor to the Secretary of State regarding human rights for LGBTQI people internationally;</text></subparagraph><subparagraph id="id9beb4ffca51c40e58cd2545728a44d25"><enum>(B)</enum><text>shall, notwithstanding any other provision of law, direct activities, policies, programs, and funding relating to the human rights of LGBTQI people and the advancement of LGBTQI equality initiatives internationally, for all bureaus and offices of the Department of State, and shall lead the coordination of relevant international programs for all other Federal agencies relating to such matters;</text></subparagraph><subparagraph id="id9387bfba261b4b3e9a3a1dc4af4c66f4"><enum>(C)</enum><text>shall represent the United States in diplomatic matters relevant to the human rights of LGBTQI people, including criminalization, discrimination, and violence against LGBTQI people internationally;</text></subparagraph><subparagraph id="id4d22f4aac6d6479688179962c45a8ccb"><enum>(D)</enum><text>shall direct, as appropriate, United States Government resources to respond to needs for protection, integration, resettlement, and empowerment of LGBTQI people in United States Government policies and international programs, including to prevent and respond to criminalization, discrimination, and violence against LGBTQI people internationally;</text></subparagraph><subparagraph id="idb609bdebaafa4376b67623551cee286b"><enum>(E)</enum><text>shall design, support, and implement activities regarding support, education, resettlement, and empowerment of LGBTQI people internationally, including for the prevention and response to criminalization, discrimination, and violence against LGBTQI people internationally;</text></subparagraph><subparagraph id="idf26576ee62e6456091c926708b3c4d4c"><enum>(F)</enum><text>shall lead interagency coordination between the foreign policy priorities related to the human rights of LGBTQI people and the development assistance priorities of the LGBTQI Coordinator of the United States Agency for International Development;</text></subparagraph><subparagraph id="id12e31e3e00764436870ef086ac1bca80"><enum>(G)</enum><text>shall conduct regular consultation with nongovernmental organizations working to prevent and respond to criminalization, discrimination, and violence against LGBTQI people internationally;</text></subparagraph><subparagraph id="idc54c62ef60344f81adf287440bf21e0c"><enum>(H)</enum><text>shall ensure that programs, projects, and activities of the Department of State and the United States Agency for International Development designed to prevent and respond to criminalization, discrimination, and violence against LGBTQI people internationally are subject to rigorous monitoring and evaluation, and that there is a uniform set of indicators and standards for such monitoring and evaluation that is used across international programs in Federal agencies; and</text></subparagraph><subparagraph id="id2eea3e9fe8a04b2f8832fdd3469d3057"><enum>(I)</enum><text>is authorized to represent the United States in bilateral and multilateral fora on matters relevant to the human rights of LGBTQI people internationally, including criminalization, discrimination, and violence against LGBTQI people internationally.</text></subparagraph></paragraph><paragraph id="idec72dd269f6d494f88ebb9532c83cfca"><enum>(2)</enum><header>Data repository</header><text>The Bureau of Democracy, Human Rights, and Labor shall—</text><subparagraph id="ida4c50c0dbeb244bbb57cff753235a4d4"><enum>(A)</enum><text>be the central repository of data on all United States programs, projects, and activities that relate to prevention and response to criminalization, discrimination, and violence against LGBTQI people internationally; and</text></subparagraph><subparagraph id="id191d4eb192ce4f12abc941f5f11d04d4"><enum>(B)</enum><text>produce—</text><clause id="idecf7ab4094df4c6e8588b06ab61fec5b"><enum>(i)</enum><text>a full accounting of United States Government spending on such programs, projects, and activities; and</text></clause><clause id="ide3975690a6534ac2845a07be4678523e"><enum>(ii)</enum><text>evaluations of the effectiveness of such programs, projects, and activities.</text></clause></subparagraph></paragraph></subsection><subsection id="id5fa55afb82e34a22a40ebd964b140bbc"><enum>(d)</enum><header>Briefings and assessments</header><text>Not later than 180 days after the date of the enactment of this Act, and annually thereafter, the Special Envoy shall—</text><paragraph id="idf5a3d505b8ee486590e8bacd54b73186"><enum>(1)</enum><text>brief the appropriate congressional committees on the status of the human rights of LGBTQI people internationally, as well as on the status of programs and response strategies to address criminalization, discrimination, and violence against LGBTQI people internationally; and</text></paragraph><paragraph id="idaff4dad037fe46008ae428116681faf1"><enum>(2)</enum><text>submit to the appropriate congressional committees an assessment of human and financial resources necessary to fulfill the purposes and duties of this Act.</text></paragraph></subsection><subsection id="idc5d5cb16385b4d369256eac8c68c9597"><enum>(e)</enum><header>United States policy To prevent and respond to criminalization, discrimination, and violence against LGBTQI people globally</header><paragraph id="id56a848c59eb04700a076ed5659b3f5e4"><enum>(1)</enum><header>Global strategy requirement</header><text>Not later than 180 days after the date of the enactment of this Act, and annually thereafter for each of the following five years, the Special Envoy shall develop or update, as the case may be, a United States global strategy to prevent and respond to criminalization, discrimination, and violence against LGBTQI people internationally. The Special Envoy shall submit the global strategy to the appropriate congressional committees and, if practicable, make the global strategy available to the public.</text></paragraph><paragraph id="id3a8c8fa74a0b446ba02c525d9a1e4215"><enum>(2)</enum><header>Collaboration and coordination</header><text>In developing the global strategy required under paragraph (1), the Special Envoy shall consult with—</text><subparagraph id="id9b07533960514909b396554ecf67becf"><enum>(A)</enum><text>mid- and high-level officials of relevant Federal agencies; and</text></subparagraph><subparagraph id="id1369933898094edf874df51bb9d85819"><enum>(B)</enum><text>representatives of nongovernmental organizations with demonstrated experience in addressing criminalization, discrimination, and violence against LGBTQI people internationally or promoting equal rights for LGBTQI people internationally.</text></subparagraph></paragraph></subsection><subsection id="id5330e23460f74888a810c5fedafc3d0c"><enum>(f)</enum><header>Monitoring the United States strategy To prevent and respond to criminalization, discrimination, and violence against LGBTQI people and communities internationally</header><paragraph id="ide5dae52f989f4747b72bbad0292a3b6f"><enum>(1)</enum><header>In general</header><text>In each global strategy submitted under subsection (e), the Special Envoy shall include an analysis of best practices for preventing and addressing criminalization, discrimination, and violence against LGBTQI people and communities internationally, including—</text><subparagraph id="idbc2aaaeb495b4f1984aa7f6998157191"><enum>(A)</enum><text>a description of successful efforts by foreign governments and nongovernmental organizations to prevent and respond to criminalization, discrimination, and violence against LGBTQI people and communities internationally;</text></subparagraph><subparagraph id="idfd91021de1324f65848a0bb6ee108a0a"><enum>(B)</enum><text>recommendations related to best practices, effective strategies, and improvements to enhance the impact of such prevention and response efforts; and</text></subparagraph><subparagraph id="id297d29056e934d579817c6445fda21e7"><enum>(C)</enum><text>the impact of activities funded by the global strategy in preventing and reducing criminalization, discrimination, and violence against LGBTQI people and communities internationally.</text></subparagraph></paragraph><paragraph id="id3d6e626561d14acd938b37c75bac20ed"><enum>(2)</enum><header>Information required to be included in annual country reports on human rights practices</header><subparagraph id="id2418bcc39e904b54962d887370b75a90"><enum>(A)</enum><header>Section 116</header><text>Section 116(d) of the Foreign Assistance Act of 1961 (<external-xref legal-doc="usc" parsable-cite="usc/22/2151n">22 U.S.C. 2151n(d)</external-xref>) is amended—</text><clause id="id9821947a7c5f479c9b473c9c738cbaed"><enum>(i)</enum><text>in paragraph (11)(C), by striking <quote>; and</quote> and inserting a semicolon;</text></clause><clause id="id325a3d4935864e45aa199dc99cc3ac3a"><enum>(ii)</enum><text>in paragraph (12)(C)(ii), by striking the period at the end and inserting <quote>; and</quote>; and</text></clause><clause id="id842e2643778648d39c9fc1c322040753"><enum>(iii)</enum><text>by adding at the end the following new paragraph:</text><quoted-block style="OLC" display-inline="no-display-inline" id="id528da2c2bb984176bae4110cadeeaadd"><paragraph id="id9c587c9600dc420aaaebc72d649e5261"><enum>(13)</enum><text>wherever applicable, the nature and extent of criminalization, discrimination, and violence based on sexual orientation and gender identity, including an identification of those countries that have adopted laws or constitutional provisions that criminalize or discriminate based on sexual orientation or gender identity (as those terms are defined in section 2 of the International Human Rights Defense Act of 2018), including detailed descriptions of such laws and provisions.</text></paragraph><after-quoted-block>.</after-quoted-block></quoted-block></clause></subparagraph><subparagraph id="idae86bcf75d4f428ea5e29bcfcca14afb"><enum>(B)</enum><header>Section 502b</header><text>Section 502B of the Foreign Assistance Act of 1961 (<external-xref legal-doc="usc" parsable-cite="usc/22/2304">22 U.S.C. 2304</external-xref>) is amended—</text><clause id="id1af99ce7e162498c8681d46ceff7b40f"><enum>(i)</enum><text>by redesignating the second subsection (i) (relating to child marriage status) as subsection (j); and</text></clause><clause id="id178be558af674264875d9d2a2456280b"><enum>(ii)</enum><text>by adding at the end the following new subsection:</text><quoted-block style="OLC" display-inline="no-display-inline" id="idd2044d80108b4b408e39e4094d34ee8d"><subsection id="ideb03d61149de4d74a4b7c23b899420f8"><enum>(k)</enum><header>Sexual orientation and gender identity</header><text>The report required under subsection (b) shall include, wherever applicable, the nature and extent of criminalization, discrimination, and violence based on sexual orientation and gender identity, including an identification of those countries that have adopted laws or constitutional provisions that criminalize or discriminate based on sexual orientation or gender identity (as those terms are defined in section 2 of the International Human Rights Defense Act of 2021), including detailed descriptions of such laws and provisions.</text></subsection><after-quoted-block>.</after-quoted-block></quoted-block></clause></subparagraph></paragraph></subsection></section><section id="id48332280446e4555a4482fea50576a2f"><enum>6.</enum><header>Implementation of the United States strategy to prevent and respond to criminalization, discrimination, and violence against LGBTQI people and communities internationally</header><text display-inline="no-display-inline">The Secretary of State and the Administrator of the United States Agency for International Development are authorized to provide assistance to prevent and respond to criminalization, discrimination, and violence against LGBTQI people internationally. Such assistance may include the following activities:</text><paragraph id="id9890ffacd5b2443a9ec6001c1683a204"><enum>(1)</enum><text>Development and implementation of programs, such as the Global Equality Fund of the Department of State, that respond to human rights abuses and economic exclusion of LGBTQI people in the workplace and in public.</text></paragraph><paragraph id="id8b713766bba94a3f8d63c43c43bda55f"><enum>(2)</enum><text>Development and enforcement of civil and criminal legal and judicial sanctions, protection, training, and capacity.</text></paragraph><paragraph id="id0305b513075d4d55b3fe5d822371be19"><enum>(3)</enum><text>Enhancement of health sector capacity to detect, prevent, and respond to violence against LGBTQI people and communities internationally, and to combat HIV/AIDS in the LGBTQI community internationally, in close coordination with the Office of the Global AIDS Coordinator and Health Diplomacy of the Department of State.</text></paragraph><paragraph id="idfa4db9145a6b46f7ad08df4f2d71fe12"><enum>(4)</enum><text>Development of a leadership program for international LGBTQI activists that will foster collaboration and knowledge sharing across the world. </text></paragraph></section></legis-body></bill> 

