<?xml version="1.0"?>
<?xml-stylesheet type="text/xsl" href="billres.xsl"?>
<!DOCTYPE bill PUBLIC "-//US Congress//DTDs/bill.dtd//EN" "bill.dtd">
<bill bill-type="olc" bill-stage="Introduced-in-Senate" dms-id="A1" public-private="public" slc-id="S1-ROM21125-YL6-WJ-PCM"><metadata xmlns:dc="http://purl.org/dc/elements/1.1/">
<dublinCore>
<dc:title>117 S311 IS: Stopping Doctor Shortages Act</dc:title>
<dc:publisher>U.S. Senate</dc:publisher>
<dc:date>2021-02-12</dc:date>
<dc:format>text/xml</dc:format>
<dc:language>EN</dc:language>
<dc:rights>Pursuant to Title 17 Section 105 of the United States Code, this file is not subject to copyright protection and is in the public domain.</dc:rights>
</dublinCore>
</metadata>
<form>
<distribution-code display="yes">II</distribution-code><congress>117th CONGRESS</congress><session>1st Session</session><legis-num>S. 311</legis-num><current-chamber>IN THE SENATE OF THE UNITED STATES</current-chamber><action><action-date date="20210212">February 12, 2021</action-date><action-desc><sponsor name-id="S221">Mrs. Feinstein</sponsor> (for herself and <cosponsor name-id="S287">Mr. Cornyn</cosponsor>) introduced the following bill; which was read twice and referred to the <committee-name committee-id="SSHR00">Committee on Health, Education, Labor, and Pensions</committee-name></action-desc></action><legis-type>A BILL</legis-type><official-title>To amend the Higher Education Act of 1965 to include certain employment as a health care practitioner as eligible for public service loan forgiveness, and for other purposes.</official-title></form><legis-body style="OLC" display-enacting-clause="yes-display-enacting-clause" id="H83F26452956B41DD96EDB691D5999517"><section section-type="section-one" id="id2BB80F89CC454C5DA0B5392A16D0F5D6"><enum>1.</enum><header>Short title</header><text display-inline="no-display-inline">This Act may be cited as the <quote><short-title>Stopping Doctor Shortages Act</short-title></quote>.</text></section><section section-type="subsequent-section" id="HE7A10507E2184D0C8A30956736BD0847"><enum>2.</enum><header>Amendments to terms and conditions of public service loan forgiveness</header><text display-inline="no-display-inline">Section 455(m)(3) of the Higher Education Act of 1965 (<external-xref legal-doc="usc" parsable-cite="usc/20/1087e">20 U.S.C. 1087e(m)(3)</external-xref>) is amended by adding at the end the following:</text><quoted-block style="OLC" id="H1BC2274E8DB34F1786B7DA2E6FF92DB0"><subparagraph id="H40D743813F274F58A6CE5C738B404FEF"><enum>(C)</enum><header>Full-time professionals engaged in health care practitioner occupations</header><text>The term <term>full-time professionals engaged in health care practitioner occupations</term> includes an individual who—</text><clause id="H2740F569941449D99F5769C2B398F2FF"><enum>(i)</enum><text>has a full-time job as a health care practitioner;</text></clause><clause id="H92D180EA4844406B9059928D963516A5"><enum>(ii)</enum><text>provides medical services in such full-time job at a nonprofit hospital or public hospital or other nonprofit or public health care facility; and</text></clause><clause id="HA7A71641E7814AD180C906AAF81AF174"><enum>(iii)</enum><text>is prohibited from being employed directly by such hospital or other health care facility by State law.</text></clause></subparagraph><after-quoted-block>.</after-quoted-block></quoted-block></section></legis-body></bill>


