<?xml version="1.0"?>
<?xml-stylesheet type="text/xsl" href="billres.xsl"?>
<!DOCTYPE bill PUBLIC "-//US Congress//DTDs/bill.dtd//EN" "bill.dtd">
<bill bill-stage="Introduced-in-Senate" dms-id="A1" public-private="public" slc-id="S1-LYN21146-CN5-XF-CYM">
<metadata xmlns:dc="http://purl.org/dc/elements/1.1/">
<dublinCore>
<dc:title>117 S408 IS: Supporting Best Practices for Healthy Moms Act</dc:title>
<dc:publisher>U.S. Senate</dc:publisher>
<dc:date>2021-02-24</dc:date>
<dc:format>text/xml</dc:format>
<dc:language>EN</dc:language>
<dc:rights>Pursuant to Title 17 Section 105 of the United States Code, this file is not subject to copyright protection and is in the public domain.</dc:rights>
</dublinCore>
</metadata>
<form>
<distribution-code display="yes">II</distribution-code>
<congress>117th CONGRESS</congress><session>1st Session</session>
<legis-num>S. 408</legis-num>
<current-chamber>IN THE SENATE OF THE UNITED STATES</current-chamber>
<action>
<action-date date="20210224">February 24, 2021</action-date>
<action-desc><sponsor name-id="S351">Mr. Toomey</sponsor> (for himself and <cosponsor name-id="S307">Mr. Brown</cosponsor>) introduced the following bill; which was read twice and referred to the <committee-name committee-id="SSFI00">Committee on Finance</committee-name></action-desc>
</action>
<legis-type>A BILL</legis-type>
<official-title>To require the Secretary of Health and Human Services to publish guidance for States on strategies for maternal care providers participating in the Medicaid program to reduce maternal mortality and severe morbidity with respect to individuals receiving medical assistance under such program.</official-title>
</form>
<legis-body id="H2CC291E5E6F6450A90FA394A5D3482EF">
<section id="S1" section-type="section-one"><enum>1.</enum><header>Short title</header><text display-inline="no-display-inline">This Act may be cited as the <quote><short-title>Supporting Best Practices for Healthy Moms Act</short-title></quote>.</text></section> <section id="id70E4D2515975410095501FF36BA252D0"><enum>2.</enum><header>Developing guidance on maternal mortality and severe morbidity reduction for maternal care providers receiving payment under the Medicaid program</header> <subsection id="idD71C42186BCD45E5B1D52C5A2C9A4D92"><enum>(a)</enum><header>In general</header><text>Subject to the availability of appropriations, not later than 36 months after the date of enactment of this Act, the Secretary shall publish on a public website of the Centers for Medicare &amp; Medicaid Services guidance for States on resources and strategies for hospitals, freestanding birth centers (as defined in section 1905(l)(3)(B) of the Social Security Act (<external-xref legal-doc="usc" parsable-cite="usc/42/1396d">42 U.S.C. 1396d(l)(3)(B)</external-xref>)), and other maternal care providers as determined by the Secretary for reducing maternal mortality and severe morbidity in individuals who are eligible for and receiving medical assistance under Medicaid or CHIP.</text></subsection>
<subsection id="id1239839B3BF74B818D5EC5C7690FB4F6"><enum>(b)</enum><header>Updates</header><text>The Secretary shall update the guidance and resources described in subsection (a) at least once every 3 years.</text></subsection> <subsection id="idF09A455605064C718087A4889123BE07"><enum>(c)</enum><header>Consultation with advisory committee</header> <paragraph id="id3E5835C139F34E9BA89328B4A77CA3D3"><enum>(1)</enum><header>Establishment</header><text>Subject to the availability of appropriations, not later than 18 months after the date of enactment of this Act, the Secretary shall establish an advisory committee to be known as the <term>National Advisory Committee on Reducing Maternal Deaths</term> (referred to in this section as the <term>Advisory Committee</term>). </text></paragraph>
<paragraph id="idF41E4744B6964A73BCB6FE319AC05641"><enum>(2)</enum><header>Duties</header><text>The Advisory Committee shall provide consensus advice and guidance to the Secretary on the development and compilation of the guidance described in subsection (a) (and any updates to such guidance).</text></paragraph> <paragraph id="id775ED1034F264E7F92913580A3CD0412"><enum>(3)</enum><header>Membership</header> <subparagraph id="id8D4B07CE9856497A81F132C4A2577547"><enum>(A)</enum><header>In general</header><text>The Secretary, in consultation with such other heads of agencies, as the Secretary deems appropriate and in accordance with this paragraph, shall appoint not more than 35 members to the Advisory Committee. In appointing such members, the Secretary shall ensure that— </text>
<clause id="id29483997F7BD480597F649A4F96AC627"><enum>(i)</enum><text>the total number of members of the Advisory Committee is an odd number; and</text></clause> <clause id="idBEC4277301E442EDBA99EB5EA4F9E8A8"><enum>(ii)</enum><text>the total number of voting members who are not Federal officials does not exceed the total number of voting Federal members who are Federal officials.</text></clause></subparagraph>
<subparagraph id="id09F9B611114C44ECAFB141898AD4FA96"><enum>(B)</enum><header>Required members</header>
<clause id="idCAB8DA5368CD472AAA56D10BAFFFE061"><enum>(i)</enum><header>Federal officials</header><text>The Advisory Committee shall include as voting members the following Federal officials, or their designees:</text> <subclause id="id3a9481cb67ab4c55bc162c5f9dd30fdf"><enum>(I)</enum><text>The Secretary.</text></subclause>
<subclause id="id044b93f60b634e56af4b3a0a9ac877e8"><enum>(II)</enum><text>The Administrator of the Centers for Medicare &amp; Medicaid Services.</text></subclause> <subclause id="id180602ab6a0f4278aa163fe10923401f"><enum>(III)</enum><text>The Director of the Centers for Disease Control and Prevention.</text></subclause>
<subclause id="idfb149220838745dd98236491a7d2e978"><enum>(IV)</enum><text>The Associate Administrator of the Maternal and Child Health Bureau of the Health Resources and Services Administration.</text></subclause> <subclause id="id9710341beb664254a1b0ce0936c55c68"><enum>(V)</enum><text>The Director of the Agency for Healthcare Research and Quality.</text></subclause>
<subclause id="id70f27d643ea240b8880d2db0ec4fef64"><enum>(VI)</enum><text>The National Coordinator for Health Information Technology.</text></subclause> <subclause id="id3eef1a58ae1e4f5d951ff3a0c988ca49"><enum>(VII)</enum><text>The Director of the National Institutes of Health.</text></subclause>
<subclause id="idf3a0f31ab59241e7a58baabf2f399fbc"><enum>(VIII)</enum><text>The Secretary of Veterans Affairs.</text></subclause> <subclause id="idfd2ff7987e2b48b693b166a3bb4cceec"><enum>(IX)</enum><text>The Director of the Indian Health Service.</text></subclause>
<subclause id="id889ADDAF27214AFFB4D1781999543654"><enum>(X)</enum><text>The Deputy Assistant Secretary for Minority Health.</text></subclause> <subclause id="idd7a550aeda084e34bc73f5cff114403b"><enum>(XI)</enum><text>The Administrator of the Substance Abuse and Mental Health Services Administration.</text></subclause>
<subclause id="idC404A704837B4D5FA2EB5A8C559860C7"><enum>(XII)</enum><text>The Deputy Assistant Secretary for Women's Health.</text></subclause> <subclause id="id84FFD6A991D946598FAD615D47856B53"><enum>(XIII)</enum><text>Such other Federal officials or their designees as the Secretary determines appropriate.</text></subclause></clause>
<clause id="id2CE6415ADC694B30963E826825E1117D"><enum>(ii)</enum><header>Non-Federal officials</header>
<subclause id="id56053BB2AABD47F0B645FA59F7C0E0A3"><enum>(I)</enum><header>In general</header><text>The Advisory Committee shall include the following as voting members:</text> <item id="ideeb9a864e8bb472ca5b2b8129b8a5c05"><enum>(aa)</enum><text>At least 1 representative from a professional organization representing hospitals and health systems.</text></item>
<item id="idd4d1978d68e74d2695ec1c3a118b445e"><enum>(bb)</enum><text>At least 1 representative from a medical professional organization representing primary care providers.</text></item> <item id="id04ae78aabf0647d5ad913c3080ff8684"><enum>(cc)</enum><text>At least 1 representative from a medical professional organization representing general obstetrician-gynecologists.</text></item>
<item id="idaa391e776c6c4a8f8e4cda32bd2373e4"><enum>(dd)</enum><text>At least 1 representative from a medical professional organization representing certified nurse-midwives.</text></item> <item id="id6854a3e98a98433dbf004d1f8101e542"><enum>(ee)</enum><text>At least 1 representative from a medical professional organization representing other maternal fetal medicine providers.</text></item>
<item id="id2b2f10c77ca749949bdfe6d1ed0c5066"><enum>(ff)</enum><text>At least 1 representative from a medical professional organization representing anesthesiologists.</text></item> <item id="id6bb8c47d58cb4d46b2639a6eeaf805a3"><enum>(gg)</enum><text>At least 1 representative from a medical professional organization representing emergency medicine physicians and urgent care providers.</text></item>
<item id="id9191049e7d634c3ebe717e6f357ba4f7"><enum>(hh)</enum><text>At least 1 representative from a medical professional organization representing nurses.</text></item> <item id="id4A829FE4B2D04C9DA2F6F5C79B892D41"><enum>(ii)</enum><text>At least 1 representative from a professional organization representing community health workers. </text></item>
<item id="id90A98BC534AE4C428B11A3806AB50F55"><enum>(jj)</enum><text>At least 1 representative from a professional organization representing doulas.</text></item> <item id="id8AF36816156844CA9810FDE89198C866"><enum>(kk)</enum><text>At least 1 representative from a professional organization representing perinatal psychiatrists. </text></item>
<item id="id6586cbd8335144c886c4bed8c6aa87f2"><enum>(ll)</enum><text>At least 1 representative from State-affiliated programs or existing collaboratives with demonstrated expertise or success in improving maternal health. </text></item> <item id="idB6364507CBB243B5A093F6AC64A3CE5D"><enum>(mm)</enum><text>At least 1 director of a State Medicaid agency that has had demonstrated success in improving maternal health.</text></item>
<item id="id179BA177FD7E4B928B9D1896EE5EAC39"><enum>(nn)</enum><text>At least 1 representative from an accrediting organization for maternal health quality and safety standards.</text></item> <item id="id78EC6F39FDDF4DBAB7F2C2CD8625B55C"><enum>(oo)</enum><text>At least 1 representative from a maternal patient advocacy organization with lived experience of severe maternal morbidity.</text></item></subclause>
<subclause id="id6637FCDBB3494004902F777AC5F94C4A"><enum>(II)</enum><header>Requirements</header><text>Each individual selected to be a member under this clause shall—</text> <item id="idF8CD1AED87B146E6A2D17329D06E6AFC"><enum>(aa)</enum><text>have expertise in maternal health; </text></item>
<item id="id717F22D8F9844450BDB74457329EFDF9"><enum>(bb)</enum><text>not be a Federal official; and</text></item> <item id="idf494ebf32765442fb00463ae94334665"><enum>(cc)</enum><text>have experience working with populations that are at higher risk for maternal mortality or severe morbidity, such as populations that experience racial, ethnic, and geographic health disparities, pregnant and postpartum women experiencing a mental health disorder, or pregnant or postpartum women with other comorbidities such as substance use disorders, hypertension, thyroid disorders, and sickle cell disease. </text></item></subclause></clause></subparagraph>
<subparagraph id="id8D5C728334AF4363AF0888C61CF6B1E7"><enum>(C)</enum><header>Additional members</header>
<clause id="idF65E6E854977459ABA98D94C0514D699"><enum>(i)</enum><header>In general</header><text>In addition to the members required to be appointed under subparagraph (B), the Secretary may appoint to the Advisory Committee such other individuals with relevant expertise or experience as the Secretary shall determine appropriate, which may include individuals described in clause (ii). </text></clause> <clause id="idC98B1098D3D34753A06112866C9F4BDB"><enum>(ii)</enum><header>Suggested additional members</header><text>The individuals described in this clause are the following:</text>
<subclause id="idd7fb507747f84b63ae67d8ebb63146ce"><enum>(I)</enum><text>Representatives from State maternal mortality review committees and perinatal quality collaboratives.</text></subclause> <subclause id="id4d9966e7b23a4bb2967116dab91d0bce"><enum>(II)</enum><text>Medical providers who care for women and infants during pregnancy and the postpartum period, such as family practice physicians, cardiologists, pulmonology critical care specialists, endocrinologists, pediatricians, and neonatologists.</text></subclause>
<subclause id="id21c1e1a925a348fda8001bd0635d03cc"><enum>(III)</enum><text>Representatives from State and local public health departments, including State Medicaid Agencies. </text></subclause> <subclause id="idd53ccbbda9a440ac87484ed7a9200d54"><enum>(IV)</enum><text>Subject matter experts in conducting outreach to women who are African American or belong to another minority group.</text></subclause>
<subclause id="id7ef787ff517c48a199fc8c698bca864a"><enum>(V)</enum><text>Directors of State agencies responsible for administering a State's maternal and child health services program under title V of the Social Security Act (<external-xref legal-doc="usc" parsable-cite="usc/42/701">42 U.S.C. 701</external-xref> et seq.).</text></subclause> <subclause id="id90C159163B7146AF8443B8E519CFCF1C"><enum>(VI)</enum><text>Experts in medical education or physician training.</text></subclause>
<subclause id="idDC2BE76927AE4518B7CC5F6B500D9BD6"><enum>(VII)</enum><text>Representatives from medicaid managed care organizations.</text></subclause></clause></subparagraph></paragraph> <paragraph id="idB85159CC72724B1DB766B43F6A5D5983"><enum>(4)</enum><header>Applicability of FACA</header><text>The Federal Advisory Committee Act (5 U.S.C. App.) shall apply to the committee established under this subsection.</text></paragraph></subsection>
<subsection id="id84B3B1ADD092440896C76ABEF270FB49"><enum>(d)</enum><header>Contents</header><text>The guidance described in subsection (a) shall include, with respect to hospitals, freestanding birth centers, and other maternal care providers, the following:</text> <paragraph id="id68ed02d017764f0baec96fc6012c92f2"><enum>(1)</enum><text>Best practices regarding evidence-based screening and clinician education initiatives relating to screening and treatment protocols for individuals who are at risk of experiencing complications related to pregnancy, with an emphasis on individuals with preconditions directly linked to pregnancy complications and maternal mortality and severe morbidity, including—</text>
<subparagraph id="id6B48A6AA20DA4E8D823DA9F331CACCB8"><enum>(A)</enum><text>methods to identify individuals who are at risk of maternal mortality or severe morbidity, including risk stratification;</text></subparagraph> <subparagraph id="id56B3AF33AE874CD8A3D635771468918C"><enum>(B)</enum><text>evidence-based risk factors associated with maternal mortality or severe morbidity and racial, ethnic, and geographic health disparities; </text></subparagraph>
<subparagraph id="id460ddc975d39407684a7fcd95d492150"><enum>(C)</enum><text>evidence-based strategies to reduce risk factors associated with maternal mortality or severe morbidity through services which may be covered under Medicaid or CHIP, including, but not limited to, activities by community health workers (as such term is defined in section 2113(f)(4) of the Social Security Act (<external-xref legal-doc="usc" parsable-cite="usc/42/1397mm">42 U.S.C. 1397mm(f)(4)</external-xref>)) that are funded by a grant awarded under such section; </text></subparagraph> <subparagraph id="idBB06FC8AE6E340F381B5711E4228052B"><enum>(D)</enum><text>resources available to such individuals, such as nutrition assistance and education, home visitation, mental health and substance use disorder services, smoking cessation programs, prenatal care, and other evidence-based maternal mortality or severe morbidity reduction programs; </text></subparagraph>
<subparagraph id="id5CE2418A9A4E463D8C6F8266F6D5B79C"><enum>(E)</enum><text>examples of educational materials used by providers of obstetrics services; </text></subparagraph> <subparagraph id="id18D2DE15B5C54BA39AD0D56D190E6A7E"><enum>(F)</enum><text>methods for improving community centralized care, including providing telehealth services or home visits to increase and facilitate access to and engagement in prenatal and postpartum care and collaboration with home health agencies, community health centers, local public health departments, or clinics;</text></subparagraph>
<subparagraph id="id605073b77c114d9cb7f228f839bd0a75"><enum>(G)</enum><text>guidance on medical record diagnosis codes linked to maternal mortality and severe morbidity, including, if applicable, codes related to social risk factors, and methods for educating clinicians on the proper use of such codes; </text></subparagraph> <subparagraph id="idB9BCF73D1FF14E3DBE7AB1792491C434"><enum>(H)</enum><text>risk appropriate transfer protocols during pregnancy, childbirth, and the post­par­tum period; and</text></subparagraph>
<subparagraph id="idAEA1958C60FB42118C3FB67DB7A36D58"><enum>(I)</enum><text>any other information related to prevention and treatment of at-risk individuals determined appropriate by the Secretary.</text></subparagraph></paragraph> <paragraph id="id714e6c6809fc4a7a96e3d2f3d5e50fd1"><enum>(2)</enum><text>Guidance on monitoring programs for individuals who have been identified as at risk of complications related to pregnancy.</text></paragraph>
<paragraph id="id5089baf5d2474f989ef190013345cd27"><enum>(3)</enum><text>Best practices for such hospitals, freestanding birth centers, and providers to make pregnant women aware of the complications related to pregnancy.</text></paragraph> <paragraph id="id9d2ff5a464c54f32b4c85b3ecfa74a8a"><enum>(4)</enum><text>A fact sheet for providing pregnant women who are receiving care on an outpatient basis with a notice during the prenatal stage of pregnancy that—</text>
<subparagraph id="id03273D649BE044378F85A9F79278451D"><enum>(A)</enum><text>explains the risks associated with pregnancy, birth, and the postpartum period (including the risks of hemorrhage, preterm birth, sepsis, eclampsia, obstructed labor), chronic conditions (including high blood pressure, diabetes, heart disease, depression, and obesity) correlated with adverse pregnancy outcomes, risks associated with advanced maternal age, and the importance of adhering to a personalized plan of care;</text></subparagraph> <subparagraph id="id7947BA1050924F1E98EB2D9E804E0990"><enum>(B)</enum><text>highlights multimodal and evidence-based prevention and treatment techniques;</text></subparagraph>
<subparagraph id="id7690B6F334D54B88BEA229F563DA1008"><enum>(C)</enum><text>provides for a method (through signature or otherwise) for such an individual, or a person acting on such individual’s behalf, to acknowledge receipt of such fact sheet;</text></subparagraph> <subparagraph id="id955C8D114E9C43039176E5ADF46A3348"><enum>(D)</enum><text>is worded in an easily understandable manner and made available in multiple languages and accessible formats determined appropriate by the Secretary; and</text></subparagraph>
<subparagraph id="id61B0DA45DE39490D835584C8E46EB954"><enum>(E)</enum><text>includes any other information determined appropriate by the Secretary.</text></subparagraph></paragraph> <paragraph id="idad3945c8b2004628b51d3cba8233b339"><enum>(5)</enum><text>A template for a voluntary clinician checklist that outlines the minimum responsibilities that clinicians, such as physicians, certified nurse-midwives, emergency room and urgent care providers, nurses and others, are expected to meet in order to promote quality and safety in the provision of obstetric services.</text></paragraph>
<paragraph id="id463a907c4d1c4d1fbedb524d996938a3"><enum>(6)</enum><text>A template for a voluntary checklist that outlines the minimum responsibilities that hospital leadership responsible for direct patient care, such as the institution’s president, chief medical officer, chief nursing officer, or other hospital leadership that directly report to the president or chief executive officer of the institution, should meet to promote hospital-wide initiatives that improve quality and safety in the provision of obstetric services. </text></paragraph> <paragraph id="idd3ddb0386ee04dac9cdb331cb814cad9"><enum>(7)</enum><text>Information on multi-stakeholder quality improvement initiatives, such as the Alliance for Innovation on Maternal Health, State perinatal quality improvement initiatives, and other similar initiatives determined appropriate by the Secretary, including—</text>
<subparagraph id="id2E526DB730074061A949D66E92112CCA"><enum>(A)</enum><text>information about such improvement initiatives and how to join;</text></subparagraph> <subparagraph id="id17F989A62CFE45688A11A11DC8AF1B07"><enum>(B)</enum><text>information about public maternal data collection centers;</text></subparagraph>
<subparagraph id="id8B6736F7478E44038CB73C267468D8C9"><enum>(C)</enum><text>information about quality metrics used and outcomes achieved by such improvement initiatives;</text></subparagraph> <subparagraph id="id7D713A2BB5734F15993DC17D548A2ACD"><enum>(D)</enum><text>information about data sharing techniques used by such improvement initiatives;</text></subparagraph>
<subparagraph id="id822471BA2C4A4026B13C164A3D209A8B"><enum>(E)</enum><text>information about data sources used by such improvement initiatives to identify maternal mortality and severe morbidity risks;</text></subparagraph> <subparagraph id="idD5250E9F3B0347F7970EFE07B62DB413"><enum>(F)</enum><text>information about interventions used by such improvement initiatives to mitigate risks of maternal mortality and severe morbidity; </text></subparagraph>
<subparagraph id="idD2E57CC589784A3FB3D2380B108FADFD"><enum>(G)</enum><text>information about data collection techniques on race, ethnicity, geography, age, income, and other demographic information used by such improvement initiatives; and</text></subparagraph> <subparagraph id="id667EA2F7355740428447B1EA88B40DCD"><enum>(H)</enum><text>any other information determined appropriate by the Secretary.</text></subparagraph></paragraph></subsection>
<subsection id="id1d960910d896410381de787b838bc6b2"><enum>(e)</enum><header>Inclusion of best practices</header><text>Not later than 18 months after the date of the publication of the guidance required under subsection (a), the Secretary shall update such guidance to include best practices identified by the Secretary for such hospitals, freestanding birth centers, and providers to track maternal mortality and severe morbidity trends by clinicians at such hospitals, freestanding birth centers, and providers including—</text> <paragraph id="id07EB3EE32A3F4A72A48D97FA5468EFB8"><enum>(1)</enum><text>ways to establish scoring systems, which may include quality triggers and safety and quality metrics to score case and patient outcome metrics, for such clinicians;</text></paragraph>
<paragraph id="id729FE456B4C848BAA59FA93F75064568"><enum>(2)</enum><text>methods to identify, educate, and improve such clinicians who may have higher rates of maternal mortality or severe morbidity compared to their regional or State peers (taking into account differences in patient risk for adverse outcomes, which may include social risk factors);</text></paragraph> <paragraph id="id647B345570E74B17B30B1FF43595C68A"><enum>(3)</enum><text>methods for using such data and tracking to enhance research efforts focused on maternal health, while also improving patient outcomes, clinician education and training, and coordination of care; and</text></paragraph>
<paragraph id="id9442EE9B44744C4EB7E2AAB34FF8EC00"><enum>(4)</enum><text>any other information determined appropriate by the Secretary.</text></paragraph></subsection> <subsection id="idc308dae5671942d8a5a3c317970634ef"><enum>(f)</enum><header>Cultural and linguistic appropriateness</header><text>To the extent practicable, the Secretary should develop the guidance, best practices, fact sheets, templates, and other materials that are required under this section in a trauma-informed, culturally and linguistically appropriate manner. </text></subsection></section>
<section id="idC1161BE8CF8544BC903FCFCE8339EF12"><enum>3.</enum><header>Report on payment methodologies for transferring pregnant women between facilities before, during, and after childbirth</header>
<subsection id="idA8C752C5002047E8A62A206EA4F8D565"><enum>(a)</enum><header>In general</header><text display-inline="yes-display-inline">Subject to the availability of appropriations, not later than 36 months after the date of enactment of this Act, the Secretary shall submit to Congress a report on the payment methodologies under Medicaid for the antepartum, intrapartum, and postpartum transfer of pregnant women from one health care facility to another, including any potential disincentives or regulatory barriers to such transfers. </text></subsection> <subsection id="id981AAED9667143B3AB8C1196FB04D5FA" commented="no" display-inline="no-display-inline"><enum>(b)</enum><header>Consultation</header><text>In developing the report required under subsection (a), the Secretary shall consult with the advisory committee established under section 2(c). </text></subsection></section>
</legis-body>
</bill> 


