<?xml version="1.0"?>
<?xml-stylesheet type="text/xsl" href="billres.xsl"?>
<!DOCTYPE bill PUBLIC "-//US Congress//DTDs/bill.dtd//EN" "bill.dtd">
<bill bill-stage="Introduced-in-Senate" dms-id="A1" public-private="public" slc-id="S1-RYA21123-S94-H6-XVN"><metadata xmlns:dc="http://purl.org/dc/elements/1.1/">
<dublinCore>
<dc:title>117 S282 IS: Arctic Refuge Protection Act of 2021</dc:title>
<dc:publisher>U.S. Senate</dc:publisher>
<dc:date>2021-02-08</dc:date>
<dc:format>text/xml</dc:format>
<dc:language>EN</dc:language>
<dc:rights>Pursuant to Title 17 Section 105 of the United States Code, this file is not subject to copyright protection and is in the public domain.</dc:rights>
</dublinCore>
</metadata>
<form>
<distribution-code display="yes">II</distribution-code><congress>117th CONGRESS</congress><session>1st Session</session><legis-num>S. 282</legis-num><current-chamber>IN THE SENATE OF THE UNITED STATES</current-chamber><action><action-date date="20210208">February 8, 2021</action-date><action-desc><sponsor name-id="S369">Mr. Markey</sponsor> (for himself, <cosponsor name-id="S330">Mr. Bennet</cosponsor>, <cosponsor name-id="S275">Ms. Cantwell</cosponsor>, <cosponsor name-id="S277">Mr. Carper</cosponsor>, <cosponsor name-id="S341">Mr. Blumenthal</cosponsor>, <cosponsor name-id="S370">Mr. Booker</cosponsor>, <cosponsor name-id="S359">Mr. Heinrich</cosponsor>, <cosponsor name-id="S057">Mr. Leahy</cosponsor>, <cosponsor name-id="S229">Mrs. Murray</cosponsor>, <cosponsor name-id="S324">Mrs. Shaheen</cosponsor>, <cosponsor name-id="S390">Mr. Van Hollen</cosponsor>, <cosponsor name-id="S247">Mr. Wyden</cosponsor>, <cosponsor name-id="S284">Ms. Stabenow</cosponsor>, <cosponsor name-id="S366">Ms. Warren</cosponsor>, <cosponsor name-id="S306">Mr. Menendez</cosponsor>, <cosponsor name-id="S221">Mrs. Feinstein</cosponsor>, <cosponsor name-id="S316">Mr. Whitehouse</cosponsor>, <cosponsor name-id="S380">Mr. Peters</cosponsor>, <cosponsor name-id="S322">Mr. Merkley</cosponsor>, <cosponsor name-id="S309">Mr. Casey</cosponsor>, <cosponsor name-id="S402">Ms. Rosen</cosponsor>, <cosponsor name-id="S394">Ms. Smith</cosponsor>, <cosponsor name-id="S253">Mr. Durbin</cosponsor>, <cosponsor name-id="S311">Ms. Klobuchar</cosponsor>, <cosponsor name-id="S308">Mr. Cardin</cosponsor>, <cosponsor name-id="S313">Mr. Sanders</cosponsor>, <cosponsor name-id="S354">Ms. Baldwin</cosponsor>, and <cosponsor name-id="S361">Ms. Hirono</cosponsor>) introduced the following bill; which was read twice and referred to the <committee-name committee-id="SSEV00">Committee on Environment and Public Works</committee-name></action-desc></action><legis-type>A BILL</legis-type><official-title>To designate a portion of the Arctic National Wildlife Refuge as wilderness.</official-title></form><legis-body display-enacting-clause="yes-display-enacting-clause"><section section-type="section-one" id="ID9EDAAF50EF414219A1281FBCA2766D71"><enum>1.</enum><header>Short title</header><text display-inline="no-display-inline">This Act may be cited as the <quote><short-title>Arctic Refuge Protection Act of 2021</short-title></quote>.</text></section><section section-type="subsequent-section" id="id1F53EDC482664F238EF9E786F0D487E7"><enum>2.</enum><header>Designation of portion of Arctic National Wildlife Refuge as wilderness</header><text display-inline="no-display-inline">Section 4 of the National Wildlife Refuge System Administration Act of 1966 (<external-xref legal-doc="usc" parsable-cite="usc/16/668dd">16 U.S.C. 668dd</external-xref>) is amended by adding at the end the following:</text><quoted-block id="IDA4E2E8849C08485B0035003DEECD6819"><subsection id="ID5F7462CAE9D6476F98B2CA00E5C49415"><enum>(p)</enum><header>Designation of
 certain land as wilderness</header><text>Notwithstanding any other provision of this Act, a portion of the Arctic National Wildlife Refuge in Alaska comprising approximately 1,559,538 acres, as generally depicted on the map entitled <quote>Arctic National Wildlife Refuge, Coastal Plain Proposed Wilderness</quote>, dated October 20, 2015, labeled with Map ID 03–0172, and available for inspection in the offices of the Secretary, is designated as a component of the National Wilderness Preservation System under the Wilderness Act (<external-xref legal-doc="usc" parsable-cite="usc/16/1131">16 U.S.C. 1131</external-xref> et seq.).</text></subsection><after-quoted-block>.</after-quoted-block></quoted-block></section></legis-body></bill>


