<?xml version="1.0"?>
<?xml-stylesheet type="text/xsl" href="billres.xsl"?>
<!DOCTYPE bill PUBLIC "-//US Congress//DTDs/bill.dtd//EN" "bill.dtd">
<bill bill-type="olc" bill-stage="Introduced-in-Senate" dms-id="A1" public-private="public" slc-id="S1-MAZ21165-T7P-93-NMG"><metadata xmlns:dc="http://purl.org/dc/elements/1.1/">
<dublinCore>
<dc:title>117 S277 IS: Public Water Supply Invasive Species Compliance Act of 2021</dc:title>
<dc:publisher>U.S. Senate</dc:publisher>
<dc:date>2021-02-08</dc:date>
<dc:format>text/xml</dc:format>
<dc:language>EN</dc:language>
<dc:rights>Pursuant to Title 17 Section 105 of the United States Code, this file is not subject to copyright protection and is in the public domain.</dc:rights>
</dublinCore>
</metadata>
<form>
<distribution-code display="yes">II</distribution-code><congress>117th CONGRESS</congress><session>1st Session</session><legis-num>S. 277</legis-num><current-chamber>IN THE SENATE OF THE UNITED STATES</current-chamber><action><action-date date="20210208">February 8, 2021</action-date><action-desc><sponsor name-id="S355">Mr. Cruz</sponsor> (for himself and <cosponsor name-id="S373">Mr. Cassidy</cosponsor>) introduced the following bill; which was read twice and referred to the <committee-name committee-id="SSEV00">Committee on Environment and Public Works</committee-name></action-desc></action><legis-type>A BILL</legis-type><official-title>To exempt from the Lacey Act and the Lacey Act Amendments of 1981 certain water transfers between any of the States of Texas, Arkansas, and Louisiana, and for other purposes.</official-title></form><legis-body style="OLC" display-enacting-clause="yes-display-enacting-clause" id="HEE5BA148EB2645FF9A2633D4AA9E6FC9"><section section-type="section-one" id="HB57F1850E8EE4748AEE5763EE55189D1"><enum>1.</enum><header>Short title</header><text display-inline="no-display-inline">This Act may be cited as the <quote><short-title>Public Water Supply Invasive Species Compliance Act of 2021</short-title></quote>.</text></section><section id="H9D4BA459BF92446D9D51190FBC7F719F"><enum>2.</enum><header>Exemption of certain water transfers from the Lacey Act and the Lacey Act Amendments of 1981</header><subsection id="HAC2CB91FA53E4E96841778E07FB49698"><enum>(a)</enum><header>Definitions</header><text>In this section:</text><paragraph id="H0536F55B931F4A2E906D50B0E4647DF1"><enum>(1)</enum><header>Covered water transfer</header><text>The term <quote>covered water transfer</quote> means a transfer of water containing a prohibited species between public water supplies located on, along, or across the State boundaries between any of the States of Texas, Arkansas, and Louisiana.</text></paragraph><paragraph id="H9058B3087C4248B1B2CF5AD76BFFF3B3"><enum>(2)</enum><header>Prohibited species</header><text>The term <quote>prohibited species</quote> means any species—</text><subparagraph id="H7ACA4827C6744CB89A383438A3643453"><enum>(A)</enum><text>the shipment of which is otherwise prohibited by section 42 of title 18, United States Code (commonly known as the <quote>Lacey Act</quote>); or</text></subparagraph><subparagraph id="H2567BAAB2AC84C10BA8790F1A23F1FEF"><enum>(B)</enum><text>the transfer of which is otherwise prohibited by the Lacey Act Amendments of 1981 (<external-xref legal-doc="usc" parsable-cite="usc/16/3371">16 U.S.C. 3371</external-xref> et seq.).</text></subparagraph></paragraph><paragraph commented="no" display-inline="no-display-inline" id="H2B55BECFE4764653926A6BA3C6211D44"><enum>(3)</enum><header>Public water supply</header><text>The term <quote>public water supply</quote> means any body of water, including any river, lake, or stream, the water of which is available or made available to the public.</text></paragraph></subsection><subsection id="H979265833FDE4E52879306785B31B12D"><enum>(b)</enum><header>Exemption</header><text>Section 42 of title 18, United States Code (commonly known as the <quote>Lacey Act</quote>), and the Lacey Act Amendments of 1981 (<external-xref legal-doc="usc" parsable-cite="usc/16/3371">16 U.S.C. 3371</external-xref> et seq.) shall not apply with respect to any covered water transfer, if—</text><paragraph id="H8AB6B0104CC54448877359BAD2DA907B"><enum>(1)</enum><subparagraph commented="no" display-inline="yes-display-inline" id="HE548548EE83841D6BDA5CF3FC357E732"><enum>(A)</enum><text>all prohibited species in the water transferred are located in both of the public water supplies between which the water is transferred;</text></subparagraph><subparagraph id="H3BC9E6FBF6A642568D2C64795A6B94C7" indent="up1"><enum>(B)</enum><text>the water is transferred directly between those public water supplies; and</text></subparagraph><subparagraph id="id56FAE0D06EC24A9C99D3AA94651B20AD" indent="up1"><enum>(C)</enum><text>the water is subject to effective mitigation measures that are reviewed and approved by the appropriate State agency of the State to which the water is being transferred, including—</text><clause id="id15D08E0A2C134EEB995C18BCA9E5AB47"><enum>(i)</enum><text>chemically treating the water for suspected or known prohibited species;</text></clause><clause id="id1CC7554666CA40BFBBB06EC0DD8ADC93"><enum>(ii)</enum><text>limiting transfers to certain times;</text></clause><clause id="idF847D32CEABD4E10952FBB6A1D845E18"><enum>(iii)</enum><text>withdrawing water only from certain depths;</text></clause><clause id="id35753B6826604EF4A5FAC30DC365026C"><enum>(iv)</enum><text>filtration;</text></clause><clause id="idAE0905508A274D319BDFF6F3AB057A3F"><enum>(v)</enum><text>enhanced monitoring; and</text></clause><clause id="idAB463A7E8E72466AABB77FDD6FD49AAA"><enum>(vi)</enum><text>other mitigation measures; or</text></clause></subparagraph></paragraph><paragraph id="HF62CFA83DCAB49BC8C5925628FBF59E5"><enum>(2)</enum><text display-inline="yes-display-inline">the water is transferred in a closed conveyance system directly to treatment facilities where all prohibited species contained in the water transferred will be extirpated.</text></paragraph></subsection><subsection id="idF4D32A61E44E47EAA741D0BBF6A45285"><enum>(c)</enum><header>Notification</header><paragraph id="idC09CF9CE29FE4CFA9C3C6B9659530A0C"><enum>(1)</enum><header>In general</header><text>Before the first covered water transfer described in subsection (b)(1) occurs in a calendar year and subject to paragraph (2), the controlling authority of the public water supply from which the water is to be transferred (referred to in this subsection as the <quote>donor public water supply</quote>) shall submit to the controlling authority of the public water supply to which the water is to be transferred (referred to in this subsection as the <quote>recipient public water supply</quote>) a written notification that includes—</text><subparagraph id="idC8DD20422FFA451BAA095C79286CA197"><enum>(A)</enum><text>the expected dates of the covered water transfer;</text></subparagraph><subparagraph id="id563583C0C3BA40E09EA9C8D512ADDB5B"><enum>(B)</enum><text>the volume of water to be transferred, which may include a range of possible volumes of water that may be transferred;</text></subparagraph><subparagraph id="id63D9BA4A9C7B4243AD5124EE935B6226"><enum>(C)</enum><text>a list of known prohibited species that are contained in the donor public water supply;</text></subparagraph><subparagraph id="id4396328264714374A7A99D552FA51D11"><enum>(D)</enum><text>a certification that the known prohibited species described in subparagraph (C) are present in both the donor public water supply and the recipient public water supply; and</text></subparagraph><subparagraph id="id1D2896525687461E92C4EB034B0A9D75"><enum>(E)</enum><text>a notice of other known species present in the donor public water supply that may be of concern to the controlling authority of the recipient public water supply, including species that are not prohibited by the laws referred to in subsection (b).</text></subparagraph></paragraph><paragraph id="id458321BD02B04A9BA6E7BB47B84E15DF"><enum>(2)</enum><header>Additional notification</header><text>In addition to the notification required under paragraph (1), the controlling authority of the donor public water supply shall provide to the controlling authority of the recipient public water supply a notification described in that paragraph if the controlling authority of the donor public water supply discovers a new prohibited species in the donor public water supply.</text></paragraph></subsection><subsection id="idE18FE05630EC475990068F1BB6697391"><enum>(d)</enum><header>Costs of mitigation measures</header><text>The costs of the mitigation measures described in subparagraph (C) of subsection (b)(1) for water subject to a covered water transfer described in that subsection shall be borne by the entity that sells the water for financial gain.</text></subsection></section></legis-body></bill>


