<?xml version="1.0"?>
<?xml-stylesheet type="text/xsl" href="billres.xsl"?>
<!DOCTYPE bill PUBLIC "-//US Congress//DTDs/bill.dtd//EN" "bill.dtd">
<bill bill-stage="Introduced-in-Senate" dms-id="A1" public-private="public" slc-id="S1-ALB21297-YWD-L7-DCD"><metadata xmlns:dc="http://purl.org/dc/elements/1.1/">
<dublinCore>
<dc:title>117 S426 IS: Inspector General Access Act of 2021</dc:title>
<dc:publisher>U.S. Senate</dc:publisher>
<dc:date>2021-02-24</dc:date>
<dc:format>text/xml</dc:format>
<dc:language>EN</dc:language>
<dc:rights>Pursuant to Title 17 Section 105 of the United States Code, this file is not subject to copyright protection and is in the public domain.</dc:rights>
</dublinCore>
</metadata>
<form>
<distribution-code display="yes">II</distribution-code><congress>117th CONGRESS</congress><session>1st Session</session><legis-num>S. 426</legis-num><current-chamber>IN THE SENATE OF THE UNITED STATES</current-chamber><action><action-date date="20210224">February 24, 2021</action-date><action-desc><sponsor name-id="S253">Mr. Durbin</sponsor> (for himself, <cosponsor name-id="S346">Mr. Lee</cosponsor>, <cosponsor name-id="S057">Mr. Leahy</cosponsor>, <cosponsor name-id="S153">Mr. Grassley</cosponsor>, <cosponsor name-id="S221">Mrs. Feinstein</cosponsor>, <cosponsor name-id="S350">Mr. Rubio</cosponsor>, <cosponsor name-id="S311">Ms. Klobuchar</cosponsor>, <cosponsor name-id="S355">Mr. Cruz</cosponsor>, <cosponsor name-id="S337">Mr. Coons</cosponsor>, <cosponsor name-id="S396">Mrs. Blackburn</cosponsor>, <cosponsor name-id="S341">Mr. Blumenthal</cosponsor>, and <cosponsor name-id="S361">Ms. Hirono</cosponsor>) introduced the following bill; which was read twice and referred to the <committee-name committee-id="SSJU00">Committee on the Judiciary</committee-name></action-desc></action><legis-type>A BILL</legis-type><official-title>To amend the Inspector General Act of 1978 relative to the powers of the Department of Justice Inspector General.</official-title></form><legis-body display-enacting-clause="yes-display-enacting-clause"><section section-type="section-one" id="id81BC8E650BE24D32B26429F96F3945F5"><enum>1.</enum><header>Short title</header><text display-inline="no-display-inline">This Act may be cited as the <quote><short-title>Inspector General Access Act of 2021</short-title></quote>.</text></section><section section-type="subsequent-section" id="id7448BE0FC74749B3B3494EE80CE22DF9"><enum>2.</enum><header>Investigations of Department of Justice personnel</header><text display-inline="no-display-inline">Section 8E of the Inspector General Act of 1978 (5 U.S.C. App.) is amended—</text><paragraph id="idF901BC519FA0469091142D059FB83E0B"><enum>(1)</enum><text display-inline="yes-display-inline">in subsection (b)—</text><subparagraph id="id7D173F98760243C1B08EFC97BDEA939C"><enum>(A)</enum><text display-inline="yes-display-inline">in paragraph (2), by striking <quote>and paragraph (3)</quote>;</text></subparagraph><subparagraph id="idCE7887F12F1B4604AA7A8A3EA369B095"><enum>(B)</enum><text display-inline="yes-display-inline">by striking paragraph (3);</text></subparagraph><subparagraph id="idF4E102AA8C4C4E4AA722B28F27776764"><enum>(C)</enum><text>by redesignating paragraphs (4) and (5) as paragraphs (3) and (4), respectively; and</text></subparagraph><subparagraph id="idF47E087840DA46C98F4B3E29565B1508"><enum>(D)</enum><text>in paragraph (4), as redesignated, by striking <quote>paragraph (4)</quote> and inserting <quote>paragraph (3)</quote>; and</text></subparagraph></paragraph><paragraph id="iddbb6e2f5fbe94ee3ad2bc5017dfd2910"><enum>(2)</enum><text>in subsection (d), by striking <quote>, except with respect to allegations described in subsection (b)(3),</quote>.</text></paragraph></section></legis-body></bill>


