<?xml version="1.0"?>
<?xml-stylesheet type="text/xsl" href="billres.xsl"?>
<!DOCTYPE bill PUBLIC "-//US Congress//DTDs/bill.dtd//EN" "bill.dtd">
<bill bill-stage="Introduced-in-Senate" dms-id="A1" public-private="public" slc-id="S1-BON21031-9P7-K5-NGN"><metadata xmlns:dc="http://purl.org/dc/elements/1.1/">
<dublinCore>
<dc:title>117 S483 IS: Workforce Mobility Act of 2021</dc:title>
<dc:publisher>U.S. Senate</dc:publisher>
<dc:date>2021-02-25</dc:date>
<dc:format>text/xml</dc:format>
<dc:language>EN</dc:language>
<dc:rights>Pursuant to Title 17 Section 105 of the United States Code, this file is not subject to copyright protection and is in the public domain.</dc:rights>
</dublinCore>
</metadata>
<form>
<distribution-code display="yes">II</distribution-code><congress>117th CONGRESS</congress><session>1st Session</session><legis-num>S. 483</legis-num><current-chamber>IN THE SENATE OF THE UNITED STATES</current-chamber><action><action-date date="20210225">February 25, 2021</action-date><action-desc><sponsor name-id="S364">Mr. Murphy</sponsor> (for himself, <cosponsor name-id="S391">Mr. Young</cosponsor>, <cosponsor name-id="S362">Mr. Kaine</cosponsor>, and <cosponsor name-id="S398">Mr. Cramer</cosponsor>) introduced the following bill; which was read twice and referred to the <committee-name committee-id="SSHR00">Committee on Health, Education, Labor, and Pensions</committee-name></action-desc></action><legis-type>A BILL</legis-type><official-title>To prohibit certain noncompete agreements, and for other purposes. </official-title></form><legis-body display-enacting-clause="yes-display-enacting-clause"><section section-type="section-one" id="S1"><enum>1.</enum><header>Short title</header><text display-inline="no-display-inline">This Act may be cited as the <quote><short-title>Workforce Mobility Act of 2021</short-title></quote>.</text></section><section id="id7ADCE34C4A8C4CB79FB402BAFF44414C"><enum>2.</enum><header>Findings</header><text display-inline="no-display-inline">Congress finds the following:</text><paragraph id="id5ebe799d0c8348679f92f979ea63caef"><enum>(1)</enum><text>The proliferation of noncompete agreements throughout sectors, occupational categories, and income brackets is contrary to Congress’ commitment to fostering stronger wage growth for workers in the United States. Economists now estimate that 1 in 5 workers is covered by a noncompete agreement.</text></paragraph><paragraph id="id1416bc3f29be40a3870955051688b1c5"><enum>(2)</enum><text>Noncompete agreements are blunt instruments that crudely protect employer interests and place a drag on national productivity by forcing covered workers to either idle for long periods of time or leave the industries where they have honed their skills altogether.</text></paragraph><paragraph id="id3035142cb29d4152823eff76aed9c170"><enum>(3)</enum><text>Enforceable noncompete agreements also reduce wages, restrict worker mobility, impinge on worker freedoms to maximize their labor market potential, and slow the pace of American innovation.</text></paragraph><paragraph id="idef87bd2e2f464a7f84db34780534dea2"><enum>(4)</enum><text>Employers have access to legal recourses to protect their legitimate interests and property, including trade secret protections, intellectual property protections, and nondisclosure agreements that do not inflict broad collateral harm on workers’ labor market prospects.</text></paragraph><paragraph id="id7a1c83b821da4775b6f62881d00d2061"><enum>(5)</enum><text>Employers that rely on a list or lists of vendors, customers, or clients that are not easily obtained by an individual through means other than the work relationship have adequate legal protection through the use of trade secrets protections and nondisclosure agreements.</text></paragraph><paragraph id="id96233F7C886549428992399FCD6E6620"><enum>(6)</enum><text>Noncompete agreements broadly restrict employment options for workers in the United States when more narrowly targeted remedies are readily available to employers.</text></paragraph><paragraph id="ida4414fedf7fa46eeba7987d16c09aff3"><enum>(7)</enum><text>Fostering an environment where employers can flourish is necessary to promote vitality and prosperity in the economy.</text></paragraph><paragraph id="id5C193FF9EC914E3F93F0EBDC3F1943FC"><enum>(8)</enum><text>Employers may retain critical skilled employees while ensuring that disincentives affecting mobility, including noncompete agreements, do not negatively impact the workforce in the United States.</text></paragraph></section><section id="id6721ad09bd9d462bb36ae653242ee20b"><enum>3.</enum><header>Prohibiting noncompete agreements</header><subsection id="idF521A4B822744780BE29759F233CE679"><enum>(a)</enum><header>Prohibition</header><paragraph id="id2006ADA114174E25844637D7288DABF5"><enum>(1)</enum><header>In general</header><text display-inline="yes-display-inline">Except as provided in subsection (b), no person shall enter into, enforce, or threaten to enforce a noncompete agreement with any individual who performs work for the person and who in any workweek is engaged in commerce or in the production of goods for commerce (or is employed in an enterprise engaged in commerce or in the production of goods for commerce).</text></paragraph><paragraph id="id47B6C564D83D40FFBA9B301D50BB0E81"><enum>(2)</enum><header>Effect of agreements</header><text>Except as provided in subsection (b), a noncompete agreement described in paragraph (1) shall have no force or effect.</text></paragraph></subsection><subsection id="idCD5B33A80BE044CA96800C686B900C8F"><enum>(b)</enum><header>Exceptions</header><paragraph id="id31808BC4AFB94484986096448BDD985E"><enum>(1)</enum><header>Sale of goodwill or ownership interest</header><subparagraph id="id3C5494D9CF9F41DE9431DBB383488FDC"><enum>(A)</enum><header>In general</header><text>Any person who sells the goodwill of a business, any owner of a business entity selling or otherwise disposing of all of his or her ownership interest in the business entity, or any owner of a business entity that sells an asset or interest as described in subparagraph (B), may enter into an agreement with the buyer to refrain from carrying on a like business within a specified geographic area described in subparagraph (C), if the buyer, or any person deriving title to the goodwill or ownership interest from the buyer, carries on a like business in such specified geographic area.</text></subparagraph><subparagraph id="id5606408046D1494098333D121FD9A055"><enum>(B)</enum><header>Asset or interest</header><text>An asset or interest described in this subparagraph is—</text><clause id="id2FABAC40344F4A14913C1A3DABEB9C58"><enum>(i)</enum><text>all or substantially all of the operating assets and the goodwill of the business entity;</text></clause><clause id="id6816236329C44FCC8DF44F0BAF70594F"><enum>(ii)</enum><text>all or substantially all of the operating assets of a division, or a subsidiary, of the business entity and the goodwill of that division or subsidiary; or</text></clause><clause id="id9941E9023E5B49558A00760B6FEFB635"><enum>(iii)</enum><text>all of the ownership interest of any subsidiary of the business entity.</text></clause></subparagraph><subparagraph id="id0563AF86B26F4CFD99B7B3F049131695"><enum>(C)</enum><header>Specified geographic area</header><text>A specified geographic area described in this subparagraph is a geographic area specified in the agreement described in subparagraph (A), or (D) as applicable, where the business, business entity, division, or subsidiary sold as the subject of such agreement, has conducted business prior to the agreement.</text></subparagraph><subparagraph commented="no" display-inline="no-display-inline" id="id34F9327EE4CD4237A43B92D5697142CC"><enum>(D)</enum><header>Senior executive officials with severance agreements</header><clause commented="no" display-inline="no-display-inline" id="idD8A6F4BE9D124A37AD7A86C248F693BC"><enum>(i)</enum><header>In general</header><text>Any buyer or seller described in subparagraph (A) may enter into an agreement with a senior executive official who has a severance agreement described in clause (iii) for the senior executive official to refrain from carrying on a like business within a specified geographic area described in subparagraph (C), if the buyer, or any person deriving title to the goodwill or ownership interest from the buyer, carries on a like business in such specified geographic area.</text></clause><clause commented="no" display-inline="no-display-inline" id="id850384B932B1473D8AD156D028DFD1AF"><enum>(ii)</enum><header>Time-limited agreement</header><text>An agreement described in clause (i) may not require the senior executive official to refrain from carrying on a like business as described in such clause for a period that is greater than one year.</text></clause><clause commented="no" display-inline="no-display-inline" id="idCA2CBC3A197748E680888E252EFE0782"><enum>(iii)</enum><header>Severance agreement</header><text>A severance agreement described in this clause is an agreement between the buyer and the senior executive official, or an agreement between the seller and the senior executive official, described in clause (i) that—</text><subclause commented="no" display-inline="no-display-inline" id="id27A65CB06AD149A1B2C1EF472C47E182"><enum>(I)</enum><text>is part of the terms and conditions of the sale; and</text></subclause><subclause commented="no" display-inline="no-display-inline" id="idD134DF733A5A4ECE8D2123AA992F080C"><enum>(II)</enum><text>requires monetary compensation for the senior executive official in the event of termination of the employment of the senior executive official at an amount that is greater than or equal to the compensation the official is reasonably expected to receive from the buyer during the 1-year period following the sale.</text></subclause></clause></subparagraph><subparagraph commented="no" display-inline="no-display-inline" id="idA9066EF5B2084E0D8FC3F019A99A331D"><enum>(E)</enum><header>Definitions</header><clause commented="no" display-inline="no-display-inline" id="id7FB398E839EF402C874237D9DEAD1A9C"><enum>(i)</enum><header>Buyer, sale, seller</header><text>For purposes of this paragraph—</text><subclause commented="no" display-inline="no-display-inline" id="idCC924BE3E6BE4B4D98569DCCD5228F80"><enum>(I)</enum><text>the term <term>buyer</term> means, as described in subparagraph (A), any person who buys the goodwill of a business, buys or otherwise acquires ownership interest in a business entity, or buys an asset or interest as described in subparagraph (B);</text></subclause><subclause commented="no" display-inline="no-display-inline" id="id5CDD6DFFAF2749E3A13CC9E5AF905327"><enum>(II)</enum><text>the term <term>sale</term> means, as described in subparagraph (A), the sale of the goodwill of a business, the sale or other disposal of all of the ownership interest of the seller in a business entity, or the sale of an asset or interest as described in subparagraph (B); and</text></subclause><subclause commented="no" display-inline="no-display-inline" id="id50B35FB65C7349379A4D2D468EDD0F7B"><enum>(III)</enum><text>the term <term>seller</term> means, as described in subparagraph (A), any person who sells the goodwill of a business, any owner of a business entity selling or otherwise disposing of all of his or her ownership interest in the business entity, or any owner of a business entity that sells an asset or interest as described in subparagraph (B).</text></subclause></clause><clause commented="no" display-inline="no-display-inline" id="idAD2EA138E9AB4824A40F869EF6DBEDA0"><enum>(ii)</enum><header>Senior executive official</header><text>For purposes of subparagraph (D), the term <term>senior executive official</term> means an official who was acquired as an employee of the buyer through the terms and conditions of the sale, and, on the day before the date of such sale—</text><subclause commented="no" display-inline="no-display-inline" id="idDFDC77837EAF4C5898068498ADA22C10"><enum>(I)</enum><text>who was employed by the seller;</text></subclause><subclause commented="no" display-inline="no-display-inline" id="idA30CF11219C74EE2BDB561ACCE486303"><enum>(II)</enum><text>who had an integral role in the senior executive management team of the seller;</text></subclause><subclause commented="no" display-inline="no-display-inline" id="id0B0E5DA741AD46FCB0883A159FB76A8C"><enum>(III)</enum><text>who was responsible for making or directing major decisions of the seller; and</text></subclause><subclause commented="no" display-inline="no-display-inline" id="idAB33376613CB4A90868292C43C249C2C"><enum>(IV)</enum><text>whose rate of compensation was in the highest 10 percent of the compensation rates for all employees of the seller.</text></subclause></clause></subparagraph></paragraph><paragraph id="idACA4D50B98AB427EAF01E85C6D9E1BA6"><enum>(2)</enum><header>Partnership dissolution or disassociation</header><subparagraph id="id2E4790BC195A4886B8F1DF199A823CB0"><enum>(A)</enum><header>In general</header><text>Any partner may, upon or in anticipation of any circumstance described in subparagraph (B), enter into an agreement with any other member of the partnership that the partner will not carry on a like business within a specified geographic area described in subparagraph (C), if any other member of the partnership, or any person deriving title to the business or the goodwill of the business from any other member of the partnership, carries on a like business in such specified geographic area.</text></subparagraph><subparagraph id="id7AE42498754546BA96AAF3CD37BB4214"><enum>(B)</enum><header>Circumstances</header><text>A circumstance described in this subparagraph is either of the following:</text><clause id="id0376b71b9ea84314a60f6c2fed1250b6"><enum>(i)</enum><text>A dissolution of the partnership.</text></clause><clause id="id26522cebdc574ebaafaf51542593adf1"><enum>(ii)</enum><text>Dissociation of the partner from the partnership.</text></clause></subparagraph><subparagraph commented="no" display-inline="no-display-inline" id="id501B1A81145545F2BF182831628635F3"><enum>(C)</enum><header>Specified geographic area</header><text>A specified geographic area described in this subparagraph is a geographic area specified in the agreement described in subparagraph (A) where any business of the partnership has been transacted prior to the agreement.</text></subparagraph></paragraph></subsection></section><section commented="no" display-inline="no-display-inline" id="idBFFEE2788DED43129E48E32572B0F42D"><enum>4.</enum><header>Trade secrets</header><text display-inline="no-display-inline">Nothing in this Act shall preclude a person from entering into an agreement with an individual working for the person to not share any information (including after the individual is no longer working for the person) regarding the person, or the work performed by the individual for the person, that is a trade secret.</text></section><section id="idAC919CC93F2644AF93964AB76F3D74E8"><enum>5.</enum><header>Notice; public awareness campaign</header><subsection id="idFBAB5AE01FB748C1815377FE96E632B3"><enum>(a)</enum><header>Notice</header><text>Any person who engages an individual who performs work for the person in commerce or in the production of goods for commerce (or employs an individual in an enterprise engaged in commerce or in the production of goods for commerce) shall post notice of the provisions of this Act in a conspicuous place on the premises of such person.</text></subsection><subsection id="idF83FE265968849E891F1444171CE67B7"><enum>(b)</enum><header>Public awareness campaign</header><text>The Secretary of Labor may carry out activities to make the public aware of the provisions of this Act.</text></subsection></section><section id="id6e005dabdcee4c739e56815f2d1a33fd"><enum>6.</enum><header>Enforcement</header><subsection id="id57DC0A7AAD2F43B8BE2B5C0F01985DAA"><enum>(a)</enum><header>Federal Trade Commission</header><paragraph id="idBADF55300A4943D3A0329D0EA729F1C9"><enum>(1)</enum><header>Unfair or deceptive acts or practices</header><text>A violation of section 3 or 5(a) shall be treated as a violation of a rule defining an unfair or deceptive act or practice prescribed under section 18(a)(1)(B) of the Federal Trade Commission Act (<external-xref legal-doc="usc" parsable-cite="usc/15/57a">15 U.S.C. 57a(a)(1)(B)</external-xref>).</text></paragraph><paragraph id="id6815c1970a53442c86d68536724994ab"><enum>(2)</enum><header>Powers of Commission</header><subparagraph commented="no" id="id668f0d6aff56491695990c410c5e1dd3"><enum>(A)</enum><header>In general</header><text>The Federal Trade Commission shall enforce sections 3 and 5(a) in the same manner, by the same means, and with the same jurisdiction, powers, and duties as though all applicable terms and provisions of the Federal Trade Commission Act (<external-xref legal-doc="usc" parsable-cite="usc/15/41">15 U.S.C. 41</external-xref> et seq.) were incorporated into and made a part of this Act.</text></subparagraph><subparagraph commented="no" display-inline="no-display-inline" id="id97098537092743ac9b1c027c78f0bc29"><enum>(B)</enum><header>Privileges and immunities</header><text>Any person who violates section 3 or 5(a) shall be subject to the penalties and entitled to the privileges and immunities provided in the Federal Trade Commission Act (<external-xref legal-doc="usc" parsable-cite="usc/15/41">15 U.S.C. 41</external-xref> et seq.).</text></subparagraph></paragraph></subsection><subsection id="id515C2AA2676E4D25A2CD5145B6B92EC4"><enum>(b)</enum><header>Department of Labor</header><paragraph id="idfa0f1289f1d648c6b3557763fd090c1f"><enum>(1)</enum><header>In general</header><text>The Secretary of Labor—</text><subparagraph id="id6D454FC5CEC74D48B76C3A06A79B4696"><enum>(A)</enum><text>shall receive and investigate a complaint of a violation of section 3 or 5(a), if the person in violation of such section is an employer of one or more employees; and</text></subparagraph><subparagraph id="id9CC127798DF3463286DD5E8A9EDBA884"><enum>(B)</enum><text>may bring an action in any court of competent jurisdiction to obtain the legal or equitable relief against the person described in subparagraph (A) on behalf of an individual aggrieved by the violation as may be appropriate to effectuate the purposes of such sections, subject to paragraph (2).</text></subparagraph></paragraph><paragraph commented="no" display-inline="no-display-inline" id="id77ed9353563e425aa9af8fddddcbd644"><enum>(2)</enum><header>Civil fines</header><text>In an action described in paragraph (1)(B), the court of competent jurisdiction described in such paragraph shall impose a civil fine on any person described in paragraph (1)(A) who violates section 3 or 5(a), in an amount not to exceed $5,000 for each week the person is in such violation. Such fine shall be paid to the individual aggrieved by such violation.</text></paragraph><paragraph commented="no" display-inline="no-display-inline" id="id2169CD9F04B14FFE90C58E6B47C8C067"><enum>(3)</enum><header>Regulations</header><text>Not later than 180 days after the date of enactment of this Act, the Secretary of Labor shall issue regulations with respect to the authority of the Secretary in enforcing violations of section 3 or 5(a) in accordance with this subsection.</text></paragraph></subsection><subsection commented="no" display-inline="no-display-inline" id="id7C57950BE8E84732BB357B814727534B"><enum>(c)</enum><header>Standards for dual enforcement</header><text>Not later than 90 days after the date of enactment of this Act, the Federal Trade Commission and the Secretary of Labor shall, for the purposes of enforcing this Act—</text><paragraph commented="no" display-inline="no-display-inline" id="id71B990EB0A8F40D8896622B0949EF44B"><enum>(1)</enum><text>develop shared standards for consistent enforcement; and</text></paragraph><paragraph commented="no" display-inline="no-display-inline" id="idCB68B374DADA428789F5448FD559F090"><enum>(2)</enum><text>identify the scope of responsibility of the Federal Trade Commission and such scope of the Secretary of Labor to ensure complementary enforcement of this Act.</text></paragraph></subsection><subsection id="id3E128D81363B4278B6E175A92F170AB2"><enum>(d)</enum><header>Private right of action</header><paragraph id="id273bc86d27b849ee83173b43c56132ce"><enum>(1)</enum><header>In general</header><text>An individual who is aggrieved by a violation of this Act may bring a civil action in any appropriate district court of the United States.</text></paragraph><paragraph id="idAB35A3334DCF450DBE9DEB16E7290E3B"><enum>(2)</enum><header>Relief</header><text>In a civil action under paragraph (1), a court may award—</text><subparagraph id="idf536614afbfb40f4abaa3a4c089058c7"><enum>(A)</enum><text>any actual damages sustained by the individual as a result of the violation; and</text></subparagraph><subparagraph id="idcc2dd3d8e2b1419ebe7c4f5d6a2f9578"><enum>(B)</enum><text>in the case of any successful action to enforce any liability under this subsection, the costs of the action and reasonable attorney’s fees, as determined by the court.</text></subparagraph></paragraph></subsection></section><section id="id6FE8701353D0457CA669A4E048310198"><enum>7.</enum><header>Reports</header><text display-inline="no-display-inline">Not later than 1 year after the date on which the Secretary of Labor issues the regulations under section 6(b)(3), the Federal Trade Commission and the Secretary of Labor shall each submit to Congress a report on any actions taken by the Commission or Secretary, respectively, to enforce the provisions of this Act.</text></section><section id="idf1490257226c40df9070e741f9da9500"><enum>8.</enum><header>Definitions</header><text display-inline="no-display-inline">For purposes of this Act:</text><paragraph id="id15CA5DC743994F02BF69189276C35B0A"><enum>(1)</enum><header>Business entity</header><text>The term <term>business entity</term> means any partnership (including a limited partnership or a limited liability partnership), limited liability company (including a series of a limited liability company formed under the laws of a jurisdiction that recognizes such a series), or corporation.</text></paragraph><paragraph id="id9F0A2405949D4E63AF9337197D3816E0"><enum>(2)</enum><header>Commerce; enterprise engaged in commerce or in the production of goods for commerce; person; State</header><text display-inline="yes-display-inline">The terms <term>commerce</term>, <term>enterprise engaged in commerce or in the production of goods for commerce</term>, <term>person</term>, and <term>State</term> have the meanings given the terms in section 3 of the Fair Labor Standards Act of 1938 (<external-xref legal-doc="usc" parsable-cite="usc/29/203">29 U.S.C. 203</external-xref>).</text></paragraph><paragraph commented="no" display-inline="no-display-inline" id="idA4429F851F6B4C8CAC5F6BB1204C7D51"><enum>(3)</enum><header>Employee; employer</header><text>The terms <term>employee</term> and <term>employer</term> have the meanings given such terms in section 3 of the Fair Labor Standards Act of 1938 (<external-xref legal-doc="usc" parsable-cite="usc/29/203">29 U.S.C. 203</external-xref>).</text></paragraph><paragraph id="idbffa1153c3a44747b04bcaa4031d2e67"><enum>(4)</enum><header>Noncompete agreement</header><text>The term <term>noncompete agreement</term> means an agreement, entered into after the date of enactment of this Act between a person and an individual performing work for the person, that restricts such individual from performing, after the working relationship between the person and individual terminates, any of the following:</text><subparagraph id="id076bcdae0bdd4f049f60ec0be3579fef"><enum>(A)</enum><text>Any work for another person for a specified period of time.</text></subparagraph><subparagraph id="id2c1004e3ecb245d5be140033034c0d54"><enum>(B)</enum><text>Any work in a specified geographical area.</text></subparagraph><subparagraph id="id956a781de3364696be0de12cc9f9b192"><enum>(C)</enum><text>Any work for another person that is similar to such individual's work for the person that is a party to such agreement.</text></subparagraph></paragraph><paragraph id="id29d3c2ea162b483db1c70ad69ec9b790"><enum>(5)</enum><header>Owner of a business entity</header><text>The term <term>owner of a business entity</term> means—</text><subparagraph id="id75AFEB895D1447D59FED019538235710"><enum>(A)</enum><text>in the case of a business entity that is a partnership (including a limited partnership or a limited liability partnership), any partner;</text></subparagraph><subparagraph id="id2B0F5FB8DF0D4588AADA9423365760FA"><enum>(B)</enum><text>in the case of a business entity that is a limited liability company (including a series of a limited liability company formed under the laws of a jurisdiction that recognizes such a series), any member of such company; or</text></subparagraph><subparagraph id="idCC7842CFDF0B4DBE873447FDAA3B87C9"><enum>(C)</enum><text>in the case of a business entity that is a corporation, any owner of capital stock.</text></subparagraph></paragraph><paragraph id="id8d831852b64c439aa2d6cf94c9632430"><enum>(6)</enum><header>Ownership interest</header><text>The term <term>ownership interest</term> means—</text><subparagraph id="id03F89CA80B5A41B5B1EEF2117029346B"><enum>(A)</enum><text>in the case of a business entity that is a partnership (including a limited partnership or a limited liability partnership), a partnership interest;</text></subparagraph><subparagraph id="idBF3093574E8D462FAEFBB1FECE9E16A4"><enum>(B)</enum><text>in the case of a business entity that is a limited liability company (including a series of a limited liability company formed under the laws of a jurisdiction that recognizes such a series), a membership interest; or</text></subparagraph><subparagraph commented="no" display-inline="no-display-inline" id="id3B622A010368443198F5B7EFA47E88BE"><enum>(C)</enum><text>in the case of a business entity that is a corporation, a capital stockholder.</text></subparagraph></paragraph><paragraph id="id12D5BAED058B4311960F3F2D6C1D9FF8"><enum>(7)</enum><header>Trade secret</header><text>The term <term>trade secret</term> has the meaning given the term in section 1839 of title 18, United States Code.</text></paragraph></section></legis-body></bill>


