<?xml version="1.0"?>
<?xml-stylesheet type="text/xsl" href="billres.xsl"?>
<!DOCTYPE bill PUBLIC "-//US Congress//DTDs/bill.dtd//EN" "bill.dtd">
<bill bill-stage="Placed-on-Calendar-Senate" dms-id="A1" public-private="public" slc-id="S1-ARM21026-J0R-3G-831"><metadata xmlns:dc="http://purl.org/dc/elements/1.1/">
<dublinCore>
<dc:title>117 S11 PCS: To provide for an exception to a limitation against appointment of persons as Secretary of Defense within seven years of relief from active duty as a regular commissioned officer of the Armed Forces.</dc:title>
<dc:publisher>U.S. Senate</dc:publisher>
<dc:date></dc:date>
<dc:format>text/xml</dc:format>
<dc:language>EN</dc:language>
<dc:rights>Pursuant to Title 17 Section 105 of the United States Code, this file is not subject to copyright protection and is in the public domain.</dc:rights>
</dublinCore>
</metadata>
<form>
<distribution-code display="yes">II</distribution-code><calendar>Calendar No. 1</calendar><congress>117th CONGRESS</congress><session>1st Session</session><legis-num>S. 11</legis-num><current-chamber>IN THE SENATE OF THE UNITED STATES</current-chamber><action><action-date>January 3, 2021</action-date><action-desc><sponsor name-id="S270">Mr. Schumer</sponsor> introduced the following bill; which was read the first time</action-desc></action><action><action-date>January 6, 2021</action-date><action-desc>Read the second time and placed on the calendar</action-desc></action><legis-type>A BILL</legis-type><official-title>To provide for an exception to a limitation against appointment of persons as Secretary of Defense within seven years of relief from active duty as a regular commissioned officer of the Armed Forces.</official-title></form><legis-body><section id="S1" section-type="section-one"><enum>1.</enum><header>Exception to limitation against appointment of persons as Secretary of Defense within
			 seven years of relief from active duty as regular commissioned officers of
 the Armed Forces</header><subsection commented="no" display-inline="no-display-inline" id="id10D6AE374E034BA2BC6351FCE1A0E58C"><enum>(a)</enum><header display-inline="yes-display-inline">In general</header><text display-inline="yes-display-inline">Notwithstanding the second sentence of section 113(a) of title 10, United States Code, the first person appointed, by and with the advice and consent of the Senate, as Secretary of Defense in an appointment made on or after January 20, 2021, may be a person who is, on the date of appointment, within seven years after relief, but not within four years after relief, from active duty as a commissioned officer of a regular component of the Armed Forces.</text></subsection><subsection id="id2778C279082A41958B36C5CDA8537650" commented="no" display-inline="no-display-inline"><enum>(b)</enum><header display-inline="yes-display-inline">Limited exception</header><text display-inline="yes-display-inline">This section applies only to the first person nominated after 12:01 p.m. (Eastern Standard Time) on January 20, 2021, and appointed as Secretary of Defense as described in subsection (a), and to no other person. </text></subsection></section></legis-body><endorsement><action-date>January 6, 2021</action-date><action-desc>Read the second time and placed on the calendar</action-desc></endorsement></bill>


