<?xml version="1.0"?>
<?xml-stylesheet type="text/xsl" href="billres.xsl"?>
<!DOCTYPE bill PUBLIC "-//US Congress//DTDs/bill.dtd//EN" "bill.dtd">
<bill bill-stage="Introduced-in-Senate" dms-id="A1" public-private="public" slc-id="S1-MAZ21203-V2Y-KH-YRC"><metadata xmlns:dc="http://purl.org/dc/elements/1.1/">
<dublinCore>
<dc:title>115 S421 IS: Western Tribal Water Infrastructure Act of 2021</dc:title>
<dc:publisher>U.S. Senate</dc:publisher>
<dc:date>2021-02-24</dc:date>
<dc:format>text/xml</dc:format>
<dc:language>EN</dc:language>
<dc:rights>Pursuant to Title 17 Section 105 of the United States Code, this file is not subject to copyright protection and is in the public domain.</dc:rights>
</dublinCore>
</metadata>
<form>
<distribution-code display="yes">II</distribution-code><congress>117th CONGRESS</congress><session>1st Session</session><legis-num>S. 421</legis-num><current-chamber>IN THE SENATE OF THE UNITED STATES</current-chamber><action><action-date date="20210224">February 24, 2021</action-date><action-desc><sponsor name-id="S247">Mr. Wyden</sponsor> (for himself and <cosponsor name-id="S322">Mr. Merkley</cosponsor>) introduced the following bill; which was read twice and referred to the <committee-name committee-id="SLIA00">Committee on Indian Affairs</committee-name></action-desc></action><legis-type>A BILL</legis-type><official-title>To amend the America's Water Infrastructure Act of 2018 to expand the Indian reservation drinking water program, and for other purposes.</official-title></form><legis-body display-enacting-clause="yes-display-enacting-clause"></legis-body><legis-body display-enacting-clause="no-display-enacting-clause" changed="not-changed"><section section-type="section-one" id="id64142632-20f6-449f-80d4-2a8426c748c7" changed="not-changed"><enum>1.</enum><header>Short title</header><text display-inline="no-display-inline">This Act may be cited as the <quote><short-title>Western Tribal Water Infrastructure Act of 2021</short-title></quote>.</text></section><section section-type="subsequent-section" id="id34fd42db-9edf-4c64-8c63-2d747f0d0180" changed="not-changed"><enum>2.</enum><header>Indian Reservation Drinking Water Program</header><text display-inline="no-display-inline">Section 2001 of the America's Water Infrastructure Act of 2018 (42 U.S.C. 300j–3c note; <external-xref legal-doc="public-law" parsable-cite="pl/115/270">Public Law 115–270</external-xref>) is amended—</text><paragraph id="id0ee77fb0-d2fa-4fbe-8f86-267d7ccb1c93" changed="not-changed"><enum>(1)</enum><text>in subsection (a)—</text><subparagraph id="idadbc6469-48e8-4294-9460-a2d096fe1e92" changed="not-changed"><enum>(A)</enum><text>in the matter preceding paragraph (1), by striking <quote>Subject to the availability of appropriations, the Administrator</quote> and inserting <quote>The Administrator</quote>;</text></subparagraph><subparagraph id="id84552b22-7852-4c9f-8e29-f97683c1830a" changed="not-changed"><enum>(B)</enum><text>in paragraph (1), by striking <quote>and</quote> at the end;</text></subparagraph><subparagraph id="id1b42df43-26bc-4124-9594-2404c27d2b87" changed="not-changed"><enum>(C)</enum><text>in paragraph (2), by striking the period at the end and inserting <quote>; and</quote>; and</text></subparagraph><subparagraph id="ide99f29ad-f8d4-472e-a9d4-fd9cf852a01b" changed="not-changed"><enum>(D)</enum><text>by adding at the end the following:</text><quoted-block style="OLC" act-name="" id="ida4e45119-4148-4262-8260-4181bc561006" changed="not-changed"><paragraph id="idff01a527-eb81-43b1-a61d-cc543f3d66bd" changed="not-changed"><enum>(3)</enum><text>10 eligible projects described in subsection (b) that are within—</text><subparagraph id="id79dee0b8-d2c5-41fd-be24-0f5c5c20bc6f" changed="not-changed"><enum>(A)</enum><text>the Columbia River Basin; or</text></subparagraph><subparagraph id="id27f22b49-5019-45e6-9732-545461248469" changed="not-changed"><enum>(B)</enum><text>a coastal basin adjacent to the Columbia River.</text></subparagraph></paragraph><after-quoted-block>;</after-quoted-block></quoted-block></subparagraph></paragraph><paragraph id="id299c258f-cf0f-4a14-827e-845028b81251" changed="not-changed"><enum>(2)</enum><text>in subsection (b)(1)—</text><subparagraph id="id206f51a3-b8eb-4e87-aa33-bcda260e41f6" changed="not-changed"><enum>(A)</enum><text>by striking <quote>is on a reservation</quote> and inserting the following:</text><quoted-block style="OLC" display-inline="yes-display-inline" act-name="" id="id4234b58a-e424-4e66-a8c6-733f0d145f00" changed="not-changed"><text>is on—</text><subparagraph id="id1ab9518b-b410-4c5c-a4b3-ca585d3776d8" changed="not-changed"><enum>(A)</enum><text>a reservation</text></subparagraph><after-quoted-block>;</after-quoted-block></quoted-block></subparagraph><subparagraph id="idf97f2611-f886-46d7-950a-ef5ca043ba26" changed="not-changed"><enum>(B)</enum><text>in subparagraph (A) (as so designated), by striking <quote>and</quote> at the end and inserting <quote>or</quote>; and</text></subparagraph><subparagraph id="idfe3f6745-d646-4755-9662-04b33ef50f97" changed="not-changed"><enum>(C)</enum><text>by adding at the end the following:</text><quoted-block style="OLC" act-name="" id="id34920ba9-c0a4-4a89-9f49-3299a984ba1a" changed="not-changed"><subparagraph id="id0415e61d-5a4b-4894-b3ca-46244631f18f" changed="not-changed"><enum>(B)</enum><text>an off-reservation site that serves an Indian Tribe described in subsection (c)(2)(B); and</text></subparagraph><after-quoted-block>;</after-quoted-block></quoted-block></subparagraph></paragraph><paragraph id="idb62b9ac7-6625-4c71-89fd-2e77bbfd416a" changed="not-changed"><enum>(3)</enum><text>in subsection (c)—</text><subparagraph id="id91eee951-2f3c-4776-ae8d-6cb84a769eed" changed="not-changed"><enum>(A)</enum><text>by striking the subsection designation and heading and all that follows through <quote>In carrying out</quote> and inserting the following:</text><quoted-block style="OLC" act-name="" id="id21693f24-dd42-4daf-a4eb-09b17302fb9b" changed="not-changed"><subsection id="id8fcceb96-6220-4602-91cb-ed4198efa150" changed="not-changed"><enum>(c)</enum><header>Requirements</header><paragraph id="id8af17176-142d-465f-a99b-a14e0deb556f" changed="not-changed"><enum>(1)</enum><header>Upper Missouri River Basin</header><text>In carrying out</text></paragraph></subsection><after-quoted-block>; and</after-quoted-block></quoted-block></subparagraph><subparagraph id="id06a1654f-4fe0-479e-8332-b2c59a0f0de2" changed="not-changed"><enum>(B)</enum><text>by adding at the end the following:</text><quoted-block style="OLC" act-name="" id="id227632ab-b3c3-464f-89d8-5bd96da8377a" changed="not-changed"><paragraph id="idc5db8a34-85e9-4f71-a272-fa0bc7247fdc" changed="not-changed"><enum>(2)</enum><header>Columbia River Basin</header><text>In carrying out the program under subsection (a)(3), the Administrator of the Environmental Protection Agency shall—</text><subparagraph id="id2A91EA313D0245DFAEE8B29D67EC03EF" changed="not-changed"><enum>(A)</enum><text>give priority to projects that respond to emergency situations where a lack of access to clean drinking water threatens the health of Tribal populations; </text></subparagraph><subparagraph id="id7C239F77803E4E42BAD323F1EED12AA3" changed="not-changed"><enum>(B)</enum><text>select not fewer than 1 eligible project that serves 1 or more Tribal communities of federally recognized Indian Tribes the Federal recognition of which has been terminated and subsequently restored; and</text></subparagraph><subparagraph id="idFA34097B7CC2455A9CBAD4041CE3D855" changed="not-changed"><enum>(C)</enum><text>ensure that not fewer than 1 eligible project under that subsection is carried out in—</text><clause id="id6157C312FB43493A8D2E1A67B7BED088" changed="not-changed"><enum>(i)</enum><text>the area described in subparagraph (A) of that subsection; and</text></clause><clause id="id4FD9C5D6085941E9A6D5B7B744FDF8BF" changed="not-changed"><enum>(ii)</enum><text>an area described in subparagraph (B) of that subsection.</text></clause></subparagraph></paragraph><after-quoted-block>;</after-quoted-block></quoted-block></subparagraph></paragraph><paragraph id="idAB57CDE2425C4EE2979517C0D03C0487" changed="not-changed"><enum>(4)</enum><text>by redesignating subsection (d) as subsection (e);</text></paragraph><paragraph id="id0B2913B415464AF08AAB06815D8BBCDE" changed="not-changed"><enum>(5)</enum><text>by inserting after subsection (c) the following:</text><quoted-block style="OLC" id="idA03CB76F384A4CD5A2F8E851667235B6" act-name="" changed="not-changed"><subsection id="id60CE2F7FD2954394BE8F7A082E8A0172" changed="not-changed"><enum>(d)</enum><header>Federal share</header><text>The Federal share of a project carried out under this section shall be 100 percent.</text></subsection><after-quoted-block>; and</after-quoted-block></quoted-block></paragraph><paragraph commented="no" display-inline="no-display-inline" id="id0e0710e1-e354-4ef0-ad71-38615b5a5142" changed="not-changed"><enum>(6)</enum><text>in subsection (e) (as so redesignated), by striking <quote>$20,000,000 for each of fiscal years 2019 through 2022</quote> and inserting <quote>$50,000,000 for each of fiscal years 2021 through 2024</quote>.</text></paragraph></section></legis-body></bill> 

