<?xml version="1.0"?>
<?xml-stylesheet type="text/xsl" href="billres.xsl"?>
<!DOCTYPE bill PUBLIC "-//US Congress//DTDs/bill.dtd//EN" "bill.dtd">
<bill bill-stage="Introduced-in-Senate" dms-id="A1" public-private="public" slc-id="S1-HEN21192-TST-16-YT3"><metadata xmlns:dc="http://purl.org/dc/elements/1.1/">
<dublinCore>
<dc:title>117 S174 IS: Small Business Access to Recovery Capital Act</dc:title>
<dc:publisher>U.S. Senate</dc:publisher>
<dc:date>2021-02-02</dc:date>
<dc:format>text/xml</dc:format>
<dc:language>EN</dc:language>
<dc:rights>Pursuant to Title 17 Section 105 of the United States Code, this file is not subject to copyright protection and is in the public domain.</dc:rights>
</dublinCore>
</metadata>
<form>
<distribution-code display="yes">II</distribution-code><congress>117th CONGRESS</congress><session>1st Session</session><legis-num>S. 174</legis-num><current-chamber>IN THE SENATE OF THE UNITED STATES</current-chamber><action><action-date date="20210202">February 2, 2021</action-date><action-desc><sponsor name-id="S350">Mr. Rubio</sponsor> (for himself, <cosponsor name-id="S323">Mr. Risch</cosponsor>, and <cosponsor name-id="S252">Ms. Collins</cosponsor>) introduced the following bill; which was read twice and referred to the <committee-name committee-id="SSSB00">Committee on Small Business and Entrepreneurship</committee-name></action-desc></action><legis-type>A BILL</legis-type><official-title>To modify the 7(a) loan guaranty program of the Small Business Administration, and for other purposes.</official-title></form><legis-body display-enacting-clause="yes-display-enacting-clause"><section section-type="section-one" id="S1"><enum>1.</enum><header>Short title</header><text display-inline="no-display-inline">This Act may be cited as the <quote><short-title>Small Business Access to Recovery Capital Act</short-title></quote>.</text></section><section id="ide5b4e62fa583419aab5bc2c2188e3637"><enum>2.</enum><header>Changes to the 7<enum-in-header>(a)</enum-in-header> loan guaranty program</header><subsection id="id469e09fa1bb94cb0a7e147e491733c79"><enum>(a)</enum><header>Fee waiver</header><text>During the 1-year period following the date of enactment of this Act, and to the extent that the cost of such elimination or reduction of fees is offset by appropriations, with respect to each loan guaranteed under section 7(a) of the Small Business Act (<external-xref legal-doc="usc" parsable-cite="usc/15/636">15 U.S.C. 636(a)</external-xref>)—</text><paragraph id="id33b9ac2e7cce4a2a8be3dd7189015798"><enum>(1)</enum><text>in lieu of the fee otherwise applicable under section 7(a)(23)(A) of the Small Business Act (<external-xref legal-doc="usc" parsable-cite="usc/15/636">15 U.S.C. 636(a)(23)(A)</external-xref>), the Administrator shall collect no fee or reduce fees to the maximum extent possible; and</text></paragraph><paragraph id="idc2e5aa67566042f99d4421b939b4a0ff"><enum>(2)</enum><text>for which the application is approved on or after the date of enactment of this Act, the Administrator shall, in lieu of the fee otherwise applicable under section 7(a)(18)(A) of the Small Business Act (<external-xref legal-doc="usc" parsable-cite="usc/15/636">15 U.S.C. 636(a)(18)(A)</external-xref>), collect no fee or reduce fees to the maximum extent possible.</text></paragraph></subsection><subsection id="id3fb9cca3f4cb4d2995fcf5da5a6a5e89"><enum>(b)</enum><header>Guarantee amount</header><paragraph id="idacbf7a01d6104043b235b42e51ba5c49"><enum>(1)</enum><header>In general</header><text>Section 7(a)(2) of the Small Business Act (<external-xref legal-doc="usc" parsable-cite="usc/15/636">15 U.S.C. 636(a)(2)</external-xref>), as amended by section 326(a)(1) of the Economic Aid to Hard-Hit Small Businesses, Nonprofits, and Venues Act, is amended—</text><subparagraph id="idC3ADC54CAF0348A781BC98BDB083C620"><enum>(A)</enum><text>in subparagraph (A)— </text><clause id="id6765D5CECB3A48C5A93874A0931375CA"><enum>(i)</enum><text>by striking <quote>(E), and (F)</quote> and inserting <quote>and (E),</quote>; and</text></clause><clause id="id9F5746D7A2FA4F85AAD2D2CF7DE8AA2C"><enum>(ii)</enum><text>by striking <quote>90 percent</quote> and inserting <quote>95 percent</quote>; </text></clause></subparagraph><subparagraph id="idC56A2A2C54A44FF6BDADD8FF4CB97543"><enum>(B)</enum><text>by striking subparagraphs (D) and (E) and inserting the following:</text><quoted-block style="OLC" display-inline="no-display-inline" id="idA56739857A244775AF66986C2CBDC0E9"><subparagraph id="id25BFD9266CB3438FAC544C0FB8A12EEE"><enum>(D)</enum><header>Participation under the express loan program</header><text>In an agreement to participate in a loan on a deferred basis under paragraph (31), the participation by the Administration shall be equal to—</text><clause id="id93F6F0E48A6640D1A3BC713384B80C5B"><enum>(i)</enum><text>75 percent of the balance of the financing outstanding at the time of disbursement of the loan, if such balance exceeds $150,000; or</text></clause><clause id="id2B792DB1A77E4876AFF1E14BD64834DF"><enum>(ii)</enum><text>85 percent of the balance of the financing outstanding at the time of disbursement of the loan, if such balance is less than or equal to $150,000.</text></clause></subparagraph><after-quoted-block>; and</after-quoted-block></quoted-block></subparagraph><subparagraph id="idD92D1B9FF2D54579A47E616C63678126"><enum>(C)</enum><text>by redesignating subparagraph (F) as subparagraph (E).</text></subparagraph></paragraph><paragraph id="ida078215b1a7c4742aec6e89809b5181d"><enum>(2)</enum><header>Prospective repeal</header><text>Effective 1 year after the date of enactment of this Act, section 7(a)(2) of the Small Business Act (<external-xref legal-doc="usc" parsable-cite="usc/15/636">15 U.S.C. 636(a)(2)</external-xref>) is amended—</text><subparagraph id="idD39D3715447E4F51B80BC38B80F923CD"><enum>(A)</enum><text>by striking subparagraph (A) and inserting the following:</text><quoted-block style="OLC" display-inline="no-display-inline" id="id45ae76d2c08b4245bff731ca346f6e05"><subparagraph id="idDD1A874877D0445F995DDF642BB7C776"><enum>(A)</enum><header>In general</header><text>Except as provided in subparagraphs (B), (D), (E), and (F), in an agreement to participate in a loan on a deferred basis under this subsection (including a loan made under the Preferred Lenders Program), such participation by the Administrator shall be equal to—</text><clause id="id6e8b9b09d9ae4877846373f783a7f8bd"><enum>(i)</enum><text>75 percent of the balance of the financing outstanding at the time of disbursement of the loan, if such balance exceeds $150,000; or</text></clause><clause id="idb53f048c29714d1b80030118f8ef4254"><enum>(ii)</enum><text>85 percent of the balance of the financing outstanding at the time of disbursement of the loan, if such balance is less than or equal to $150,000.</text></clause></subparagraph><after-quoted-block>; </after-quoted-block></quoted-block></subparagraph><subparagraph id="id3EEF17382460410FA039CF5E384DE15C"><enum>(B)</enum><text>by redesignating subparagraph (E) as subparagraph (F); and</text></subparagraph><subparagraph id="id4589EF9170A44F7E90AA255E052E2B12"><enum>(C)</enum><text>by striking subparagraph (D) and inserting the following:</text><quoted-block style="OLC" display-inline="no-display-inline" id="id5A51CC40A7854A2DA5F0CF7207BCA31C"><subparagraph id="ID113D7940FF80450AB8AF8FBCD273551E"><enum>(D)</enum><header>Participation under export working capital program</header><text>In an agreement to participate in a loan on a deferred basis under the Export Working Capital Program established pursuant to paragraph (14)(A), such participation by the Administration shall be 90 percent.</text></subparagraph><subparagraph id="ID60C9A021620843B5894836C51B8CD2BD"><enum>(E)</enum><header>Participation in international trade loan</header><text>In an agreement to participate in a loan on a deferred basis under paragraph (16), the participation by the Administration may not exceed 90 percent.</text></subparagraph><after-quoted-block>.</after-quoted-block></quoted-block></subparagraph></paragraph><paragraph id="idC79F5CE08CD74760B0865751CF8A599A"><enum>(3)</enum><header>Repeal of other prospective amendment</header><text>Section 326(a)(2) of the the Economic Aid to Hard-Hit Small Businesses, Nonprofits, and Venues Act is repealed. </text></paragraph></subsection><subsection id="id8AD97E43A0324B64AB948A2949BB03AB"><enum>(c)</enum><header>Maximum loan amount</header><paragraph id="idF737D031A9A449E8AF29E0DD227D2482"><enum>(1)</enum><header>In general</header><text>Section 7(a)(3) of the Small Business Act (<external-xref legal-doc="usc" parsable-cite="usc/15/636">15 U.S.C. 636(a)(3)</external-xref>) is amended—</text><subparagraph id="id521F175A25DB47C0A05AA134328E1CF5"><enum>(A)</enum><text>in subparagraph (A)—</text><clause id="id3787B0EB17D441D791878D2542708E22"><enum>(i)</enum><text>by striking <quote>$3,750,000</quote> and inserting <quote>$9,500,000</quote>; and</text></clause><clause id="id8F08505B146B4768B3D4D37835E65239"><enum>(ii)</enum><text>by striking <quote>$5,000,000</quote> and inserting <quote>$10,000,000</quote>; and</text></clause></subparagraph><subparagraph id="id3396CA56BECB418BBDDF8C5A2F5D7B8E"><enum>(B)</enum><text>in subparagraph (B)—</text><clause id="id26B3669979384C158BE6687E7EEB3B44"><enum>(i)</enum><text>by striking <quote>$4,500,000</quote> and inserting <quote>$9,500,000</quote>; and</text></clause><clause id="idF9E8E75F36974088A0AEDD6A08FA9EF1"><enum>(ii)</enum><text>by striking <quote>$5,000,000</quote> and inserting <quote>$10,000,000</quote>.</text></clause></subparagraph></paragraph><paragraph id="idDAD9B5E231DE4181B6AE6292CD524AAD"><enum>(2)</enum><header>Prospective repeal</header><text>Effective 1 year after the date of enactment of this Act, section 7(a)(3) of the Small Business Act (<external-xref legal-doc="usc" parsable-cite="usc/15/636">15 U.S.C. 636(a)(3)</external-xref>) is amended—</text><subparagraph id="id7B711B7AD74E4B7EB02426696FAF7A2E"><enum>(A)</enum><text>in subparagraph (A)—</text><clause id="id6540F9F2350A4E9CB33CE85F9F3DB1AE"><enum>(i)</enum><text>by striking <quote>$9,500,000</quote> and inserting <quote>$3,750,000</quote>; and</text></clause><clause id="id9BBF5FB6E5364A1296659AB3E67FAFA3"><enum>(ii)</enum><text>by striking <quote>$10,000,000</quote> and inserting <quote>$5,000,000</quote>; and</text></clause></subparagraph><subparagraph id="idF4CDF3ECD8A048BCA3949D684A1862FE"><enum>(B)</enum><text>in subparagraph (B)—</text><clause id="id89F243A7EF55484F8594CD238A70F670"><enum>(i)</enum><text>by striking <quote>$9,500,000</quote> and inserting <quote>$4,500,000</quote>; and</text></clause><clause id="idC1E1BEE469AF4B2E929DA6DD0CDEFA9A"><enum>(ii)</enum><text>by striking <quote>$10,000,000</quote> and inserting <quote>$5,000,000</quote>. </text></clause></subparagraph></paragraph></subsection><subsection id="id5130447dbcec454aa279e5f5ed034de5"><enum>(d)</enum><header>COVID–19 guidance</header><text>Not later than 10 days after the date of enactment of this Act, the Administrator shall issue guidance that—</text><paragraph id="idA018F108EF4F453496F5641DE40D5FBD"><enum>(1)</enum><text>temporarily updates the standard operating procedures of the Administration to provide requirements for appropriate lending given the economic conditions and considerations as of the date of enactment of this Act; and</text></paragraph><paragraph id="idF850CF2CBB584B59B5E6259E08C9AB27"><enum>(2)</enum><text>shall be utilized with respect to all approval and subsequent actions taken on loans made under such section 7(a) during the 1-year period following the date of enactment of this Act. </text></paragraph></subsection></section></legis-body></bill> 

