<?xml version="1.0"?>
<?xml-stylesheet type="text/xsl" href="billres.xsl"?>
<!DOCTYPE bill PUBLIC "-//US Congress//DTDs/bill.dtd//EN" "bill.dtd">
<bill bill-stage="Introduced-in-Senate" dms-id="A1" public-private="public" slc-id="S1-MDM21224-SHR-4G-6FN"><metadata xmlns:dc="http://purl.org/dc/elements/1.1/">
<dublinCore>
<dc:title>117 S413 IS: To establish the China Censorship Monitor and Action Group, and for other purposes.</dc:title>
<dc:publisher>U.S. Senate</dc:publisher>
<dc:date>2021-02-24</dc:date>
<dc:format>text/xml</dc:format>
<dc:language>EN</dc:language>
<dc:rights>Pursuant to Title 17 Section 105 of the United States Code, this file is not subject to copyright protection and is in the public domain.</dc:rights>
</dublinCore>
</metadata>
<form>
<distribution-code display="yes">II</distribution-code><congress>117th CONGRESS</congress><session>1st Session</session><legis-num>S. 413</legis-num><current-chamber>IN THE SENATE OF THE UNITED STATES</current-chamber><action><action-date date="20210224">February 24, 2021</action-date><action-desc><sponsor name-id="S322">Mr. Merkley</sponsor> (for himself, <cosponsor name-id="S350">Mr. Rubio</cosponsor>, <cosponsor name-id="S366">Ms. Warren</cosponsor>, and <cosponsor name-id="S287">Mr. Cornyn</cosponsor>) introduced the following bill; which was read twice and referred to the <committee-name committee-id="SSFR00">Committee on Foreign Relations</committee-name></action-desc></action><legis-type>A BILL</legis-type><official-title>To establish the China Censorship Monitor and Action Group, and for other purposes.</official-title></form><legis-body><section id="id0D9018825332401F82FECAE2CE09E4AC" section-type="section-one"><enum>1.</enum><header>Definitions</header><text display-inline="no-display-inline">In this Act:</text><paragraph id="id1a37a476bc9e4a688b348f49bb76214e"><enum>(1)</enum><header>Appropriate congressional committees</header><text>The term <term>appropriate congressional committees</term> means—</text><subparagraph id="idd8fe5d2f157842f485eeef456dffc617"><enum>(A)</enum><text>the <committee-name committee-id="SSFR00">Committee on Foreign Relations of the Senate</committee-name>; and</text></subparagraph><subparagraph id="idedbeb52e541a4b1f85fcdc8fcc0fc5fd"><enum>(B)</enum><text>the <committee-name committee-id="">Committee on Foreign Affairs of the House of Representatives</committee-name>.</text></subparagraph></paragraph><paragraph id="id4074ac808fa4404fa53fdebcc82c4737"><enum>(2)</enum><header>Qualified research entity</header><text>The term <term>qualified research entity</term> means an entity that—</text><subparagraph id="id37AE908E9B724F4CA4D9A83D8168F45C"><enum>(A)</enum><text>is a nonpartisan research organization or a federally funded research and development center;</text></subparagraph><subparagraph id="id07F9004F1AAE4F5A9331DFA07CCF6D52"><enum>(B)</enum><text>has appropriate expertise and analytical capability to write the report required under section 3; and</text></subparagraph><subparagraph id="id8ea1dedfe6cd46e18cbd8532cc79485e"><enum>(C)</enum><text>is free from any financial, commercial, or other entanglements, which could undermine the independence of such report or create a conflict of interest or the appearance of a conflict of interest, with—</text><clause id="id47F546C976084507A36733BF856AA908"><enum>(i)</enum><text>the Government of the People’s Republic of China;</text></clause><clause id="id707AD99A2E7444C98A904BE004629BA9"><enum>(ii)</enum><text>the Chinese Communist Party;</text></clause><clause id="id99B5482FBEBE4F1E8652FE6CA9680DCE"><enum>(iii)</enum><text>any company incorporated in the People’s Republic of China or a subsidiary of such company; or</text></clause><clause id="idCF3F8F4A235349459023C7CA1F549A73"><enum>(iv)</enum><text>any company or entity incorporated outside of the People’s Republic of China that is believed to have a substantial financial or commercial interest in the People’s Republic of China.</text></clause></subparagraph></paragraph><paragraph id="iddb566d5d14644dd6a2b2cbf17e667134"><enum>(3)</enum><header>United states person</header><text>The term <term>United States person</term> means—</text><subparagraph id="idc363a9bad0014ca481b02b66f402cdee"><enum>(A)</enum><text>a United States citizen or an alien lawfully admitted for permanent residence to the United States; or</text></subparagraph><subparagraph id="id52f2c7faf3974092b0f5fc6b9734a87e"><enum>(B)</enum><text>an entity organized under the laws of the United States or any jurisdiction within the United States, including a foreign branch of such an entity. </text></subparagraph></paragraph></section><section section-type="subsequent-section" id="idB47882029A414DB7B91FB09D74D9C4D3"><enum>2.</enum><header>China Censorship Monitor and Action Group</header><subsection id="id242E05B9F6864567A160BF7EC9838DD9"><enum>(a)</enum><header>In general</header><text display-inline="yes-display-inline">The President shall establish an interagency task force, which shall be known as the <quote>China Censorship Monitor and Action Group</quote> (referred to in this section as the <quote>Task Force</quote>).</text></subsection><subsection id="id8B3F168DDD70429CAD4FCDB16213A07E"><enum>(b)</enum><header>Membership</header><text display-inline="yes-display-inline">The President shall—</text><paragraph id="id9F91F3066BC140B4BF4B4123B4213DB3"><enum>(1)</enum><text>appoint the chair of the Task Force from among the staff of the National Security Council; </text></paragraph><paragraph id="idDEBECF9CAB4449809C46B65AB8E0AFE0"><enum>(2)</enum><text>appoint the vice chair of the Task Force from among the staff of the National Economic Council; and</text></paragraph><paragraph id="idA68964D7A03A4B5AB5E42BFF08B3C8B9"><enum>(3)</enum><text display-inline="yes-display-inline">direct the head of each of the following executive branch agencies to appoint personnel to participate in the Task Force:</text><subparagraph id="idE892AE73AE424C118CE15EF9BE59E067"><enum>(A)</enum><text display-inline="yes-display-inline">The Department of State.</text></subparagraph><subparagraph id="idD272B776F82349B292A1F5B04BF8E1AE"><enum>(B)</enum><text display-inline="yes-display-inline">The Department of Commerce.</text></subparagraph><subparagraph id="id65CF44C7F6054C55ADB118E2DE2552E2"><enum>(C)</enum><text display-inline="yes-display-inline">The Department of the Treasury.</text></subparagraph><subparagraph id="idF073C71D8D3D47F3938B445E6EF07246"><enum>(D)</enum><text display-inline="yes-display-inline">The Department of Justice.</text></subparagraph><subparagraph id="id9A09601DA50E471CBF1C48D59F540B83"><enum>(E)</enum><text display-inline="yes-display-inline">The Office of the United States Trade Representative.</text></subparagraph><subparagraph id="id0C57D83E848F4C6FB4997D73BFD3E979"><enum>(F)</enum><text display-inline="yes-display-inline">The Office of the Director of National Intelligence, and other appropriate elements of the intelligence community (as defined in section 3 of the National Security Act of 1947 (<external-xref legal-doc="usc" parsable-cite="usc/50/3003">50 U.S.C. 3003</external-xref>)).</text></subparagraph><subparagraph id="idAE504CE6D828478BB857284657BB736B"><enum>(G)</enum><text display-inline="yes-display-inline">The Federal Communications Commission.</text></subparagraph><subparagraph id="id628643DF48C048DD9DE5AB7393C0D50D"><enum>(H)</enum><text display-inline="yes-display-inline">The United States Agency for Global Media.</text></subparagraph><subparagraph id="idB34BCF9BD8334F7583E1B99539EDAB1F"><enum>(I)</enum><text>Other agencies designated by the President.</text></subparagraph></paragraph></subsection><subsection id="idB17ABBB3D40547F18B39587E4A5F3F41"><enum>(c)</enum><header>Responsibilities</header><text>The Task Force shall—</text><paragraph id="idDF0A16281B3B4073B6998637C2491BB1"><enum>(1)</enum><text>oversee the development and execution of an integrated Federal Government strategy to monitor and address the impacts of efforts directed, or directly supported, by the Government of the People’s Republic of China to censor or intimidate, in the United States or in any of its possessions or territories, any United States person, including United States companies that conduct business in the People’s Republic of China, which are exercising their right to freedom of speech; and</text></paragraph><paragraph id="id6F1E00B859854650B3EEA093E28A9D76"><enum>(2)</enum><text>submit the strategy developed pursuant to paragraph (1) to the appropriate congressional committees not later than 120 days after the date of the enactment of this Act. </text></paragraph></subsection><subsection id="id4B4C3AA62D8944BEBDDE89ADE6EFED97"><enum>(d)</enum><header>Meetings</header><text>The Task Force shall meet not less frequently than twice per year.</text></subsection><subsection id="id1B9A78DA181B4E958E0282F34323A206"><enum>(e)</enum><header>Consultations</header><text display-inline="yes-display-inline">The Task Force should regularly consult, to the extent necessary and appropriate, with—</text><paragraph id="id82981DFD61244C70A64A42A4EBF3A625"><enum>(1)</enum><text display-inline="yes-display-inline">Federal agencies that are not represented on the Task Force; </text></paragraph><paragraph id="id5462D368A08D4ED299D5E51D2BD8E20B"><enum>(2)</enum><text display-inline="yes-display-inline">independent agencies of the United States Government that are not represented on the Task Force;</text></paragraph><paragraph id="idD714F4C470C94869BA94D4F099D37F6D"><enum>(3)</enum><text>relevant stakeholders in the private sector and the media; and</text></paragraph><paragraph id="id6E60D82DD176418EA7E58BB79A7C53C0"><enum>(4)</enum><text>relevant stakeholders among United States allies and partners facing similar challenges related to censorship or intimidation by the Government of the People’s Republic of China.</text></paragraph></subsection><subsection id="id743697771FE64ECD985DE8491EBF6B6D"><enum>(f)</enum><header>Reporting requirements</header><paragraph id="id6201807F15FE4F0DB653C18C7C591EE6"><enum>(1)</enum><header>Annual report</header><text>The Task Force shall submit an annual report to the appropriate congressional committees that describes, with respect to the reporting period—</text><subparagraph id="id15f7c134d036430283f398cca7e3818f"><enum>(A)</enum><text>the strategic objectives and policies pursued by the Task Force to address the challenges of censorship and intimidation of United States persons while in the United States or any of its possessions or territories, which is directed or directly supported by the Government of the People’s Republic of China;</text></subparagraph><subparagraph id="id633a01f6dee54981bc3c534e539a8342"><enum>(B)</enum><text>the activities conducted by the Task Force in support of the strategic objectives and policies referred to in subparagraph (A); and</text></subparagraph><subparagraph id="idd889a3c20f3b473db0523a0a1dc52706"><enum>(C)</enum><text>the results of the activities referred to in subparagraph (B) and the impact of such activities on the national interests of the United States. </text></subparagraph></paragraph><paragraph id="id0bf53811eb374f1f9d6457a5e79247cd"><enum>(2)</enum><header>Form of report</header><text>Each report submitted pursuant to paragraph (1) shall be unclassified, but may include a classified annex.</text></paragraph><paragraph id="id4558463E8E5247FA8FE61D3BC04408BD"><enum>(3)</enum><header>Congressional briefings</header><text>Not later than 90 days after the date of the enactment of this Act, and annually thereafter, the Task Force shall provide briefings to the appropriate congressional committees regarding the activities of the Task Force to execute the strategy developed pursuant to subsection (c)(1).</text></paragraph></subsection></section><section id="iddea55407e36447f2b6b9955d76277ab5"><enum>3.</enum><header>Report on censorship and intimidation of United States persons by the Government of the People’s Republic of China</header><subsection id="id8bdf61c4f3d34ce8b3a78be62dad7545"><enum>(a)</enum><header>Report</header><paragraph id="id0bf7c92088454d658273d05fa9ea5d5c"><enum>(1)</enum><header>In general</header><text>Not later than 90 days after the date of the enactment of this Act, the Secretary of State shall select and seek to enter into an agreement with a qualified research entity that is independent of the Department of State to write a report on censorship and intimidation in the United States and its possessions and territories of United States persons, including United States companies that conduct business in the People’s Republic of China, which is directed or directly supported by the Government of the People’s Republic of China.</text></paragraph><paragraph id="idd799d217a5ca47fd81393826593f7b3f"><enum>(2)</enum><header>Matters to be included</header><text>The report required under paragraph (1) shall—</text><subparagraph id="id90f2d370a3174598893db48d8853253b"><enum>(A)</enum><text>assess major trends, patterns, and methods of the Government of the People’s Republic of China’s efforts to direct or directly support censorship and intimidation of United States persons, including United States companies that conduct business in the People’s Republic of China, which are exercising their right to freedom of speech;</text></subparagraph><subparagraph id="id58f33f3ff9cf42a3a16d0965d0d281a2"><enum>(B)</enum><text>assess, including through the use of illustrative examples, as appropriate, the impact on and consequences for United States persons, including United States companies that conduct business in the People’s Republic of China, that criticize—</text><clause id="idDC00F0C117AC4D16BD5114ACE1DFFBDA"><enum>(i)</enum><text>the Chinese Communist Party;</text></clause><clause id="idC0351BD8C0B8472BACBCD8D0DD7556D2"><enum>(ii)</enum><text>the Government of the People’s Republic of China;</text></clause><clause id="id028A84C0615648C29B9F451ACE3D1E9B"><enum>(iii)</enum><text>the authoritarian model of government of the People’s Republic of China; or </text></clause><clause id="id02EEC313BB904EE6A942ADF553B6C89F"><enum>(iv)</enum><text>a particular policy advanced by the Chinese Communist Party or the Government of the People’s Republic of China;</text></clause></subparagraph><subparagraph id="id692b268cea51402880a1bf07a473eb2d"><enum>(C)</enum><text>identify the implications for the United States of the matters described in subparagraphs (A) and (B);</text></subparagraph><subparagraph id="ideed9e6b6685448f1a7cd36f81362fefb"><enum>(D)</enum><text>include best practices for industries in which freedom of expression issues are particularly acute, including the media and film industries; </text></subparagraph><subparagraph id="id011ff656d5854688b9f67a80e1562a34"><enum>(E)</enum><text>include policy recommendations for the United States Government, including recommendations regarding collaboration with United States allies and partners, to address censorship and intimidation by the Government of the People’s Republic of China; and</text></subparagraph><subparagraph id="idc4007e8ffbcc44ceb94e92547319a322"><enum>(F)</enum><text>include policy recommendations for United States persons, including United States companies that conduct business in China, to address censorship and intimidation by the Government of the People’s Republic of China.</text></subparagraph></paragraph><paragraph id="id04311630a7744c469168c5f07fbdcb33"><enum>(3)</enum><header>Applicability to United States allies and partners</header><text>To the extent practicable, the report required under paragraph (1) should identify implications and policy recommendations that are relevant to United States allies and partners facing censorship and intimidation directed or directly supported by the Government of the People’s Republic of China. </text></paragraph></subsection><subsection id="id472412e1778d471396752dfa61a100de"><enum>(b)</enum><header>Submission of report</header><paragraph id="id795EDDF3632C4FF2888114DB3F1F4569"><enum>(1)</enum><header>In general</header><text>Not later than 1 year after the date of the enactment of this Act, the Secretary of State shall submit the report written by the qualified research entity selected pursuant to subsection (a)(1) to the appropriate congressional committees.</text></paragraph><paragraph id="id0CA321D4ACD74B15817C7DE0E06074E0"><enum>(2)</enum><header>Publication</header><text>The report referred to in paragraph (1) shall be made accessible to the public online through relevant United States Government websites.</text></paragraph></subsection><subsection id="id8f541f4f3fa745d2b29853571d45226d"><enum>(c)</enum><header>Federal Government support</header><text>The Secretary of State and other Federal agencies selected by the President shall provide the qualified research entity selected pursuant to subsection (a)(1) with timely access to appropriate information, data, resources, and analyses necessary for such entity to write the report described in subsection (a) in a thorough and independent manner. </text></subsection></section><section id="idCFCBD8BD3874488B88488743F096120B"><enum>4.</enum><header>Sunset</header><text display-inline="no-display-inline">This Act shall terminate on the date that is 5 years after the date of the enactment of this Act.</text></section></legis-body></bill> 

