<?xml version="1.0"?>
<?xml-stylesheet type="text/xsl" href="billres.xsl"?>
<!DOCTYPE bill PUBLIC "-//US Congress//DTDs/bill.dtd//EN" "bill.dtd">
<bill bill-stage="Introduced-in-Senate" dms-id="A1" public-private="public" slc-id="S1-HEN21098-1XS-RK-1X2"><metadata xmlns:dc="http://purl.org/dc/elements/1.1/">
<dublinCore>
<dc:title>117 S84 IS: Write the Laws Act</dc:title>
<dc:publisher>U.S. Senate</dc:publisher>
<dc:date>2021-01-28</dc:date>
<dc:format>text/xml</dc:format>
<dc:language>EN</dc:language>
<dc:rights>Pursuant to Title 17 Section 105 of the United States Code, this file is not subject to copyright protection and is in the public domain.</dc:rights>
</dublinCore>
</metadata>
<form>
<distribution-code display="yes">II</distribution-code><congress>117th CONGRESS</congress><session>1st Session</session><legis-num>S. 84</legis-num><current-chamber>IN THE SENATE OF THE UNITED STATES</current-chamber><action><action-date date="20210128">January 28, 2021</action-date><action-desc><sponsor name-id="S348">Mr. Paul</sponsor> introduced the following bill; which was read twice and referred to the <committee-name committee-id="SSGA00">Committee on Homeland Security and Governmental Affairs</committee-name></action-desc></action><legis-type>A BILL</legis-type><official-title>To end the unconstitutional delegation of legislative power which was exclusively vested in the Senate and House of Representatives by article I, section 1 of the Constitution of the United States, and to direct the Comptroller General of the United States to issue a report to Congress detailing the extent of the problem of unconstitutional delegation to the end that such delegations can be phased out, thereby restoring the constitutional principle of separation of powers set forth in the first sections of the Constitution of the United States.</official-title></form><legis-body display-enacting-clause="yes-display-enacting-clause"><section section-type="section-one" id="S1"><enum>1.</enum><header>Short
 title</header><text display-inline="no-display-inline">This Act may be cited as the <quote><short-title>Write the Laws Act</short-title></quote>.</text></section><section id="IDa23ef30ae89642709fff033332f1de38"><enum>2.</enum><header>Constitutional
			 authority statement</header><subsection id="ID5efeefc8aab54bdba86e1f358bf2dc4a"><enum>(a)</enum><header>In
 general</header><text>This Act is enacted pursuant to the powers conferred by the Constitution of the United States upon Congress by—</text><paragraph id="ID90374f16f3c046898c27641a7e9abc1c"><enum>(1)</enum><text>article I, section 1, which vests in Congress all legislative powers granted under the Constitution; and</text></paragraph><paragraph id="ID2bfa707b94924f4b9e8deba49ed643dc"><enum>(2)</enum><text>article I, section 8, clause 18, which vests in Congress the power to make all laws that shall be necessary and proper for executing the legislative power granted to Congress in the Constitution.</text></paragraph></subsection><subsection id="ID5ef4c63fdb6546868e6f1c512abbfd96"><enum>(b)</enum><header>Other
 authority</header><text>This Act is also enacted to bring the enforcement of Federal law into compliance with the guarantee under the Fifth Amendment to the Constitution of the United States that no person be deprived of life, liberty, or property without due process of law.</text></subsection></section><section id="ID1dc4e0c85d8a4894bb8fa8e21e71a919"><enum>3.</enum><header>Findings</header><text display-inline="no-display-inline">Congress finds the following:</text><paragraph id="ID124d41ad1d3f4d3eb016879f3f09a0ae"><enum>(1)</enum><text>Article I, section 1 of the Constitution of the United States vests the legislative powers enumerated therein in Congress, consisting of a Senate and a House of Representatives, subject only to the veto power of the President as provided in article I, section 7, clause 2.</text></paragraph><paragraph id="ID5eba7ae537c04b5cb2d05c41a612caae"><enum>(2)</enum><text>Article II, section 1 of the Constitution of the United States vests the executive power of the United States in a President.</text></paragraph><paragraph id="ID0217b7f4620a4275a7e75ba08324827b"><enum>(3)</enum><text>Article III, section 1 of the Constitution of the United States vests the judicial power of the United States in <quote>one supreme Court, and in such inferior courts as the Congress may from time to time ordain and establish</quote>, subject only to the jurisdictional limitations set forth in article III, section 2.</text></paragraph><paragraph id="ID2bb433d7d9bc45bfbcfdc689751d473b"><enum>(4)</enum><text>As the Supreme Court of the United States has stated, <quote>In the main, [the Constitution of the United States] has blocked out with singular precision, and in bold lines, in its three primary Articles, the allotment of power to the executive, the legislative, and judicial departments of the government [and] the powers confided by the Constitution to one of these departments cannot be exercised by another.</quote>. Kilbourn v. Thompson, 103 U.S. 168, 191 (1881).</text></paragraph><paragraph id="IDc4092e32276c443da417816af8f5129c"><enum>(5)</enum><text><quote>It is … essential to the successful working of this system, that the persons entrusted with power in any one of these branches shall not be permitted to encroach upon the powers confided to others, but that each shall by the law of its creation be limited to the exercise of the powers … of its own department and no other.</quote>. Id.</text></paragraph><paragraph id="IDb5a67d3145864220aadb136d8f6d9e13"><enum>(6)</enum><text><quote>The increase in the number of States, in their population and wealth, and in the amount of power … [has] present[ed] powerful and growing temptations to those to whom that exercise is intrusted, to overstep the just boundaries of their own department, and enter upon the domain of one of the others, or to assume powers not intrusted to either of them.</quote>. Id. at 191–192.</text></paragraph><paragraph id="IDedb0df53028a491d808560b7b294d7ae"><enum>(7)</enum><text>Succumbing to these <quote>powerful and growing</quote> temptations, and beginning in the late nineteenth century with the Interstate Commerce Commission and continuing to the present time, Congress has unconstitutionally created numerous administrative agencies with blended powers, namely—</text><subparagraph id="idF6837E3D09D7462E82F4FE8448602EFC"><enum>(A)</enum><text>the exercise of legislative power vested by the Constitution of the United States in Congress;</text></subparagraph><subparagraph id="id8F9391E9B2F746F3B80A0907FC0E5490"><enum>(B)</enum><text>the exercise of executive power vested by the Constitution of the United States in the President; and</text></subparagraph><subparagraph id="idA0BEA1AC50984532AA44039B4B6EEBEA"><enum>(C)</enum><text>the exercise of judicial power vested by the Constitution of the United States in the Supreme Court and lower Federal courts.</text></subparagraph></paragraph><paragraph id="ID6a48b26de2b3433786ee520083d6bb14"><enum>(8)</enum><text>By delegating legislative, executive, and judicial power to the various administrative agencies, Congress has departed from the separation of powers structure of the Constitution of the United States, and ignored the warning of the framers of that instrument that <quote>The accumulation of all powers, legislative, executive, and judiciary, in the same hands, whether of one, a few, or many, and whether hereditary, self-appointed, or elective, may justly be pronounced the very definition of tyranny.</quote>. James Madison, The Federalist No. 47.</text></paragraph><paragraph id="ID04d62f6c070f4c18880a27d68db11536"><enum>(9)</enum><text>Further, by delegating legislative, executive, and judicial powers to various administrative agencies, Congress has unconstitutionally established a Star Chamber-like system of rules promulgated, executed, and adjudicated by administrative agencies that are functionally a part of the executive branch of the Federal Government in violation of the due process guarantee of the Fifth Amendment to the Constitution of the United States.</text></paragraph><paragraph id="IDf0b8f1e4b97d46e7b6adfbb306a6234a"><enum>(10)</enum><text>By the very nature of legislative power, and by the express terms of article I, section 1 of the Constitution of the United States, Congress may not delegate any legislative power to any other branch of the Federal Government or other entity, including any administrative agency. As Chief Justice John Marshall stated: <quote>It will not be contended that congress can delegate to the courts, or to any other tribunals, powers which are strictly and exclusively legislative.</quote>. Wayman v. Southard, 10 Wheat. (23 U.S.) 1, 42 (1825).</text></paragraph><paragraph id="ID688ac7306b44403d938d3f7336110fa0"><enum>(11)</enum><text>As Chief Justice Melville Fuller explained, a <quote>criminal offense</quote> created or clarified by an agency in the executive branch is not valid unless the offense <quote>is fully and completely defined by the act</quote> of Congress. In re Kollock, 165 U.S. 526, 533 (1897).</text></paragraph><paragraph id="IDa143e27b8c844ccd94fd9e3b4e8123c4"><enum>(12)</enum><text>By vesting legislative power in the Congress, the Constitution requires the Senate and the House of Representatives to enact statutes containing general rules to be executed by the President, as provided in article II, section 1 of the Constitution of the United States, and to be adjudicated in a case or controversy by such inferior courts as Congress may from time to time establish, or in the Supreme Court, as provided in article III, sections 1 and 2.</text></paragraph><paragraph id="ID33e691c165ff4c30b1ebdb911231a6c2"><enum>(13)</enum><text>By abdicating its constitutional legislative responsibility to write the laws whereby the people are governed, and having unconstitutionally delegated that power to unelected bureaucrats, Congress has undermined the constitutional protections of—</text><subparagraph id="id1AFAD6791DF444E6A4D5DE46E8DA1093"><enum>(A)</enum><text>the checks and balances of a bicameral legislative body; and</text></subparagraph><subparagraph id="ID7fec07b70a9a40d1828568329def100d"><enum>(B)</enum><text>a Presidential veto.</text></subparagraph></paragraph><paragraph id="ID09ef2d55d28d4eb79541bd71e21c8e3e"><enum>(14)</enum><text>As a direct consequence of Congress having abdicated its responsibility to properly exercise the legislative power vested by the Constitution of the United States, Congress has—</text><subparagraph id="id11B6F7EA9B8941BFB3BF49368504B461"><enum>(A)</enum><text>imposed onerous and unreasonable burdens upon the American people; and</text></subparagraph><subparagraph id="idD683D9B705324198AF5CB6D605C50DEC"><enum>(B)</enum><text>violated the constitutional principle of the separation of the legislative, executive, and judicial processes and functions.</text></subparagraph></paragraph></section><section id="ID316274fc2db746209dd9067e9eee1ac7"><enum>4.</enum><header>Restoring the
			 separation of powers</header><subsection id="idB376F4D31E90497D99AD01B1BB63BABD"><enum>(a)</enum><header>In
 general</header><text display-inline="yes-display-inline">Title 1 of the United States Code, is amended by inserting after chapter 2 the following:</text><quoted-block style="USC" display-inline="no-display-inline" id="id959454590F73400B8594A3B31C709A69"><chapter id="idE7DD90C08FAE4ECF985D14F27324EFDE"><enum>2A</enum><header>Separation of
				powers</header><toc><toc-entry level="section">Sec. </toc-entry><toc-entry idref="IDe014905df31e4d6bb62f080e09f92cb0" level="section">151. Nondelegation of legislative power.</toc-entry><toc-entry idref="id0C85DBA6E0394D79BB7C16E8123AF92C" level="section">152. Enforcement clause.</toc-entry><toc-entry idref="idBAF4F0A99B544B24A3D9EBDB610D18A6" level="section">153. Effective date.</toc-entry></toc><section id="IDe014905df31e4d6bb62f080e09f92cb0"><enum>151.</enum><header>Nondelegation
 of legislative power</header><subsection id="ID010659ac500f49ce9f23f0f44782b69d"><enum>(a)</enum><header>Definition</header><text>In this section, the term <term>delegation of legislative powers</term>—</text><paragraph id="id78309AEA25DE4E99ADFD0BCB5CA9283C"><enum>(1)</enum><text>includes—</text><subparagraph id="id7CC2AAA05BEF4942B27470C32FD2C27F"><enum>(A)</enum><text>the creation or clarification of any criminal or civil offense; and</text></subparagraph><subparagraph id="id51D2DC13294E48E7B3636631ADA008CC"><enum>(B)</enum><text>the creation or clarification of any non-criminal regulation, prohibition, or limitation applicable to the public, or some subset thereof, that is not fully and completely defined in an Act of Congress, except that the executive branch of Government may be delegated authority to make factual findings that will determine the date upon which such an Act is implemented, suspended, or revived; and</text></subparagraph></paragraph><paragraph id="IDf7c262979028441393799a9a78b7377a"><enum>(2)</enum><text>does not include the issuance of any Presidential proclamation, or the issuance of any rule or regulation governing the internal operation of any agency, or conditions made upon grants or contracts issued by any agency.</text></paragraph></subsection><subsection id="id6A89197E4CCA4042926582716AFB5462"><enum>(b)</enum><header>Prohibition</header><text>An Act of Congress may not contain any delegation of legislative powers, whether to—</text><paragraph id="id7C15B3FF73CA44B6A44CEAFCD6C4B574"><enum>(1)</enum><text>any component within the legislative branch of the Federal Government;</text></paragraph><paragraph id="id0F5E49C102A6455F97F2B5832EEE88D3"><enum>(2)</enum><text>the President or any other member of the executive branch of the Federal Government;</text></paragraph><paragraph id="id4C127101F5AA431FB1447935EA6FE228"><enum>(3)</enum><text>the judicial branch of the Federal Government;</text></paragraph><paragraph id="idA16EE0DCABB249C9AF0DE37FC8C13CB0"><enum>(4)</enum><text>any agency;</text></paragraph><paragraph id="id85FAC018AC704A4394AEAFC4BCD46743"><enum>(5)</enum><text>any quasi-public agency;</text></paragraph><paragraph id="id609F929688BA4D74B893FFB021EAA777"><enum>(6)</enum><text>any State or instrumentality thereof; or</text></paragraph><paragraph id="id14A0D81953FB4BB0A46DD5A48F5FD7CE"><enum>(7)</enum><text>any other organization or individual.</text></paragraph></subsection><subsection id="ID23fbb4edd3614150b2cae95ce0b1a1b2"><enum>(c)</enum><header>Executive
 actions</header><text>No new Presidential directive, adjudicative decision, rule, or regulation, or change to an existing Presidential directive, adjudicative decision, rule, or regulation governing, limiting, imposing a penalty on, or otherwise regulating any activity of any individual or entity, other than an officer or employee of the Federal Government, may be promulgated or put into effect, unless the directive, decision, rule, or regulation is authorized by an Act of Congress that complies with subsection (b).</text></subsection><subsection id="ID698a5c6fbbd2495da3e2ccac8ab233b3"><enum>(d)</enum><header>Report</header><text>Not later than 6 months after the date of enactment of this chapter, the Comptroller General of the United States shall submit to Congress a report identifying all statutes enacted before the date that is 90 days after the date of enactment of this chapter which contain any delegation of legislative powers prohibited under this section.</text></subsection></section><section id="id0C85DBA6E0394D79BB7C16E8123AF92C"><enum>152.</enum><header>Enforcement
				clause</header><subsection id="id2BB73DE15A834B6BBAE18AA377A94594"><enum>(a)</enum><header>In
 general</header><text>An Act of Congress, Presidential directive, adjudicative decision, rule, or regulation that does not comply with section 151 shall have no force or effect and no legal, equitable, regulatory, civil, or criminal action may be brought under such an Act of Congress, Presidential directive, adjudicative decision, rule, or regulation.</text></subsection><subsection id="id831EE1BF850B4DC5BBC0D1899AD8ACD5"><enum>(b)</enum><header>Cause of
 action</header><text>Any person aggrieved by any action of any officer or employee in the executive branch of the Federal Government under any Act of Congress that does not comply with section 151 may bring a cause of action under sections 2201 and 2202 of title 28 against the United States to seek appropriate relief, including an injunction against enforcement of any Act of Congress, Presidential directive, adjudicative decision, rule, or regulation that does not comply with section 151.</text></subsection><subsection id="idDF9DA90E484C423FAC6273DF74392F84"><enum>(c)</enum><header>Standard of
 review</header><text>In any action brought under subsection (b), the standard of review shall be de novo.</text></subsection></section><section id="idBAF4F0A99B544B24A3D9EBDB610D18A6"><enum>153.</enum><header>Effective
 date</header><text display-inline="no-display-inline">This chapter shall apply to any Act of Congress, Presidential directive, adjudicative decision, rule, or regulation, or change to an existing Presidential directive, adjudicative decision, rule, or regulation, enacted or promulgated on or after the date that is 90 days after the date of enactment of this chapter.</text></section></chapter><after-quoted-block>.</after-quoted-block></quoted-block></subsection><subsection id="id6907EB995B80473589842AA2F6D3F458"><enum>(b)</enum><header>Technical and
 conforming amendment</header><text>The table of chapters for title 1, United States Code, is amended by inserting after the item relating to chapter 2 the following:</text><quoted-block style="USC" display-inline="no-display-inline" id="idA2DB9FEB62A24D08902D523DE2599BAB"><toc><multi-column-toc-entry bold="on" level="chapter"><toc-enum>2A.
				  </toc-enum><level-header bold="on" level="chapter">Separation of
				  powers</level-header><target>151</target></multi-column-toc-entry></toc><after-quoted-block>.</after-quoted-block></quoted-block></subsection></section><section id="ID5ed69b2994354866b7e06f8b8c5b6e41"><enum>5.</enum><header>Severability
 clause</header><text display-inline="no-display-inline">If any provision of this Act or an amendment made by this Act, or the application of a provision or amendment to any person or circumstance, is held to be invalid for any reason in any court of competent jurisdiction, the remainder of this Act and amendments made by this Act, and the application of the provisions and amendment to any other person or circumstance, shall not be affected.</text></section></legis-body></bill>


