<?xml version="1.0"?>
<?xml-stylesheet type="text/xsl" href="billres.xsl"?>
<!DOCTYPE bill PUBLIC "-//US Congress//DTDs/bill.dtd//EN" "bill.dtd">
<bill bill-stage="Introduced-in-Senate" dms-id="A1" public-private="public" slc-id="S1-HEN21067-XHR-KV-9RJ"><metadata xmlns:dc="http://purl.org/dc/elements/1.1/">
<dublinCore>
<dc:title>117 S48 IS: Balanced Budget Accountability Act</dc:title>
<dc:publisher>U.S. Senate</dc:publisher>
<dc:date>2021-01-26</dc:date>
<dc:format>text/xml</dc:format>
<dc:language>EN</dc:language>
<dc:rights>Pursuant to Title 17 Section 105 of the United States Code, this file is not subject to copyright protection and is in the public domain.</dc:rights>
</dublinCore>
</metadata>
<form>
<distribution-code display="yes">II</distribution-code><congress>117th CONGRESS</congress><session>1st Session</session><legis-num>S. 48</legis-num><current-chamber>IN THE SENATE OF THE UNITED STATES</current-chamber><action><action-date date="20210126">January 26, 2021</action-date><action-desc><sponsor name-id="S375">Mr. Daines</sponsor> introduced the following bill; which was read twice and referred to the <committee-name committee-id="SSGA00">Committee on Homeland Security and Governmental Affairs</committee-name></action-desc></action><legis-type>A BILL</legis-type><official-title>To reduce a portion of the annual pay of Members of Congress for the failure to adopt a concurrent resolution on the budget which does not provide for a balanced budget, and for other purposes.</official-title></form><legis-body style="OLC" display-enacting-clause="yes-display-enacting-clause" id="H91193FA1AB3B4256B6718B5F54DB747D"><section section-type="section-one" id="HC75E10DB465849818F35A4489B3DBE9F"><enum>1.</enum><header>Short title;
			 findings</header><subsection id="HF33AD60BCA0B4D4884EBBBDC2DD1245C"><enum>(a)</enum><header>Short
 title</header><text display-inline="yes-display-inline">This Act may be cited as the <quote><short-title>Balanced Budget Accountability Act</short-title></quote>.</text></subsection><subsection id="H4A28E35B9BF14F1AB72D5EE2C5D79F9D"><enum>(b)</enum><header>Findings</header><text>Congress finds the following:</text><paragraph id="HFFB0AF60DE6445969FE1240FC49F4431"><enum>(1)</enum><text display-inline="yes-display-inline">The Federal debt exceeds $27,000,000,000,000, continues to grow rapidly, and is larger than the size of the United States economy.</text></paragraph><paragraph id="H6172C7F1D6A84516A26AC61611EE2B89"><enum>(2)</enum><text>The Federal budget has shown an annual deficit in 51 of the last 56 years.</text></paragraph><paragraph id="H6A647939B7D3488F9C1A9BC99D7FA774"><enum>(3)</enum><text>Deficits and the Federal debt threaten to shatter confidence in the Nation’s economy, suppress job creation and economic growth, and leave future generations of Americans with a lower standard of living and fewer opportunities.</text></paragraph><paragraph id="HC02A75D360DA45CFA34B86A6B55553BD"><enum>(4)</enum><text>It is the duty of Members of Congress to develop and implement policies, including balancing the Federal budget, that encourage robust job creation and economic growth in the United States.</text></paragraph><paragraph id="H77586F99FF6A4D4295F3B1039725F546"><enum>(5)</enum><text>Members of Congress should be held accountable for failing to pass annual budgets that result in a balanced budget.</text></paragraph></subsection></section><section id="H3715F2542ECA4BE0BE10EB10D9066EEC"><enum>2.</enum><header>Effect of failure
 to adopt resolution providing for balanced budgets</header><subsection id="idA69D2D10653C4A7CB93C89E3D08D3011"><enum>(a)</enum><header>Definitions</header><text>In this section—</text><paragraph id="id0B7E6CB62BC94D87AA4BBB137125D18E"><enum>(1)</enum><text>the term <term>balanced budget</term> means a concurrent resolution on the budget which provides that for fiscal year 2031, and each fiscal year thereafter to which the concurrent resolution on the budget applies—</text><subparagraph id="id37D4C59581604376AB5158649687A0D5"><enum>(A)</enum><text display-inline="yes-display-inline">total outlays do not exceed total receipts; and</text></subparagraph><subparagraph id="idEE8A01E1805342309C6133758DCCB0F0"><enum>(B)</enum><text>total outlays are not more than 18 percent of the projected gross domestic product of the United States (as determined by the Bureau of Economic Analysis of the Department of Commerce) for such fiscal year;</text></subparagraph></paragraph><paragraph id="id8DBFAA7DCB914834A4EC169228301AE6"><enum>(2)</enum><text>the term <term>Director</term> means the Director of the Office of Management and Budget; and</text></paragraph><paragraph id="idFCFE0303EA64451ABC28C100C838883F"><enum>(3)</enum><text>the term <term>Member</term> includes a Delegate or Resident Commissioner to Congress.</text></paragraph></subsection><subsection id="idE63E07983CBF4E7BB85F49F727F66480"><enum>(b)</enum><header>Determination by the Office of Management and Budget</header><text>Upon adoption by a House of Congress of a concurrent resolution on the budget for a fiscal year, the Director shall—</text><paragraph id="id77FE6DEF942843B5A0EE3AFCCD273C34"><enum>(1)</enum><text>determine whether the concurrent resolution on the budget is a balanced budget; and</text></paragraph><paragraph id="idAC7CD0C77E2B4C808340E86871572806"><enum>(2)</enum><text>submit to the Speaker of the House of Representatives or the President pro tempore of the Senate (as the case may be) a certification as to whether or not that House of Congress has adopted a balanced budget.</text></paragraph></subsection><subsection id="HEE7F3C27FCE943F8B0DA7A739FF74301"><enum>(c)</enum><header>Rule for fiscal
			 years 2022 and 2023</header><paragraph display-inline="no-display-inline" id="HAD3C41FFEEAA4A98AF45FA7F83E28D91"><enum>(1)</enum><header>Fiscal year 2022</header><subparagraph display-inline="no-display-inline" id="id692BCFCDD37445EFB0FF1C4B776E494C"><enum>(A)</enum><header> Holding salaries
 in escrow</header><text>If the Director does not certify that a House of Congress has adopted a balanced budget with respect to fiscal year 2022 before April 16, 2021, during the period described in subparagraph (B) the payroll administrator of that House of Congress shall deposit in an escrow account all payments otherwise required to be made during such period for the compensation of Members of Congress who serve in that House of Congress, and shall release such payments to such Members only upon the expiration of such period.</text></subparagraph><subparagraph id="H6E3C9816DBF14D61942F4EA9F737098E"><enum>(B)</enum><header>Period
 described</header><text>With respect to a House of Congress, the period described in this subparagraph is the period that begins on April 16, 2021, and ends on the earlier of—</text><clause id="HB02070D0E05D4DA99A25D594B78B8E50"><enum>(i)</enum><text>the date on which the Director certifies that the House of Congress has adopted a balanced budget with respect to fiscal year 2022; or</text></clause><clause id="HB00181981E064685BCAF5C97AA94509D"><enum>(ii)</enum><text>the last day of the One Hundred Seventeenth Congress.</text></clause></subparagraph></paragraph><paragraph display-inline="no-display-inline" id="id264FF70705554631A446C6075E0AF886"><enum>(2)</enum><header>Fiscal year 2023</header><subparagraph display-inline="no-display-inline" id="id4888C0E54B0C45A190E2E1F010FBD21B"><enum>(A)</enum><header> Holding salaries
 in escrow</header><text>If the Director does not certify that a House of Congress has adopted a balanced budget with respect to fiscal year 2023 before April 16, 2022, during the period described in subparagraph (B) the payroll administrator of that House of Congress shall deposit in an escrow account all payments otherwise required to be made during such period for the compensation of Members of Congress who serve in that House of Congress, and shall release such payments to such Members only upon the expiration of such period.</text></subparagraph><subparagraph id="id50E69FB3BCCE45869C8E4D2224A3B24D"><enum>(B)</enum><header>Period
 described</header><text>With respect to a House of Congress, the period described in this subparagraph is the period that begins on April 16, 2022, and ends on the earlier of—</text><clause id="id1F08A7A4A1784B00845FB1D70B56D66B"><enum>(i)</enum><text>the date on which the Director certifies that the House of Congress has adopted a balanced budget with respect to fiscal year 2023; or</text></clause><clause commented="no" display-inline="no-display-inline" id="idD0EFB0706117409BA4C0018170042B81"><enum>(ii)</enum><text>the last day of the One Hundred Seventeenth Congress.</text></clause></subparagraph></paragraph><paragraph id="H9DEAB8F36E324E6C8477FE7E0ACAEB81"><enum>(3)</enum><header>Withholding and
 remittance of amounts from payments held in escrow</header><text>The payroll administrator shall provide for the same withholding and remittance with respect to a payment deposited in an escrow account under paragraph (1) or (2) that would apply to the payment if the payment were not subject to paragraph (1) or (2).</text></paragraph><paragraph id="HA594FC8391B049FB9CAA0F76048778F1"><enum>(4)</enum><header>Release of
 amounts at end of the Congress</header><text>In order to ensure that this subsection is carried out in a manner that shall not vary the compensation of Senators or Representatives in violation of the twenty-seventh amendment to the Constitution of the United States, the payroll administrator of a House of Congress shall release for payments to Members of that House of Congress any amounts remaining in any escrow account under this section on the last day of the One Hundred Seventeenth Congress.</text></paragraph><paragraph id="H9B2868864103400FAE8B2620C4F0EC1A"><enum>(5)</enum><header>Role of
 Secretary of the Treasury</header><text>The Secretary of the Treasury shall provide the payroll administrators of the Houses of Congress with such assistance as may be necessary to enable the payroll administrators to carry out this subsection.</text></paragraph><paragraph display-inline="no-display-inline" id="HD9199A2B5D064CA99079A7D2F3ADFCC3"><enum>(6)</enum><header>Payroll
 administrator defined</header><text>In this subsection, the <term>payroll administrator</term> of a House of Congress means—</text><subparagraph id="HF7DBEEB5DD8F49DCB64112E6C3A919FD"><enum>(A)</enum><text display-inline="yes-display-inline">in the case of the House of Representatives, the Chief Administrative Officer of the House of Representatives, or an employee of the Office of the Chief Administrative Officer who is designated by the Chief Administrative Officer to carry out this section; and</text></subparagraph><subparagraph id="H9F1C61D2B20E4960BA19099F13325F24"><enum>(B)</enum><text>in the case of the Senate, the Secretary of the Senate, or an employee of the Office of the Secretary of the Senate who is designated by the Secretary to carry out this section.</text></subparagraph></paragraph></subsection><subsection id="H15C25E8680D140D5A1AE43BA80DE686B" commented="no"><enum>(d)</enum><header>Rule for fiscal
 year 2024 and subsequent fiscal years</header><text display-inline="yes-display-inline">If the Director does not certify that a House of Congress has adopted a balanced budget with respect to fiscal year 2024, or any fiscal year thereafter, before April 16 of the fiscal year before such fiscal year, during pay periods which occur in the same calendar year after that date each Member of that House shall be paid at an annual rate of pay equal to $1.</text></subsection></section><section id="idFE829A25D7924B628200EA3C8D482832"><enum>3.</enum><header>Supermajority requirement for increasing revenue</header><subsection id="id5712C07221834873AF401F65E20A70A1"><enum>(a)</enum><header>In general</header><text display-inline="yes-display-inline">In the Senate and the House of Representatives, a bill, joint resolution, amendment, conference report, or amendment between the Houses that increases revenue shall only be agreed to upon an affirmative vote of three-fifths of the Members of that House of Congress duly chosen and sworn.</text></subsection><subsection id="id19E67C8963BA4B84A12091E45313E328"><enum>(b)</enum><header>Rules of Senate and the House of Representatives</header><text>Subsection (a) is enacted by Congress—</text><paragraph id="idc1afaae275e94bd3b33b782e609555db"><enum>(1)</enum><text>as an exercise of the rulemaking power of the Senate and House of Representatives, respectively, and as such it is deemed a part of the rules of each House, respectively, but applicable only with respect to the procedure to be followed in that House in the case of a bill, joint resolution, amendment, conference report, or amendment between the Houses that increases revenue, and it supersedes other rules only to the extent that it is inconsistent with such rules; and</text></paragraph><paragraph id="id3a72309f06ae4520a70d3edace1c8502"><enum>(2)</enum><text>with full recognition of the constitutional right of either House to change the rules (so far as relating to the procedure of that House) at any time, in the same manner, and to the same extent as in the case of any other rule of that House.</text></paragraph></subsection></section></legis-body></bill>


