<?xml version="1.0"?>
<?xml-stylesheet type="text/xsl" href="billres.xsl"?>
<!DOCTYPE bill PUBLIC "-//US Congress//DTDs/bill.dtd//EN" "bill.dtd">
<bill bill-stage="Introduced-in-Senate" dms-id="A1" public-private="public" slc-id="S1-OLL21185-36K-N7-SMS">
<metadata xmlns:dc="http://purl.org/dc/elements/1.1/">
<dublinCore>
<dc:title>117 S354 IS: Metro Safety, Accountability, and Investment Act of 2021</dc:title>
<dc:publisher>U.S. Senate</dc:publisher>
<dc:date>2021-02-22</dc:date>
<dc:format>text/xml</dc:format>
<dc:language>EN</dc:language>
<dc:rights>Pursuant to Title 17 Section 105 of the United States Code, this file is not subject to copyright protection and is in the public domain.</dc:rights>
</dublinCore>
</metadata>
<form>
<distribution-code display="yes">II</distribution-code>
<congress>117th CONGRESS</congress><session>1st Session</session>
<legis-num>S. 354</legis-num>
<current-chamber>IN THE SENATE OF THE UNITED STATES</current-chamber>
<action>
<action-date date="20210222">February 22, 2021</action-date>
<action-desc><sponsor name-id="S327">Mr. Warner</sponsor> (for himself, <cosponsor name-id="S362">Mr. Kaine</cosponsor>, <cosponsor name-id="S308">Mr. Cardin</cosponsor>, and <cosponsor name-id="S390">Mr. Van Hollen</cosponsor>) introduced the following bill; which was read twice and referred to the <committee-name committee-id="SSBK00">Committee on Banking, Housing, and Urban Affairs</committee-name></action-desc>
</action>
<legis-type>A BILL</legis-type>
<official-title>To reauthorize funding to the Washington Metropolitan Area Transit Authority contingent on improvements to the governance and operations of the Transit Authority.</official-title>
</form>
<legis-body display-enacting-clause="yes-display-enacting-clause" id="H512861EAAED64B048D7ABC486E38F64B">
<section section-type="section-one" id="S1"><enum>1.</enum><header>Short title; table of contents</header>
<subsection id="idAA9056D8A6444C0DAF37297120E6D2D7"><enum>(a)</enum><header>Short title</header><text display-inline="yes-display-inline">This Act may be cited as the <quote><short-title>Metro Safety, Accountability, and Investment Act of 2021</short-title></quote>.</text></subsection> <subsection id="id3FD322E4150943B1998C3529C4EDFF6D"><enum>(b)</enum><header>Table of contents</header><text>The table of contents for this Act is as follows:</text>
<toc>
<toc-entry idref="S1" level="section">Sec. 1. Short title; table of contents.</toc-entry>
<toc-entry idref="H02BC4F25FAE044AAB8D629C95EFC2DFD" level="section">Sec. 2. Definitions.</toc-entry>
<toc-entry idref="id89B14A39B5664F24A02E5B5C7E630085" level="section">Sec. 3. Reauthorization of capital and preventive maintenance grants to Washington Metropolitan Area Transit Authority.</toc-entry>
<toc-entry idref="H159E24EAF1DB4B7789DE8AE8A4F61E77" level="section">Sec. 4. Additional funds for Washington Metropolitan Area Transit Authority.</toc-entry>
<toc-entry idref="id4520C7D51D74458CA5564CF2FEF16D60" level="section">Sec. 5. Reforms to Office of Inspector General.</toc-entry>
<toc-entry idref="HF9A00A54805841B7894D464A79FFCCEC" level="section">Sec. 6. Jeanice McMillan Washington Metropolitan Area Transit Authority Track Safety Task Force.</toc-entry>
<toc-entry idref="H5A48071D345B4016A16FD993348A6466" level="section">Sec. 7. Keith Dodson Washington Metropolitan Area Transit Authority Bus Safety Task Force.</toc-entry>
<toc-entry idref="id856d5683b8dc410ba64b9dc2d9e93acd" level="section">Sec. 8. Capital program and planning.</toc-entry>
<toc-entry idref="ida0732989a26e4f21bb4efb1b81fd97aa" level="section">Sec. 9. Cybersecurity protections in future rolling stock procurements.</toc-entry>
<toc-entry idref="idcd59f6982ecb418dba78819392fa58a5" level="section">Sec. 10. Sense of Congress.</toc-entry>
<toc-entry idref="idcb2dd3ce448c40e9b3a58119631c2716" level="section">Sec. 11. Additional reporting.</toc-entry></toc></subsection></section>
<section id="H02BC4F25FAE044AAB8D629C95EFC2DFD"><enum>2.</enum><header>Definitions</header><text display-inline="no-display-inline">In this Act—</text> <paragraph id="H32D673F6C83B41D98C416E90759EE921"><enum>(1)</enum><text display-inline="yes-display-inline">the term <term>Board</term> means the Board of Directors of the Transit Authority;</text></paragraph>
<paragraph id="id7DB4312A466B44FB9F8D2918F33D1082"><enum>(2)</enum><text display-inline="yes-display-inline">the term <term>Compact</term> means the Washington Metropolitan Area Transit Authority Compact consented to by Congress under <external-xref legal-doc="public-law" parsable-cite="pl/89/774">Public Law 89–774</external-xref> (80 Stat. 1324);</text></paragraph> <paragraph id="idF460FCE311724FE68EBBC831B85490E3"><enum>(3)</enum><text>the term <term>covered recipient</term> means—</text>
<subparagraph id="idE8630DC0E6C24EE7BA80DBB99F5A0FFF"><enum>(A)</enum>
<clause commented="no" display-inline="yes-display-inline" id="id6C70C7D0767D4E528C8461EE54CAB5B8"><enum>(i)</enum><text>the Committee on Banking, Housing, and Urban Affairs of the Senate;</text></clause> <clause id="idA6BD49E12941457BA8B7BF6157C39E6A" indent="up1"><enum>(ii)</enum><text>the Committee on Homeland Security and Governmental Affairs of the Senate;</text></clause>
<clause id="idE145A6072E1747B79647C4D7BDB9B575" indent="up1"><enum>(iii)</enum><text>the Committee on Transportation and Infrastructure of the House of Representatives; and</text></clause> <clause id="id95AF1508EE414E8F9B8BF2CA7D3921D5" indent="up1"><enum>(iv)</enum><text>the Committee on Oversight and Reform of the House of Representatives;</text></clause></subparagraph>
<subparagraph id="id04BAE5C1704C42F7B43A53DE4CB45942"><enum>(B)</enum>
<clause commented="no" display-inline="yes-display-inline" id="id476320A115C64036B0C87FC27A9C73FE"><enum>(i)</enum><text display-inline="yes-display-inline">the Governor of Maryland;</text></clause> <clause id="idCC0954E01E0F4C759A908D581AD74AA4" indent="up1"><enum>(ii)</enum><text display-inline="yes-display-inline">the President of the Maryland Senate; and</text></clause>
<clause id="idA82D502FC3E24128834B8D3BF0118F49" indent="up1"><enum>(iii)</enum><text display-inline="yes-display-inline">the Speaker of the Maryland House of Delegates;</text></clause></subparagraph> <subparagraph id="id90CF1F639FB448099037CF00FCC234A2"><enum>(C)</enum> <clause commented="no" display-inline="yes-display-inline" id="id3807C6F8805845B59FD08D0712DBF7C6"><enum>(i)</enum><text display-inline="yes-display-inline">the Governor of Virginia;</text></clause>
<clause id="id78B1B74B835745B5B8E1D783ECA068A3" indent="up1"><enum>(ii)</enum><text>the President of the Virginia Senate; and</text></clause> <clause id="id4DC7B755E73546BBB5409CE4BD0FB11A" indent="up1"><enum>(iii)</enum><text>the Speaker of the Virginia House of Delegates;</text></clause></subparagraph>
<subparagraph id="id7CDA127A780D4F8BB61E4EA80FBFD984"><enum>(D)</enum>
<clause commented="no" display-inline="yes-display-inline" id="id3183FAF06D3744418AC3B78CE1E1D4F6"><enum>(i)</enum><text display-inline="yes-display-inline">the Mayor of the District of Columbia; and</text></clause> <clause commented="no" display-inline="no-display-inline" id="id4E88994F6F9049B1A9C6C82E012EFF8C" indent="up1"><enum>(ii)</enum><text display-inline="yes-display-inline">the Chairman of the Council of the District of Columbia; and</text></clause></subparagraph>
<subparagraph id="id8cda7a3fe5fe4872a109a1035cabdd7a"><enum>(E)</enum><text>the Chairman of the Northern Virginia Transportation Commission;</text></subparagraph></paragraph> <paragraph commented="no" display-inline="no-display-inline" id="idEAA48A976DA14C9BBC53FC5DC1259864"><enum>(4)</enum><text>the terms <term>Inspector General</term> and <term>Office of Inspector General</term> mean the Inspector General and the Office of Inspector General, respectively, of the Transit Authority;</text></paragraph>
<paragraph id="id6181FF99F1924386B9AD274DB055A180"><enum>(5)</enum><text display-inline="yes-display-inline">the term <term>Secretary</term> means the Secretary of Transportation; and</text></paragraph> <paragraph commented="no" display-inline="no-display-inline" id="H84056D457F9F46E682B9FD40E5CAFFCB"><enum>(6)</enum><text display-inline="yes-display-inline">the term <term>Transit Authority</term> means the Washington Metropolitan Area Transit Authority established under Article III of the Compact.</text></paragraph></section>
<section commented="no" display-inline="no-display-inline" id="id89B14A39B5664F24A02E5B5C7E630085"><enum>3.</enum><header>Reauthorization of capital and preventive maintenance grants to Washington Metropolitan Area Transit Authority</header><text display-inline="no-display-inline">Section 601(f) of the Passenger Rail Investment and Improvement Act of 2008 (division B of <external-xref legal-doc="public-law" parsable-cite="pl/110/432">Public Law 110–432</external-xref>; 122 Stat. 4968) is amended—</text> <paragraph commented="no" display-inline="no-display-inline" id="id57620D0A3D8840F0BD0606369A076EF6"><enum>(1)</enum><text>by striking <quote>under this section an aggregate amount</quote> and inserting the following:</text>
<quoted-block style="OLC" display-inline="yes-display-inline" id="idAE30409980814AB2B3BF58AA683ACF7D"><text>under this section—</text> <paragraph commented="no" display-inline="no-display-inline" id="id615A68B5B5C54E0193AD6D6D46792E2F"><enum>(2)</enum><text>an aggregate amount</text></paragraph><after-quoted-block>; and</after-quoted-block></quoted-block></paragraph>
<paragraph commented="no" display-inline="no-display-inline" id="idEFA334F944A947D7B0168BACD9C0EF40"><enum>(2)</enum><text>by striking the period at the end and inserting the following:</text> <quoted-block style="OLC" display-inline="yes-display-inline" id="idDB69AB78D901474FA1BBAB0E1822DC32"><text>; and</text>
<paragraph commented="no" display-inline="no-display-inline" id="id1DEEDEEC28D2485FB74D8CCAF9B23F57"><enum>(2)</enum><text>$150,000,000 for each of fiscal years 2021 through 2030.</text></paragraph><after-quoted-block>.</after-quoted-block></quoted-block></paragraph></section> <section id="H159E24EAF1DB4B7789DE8AE8A4F61E77"><enum>4.</enum><header>Additional funds for Washington Metropolitan Area Transit Authority</header><text display-inline="no-display-inline">Title VI of the Passenger Rail Investment and Improvement Act of 2008 (division B of <external-xref legal-doc="public-law" parsable-cite="pl/110/432">Public Law 110–432</external-xref>; 122 Stat. 4968) is amended by adding at the end the following:</text>
<quoted-block style="OLC" display-inline="no-display-inline" id="id2DC4D13A950F41D880F0268C0E4CDA16">
<section commented="no" display-inline="no-display-inline" section-type="subsequent-section" id="id71B28E32880E4F4C9530D3E3140FFFF0"><enum>602.</enum><header>Additional funding for capital and preventive maintenance projects and for Inspector General</header>
<subsection commented="no" display-inline="no-display-inline" id="id265B134AA65B48CA89375F1FDDAF152C"><enum>(a)</enum><header>Definitions</header><text>In this section—</text> <paragraph commented="no" display-inline="no-display-inline" id="idC120BBB351C94275B17D91326DA0AA26"><enum>(1)</enum><text>the term <term>Secretary</term> means the Secretary of Transportation; and</text></paragraph>
<paragraph commented="no" display-inline="no-display-inline" id="idBED625DFDDEF417AAAF6484696179C24"><enum>(2)</enum><text>the term <term>Transit Authority</term> has the meaning given the term in section 601(a).</text></paragraph></subsection> <subsection commented="no" display-inline="no-display-inline" id="id1809467BB9024DC8B2865C409735495D"><enum>(b)</enum><header>Authorization</header><text>In addition to the amounts authorized to be appropriated under section 601, there are authorized to be appropriated to the Secretary of Transportation $50,000,000 for each of fiscal years 2021 through 2030 for use under subsections (c) and (d) of this section.</text></subsection>
<subsection commented="no" display-inline="no-display-inline" id="id1746B0D1242D4802B128E565F81A06D3"><enum>(c)</enum><header>Funding for capital and preventive maintenance projects</header>
<paragraph commented="no" display-inline="no-display-inline" id="id1B23F3B1E29D421ABDE734B2EAB44CE2"><enum>(1)</enum><header>In general</header><text>Subject to subsection (e), of the amounts authorized to be appropriated for a fiscal year under subsection (b), the Secretary of Transportation may use $45,000,000 for grants to the Transit Authority for the purpose of financing the capital and preventive maintenance projects included in the Capital Improvement Program approved by the Board of Directors of the Transit Authority.</text></paragraph> <paragraph commented="no" display-inline="no-display-inline" id="idB6ABCD20E83D492EA944BD0E6C787D49"><enum>(2)</enum><header>Applicability of other provisions</header> <subparagraph commented="no" display-inline="no-display-inline" id="id98F6171C7C904413B9D2BB2C127B7759"><enum>(A)</enum><header>Limitations and conditions</header><text>Paragraphs (1) and (3) of section 601(b) shall apply to a grant made under this subsection.</text></subparagraph>
<subparagraph commented="no" display-inline="no-display-inline" id="id1400D151823C482EB43D026D94B8A7F5"><enum>(B)</enum><header>Requirements for mass transportation capital projects receiving funds under Federal transportation law</header><text>Section 601(c) shall apply to the use of any amounts provided to the Transit Authority under this subsection.</text></subparagraph></paragraph></subsection> <subsection commented="no" display-inline="no-display-inline" id="id51762CDC49D743FEBCBFBEE22E0668D2"><enum>(d)</enum><header>Funding for Office of Inspector General of the Washington Metropolitan Area Transit Authority</header><text display-inline="yes-display-inline">Subject to subsection (e), of the amounts authorized to be appropriated for a fiscal year under subsection (b), the Secretary of Transportation shall use $5,000,000 for grants to the Transit Authority for use exclusively by the Office of Inspector General of the Transit Authority for the operations of the Office in accordance with Section 9 of Article III of the Compact, to remain available until expended.</text></subsection>
<subsection commented="no" display-inline="no-display-inline" id="idD6B76BF06C8A4585BCC3DCF7AD3C8DB0"><enum>(e)</enum><header>Matching Inspector General funds required from Transit Authority</header><text display-inline="yes-display-inline">The Secretary may not provide any amounts to the Transit Authority for a fiscal year under subsection (c) or (d) until the Transit Authority notifies the Secretary that the Transit Authority has made available $5,000,000 in non-Federal funds for that fiscal year for use exclusively by the Office of Inspector General of the Transit Authority for the operations of the Office in accordance with Section 9 of Article III of the Compact.</text></subsection></section><after-quoted-block>.</after-quoted-block></quoted-block></section> <section id="id4520C7D51D74458CA5564CF2FEF16D60"><enum>5.</enum><header>Reforms to Office of Inspector General</header> <subsection id="idD99146AD07E14EDF9216BD66546A4383"><enum>(a)</enum><header>Sense of Congress</header><text display-inline="yes-display-inline">Congress recognizes the importance of the Transit Authority having a strong and independent Office of Inspector General, as codified in subsections (a) and (d) of Section 9 of Article III of the Compact.</text></subsection>
<subsection id="idFFBBF26CB1DD4AD4980A3A915F6E60FB"><enum>(b)</enum><header>Reforms</header><text display-inline="yes-display-inline">The Secretary may not provide any amounts to the Transit Authority under section 602(c) of the Passenger Rail Investment and Improvement Act of 2008 (division B of <external-xref legal-doc="public-law" parsable-cite="pl/110/432">Public Law 110–432</external-xref>; 122 Stat. 4968), as added by section 4, until the Secretary certifies that the Board has passed a resolution that—</text> <paragraph id="id0e9aa0945782459b86b1fda926de2cfe"><enum>(1)</enum><text>provides that, for each fiscal year, the Office of Inspector General shall transmit a budget estimate and request to the Board specifying the aggregate amount of funds requested for the fiscal year for the operations of the Office;</text></paragraph>
<paragraph id="idbf083ed01f9e4ca7b5930086a2869348"><enum>(2)</enum><text>delegates to the Inspector General, to the extent possible under the Compact and in accordance with each applicable Federal law or regulation, contracting officer authority, subject to the requirement that the Inspector General exercise that authority—</text> <subparagraph id="ida6d9e6c9dfec4d57b4c40460c22d18b6"><enum>(A)</enum><text>in accordance with Section 73 of Article XVI of the Compact, after working with the Transit Authority to amend procurement policies and procedures to give the Inspector General approving authority for exceptions to those policies and procedures; and</text></subparagraph>
<subparagraph id="id7c57d4c06ff1430bb1da0b87ad290f57"><enum>(B)</enum><text>only as is necessary to carry out the duties of the Office of Inspector General;</text></subparagraph></paragraph> <paragraph id="id8a3bbc11f334467db560e4867a906523"><enum>(3)</enum><text>delegates to the Inspector General, to the extent possible under the Compact and in accordance with each applicable Federal law or regulation—</text>
<subparagraph id="id3A5FE2C0DB204AAB84B3FF8A72C66C1B"><enum>(A)</enum><text>the authority to select, appoint, and employ such officers and employees as may be necessary for carrying out the duties of the Office of Inspector General, subject to the requirement that the Inspector General exercise that authority in accordance with—</text> <clause id="id5431E672099E49CF9F23807217E8273B"><enum>(i)</enum><text>subsections (g) and (h) of Section 12 of Article V of the Compact; and</text></clause>
<clause id="id9C2DC6A490044A4298E0A4E72E4F2AE9"><enum>(ii)</enum><text>personnel policies and procedures of the Transit Authority; and</text></clause></subparagraph> <subparagraph id="id1288a5b18bde483c8b7afa86f160205a"><enum>(B)</enum><text>approving authority, subject to the approval of the Board, for exceptions to policies that impact the independence of the Office of Inspector General, but those exceptions may not include the use of employee benefits and pension plans other than the employee benefits and pension plans of the Transit Authority; </text></subparagraph></paragraph>
<paragraph id="id20125eea0ce541158a1044f228462d6f"><enum>(4)</enum>
<subparagraph commented="no" display-inline="yes-display-inline" id="idA89981EBB5AA43149E3291D21C41ACE9"><enum>(A)</enum><text>ensures that the Inspector General obtains legal advice from a counsel reporting directly to the Inspector General; and</text></subparagraph> <subparagraph id="idE3F3C77C8087499B8AE2B06199D61586" indent="up1"><enum>(B)</enum><text>prohibits the counsel described in subparagraph (A) from—</text>
<clause id="id4978CBCE9E5E47A3BC5B53E98068EFC0"><enum>(i)</enum><text>providing legal advice for or on behalf of the Transit Authority;</text></clause> <clause id="id6A06C63EC5FC412D9679F9AF1E77B4FC"><enum>(ii)</enum><text>issuing a legal opinion on behalf of the Transit Authority or making a statement about a legal position of the Transit Authority; or</text></clause>
<clause id="idC2B45676ABB3488A98302FA8660614E4"><enum>(iii)</enum><text>waiving any privilege or protection from disclosure on any matter under the jurisdiction of the Transit Authority; and</text></clause></subparagraph></paragraph> <paragraph id="iddeeb3bb1ffcc4808b3d09533ac3f0cc3"><enum>(5)</enum><text>requires the Inspector General to—</text>
<subparagraph id="id95ccd22220864fdd96941d6bebe2d844"><enum>(A)</enum><text>post any report containing a recommendation for corrective action to the website of the Office of Inspector General not later than 3 days after the report is submitted in final form to the Board, except that—</text> <clause id="idaebfacf1c68e453c9ce1a5ddf701afd4"><enum>(i)</enum><text>the Inspector General shall, if required by law or otherwise appropriate, redact—</text>
<subclause id="id9A2C120DE5314CC2A73049EC4999AF18"><enum>(I)</enum><text>personally identifiable information;</text></subclause> <subclause id="id7F65FC9A5D9F4FBD80318006F1017784"><enum>(II)</enum><text>legally privileged information;</text></subclause>
<subclause id="id02FBCD4C549C4BCCB431EB1CC8EA9C24"><enum>(III)</enum><text>information legally prohibited from disclosure; and</text></subclause> <subclause id="id24730FA5F86C4A2D8F326D1E2AE30EC2"><enum>(IV)</enum><text>information that, in the determination of the Inspector General, would pose a security risk to the systems of the Transit Authority; and</text></subclause></clause>
<clause id="id8de8d538f61847748a9e76819003fe81"><enum>(ii)</enum><text>with respect to any investigative findings in a case involving administrative misconduct, whether included in a recommendation or otherwise, the Inspector General shall publish only a summary of the findings, which summary shall be redacted in accordance with the procedures set forth in clause (i);</text></clause></subparagraph> <subparagraph id="idfe990d5353bd4bea844b82345934f896"><enum>(B)</enum><text>submit a semiannual report containing recommendations of corrective action to the Board, which the Board shall transmit not later than 30 days after receipt of the report, together with any comments the Board determines appropriate, to—</text>
<clause id="id7e597d03a87b48b2884602f01bd5551b"><enum>(i)</enum><text>each covered recipient described in section 2(3)(A);</text></clause> <clause id="id17cce22a10844c2abd53ea5a401d44d9"><enum>(ii)</enum><text>the Committee on Appropriations of the Senate;</text></clause>
<clause id="id69dcbcf55745453591ae2f76c4199c75"><enum>(iii)</enum><text>the Committee on Appropriations of the House of Representatives; and</text></clause> <clause id="idfcf3167a1b2a423ab0e8273aaa941dba"><enum>(iv)</enum><text>any other recipients that the Board determines appropriate; and</text></clause></subparagraph>
<subparagraph id="id0cc2d02bb28242f98ca54868ee3d5afb"><enum>(C)</enum><text>not later than 2 years after the date of enactment of this Act and 5 years after the date of enactment of this Act, submit to each covered recipient a report that—</text> <clause id="id4B9703CA4DDB43E4BAC8B72A7EA07C20"><enum>(i)</enum><text>describes the implementation by the Transit Authority of the reforms required under, and the use by the Transit Authority of the funding authorized under—</text>
<subclause id="idEEBF88D0B2D54876B92C730D7179765B"><enum>(I)</enum><text><external-xref legal-doc="usc-chapter" parsable-cite="usc-chapter/33/34">chapter 34</external-xref> of title 33.2 of the Code of Virginia;</text></subclause> <subclause id="id156E3B43A3634FB3A5637F4C323E53DF"><enum>(II)</enum><text>section 10–205 of the Transportation Article of the Code of Maryland; and</text></subclause>
<subclause id="id64972494D2B744FB9107E5B3898752E1"><enum>(III)</enum><text>section 6002 of the Dedicated WMATA Funding and Tax Changes Affecting Real Property and Sales Amendment Act of 2018 (1–325.401, D.C. Official Code); and</text></subclause></clause> <clause id="id3AEB1251DABC426EB46D970B20A51CFD"><enum>(ii)</enum><text>contains—</text>
<subclause id="idd8bd7bd58ecd471fa90b9917985d433b"><enum>(I)</enum><text>an assessment of the effective use of the funding described in clause (i) to address major capital improvement projects;</text></subclause> <subclause id="id1d58fc2da08b48e1b5a439f23ce5d86c"><enum>(II)</enum><text>a discussion of compliance with strategic plan deadlines;</text></subclause>
<subclause id="id3fbf44f479a848089a8747610c1c3104"><enum>(III)</enum><text>an examination of compliance with the reform requirements under the laws described in clause (i), including identifying any challenges to compliance or implementation; and</text></subclause> <subclause id="id71d19a19a0f44331bba89b0d77e76aa9"><enum>(IV)</enum><text>recommendations to the Transit Authority to improve implementation.</text></subclause></clause></subparagraph></paragraph></subsection></section>
<section id="HF9A00A54805841B7894D464A79FFCCEC"><enum>6.</enum><header>Jeanice McMillan Washington Metropolitan Area Transit Authority Track Safety Task Force</header>
<subsection id="H0E79B3B8A1CB419996DDD3E58473975E"><enum>(a)</enum><header>Definitions</header><text display-inline="yes-display-inline">In this section—</text> <paragraph id="H86AEFF392CA64D2A9C696F4CC6DC0E50"><enum>(1)</enum><text>the term <term>on-track safety program</term> means the on-track safety program of the Transit Authority; and</text></paragraph>
<paragraph id="H12CD75984DFA4C838F3EF9FFF5A6CE20"><enum>(2)</enum><text display-inline="yes-display-inline">the term <term>Task Force</term> means the Jeanice McMillan Washington Metropolitan Area Transit Authority Track Safety Task Force required to be established under subsection (b).</text></paragraph></subsection> <subsection commented="no" display-inline="no-display-inline" id="idC369F8001AFD4965AA14D3BE0AD3645A"><enum>(b)</enum><header>Funding contingent on establishment of track safety task force</header><text display-inline="yes-display-inline">The Secretary may not provide any amounts to the Transit Authority under section 602(c) of the Passenger Rail Investment and Improvement Act of 2008 (division B of <external-xref legal-doc="public-law" parsable-cite="pl/110/432">Public Law 110–432</external-xref>; 122 Stat. 4968), as added by section 4, until the Transit Authority notifies the Secretary that the Transit Authority has taken action to establish and maintain a safety task force for the development of on-track safety standards for the Transit Authority, to be known as the <quote>Jeanice McMillan Washington Metropolitan Area Transit Authority Track Safety Task Force</quote>, in accordance with this section.</text></subsection>
<subsection id="H8437631F790846EC950D9996DA41863F"><enum>(c)</enum><header>Duties</header><text display-inline="yes-display-inline">The Task force shall be responsible for reviewing the on-track safety program of the Transit Authority, including—</text> <paragraph id="H0F0E642D80964EB281C5380CF5E999D2"><enum>(1)</enum><text display-inline="yes-display-inline">training and qualifications of employees of the Transit Authority affected by the program;</text></paragraph>
<paragraph id="H983918BCAB414C8D92F556E57DA615A7"><enum>(2)</enum><text>appropriate procedures for protecting employees of the Transit Authority engaged in work along the track right-of-way, including good faith challenge procedures;</text></paragraph> <paragraph id="H01320C9EA91A477B9B717604249878BA"><enum>(3)</enum><text>instructions to train operators;</text></paragraph>
<paragraph id="HD17EF5A5351A4F1B82C9A09948BD09E3"><enum>(4)</enum><text>relevant rules of the Transit Authority;</text></paragraph> <paragraph id="H550B69ECA98D4612B99E0FFBF25C8353"><enum>(5)</enum><text>third rail safety;</text></paragraph>
<paragraph id="HDDA01CC0276F48C8B346562D8B158AB0"><enum>(6)</enum><text>illuminations; and</text></paragraph> <paragraph id="HCFFA3A9D78D042CBBB4D6AF55B4E6517"><enum>(7)</enum><text>any additional related safety matters.</text></paragraph></subsection>
<subsection id="HCAEE5C2E1E4A45799BC9CCE89B6A200A"><enum>(d)</enum><header>Standards</header><text>The Task Force shall conduct the review under subsection (c) in accordance with—</text> <paragraph id="H583C0AFBEDEA4CF3B189C02DDC192224"><enum>(1)</enum><text display-inline="yes-display-inline">the best principles and practices found in Safety Management Systems and High Reliability Organizations identified in the report of the Transit Rail Advisory Committee entitled <quote>Implementing Safety Management System Principles in Rail Transit Agencies</quote>, dated May 20, 2011; and</text></paragraph>
<paragraph id="HECF998A90BCE42B6884244E41169B7A7"><enum>(2)</enum><text display-inline="yes-display-inline">recommendations detailing how processes, practices, tasks, and individual employee responsibilities can support a strong safety culture, as reported in the report of the Transit Rail Advisory Committee entitled <quote>Building Toward a Strong Safety Culture Within the Bus and Rail Transit Industry</quote>, dated February 27, 2017.</text></paragraph></subsection> <subsection id="H43CC5AEB2A074151BD5F71DC390766CB"><enum>(e)</enum><header>Membership</header> <paragraph id="H0273575AE14E4CD78E0D0B85458FCC8C"><enum>(1)</enum><header>In general</header><text>The Task Force shall be composed of 3 members as follows:</text>
<subparagraph id="H87D3D2E1D5544F808564C1E4ED256B1A"><enum>(A)</enum><text>The Chief Safety Officer of the Transit Authority (or a designee).</text></subparagraph> <subparagraph id="H6E2103AA05C54E448300CCBED93FD1D3"><enum>(B)</enum><text>The Chief Operating Officer of the Transit Authority (or a designee).</text></subparagraph>
<subparagraph id="HBE4C4707AD6E410191D150913AFFC4D4"><enum>(C)</enum><text>The President of Amalgamated Transit Union, Local 689 (or a designee).</text></subparagraph></paragraph> <paragraph id="H10CB4EB686144C4CA341F2F6B29FD6AB"><enum>(2)</enum><header>Chair</header><text display-inline="yes-display-inline">The Chief Safety Officer of the Transit Authority (or a designee) shall be the Chair of the Task Force.</text></paragraph>
<paragraph id="HCB233B606881437A877B5FFFED6DA62E"><enum>(3)</enum><header>Meetings</header><text display-inline="yes-display-inline">The Task Force shall meet at the call of the Chair, but not less frequently than quarterly. Any member of the Task Force may call a meeting of the Task Force if the member provides not fewer than 10 days written notice of the meeting to the other members.</text></paragraph> <paragraph id="H4747B99996DC498EA996408F0767A49C"><enum>(4)</enum><header>Compensation; expenses</header><text display-inline="yes-display-inline">The members of the Task Force shall receive no salary or other compensation for their services, but shall be entitled to reimbursement for actual and necessary expenses incurred in the performance of their duties.</text></paragraph></subsection>
<subsection id="H923B99FF22714DC392D3D686DF550CC2"><enum>(f)</enum><header>On-Track safety program</header>
<paragraph id="H03768DDB905140A8A8687B78CFB5D594"><enum>(1)</enum><header>Reports</header><text display-inline="yes-display-inline">Not later than 1 year after the date of enactment of this Act, the Task Force shall issue one or more reports setting forth the recommendations of the Task Force with respect to the on-track safety program.</text></paragraph> <paragraph id="HD365AF5A822B4553BC04F4D460F1532F"><enum>(2)</enum><header>Submission</header><text display-inline="yes-display-inline">The Task Force shall submit each report issued under this subsection to each covered recipient.</text></paragraph>
<paragraph id="H122FAF3FA0724C3D9DDD9A00FF691252"><enum>(3)</enum><header>Implementation of material modifications</header>
<subparagraph id="H3C28A4525AC8476B8388282F60552DF8"><enum>(A)</enum><header>In general</header><text>Not later than 5 business days before implementing any material modification to the on-track safety program, the Transit Authority shall provide written notice of the material modification to the Task Force.</text></subparagraph> <subparagraph id="H98C3D38881C04CF7A86AB144146220CC"><enum>(B)</enum><header>Review</header><text>The Task Force shall review any material modification to the on-track safety program at the first meeting of the Task Force after receiving written notice of a material modification under subparagraph (A).</text></subparagraph>
<subparagraph id="H392AD1D2266E4B348C9C4E41A2D172AA"><enum>(C)</enum><header>Limitation on statutory construction</header><text>Nothing in this paragraph may be construed to preclude or limit the right of the Transit Authority to implement a modification to the on-track safety program that the Transit Authority determines is appropriate to enhance the safety of employees, customers, or third parties.</text></subparagraph></paragraph></subsection></section> <section id="H5A48071D345B4016A16FD993348A6466"><enum>7.</enum><header>Keith Dodson Washington Metropolitan Area Transit Authority Bus Safety Task Force</header> <subsection id="H5D1CC379FD8B49738C93532FC52B2B6A"><enum>(a)</enum><header>Definitions</header><text display-inline="yes-display-inline">In this section—</text>
<paragraph id="HBDED8FBA0B244AE99ED5E1B238059B61"><enum>(1)</enum><text>the term <term>bus safety program</term> means the bus safety program of the Transit Authority; and</text></paragraph> <paragraph id="H1B139DEEA2FB4C19BB34240630930B80"><enum>(2)</enum><text display-inline="yes-display-inline">the term <term>Task Force</term> means the Keith Dodson Washington Metropolitan Area Transit Authority Bus Safety Task Force required to be established under subsection (b).</text></paragraph></subsection>
<subsection commented="no" display-inline="no-display-inline" id="id0F39AA9DC7EF4511A4D248F0C4C4524D"><enum>(b)</enum><header>Funding contingent on establishment of bus safety task force</header><text display-inline="yes-display-inline">The Secretary may not provide any amounts to the Transit Authority under section 602(c) of the Passenger Rail Investment and Improvement Act of 2008 (division B of <external-xref legal-doc="public-law" parsable-cite="pl/110/432">Public Law 110–432</external-xref>; 122 Stat. 4968), as added by section 4, until the Transit Authority notifies the Secretary that the Transit Authority has taken action to establish and maintain a safety task force for the development of bus safety standards for the Transit Authority, to be known as the <quote>Keith Dodson Washington Metropolitan Area Transit Authority Bus Safety Task Force</quote>, in accordance with this section.</text></subsection> <subsection id="H2233F56A15764F819E53AB5AD37861A2"><enum>(c)</enum><header>Duties</header><text>The Task Force shall be responsible for reviewing the bus safety program of the Transit Authority, including—</text>
<paragraph id="HB1C5F0D0220642C9B9A74B1F4506C604"><enum>(1)</enum><text display-inline="yes-display-inline">training and qualifications of employees of the Transit Authority affected by the program;</text></paragraph> <paragraph id="H3D447DA9BD4A4AE09B637CF082AB86A6"><enum>(2)</enum><text>appropriate procedures for protecting employees of the Transit Authority engaged in bus operations;</text></paragraph>
<paragraph id="HCD51FC3D5F84479F82E5897CC21802C1"><enum>(3)</enum><text>instructions to bus operators;</text></paragraph> <paragraph id="H1CDEA6752ACE47B7965C7448B68E86A4"><enum>(4)</enum><text>relevant rules of the Transit Authority; and</text></paragraph>
<paragraph id="HE85933E38B5D4A78A23CB64CA7D8E671"><enum>(5)</enum><text>strategies to eliminate or minimize the exposure of the public, personnel, and property to hazards and unsafe conditions by, among other measures—</text> <subparagraph id="H6FCB558FE9694C74A13CA31211CCB45B"><enum>(A)</enum><text>scheduling fixed route bus service with adequate time and access for operators to use restroom facilities;</text></subparagraph>
<subparagraph id="H3A9A9324B66244B9B21FA4F126074902"><enum>(B)</enum><text>protecting bus operators from the risk of assault;</text></subparagraph> <subparagraph id="HC21F77271FC34A3B8C67795A485A4B1F"><enum>(C)</enum><text>eliminating blind spots; and</text></subparagraph>
<subparagraph id="H4CD20C747B804998AA497FA199A71C3B"><enum>(D)</enum><text>any additional related safety matters.</text></subparagraph></paragraph></subsection> <subsection id="H4FD2B106013C4516B95652C306FE76C5"><enum>(d)</enum><header>Membership</header> <paragraph id="H54CFFFDCAB9244F09AA67AD1150A8B5C"><enum>(1)</enum><header>In general</header><text>The Task Force shall be composed of 3 members as follows:</text>
<subparagraph id="H757CC483A4D94B50BA25A8155295EE93"><enum>(A)</enum><text>The Chief Safety Officer of the Transit Authority (or a designee).</text></subparagraph> <subparagraph id="HC2D10000DB8745D985E18DDE0E6CF287"><enum>(B)</enum><text>The Chief Operating Officer of the Transit Authority (or a designee).</text></subparagraph>
<subparagraph id="H6EFE1E197F2D4874860CC88499E0873E"><enum>(C)</enum><text>The President of Amalgamated Transit Union, Local 689 (or a designee).</text></subparagraph></paragraph> <paragraph id="HEC1FD97B6A2B47DDA5877B4A92BB1F39"><enum>(2)</enum><header>Chair</header><text display-inline="yes-display-inline">The Chief Safety Officer of the Transit Authority (or a designee) shall be the Chair of the Task Force.</text></paragraph>
<paragraph id="H8E2D838EF7F74AAB9DC97787D495E221"><enum>(3)</enum><header>Meetings</header><text>The Task Force shall meet at the call of the Chair, but not less frequently than quarterly. Any member of the Task Force may call a meeting of the Task Force if the member provides not fewer than 10 days written notice of the meeting to the other members.</text></paragraph> <paragraph id="HC27CFC94E7C14E94A6245B232C66E007"><enum>(4)</enum><header>Compensation; expenses</header><text display-inline="yes-display-inline">The members of the Task Force shall receive no salary or other compensation for their services, but shall be entitled to reimbursement for actual and necessary expenses incurred in the performance of their duties.</text></paragraph></subsection>
<subsection id="H33FE18E6A815414D839111ABEE94D0F9"><enum>(e)</enum><header>Bus safety program</header>
<paragraph id="HA3FCAF0913F94598927F18BDA8353A95"><enum>(1)</enum><header>Reports</header><text>Not later than 1 year after the date of enactment of this Act, the Task Force shall issue one or more reports setting forth the recommendations of the Task Force with respect to the bus safety program.</text></paragraph> <paragraph id="H1C7864BEBECC431EAF38C5CBEF13D4EB"><enum>(2)</enum><header>Submission</header><text display-inline="yes-display-inline">The Task Force shall submit each report issued under this subsection to each covered recipient.</text></paragraph>
<paragraph id="H22858F45CE2646489E6399942214C584"><enum>(3)</enum><header>Implementation of material modifications</header>
<subparagraph id="H68B6FD07D7D84B3B8DAE18DF69B7DC03"><enum>(A)</enum><header>In general</header><text>Prior to the implementation of any material modification to the bus safety program, the Transit Authority shall provide written notice of the material modification to the Task Force.</text></subparagraph> <subparagraph id="HDA5661915FC2414BA9FD9831AC059B46"><enum>(B)</enum><header>Review</header><text>The Task Force shall review any material modification to the bus safety program at the first meeting of the Task Force after receiving written notice of the material modification under subparagraph (A).</text></subparagraph>
<subparagraph id="H6344FCDCE54F44F8BB19B8AD37E71C0B"><enum>(C)</enum><header>Limitation on statutory construction</header><text>Nothing in this paragraph may be construed to preclude or limit the right of the Transit Authority to implement a modification to the bus safety program that the Transit Authority determines is appropriate to enhance the safety of employees, customers, or third parties.</text></subparagraph></paragraph></subsection></section> <section id="id856d5683b8dc410ba64b9dc2d9e93acd"><enum>8.</enum><header>Capital program and planning</header> <subsection id="idac99747997604997a50228910c123718"><enum>(a)</enum><header>Capital planning procedures</header><text>The Transit Authority may not expend any amounts received under section 602(c) of the Passenger Rail Investment and Improvement Act of 2008 (division B of <external-xref legal-doc="public-law" parsable-cite="pl/110/432">Public Law 110–432</external-xref>; 122 Stat. 4968), as added by section 4, until the General Manager of the Transit Authority certifies to the Secretary that the Transit Authority has implemented—</text>
<paragraph id="id1b87514008eb4914964a700a205886e4"><enum>(1)</enum><text>documented policies and procedures for the capital planning process that include—</text> <subparagraph id="id84416c79459a483eb67ce700e71ea312"><enum>(A)</enum><text>a process that aligns projects to the strategic goals of the Transit Authority; and</text></subparagraph>
<subparagraph id="id73af401698c44f438d7f0fcc594ba0d7"><enum>(B)</enum><text>a process to develop total project costs and alternatives for all major capital projects, as defined in section 633.5 of title 49, Code of Federal Regulations, or any successor regulation; </text></subparagraph></paragraph> <paragraph id="idade9f31675b543588ad5f53f961b7e87"><enum>(2)</enum><text>a transit asset management planning process that includes—</text>
<subparagraph id="id163f9934b8d14cbfbc39d32d1d60bb90"><enum>(A)</enum><text>asset inventory and condition assessment procedures; and</text></subparagraph> <subparagraph id="id89db721a260d4599a75c2146dc8cf1ed"><enum>(B)</enum><text>procedures to develop a data set of track, guideway, and infrastructure systems, including tunnels, bridges, and communications assets, that complies with the transit asset management regulations of the Secretary under part 625 of title 49, Code of Federal Regulations (or any successor regulation); and</text></subparagraph></paragraph>
<paragraph id="id384c7af326f442bbb8870bb4cbcfb86a"><enum>(3)</enum><text>performance measures, aligned with the strategic goals of the Transit Authority, to assess the effectiveness and outcomes of major capital projects.</text></paragraph></subsection> <subsection id="id2aea9c140c8a448db5d0c970007247a7"><enum>(b)</enum><header>Annual report</header><text>As a condition of receiving amounts under section 602(c) of the Passenger Rail Investment and Improvement Act of 2008 (division B of <external-xref legal-doc="public-law" parsable-cite="pl/110/432">Public Law 110–432</external-xref>; 122 Stat. 4968), as added by section 4, the Transit Authority shall submit an annual report detailing the Transit Authority’s Capital Improvement Program approved by the Board of Directors of the Transit Authority and compliance with the transit asset management regulations of the Secretary under part 625 of title 49, Code of Federal Regulations (or any successor regulation), to—</text>
<paragraph id="id4a526c4e418c41d09c6fdaf49862dbcb"><enum>(1)</enum><text>each covered recipient;</text></paragraph> <paragraph id="id707117a7ddf54e3e86df0caf5f9069ab"><enum>(2)</enum><text>the Committee on Appropriations of the Senate;</text></paragraph>
<paragraph id="idf469d71ba5584a6b880eb20aa941a2ff"><enum>(3)</enum><text>the Committee on Appropriations of the House of Representatives; and</text></paragraph> <paragraph id="iddabe6630b7de499b88d2ab1a0dce1b32"><enum>(4)</enum><text>any other recipient that the Board determines appropriate.</text></paragraph></subsection></section>
<section id="ida0732989a26e4f21bb4efb1b81fd97aa"><enum>9.</enum><header>Cybersecurity protections in future rolling stock procurements</header>
<subsection id="idd4da929c961b4528889f3ec5272dbd63"><enum>(a)</enum><header>Limitation on certain rolling stock procurements</header>
<paragraph id="idae3e16e54c0542e4a85f986a51f7b327"><enum>(1)</enum><header>In general</header><text>The Transit Authority may not use financial assistance made available under this Act or an amendment made by this Act in awarding a contract or subcontract to an entity on or after the date of enactment of this Act for the procurement of rail rolling stock for use in the public transportation system operated by the Transit Authority if the manufacturer of the rail rolling stock is owned or controlled by, is a subsidiary of, or is otherwise related legally or financially to a corporation based in a country that—</text> <subparagraph id="id996809261c6c41fb90887086d513b591"><enum>(A)</enum><text>is identified as a nonmarket economy country (as defined in section 771(18) of the Tariff Act of 1930 (<external-xref legal-doc="usc" parsable-cite="usc/19/1677">19 U.S.C. 1677(18)</external-xref>)) as of the date of enactment of this Act;</text></subparagraph>
<subparagraph id="id5cd5200cbc1942dfb17bf29eeee83ffe"><enum>(B)</enum><text>was identified by the United States Trade Representative in the most recent report required by section 182 of the Trade Act of 1974 (<external-xref legal-doc="usc" parsable-cite="usc/19/2242">19 U.S.C. 2242</external-xref>) as a priority foreign country under subsection (a)(2) of that section; and</text></subparagraph> <subparagraph id="id5078d44d7af94b28801a0d14d9431fce"><enum>(C)</enum><text>is subject to monitoring by the Trade Representative under section 306 of the Trade Act of 1974 (<external-xref legal-doc="usc" parsable-cite="usc/19/2416">19 U.S.C. 2416</external-xref>).</text></subparagraph></paragraph>
<paragraph id="id08265f878f1942998f07efb806d9533e"><enum>(2)</enum><header>Exception</header><text>For purposes of paragraph (1), the term <term>otherwise related legally or financially</term> does not include a minority relationship or investment.</text></paragraph> <paragraph id="id643fc0b44ff242ef8395ba2e98b33754"><enum>(3)</enum><header>International agreements</header><text>This subsection shall be applied in a manner consistent with the obligations of the United States under international agreements.</text></paragraph>
<paragraph id="id89da60f8523140f5ad44ffcd758583e6"><enum>(4)</enum><header>Certification for rail rolling stock</header>
<subparagraph id="iddfd446d1c7234d37a29e9103a1aec93f"><enum>(A)</enum><header>In general</header><text>As a condition of financial assistance made available to the Transit Authority in a fiscal year under this Act or an amendment made by this Act, the Transit Authority shall certify in that fiscal year that the Transit Authority will not award any contract or subcontract for the procurement of rail rolling stock for use in the public transportation system operated by the Transit Authority to a rail rolling stock manufacturer described in paragraph (1).</text></subparagraph> <subparagraph id="id7f386da539c54e8d9d8603ffcdc01cc4"><enum>(B)</enum><header>Separate certification</header><text>The certification required under this paragraph shall be in addition to any certification the Secretary establishes to ensure compliance with the requirements of paragraph (1).</text></subparagraph></paragraph></subsection>
<subsection id="id7e0d1fbb51e746a9b5a04b7b3abcaa65"><enum>(b)</enum><header>Cybersecurity certification for rail rolling stock and operations</header>
<paragraph id="idac7d81d4c37b4201aa9b7a00c507dd5d"><enum>(1)</enum><header>Certification</header><text>As a condition of financial assistance made available to the Transit Authority under this Act or an amendment made by this Act, the Transit Authority shall certify that the Transit Authority has established a process to develop, maintain, and execute a written plan for identifying and reducing cybersecurity risks to the rail fixed guideway public transportation system operated by the Transit Authority.</text></paragraph> <paragraph id="id085d6114c9d24880b830b908a065b5c8"><enum>(2)</enum><header>Compliance</header><text>For the process required under paragraph (1), the Transit Authority shall—</text>
<subparagraph id="idac5dcdcf2dd14ed1b950a00b73ea0a77"><enum>(A)</enum><text>utilize the approach described by the voluntary standards and best practices developed under section 2(c)(15) of the National Institute of Standards and Technology Act (<external-xref legal-doc="usc" parsable-cite="usc/15/272">15 U.S.C. 272(c)(15)</external-xref>), as applicable;</text></subparagraph> <subparagraph id="id29c903d6d7f846dda797057342e8e5b4"><enum>(B)</enum><text>identify hardware and software that the Transit Authority determines should undergo third-party testing and analysis to mitigate cybersecurity risks, such as hardware or software for rail rolling stock under proposed procurements; and</text></subparagraph>
<subparagraph id="id5995e7f7bb2a49b4b0bee2c053a4ef93"><enum>(C)</enum><text>utilize the approach described in any voluntary standards and best practices for rail fixed guideway public transportation systems developed under the authority of the Secretary of Homeland Security, as applicable.</text></subparagraph></paragraph> <paragraph id="id5595b77767374fbbb450c525b662634b"><enum>(3)</enum><header>Limitations on statutory construction</header><text>Nothing in this subsection shall be construed to interfere with the authority of—</text>
<subparagraph id="id0eacf9756df14235a889db887315d963"><enum>(A)</enum><text>the Secretary of Homeland Security to publish or ensure compliance with requirements or standards concerning cybersecurity for rail fixed guideway public transportation systems; or</text></subparagraph> <subparagraph id="id40dddcc1d3b04a908c36c6233cb28290"><enum>(B)</enum><text>the Secretary of Transportation under section 5329 of title 49, United States Code, to address cybersecurity issues as those issues relate to the safety of rail fixed guideway public transportation systems.</text></subparagraph></paragraph></subsection></section>
<section id="idcd59f6982ecb418dba78819392fa58a5"><enum>10.</enum><header>Sense of Congress</header>
<subsection id="id67fabe7929e54581bfc762a3307686a0"><enum>(a)</enum><header>Participation by alternate directors</header><text>It is the sense of Congress that Congress strongly advises the Board not to use its authority to adopt annual bylaws to willfully disregard Section 5 of Article III of the Compact with respect to an alternate Director acting only in the absence of the Director for whom he or she has been appointed as an alternate.</text></subsection> <subsection id="iddbb5376cacd443f3b32bc4792067ad22"><enum>(b)</enum><header>Continued prioritization of secure technological improvements</header><text>It is the sense of Congress that the Transit Authority should—</text>
<paragraph id="idA63412AEEFBF403CBEE9C6343293FC51"><enum>(1)</enum><text>continue to prioritize the implementation of new technological systems that include robust cybersecurity protections; and</text></paragraph> <paragraph id="id6A1EE110DECA47519383703D6F970585"><enum>(2)</enum><text>prioritize continued integration of new wireless services and emergency communications networks, while also leveraging partnerships with mobility services to improve the competitiveness of the core business.</text></paragraph></subsection></section>
<section id="idcb2dd3ce448c40e9b3a58119631c2716"><enum>11.</enum><header>Additional reporting</header>
<subsection id="idBE883A72D79F421F912B49368835E10B"><enum>(a)</enum><header>In general</header><text display-inline="yes-display-inline">Not later than 3 years after the date of enactment of this Act, the Comptroller General of the United States shall submit to the congressional committees described in subsection (b) a report that—</text> <paragraph id="id87C9AE945D564BDF9AB0F27717508A32"><enum>(1)</enum><text display-inline="yes-display-inline">assesses whether the reforms required under section 5 (relating to strengthening the independence of the Office of Inspector General) have been implemented; and</text></paragraph>
<paragraph id="id538559f5ae5b4bec997afffe08753a00"><enum>(2)</enum><text>assesses—</text> <subparagraph id="idB60307B4E4474FD8B74CE3F0B18EFEBB"><enum>(A)</enum><text>whether the reforms required under section 8 have been implemented; and</text></subparagraph>
<subparagraph id="idD70B164BF8B94525B6E92B08C01398E8"><enum>(B)</enum><text>the impact of those reforms on the capital planning process of the Transit Authority.</text></subparagraph></paragraph></subsection> <subsection id="id5D0058B475484FE3BAFAB8E84E5D04B5"><enum>(b)</enum><header>Congressional committees</header><text>The congressional committees described in this subsection are—</text>
<paragraph id="idDD51FEFAE4F84BB9BFBF386A797958EE"><enum>(1)</enum><text>the Committee on Banking, Housing, and Urban Affairs of the Senate;</text></paragraph> <paragraph id="id5F1867B27679499EB82E45ADD2E1AA74"><enum>(2)</enum><text>the Committee on Homeland Security and Governmental Affairs of the Senate;</text></paragraph>
<paragraph id="id73089E21EF8A4C77B0F82C746092B19F"><enum>(3)</enum><text>the Committee on Transportation and Infrastructure of the House of Representatives; and</text></paragraph> <paragraph id="id64C679CAA0EF4D47BEC8CC1A2C17798F"><enum>(4)</enum><text>the Committee on Oversight and Reform of the House of Representatives.</text></paragraph></subsection></section>
</legis-body>
</bill> 


