<?xml version="1.0"?>
<?xml-stylesheet type="text/xsl" href="billres.xsl"?>
<!DOCTYPE bill PUBLIC "-//US Congress//DTDs/bill.dtd//EN" "bill.dtd">
<bill bill-stage="Introduced-in-Senate" dms-id="A1" public-private="public" slc-id="S1-SIL21190-MVJ-L7-TG1"><metadata xmlns:dc="http://purl.org/dc/elements/1.1/">
<dublinCore>
<dc:title>117 S321 IS: ‘Six Triple Eight’ Congressional Gold Medal Act of 2021</dc:title>
<dc:publisher>U.S. Senate</dc:publisher>
<dc:date>2021-02-12</dc:date>
<dc:format>text/xml</dc:format>
<dc:language>EN</dc:language>
<dc:rights>Pursuant to Title 17 Section 105 of the United States Code, this file is not subject to copyright protection and is in the public domain.</dc:rights>
</dublinCore>
</metadata>
<form>
<distribution-code display="yes">II</distribution-code><congress>117th CONGRESS</congress><session>1st Session</session><legis-num>S. 321</legis-num><current-chamber>IN THE SENATE OF THE UNITED STATES</current-chamber><action><action-date date="20210212">February 12, 2021</action-date><action-desc><sponsor name-id="S347">Mr. Moran</sponsor> (for himself and <cosponsor name-id="S402">Ms. Rosen</cosponsor>) introduced the following bill; which was read twice and referred to the <committee-name committee-id="SSBK00">Committee on Banking, Housing, and Urban Affairs</committee-name></action-desc></action><legis-type>A BILL</legis-type><official-title>To award a Congressional Gold Medal to the members of the Women’s Army Corps who were assigned to the 6888th Central Postal Directory Battalion, known as the <quote>Six Triple Eight</quote>.</official-title></form><legis-body><section id="S1" section-type="section-one"><enum>1.</enum><header>Short title</header><text display-inline="no-display-inline">This Act may be cited as the <quote><short-title>‘Six Triple Eight’ Congressional Gold Medal Act of 2021</short-title></quote>.</text></section><section id="id09D63E644BCA4A00B171A75379821E03"><enum>2.</enum><header>Findings</header><text display-inline="no-display-inline">Congress finds the following:</text><paragraph id="idA4B92CCB91A74B32B9516D253A1B4929"><enum>(1)</enum><text>On July 1, 1943, President Franklin D. Roosevelt signed into law legislation that established the Women’s Army Corps (referred to in this section as the <quote>WAC</quote>) as a component in the Army. The WAC was converted from the Women’s Army Auxiliary Corps (referred to in this section as the <quote>WAAC</quote>), which had been created in 1942 without official military status. First Lady Eleanor Roosevelt and Mary McLeod Bethune, the founder of the National Council of Negro Women, advocated for the admittance of African-American women into the newly formed WAC to serve as officers and enlisted personnel.</text></paragraph><paragraph id="id97A7B8428B8842EFAB757EED35485D83"><enum>(2)</enum><text>Dubbed <quote>10 percenters</quote>, the recruitment of African-American women to the WAAC was limited to 10 percent of the population of the WAAC to match the proportion of African-Americans in the national population. Despite an Executive order issued by President Franklin D. Roosevelt in 1941 banning racial discrimination in civilian defense industries, the Armed Forces remained segregated. Enlisted women served in segregated units, participated in segregated training, lived in separate quarters, ate at separate tables in mess halls, and used segregated recreational facilities. Officers received their officer candidate training in integrated units but lived under segregated conditions. Specialist and technical training schools were integrated in 1943. During World War II, a total of 6,520 African-American women served in the WAAC and the WAC.</text></paragraph><paragraph id="id3127BBC283ED44FD9BFBF67728D7F0D6"><enum>(3)</enum><text>After several units of White women were sent to serve in the European Theater of Operations (referred to in this section as the <quote>ETO</quote>) during World War II, African-American organizations advocated for the War Department to extend the opportunity to serve overseas to African-American WAC units.</text></paragraph><paragraph id="id075F8653EF1B403A9D6E2E8E05A4EC67"><enum>(4)</enum><text>In November 1944, the War Department approved sending African-American women to serve in Europe. A battalion of all African-American women drawn from the WAC, the Army Service Forces, and the Army Air Forces was created and designated as the 6888th Central Postal Directory Battalion (referred to in this section as the <quote>6888th</quote>), which was nicknamed the <quote>Six Triple Eight</quote>.</text></paragraph><paragraph id="idE62C3C57B547493481596975FE72F48C"><enum>(5)</enum><text>Army officials reported a shortage of qualified postal officers within the ETO, which resulted in a backlog of undelivered mail. As Allied forces drove across Europe, the ever-changing locations of servicemembers hampered the delivery of mail to those servicemembers. Because 7,000,000 civilians and military personnel from the United States served in the ETO, many of those individuals had identical names. For example, 7,500 such individuals were named Robert Smith. One general predicted that the backlog in Birmingham, England, would take 6 months to process and the lack of reliable mail service was hurting morale.</text></paragraph><paragraph id="id25BCFE3F51364DCFB21ACDA4393BF15C"><enum>(6)</enum><text>In February 1945, the 6888th arrived in Birmingham. Upon their arrival, the 6888th found warehouses filled with millions of pieces of mail intended for members of the Armed Forces, United States Government personnel, and Red Cross workers serving in the ETO.</text></paragraph><paragraph id="idA5B270CDC9D74CF6938C983E610E8C87"><enum>(7)</enum><text>The 6888th created effective processes and filing systems to track individual servicemembers, organize <quote>undeliverable</quote> mail, determine the intended recipient for insufficiently addressed mail, and handle mail addressed to servicemembers who had died. Adhering to their motto of <quote>No mail, low morale</quote>, the women processed an average of 65,000 pieces of mail per shift and cleared the 6-month backlog of mail within 3 months.</text></paragraph><paragraph id="id00974B4689C2440EAAF411D709EBD03F"><enum>(8)</enum><text>The 6888th traveled to Rouen, France, in May 1945 and worked through a separate backlog of undelivered mail dating back as far as 3 years.</text></paragraph><paragraph id="id9238B4C0A2FE48FBAC949687FDF3303E"><enum>(9)</enum><text>At the completion of their mission, the unit returned to the United States. The 6888th was discontinued on March 9, 1946, at Camp Kilmer, New Jersey.</text></paragraph><paragraph id="idC0876271CF3B4999905157B96B3D5412"><enum>(10)</enum><text>The accomplishments of the 6888th in Europe encouraged the General Board, United States Forces, European Theater of Operations to adopt the following premise in their study of the WAC issued in December 1945: <quote>[T]he national security program is the joint responsibility of all Americans irrespective of color or sex</quote> and <quote>the continued use of colored, along with white, female military personnel is required in such strength as is proportionately appropriate to the relative population distribution between colored and white races</quote>.</text></paragraph><paragraph id="id22B6793C67AB40ADAF714B029C61E1FC"><enum>(11)</enum><text>With the exception of smaller units of African-American nurses who served in Africa, Australia, and England, the 6888th was the only African-American Women's Army Corps unit to serve overseas during World War II.</text></paragraph><paragraph id="id65055FDC55C54CA699A97B4D6FB26E16"><enum>(12)</enum><text>The members of the <quote>Six Triple Eight</quote> received the European African Middle Eastern Campaign Medal, the Women’s Army Corps Service Medal, and the World War II Victory Medal for their service.</text></paragraph><paragraph id="idC5702BA9ADED4339BEEA2DB6405AB2B8"><enum>(13)</enum><text>In 2019, the Army awarded the 6888th the Meritorious Unit Commendation.</text></paragraph></section><section id="id57BABC99BBEF4F2E830F342D8123330B"><enum>3.</enum><header>Congressional Gold Medal</header><subsection id="idad95058b7cb442878b5621b8582e0e10"><enum>(a)</enum><header>Award authorized</header><text>The Speaker of the House of Representatives and the President pro tempore of the Senate shall make appropriate arrangements for the award, on behalf of Congress, of a single gold medal of appropriate design in honor of the women of the 6888th Central Postal Directory Battalion (commonly known as the <quote>Six Triple Eight</quote>) in recognition of—</text><paragraph id="id0b4e81009e59488cb1b12ba51a7eeab4"><enum>(1)</enum><text>the pioneering military service of those women;</text></paragraph><paragraph id="id026400fc972940278885a51309841047"><enum>(2)</enum><text>the devotion to duty of those women; and</text></paragraph><paragraph id="id4d1a2b2d504a4fbd9f4b83760c1fef63"><enum>(3)</enum><text>the contributions made by those women to increase the morale of all United States personnel stationed in the European Theater of Operations during World War II.</text></paragraph></subsection><subsection id="id0fc5e3bfbee640c8befd77b9b1d0b612"><enum>(b)</enum><header>Design and striking</header><text>For the purposes of the award described in subsection (a), the Secretary of the Treasury (referred to in this Act as the <quote>Secretary</quote>) shall strike the gold medal with suitable emblems, devices, and inscriptions, to be determined by the Secretary.</text></subsection><subsection id="id502cec8fd17a4e4ebc60c054df2736aa"><enum>(c)</enum><header>Smithsonian Institution</header><paragraph id="idb4334e70533d469e86bde36353fdc0be"><enum>(1)</enum><header>In general</header><text>After the award of the gold medal under subsection (a), the medal shall be given to the Smithsonian Institution, where the medal shall be available for display, as appropriate, and made available for research.</text></paragraph><paragraph id="id54f3bbe370d345d18ef6e2291f612ba1"><enum>(2)</enum><header>Sense of Congress</header><text>It is the sense of Congress that the Smithsonian Institution should make the gold medal received under paragraph (1) available elsewhere, particularly at—</text><subparagraph id="id8f503f057e544df0a26a43239f40bcc7"><enum>(A)</enum><text>appropriate locations associated with the 6888th Central Postal Directory Battalion;</text></subparagraph><subparagraph id="id2a541ac5ac2e41ea9d6ecbcfb6621b4a"><enum>(B)</enum><text>the Women in Military Service for America Memorial;</text></subparagraph><subparagraph id="id7997100ffb4543efac5e91f53b4807e4"><enum>(C)</enum><text>the United States Army Women’s Museum;</text></subparagraph><subparagraph id="id6b46f5df2788489f924c4f0e59cb9424"><enum>(D)</enum><text>the National World War II Museum and Memorial;</text></subparagraph><subparagraph id="idC206A2DAD5504C12A999FE977E517A93"><enum>(E)</enum><text>the National Museum of the United States Army; and</text></subparagraph><subparagraph id="idd098e0f57a704f4784c2b666742e2489"><enum>(F)</enum><text>any other location determined appropriate by the Smithsonian Institution.</text></subparagraph></paragraph></subsection></section><section id="idf0292d7f0a944bafab2c0ff7145e3185"><enum>4.</enum><header>Duplicate medals</header><text display-inline="no-display-inline">Under such regulations as the Secretary may prescribe, the Secretary may strike and sell duplicates in bronze of the gold medal struck under section 3 at a price sufficient to cover the costs of the medals, including labor, materials, dies, use of machinery, and overhead expenses.</text></section><section id="idaf1105d310b34f1aa36dc0f7bd2eb9cd"><enum>5.</enum><header>National medals</header><subsection id="id419e38ceda1442a0b192c498ce4be31b"><enum>(a)</enum><header>National medals</header><text>Medals struck under this Act are national medals for purposes of <external-xref legal-doc="usc-chapter" parsable-cite="usc-chapter/31/51">chapter 51</external-xref> of title 31, United States Code.</text></subsection><subsection id="id70293e60fdd8465c96240f2a2fb60b7f"><enum>(b)</enum><header>Numismatic items</header><text>For purposes of section 5134 of title 31, United States Code, all medals struck under this Act shall be considered to be numismatic items.</text></subsection></section><section id="idb081b57a0a1e4d43a2c135150d1ad2a4"><enum>6.</enum><header>Authority to use fund amounts; proceeds of sale</header><subsection id="idb2cf8ae83ffe47149944124893d20a47"><enum>(a)</enum><header>Authority To use fund amounts</header><text>There is authorized to be charged against the United States Mint Public Enterprise Fund such amounts as may be necessary to pay for the costs of the medals struck under this Act.</text></subsection><subsection id="idb0bf4217b41d46b7be17762f38430af1"><enum>(b)</enum><header>Proceeds of sale</header><text>Amounts received from the sale of duplicate bronze medals authorized under section 4 shall be deposited into the United States Mint Public Enterprise Fund.</text></subsection></section></legis-body></bill> 

