<?xml version="1.0"?>
<?xml-stylesheet type="text/xsl" href="billres.xsl"?>
<!DOCTYPE bill PUBLIC "-//US Congress//DTDs/bill.dtd//EN" "bill.dtd">
<bill bill-stage="Introduced-in-Senate" dms-id="A1" public-private="public" slc-id="S1-ALB21247-J65-33-GFS"><metadata xmlns:dc="http://purl.org/dc/elements/1.1/">
<dublinCore>
<dc:title>117 S341 IS: Justice for Incarcerated Moms Act</dc:title>
<dc:publisher>U.S. Senate</dc:publisher>
<dc:date>2021-02-22</dc:date>
<dc:format>text/xml</dc:format>
<dc:language>EN</dc:language>
<dc:rights>Pursuant to Title 17 Section 105 of the United States Code, this file is not subject to copyright protection and is in the public domain.</dc:rights>
</dublinCore>
</metadata>
<form>
<distribution-code display="yes">II</distribution-code><congress>117th CONGRESS</congress><session>1st Session</session><legis-num>S. 341</legis-num><current-chamber>IN THE SENATE OF THE UNITED STATES</current-chamber><action><action-date date="20210222">February 22, 2021</action-date><action-desc><sponsor name-id="S370">Mr. Booker</sponsor> (for himself, <cosponsor name-id="S253">Mr. Durbin</cosponsor>, and <cosponsor name-id="S361">Ms. Hirono</cosponsor>) introduced the following bill; which was read twice and referred to the <committee-name committee-id="SSJU00">Committee on the Judiciary</committee-name></action-desc></action><legis-type>A BILL</legis-type><official-title>To provide justice for incarcerated moms, and for other purposes.</official-title></form><legis-body><section id="S1" section-type="section-one"><enum>1.</enum><header>Short title</header><text display-inline="no-display-inline">This Act may be cited as the <quote><short-title>Justice for Incarcerated Moms Act</short-title></quote>.</text></section><section id="HFD86CBE8AEE74A51AB95511A1EAC21E1"><enum>2.</enum><header>Ending the shackling of pregnant individuals</header><subsection id="HDF33D58B30224F2D9A2D3DEC6CD65270"><enum>(a)</enum><header>In general</header><text display-inline="yes-display-inline">Beginning on the date that is 6 months after the date of enactment of this Act, and annually thereafter, in each State that receives a grant under subpart 1 of part E of title I of the Omnibus Crime Control and Safe Streets Act of 1968 (<external-xref legal-doc="usc" parsable-cite="usc/34/10151">34 U.S.C. 10151</external-xref> et seq.) (commonly referred to as the <quote>Edward Byrne Memorial Justice Grant Program</quote>) and that does not have in effect throughout the State for such fiscal year laws restricting the use of restraints on pregnant individuals in prison that are substantially similar to the rights, procedures, requirements, effects, and penalties set forth in section 4322 of title 18, United States Code, the amount of such grant that would otherwise be allocated to such State under such subpart for the fiscal year shall be decreased by 25 percent.</text></subsection><subsection id="HCB9BFFFD4A4541DBBF570D1A3EEBA08F"><enum>(b)</enum><header>Reallocation</header><text>Amounts not allocated to a State for failure to comply with subsection (a) shall be reallocated in accordance with subpart 1 of part E of title I of the Omnibus Crime Control and Safe Streets Act of 1968 (<external-xref legal-doc="usc" parsable-cite="usc/34/10151">34 U.S.C. 10151</external-xref> et seq.) to States that have complied with such subsection.</text></subsection></section><section id="HF04F142C4B104043B62254C3DE97B86B"><enum>3.</enum><header>Creating model programs for the care of incarcerated individuals in the prenatal and postpartum periods</header><subsection id="H2091BC78F8B64730A1849B7A21298ED9"><enum>(a)</enum><header>Establishment</header><paragraph id="idA8BDA15267F642C4BB5B0BCE16D6E273"><enum>(1)</enum><header>In general</header><text display-inline="yes-display-inline">Not later than 1 year after the date of enactment of this Act, the Attorney General, acting through the Director of the Bureau of Prisons, shall establish, in not fewer than 6 Bureau of Prisons facilities, programs to optimize maternal health outcomes for pregnant and postpartum individuals incarcerated in such facilities. </text></paragraph><paragraph id="id6D1D39A3BE874541892325BA87D9A488"><enum>(2)</enum><header>Required consultation</header><text display-inline="yes-display-inline">The Attorney General shall establish the programs authorized under paragraph (1) in consultation with stakeholders such as—</text><subparagraph id="H91FA012F66A04170988423F4B2F82C6E"><enum>(A)</enum><text display-inline="yes-display-inline">relevant community-based organizations, particularly organizations that represent incarcerated and formerly incarcerated individuals and organizations that seek to improve maternal health outcomes for pregnant and postpartum individuals from racial and ethnic minority groups;</text></subparagraph><subparagraph id="HFD1D8AB52A92497CB8B678728E99FD39"><enum>(B)</enum><text display-inline="yes-display-inline">relevant organizations representing patients, with a particular focus on patients from racial and ethnic minority groups;</text></subparagraph><subparagraph id="H2D90C4CD786A40059BFA896774709204"><enum>(C)</enum><text display-inline="yes-display-inline">organizations representing maternity care providers and maternal health care education programs;</text></subparagraph><subparagraph id="HD6009C9A0E84447C8131380B1B9EA748" commented="no"><enum>(D)</enum><text>perinatal health workers; and</text></subparagraph><subparagraph id="HAB20B8D616144BCBABD69B9A212335C6"><enum>(E)</enum><text>researchers and policy experts in fields related to maternal health care for incarcerated individuals.</text></subparagraph></paragraph></subsection><subsection id="HCABC89BE1BCF4FC3B5146876A19B5884" commented="no"><enum>(b)</enum><header>Start date</header><text>Each facility selected under subsection (a) shall begin facility programs not later than 18 months after the date of enactment of this Act. </text></subsection><subsection id="HC720B8C801144F08BE9F347E632D5DFD"><enum>(c)</enum><header>Facility priority</header><text display-inline="yes-display-inline">In carrying out subsection (a), the Director shall give priority to a facility based on—</text><paragraph id="H291FE70EA5434EEEB90FCA4827E79EBA"><enum>(1)</enum><text display-inline="yes-display-inline">the number of pregnant and postpartum individuals incarcerated in such facility and, among such individuals, the number of pregnant and postpartum individuals from racial and ethnic minority groups; and</text></paragraph><paragraph id="H94AF22A23A864F7B92D043669703DFF5"><enum>(2)</enum><text display-inline="yes-display-inline">the extent to which the leaders of such facility have demonstrated a commitment to developing exemplary programs for pregnant and postpartum individuals incarcerated in such facility.</text></paragraph></subsection><subsection id="H96DFCD8CBB9349199E7BF7507463ECF5"><enum>(d)</enum><header>Program duration</header><text display-inline="yes-display-inline">The programs established under this section shall be for a 5-year period.</text></subsection><subsection id="H6B0DA6F9E80847B9B5BA44A1A57D9E20"><enum>(e)</enum><header>Programs</header><text display-inline="yes-display-inline">Bureau of Prisons facilities selected by the Director shall establish programs for pregnant and postpartum incarcerated individuals, and such programs—</text><paragraph id="id72AE68C4F2FC4507A7FB7715C02A6968"><enum>(1)</enum><text display-inline="yes-display-inline">may—</text><subparagraph id="HE89945C9495B44F8B9B35E0E077779CB"><enum>(A)</enum><text display-inline="yes-display-inline">provide access to perinatal health workers from pregnancy through the postpartum period;</text></subparagraph><subparagraph id="HC8AAC979C3B2419095E7A74834DB6F83"><enum>(B)</enum><text>provide access to healthy foods and counseling on nutrition, recommended activity levels, and safety measures throughout pregnancy;</text></subparagraph><subparagraph id="H7202E0AD713A46889616ED9C4EA537A5"><enum>(C)</enum><text display-inline="yes-display-inline">train correctional officers to ensure that pregnant incarcerated individuals receive safe and respectful treatment;</text></subparagraph><subparagraph id="H34CFB670A6EF4006844FCD7FEE4CF7E8"><enum>(D)</enum><text display-inline="yes-display-inline">train medical personnel to ensure that pregnant incarcerated individuals receive trauma-informed, culturally congruent care that promotes the health and safety of the pregnant individuals;</text></subparagraph><subparagraph id="HE785A90A016D4797AD4E16ED802CB4DD"><enum>(E)</enum><text>provide counseling and treatment for individuals who have suffered from—</text><clause id="HF9D8B99352004845A626D9DF0232E319"><enum>(i)</enum><text display-inline="yes-display-inline">diagnosed mental or behavioral health conditions, including trauma and substance use disorders;</text></clause><clause id="H39EB65F62B064C428B434EDA6851D52C"><enum>(ii)</enum><text display-inline="yes-display-inline">trauma or violence, including domestic violence;</text></clause><clause id="H0A33F9A8465E4853A2194FEAC0BE9B5E"><enum>(iii)</enum><text>human immunodeficiency virus;</text></clause><clause id="H6665A7DD844B462786B0DB8F9049CE8A"><enum>(iv)</enum><text>sexual abuse;</text></clause><clause id="H7045AC3566D0477AB2BAB40D49E5DE08"><enum>(v)</enum><text display-inline="yes-display-inline">pregnancy or infant loss; or</text></clause><clause id="HA33CE78E08EB4953BDEBB74450D5679B"><enum>(vi)</enum><text>chronic conditions; </text></clause></subparagraph><subparagraph id="H01177C8BD6D645509103D3036547399F"><enum>(F)</enum><text display-inline="yes-display-inline">provide evidence-based pregnancy and childbirth education, parenting support, and other relevant forms of health literacy;</text></subparagraph><subparagraph id="HBDF542C0B3264647AACC9135B1800AE4"><enum>(G)</enum><text display-inline="yes-display-inline">provide clinical education opportunities to maternity care providers in training to expand pathways into maternal health care careers serving incarcerated individuals;</text></subparagraph><subparagraph id="H96201BDC588F426BBC16E9D5D94ADE57"><enum>(H)</enum><text display-inline="yes-display-inline">offer opportunities for postpartum individuals to maintain contact with the individual’s newborn child to promote bonding, including enhanced visitation policies, access to prison nursery programs, or breastfeeding support;</text></subparagraph><subparagraph id="H4BC78A156BC94B4BA7A5224F892A0172" commented="no"><enum>(I)</enum><text display-inline="yes-display-inline">provide reentry assistance, particularly to—</text><clause id="H3C16FDBC484E465B9AAEBB3605846EC5"><enum>(i)</enum><text display-inline="yes-display-inline">ensure access to health insurance coverage and transfer of health records to community providers if an incarcerated individual exits the criminal justice system during such individual’s pregnancy or in the postpartum period; and</text></clause><clause id="HC03466242E4F481CBAE574ACC6206111"><enum>(ii)</enum><text display-inline="yes-display-inline">connect individuals exiting the criminal justice system during pregnancy or in the postpartum period to community-based resources, such as referrals to health care providers, substance use disorder treatments, and social services that address social determinants maternal of health; or</text></clause></subparagraph><subparagraph id="H8954C69C194D4E72991E3BFD7146AE0E"><enum>(J)</enum><text>establish partnerships with local public entities, private community entities, community-based organizations, Indian Tribes and tribal organizations (as such terms are defined in section 4 of the Indian Self-Determination and Education Assistance Act (<external-xref legal-doc="usc" parsable-cite="usc/25/5304">25 U.S.C. 5304</external-xref>)), and urban Indian organizations (as such term is defined in section 4 of the Indian Health Care Improvement Act (<external-xref legal-doc="usc" parsable-cite="usc/25/1603">25 U.S.C. 1603</external-xref>)) to establish or expand pretrial diversion programs as an alternative to incarceration for pregnant and postpartum individuals; and</text></subparagraph></paragraph><paragraph id="id814287280595439DBD23D8CF5D5D1F86"><enum>(2)</enum><text>may include—</text><subparagraph id="H50CE63B36380407C87627F27202FF3F3"><enum>(A)</enum><text display-inline="yes-display-inline">evidence-based childbirth education or parenting classes;</text></subparagraph><subparagraph id="H442D638BAD3B4464AD22ABF9934B8AC4"><enum>(B)</enum><text>prenatal health coordination;</text></subparagraph><subparagraph id="H0EE76DF9FAB84C2C968102B96ED02FCC"><enum>(C)</enum><text>family and individual counseling;</text></subparagraph><subparagraph id="HAB9D1856BD214E4EB8BCB9E60C47740B"><enum>(D)</enum><text>evidence-based screenings, education, and, as needed, treatment for mental and behavioral health conditions, including drug and alcohol treatments;</text></subparagraph><subparagraph id="HA567418772B5469ABA1FBE447D642D30"><enum>(E)</enum><text>family case management services;</text></subparagraph><subparagraph id="HE5A0DAD8F3A8471D818E56AE2233391F"><enum>(F)</enum><text>domestic violence education and prevention;</text></subparagraph><subparagraph id="H82F5EBCB65524D89AE6BF17BAA3DEA15"><enum>(G)</enum><text>physical and sexual abuse counseling; and</text></subparagraph><subparagraph id="H839FAAF504F543C49CC6D079557024CC"><enum>(H)</enum><text>programs to address social determinants of health such as employment, housing, education, transportation, and nutrition.</text></subparagraph></paragraph></subsection><subsection id="H236BA4632B1A43AEB425A3E3740E804E" commented="no"><enum>(f)</enum><header>Implementation and reporting</header><text>A selected facility shall be responsible for—</text><paragraph id="H18AAF58C22244C138A2139E8EF801C06" commented="no"><enum>(1)</enum><text>implementing programs, which may include the programs described in subsection (e); and</text></paragraph><paragraph id="H0593BB56C5B24DBC861CECAEBEF34933" commented="no"><enum>(2)</enum><text display-inline="yes-display-inline">not later than 3 years after the date of enactment of this Act, and 6 years after the date of enactment of this Act, reporting results of the programs to the Director, including information describing—</text><subparagraph id="H5228D27C321D4EE38D0DD9D70CB9B1BD" commented="no"><enum>(A)</enum><text display-inline="yes-display-inline">relevant quantitative indicators of success in improving the standard of care and health outcomes for pregnant and postpartum incarcerated individuals in the facility, including data stratified by race, ethnicity, sex, gender, age, geography, disability status, the category of the criminal charge against such individual, rates of pregnancy-related deaths, pregnancy-associated deaths, cases of infant mortality and morbidity, rates of preterm births and low-birthweight births, cases of severe maternal morbidity, cases of violence against pregnant or postpartum individuals, diagnoses of maternal mental or behavioral health conditions, and other such information as appropriate;</text></subparagraph><subparagraph id="H620BAD4D3B394DAEA5699331C1662506" commented="no"><enum>(B)</enum><text display-inline="yes-display-inline">relevant qualitative and quantitative evaluations from pregnant and postpartum incarcerated individuals who participated in such programs, including measures of patient-reported experience of care; and</text></subparagraph><subparagraph id="H3454535D8EC84E3A9412E26C96981C7B" commented="no"><enum>(C)</enum><text display-inline="yes-display-inline">strategies to sustain such programs after fiscal year 2026 and expand such programs to other facilities.</text></subparagraph></paragraph></subsection><subsection id="H8FD1763C7AFE4E5E886817D725DF46D7"><enum>(g)</enum><header>Report</header><text display-inline="yes-display-inline">Not later than 6 years after the date of enactment of this Act, the Director shall submit to the Attorney General and to the Congress a report describing the results of the programs funded under this section.</text></subsection><subsection id="HDDA8A8775AED4D1B9AF1F48DA1B2989F"><enum>(h)</enum><header>Oversight</header><text display-inline="yes-display-inline">Not later than 1 year after the date of enactment of this Act, the Attorney General shall award a contract to an independent organization or independent organizations to conduct oversight of the programs described in subsection (e).</text></subsection><subsection id="H9E3F1DE2045F4BC68F79F23B6F7EFFC8"><enum>(i)</enum><header>Authorization of appropriations</header><text display-inline="yes-display-inline">There are authorized to be appropriated to carry out this section $10,000,000 for each of fiscal years 2022 through 2026.</text></subsection></section><section id="H7AEB302774004EFC8107A79F274E25D8"><enum>4.</enum><header>Grant program to improve maternal health outcomes for individuals in State and local prisons and jails</header><subsection id="H825C45DCE0D8450AB4F9F0CB6379DA58"><enum>(a)</enum><header>Establishment</header><paragraph id="id42E68DC9AA2D46DFAFCFD30251F87B36"><enum>(1)</enum><header>In general</header><text display-inline="yes-display-inline">Not later than 1 year after the date of enactment of this Act, the Attorney General, acting through the Director of the Bureau of Justice Assistance, shall award Justice for Incarcerated Moms grants to States to establish or expand programs in State and local prisons and jails for pregnant and postpartum incarcerated individuals. </text></paragraph><paragraph id="idCECD0116963945A38CEC010AEA0FD47B"><enum>(2)</enum><header>Required consultation</header><text display-inline="yes-display-inline">The Attorney General shall award the grants authorized under paragraph (1) in consultation with stakeholders such as—</text><subparagraph id="H339148522D794CED894B8AF483756F43"><enum>(A)</enum><text display-inline="yes-display-inline">relevant community-based organizations, particularly organizations that represent incarcerated and formerly incarcerated individuals and organizations that seek to improve maternal health outcomes for pregnant and postpartum individuals from racial and ethnic minority groups;</text></subparagraph><subparagraph id="H39A51D0D6E5D4DC78FAB0DFFC86261DF"><enum>(B)</enum><text display-inline="yes-display-inline">relevant organizations representing patients, with a particular focus on patients from racial and ethnic minority groups;</text></subparagraph><subparagraph id="H5FB7630B99D448A59D19EA94848FF141"><enum>(C)</enum><text display-inline="yes-display-inline">organizations representing maternity care providers and maternal health care education programs;</text></subparagraph><subparagraph id="H586374F763F74794A27E77D4BF3716D0" commented="no"><enum>(D)</enum><text>perinatal health workers; and</text></subparagraph><subparagraph id="HDAB4AC240B72400EA4F5B206E2701D13"><enum>(E)</enum><text>researchers and policy experts in fields related to maternal health care for incarcerated individuals.</text></subparagraph></paragraph></subsection><subsection id="H997CD1D2F16D481CB60FD821507AD6CC"><enum>(b)</enum><header>Applications</header><text>Each applicant for a grant under this section shall submit to the Director of the Bureau of Justice Assistance an application at such time, in such manner, and containing such information as the Director may require.</text></subsection><subsection id="H831E7BA65F134BCDBF4F71BDE966B1CA"><enum>(c)</enum><header>Use of funds</header><text display-inline="yes-display-inline">A State that is awarded a grant under this section shall use such grant to establish or expand programs for pregnant and postpartum incarcerated individuals, and such programs—</text><paragraph id="id46470FCCE2524F749466A6BE9EA2AB4E"><enum>(1)</enum><text display-inline="yes-display-inline">may—</text><subparagraph id="H26D21963A91F4E76A46EF60503132E3B"><enum>(A)</enum><text display-inline="yes-display-inline">provide access to perinatal health workers from pregnancy through the post­partum period;</text></subparagraph><subparagraph id="HDF2364CC09184E1F95E075121AEA045D"><enum>(B)</enum><text>provide access to healthy foods and counseling on nutrition, recommended activity levels, and safety measures throughout pregnancy;</text></subparagraph><subparagraph id="HA27186848ED94125B0CC0AD4F90B3974"><enum>(C)</enum><text display-inline="yes-display-inline">train correctional officers to ensure that pregnant incarcerated individuals receive safe and respectful treatment;</text></subparagraph><subparagraph id="H0EFF1A6F724843EBAC9ED2D4151345CA"><enum>(D)</enum><text display-inline="yes-display-inline">train medical personnel to ensure that pregnant incarcerated individuals receive trauma-informed, culturally congruent care that promotes the health and safety of the pregnant individuals;</text></subparagraph><subparagraph id="H32F303452B3447F884121B0D16F07EA5"><enum>(E)</enum><text>provide counseling and treatment for individuals who have suffered from—</text><clause id="HBC151DCCE3074CBFB79D47203A445EBB"><enum>(i)</enum><text display-inline="yes-display-inline">diagnosed mental or behavioral health conditions, including trauma and substance use disorders;</text></clause><clause id="HDE4C9C3878D7405389B386B241C40467"><enum>(ii)</enum><text display-inline="yes-display-inline">trauma or violence, including domestic violence;</text></clause><clause id="HF400F89C638C4A0ABA12855EE00AAC63"><enum>(iii)</enum><text>human immunodeficiency virus;</text></clause><clause id="HF507D585ECE54240B9DAA062FB80E90A"><enum>(iv)</enum><text>sexual abuse;</text></clause><clause id="H5F2BBD9525EF44EC88F4BC59EE47FD32"><enum>(v)</enum><text>pregnancy or infant loss; or </text></clause><clause id="H88AE0210B9384F96BA2181268ABCB2AB"><enum>(vi)</enum><text>chronic conditions;</text></clause></subparagraph><subparagraph id="H3ADD0E60786F420B8834C1BD1313EF5C"><enum>(F)</enum><text display-inline="yes-display-inline">provide evidence-based pregnancy and childbirth education, parenting support, and other relevant forms of health literacy;</text></subparagraph><subparagraph id="H8121734FE68C4C2483DB7F985899CA32"><enum>(G)</enum><text display-inline="yes-display-inline">provide clinical education opportunities to maternity care providers in training to expand pathways into maternal health care careers serving incarcerated individuals;</text></subparagraph><subparagraph id="HAD19C6AAE9E4494C99D2B2D837CAB5AC"><enum>(H)</enum><text display-inline="yes-display-inline">offer opportunities for postpartum individuals to maintain contact with the individual’s newborn child to promote bonding, including enhanced visitation policies, access to prison nursery programs, or breastfeeding support;</text></subparagraph><subparagraph id="HBB483C7CAC8C43B9B2EAB8155CC9C113"><enum>(I)</enum><text display-inline="yes-display-inline">provide reentry assistance, particularly to—</text><clause id="H26BD26AF171C45F99FFE6F07BD897DB7"><enum>(i)</enum><text display-inline="yes-display-inline">ensure access to health insurance coverage and transfer of health records to community providers if an incarcerated individual exits the criminal justice system during such individual’s pregnancy or in the postpartum period; and</text></clause><clause id="H5E401978CBBF458D8BD44AB704598DD0"><enum>(ii)</enum><text display-inline="yes-display-inline">connect individuals exiting the criminal justice system during pregnancy or in the postpartum period to community-based resources, such as referrals to health care providers, substance use disorder treatments, and social services that address social determinants of maternal health; or</text></clause></subparagraph><subparagraph id="H228CF8CDDC774AE48DD7B19FEEB4F1CA"><enum>(J)</enum><text display-inline="yes-display-inline">establish partnerships with local public entities, private community entities, community-based organizations, Indian Tribes and tribal organizations (as such terms are defined in section 4 of the Indian Self-Determination and Education Assistance Act (<external-xref legal-doc="usc" parsable-cite="usc/25/5304">25 U.S.C. 5304</external-xref>)), and urban Indian organizations (as such term is defined in section 4 of the Indian Health Care Improvement Act (<external-xref legal-doc="usc" parsable-cite="usc/25/1603">25 U.S.C. 1603</external-xref>)) to establish or expand pretrial diversion programs as an alternative to incarceration for pregnant and postpartum individuals; and</text></subparagraph></paragraph><paragraph id="id1D7F8DE420274D82A28956268B0C24EE"><enum>(2)</enum><text display-inline="yes-display-inline">may include—</text><subparagraph id="H52C99C9C0EA64A73958BB48645E645C2"><enum>(A)</enum><text display-inline="yes-display-inline">evidence-based childbirth education or parenting classes;</text></subparagraph><subparagraph id="H29BA952ADA644BADB43F888E63B845CA"><enum>(B)</enum><text>prenatal health coordination;</text></subparagraph><subparagraph id="H2C76A55A3E724942A9D65A67F89FA27A"><enum>(C)</enum><text>family and individual counseling;</text></subparagraph><subparagraph id="H2E201A1B8F6F4C20B49B950205BA99D7"><enum>(D)</enum><text>evidence-based screenings, education, and, as needed, treatment for mental and behavioral health conditions, including drug and alcohol treatments;</text></subparagraph><subparagraph id="HED5355D9CCF74CC1B11B031D426EC77B"><enum>(E)</enum><text>family case management services;</text></subparagraph><subparagraph id="H821DC336C6554D6BA31BF0028BBC74AB"><enum>(F)</enum><text>domestic violence education and prevention;</text></subparagraph><subparagraph id="H6E51C9FCD69640AABD958BF48994DF89"><enum>(G)</enum><text>physical and sexual abuse counseling; and</text></subparagraph><subparagraph id="H5F9155A9198444DE88E38DA6827EA506"><enum>(H)</enum><text>programs to address social determinants of health such as employment, housing, education, transportation, and nutrition.</text></subparagraph></paragraph></subsection><subsection id="HCF6666CC302045FB862A00DA790DFAD7"><enum>(d)</enum><header>Priority</header><text display-inline="yes-display-inline">In awarding grants under this section, the Director of the Bureau of Justice Assistance shall give priority to applicants based on—</text><paragraph id="HF7CF72A0B3324D4188A03228D8125787"><enum>(1)</enum><text display-inline="yes-display-inline">the number of pregnant and postpartum individuals incarcerated in the State and, among such individuals, the number of pregnant and postpartum individuals from racial and ethnic minority groups; and</text></paragraph><paragraph id="H27A2AE8F045E4F20883CBDBE58733503"><enum>(2)</enum><text display-inline="yes-display-inline">the extent to which the State has demonstrated a commitment to developing exemplary programs for pregnant and postpartum individuals incarcerated in the prisons and jails in the State.</text></paragraph></subsection><subsection id="H5937E1BEA21B4772B48A0292944B073B"><enum>(e)</enum><header>Grant duration</header><text display-inline="yes-display-inline">A grant awarded under this section shall be for a 5-year period.</text></subsection><subsection id="HA453B539AF3E40CF9672BC9AB1C2D560"><enum>(f)</enum><header>Implementing and reporting</header><text display-inline="yes-display-inline">A State that receives a grant under this section shall be responsible for—</text><paragraph id="H72E7443AE0924ACAA2B3E1A96F998B38"><enum>(1)</enum><text>implementing the program funded by the grant; and</text></paragraph><paragraph id="HE5972B2BDC2D4E3E85CF7DD3BA523EF7"><enum>(2)</enum><text display-inline="yes-display-inline">not later than 3 years after the date of enactment of this Act, and 6 years after the date of enactment of this Act, reporting results of such program to the Attorney General, including information describing—</text><subparagraph id="HC4C358DDFA374C9DB911C8A3D4525F44"><enum>(A)</enum><text display-inline="yes-display-inline">relevant quantitative indicators of the program’s success in improving the standard of care and health outcomes for pregnant and postpartum incarcerated individuals in the facility, including data stratified by race, ethnicity, sex, gender, age, geography, disability status, category of the criminal charge against such individual, incidence rates of pregnancy-related deaths, pregnancy-associated deaths, cases of infant mortality and morbidity, rates of preterm births and low-birthweight births, cases of severe maternal morbidity, cases of violence against pregnant or postpartum individuals, diagnoses of maternal mental or behavioral health conditions, and other such information as appropriate;</text></subparagraph><subparagraph id="H0E2D1B51895245E6A772FBA947A629B1"><enum>(B)</enum><text display-inline="yes-display-inline">relevant qualitative and quantitative evaluations from pregnant and postpartum incarcerated individuals who participated in such programs, including measures of patient-reported experience of care; and</text></subparagraph><subparagraph id="HA4FB542355D04C0FAD0CE3429A9ED131"><enum>(C)</enum><text display-inline="yes-display-inline">strategies to sustain such programs beyond the duration of the grant and expand such programs to other facilities.</text></subparagraph></paragraph></subsection><subsection id="HBBE2B46EBD654298BC31E41DCBACAB5C"><enum>(g)</enum><header>Report</header><text display-inline="yes-display-inline">Not later than 6 years after the date of enactment of this Act, the Attorney General shall submit to the Congress a report describing the results of such grant programs.</text></subsection><subsection id="H90C8371A806644BAAD2A3521BA5B7B7C"><enum>(h)</enum><header>Oversight</header><text display-inline="yes-display-inline">Not later than 1 year after the date of enactment of this Act, the Attorney General shall award a contract to an independent organization or independent organizations to conduct oversight of the programs described in subsection (c).</text></subsection><subsection id="H2F7A81AF21844D69B90ACF23FE87C844"><enum>(i)</enum><header>Authorization of appropriations</header><text display-inline="yes-display-inline">There are authorized to be appropriated to carry out this section $10,000,000 for each of fiscal years 2022 through 2026.</text></subsection></section><section id="HA223A76A81994218B14B7108EB9D2577"><enum>5.</enum><header>GAO report</header><subsection id="H74DD024717F94F82A09035053E1E7077"><enum>(a)</enum><header>In general</header><text display-inline="yes-display-inline">Not later than 2 years after the date of enactment of this Act, the Comptroller General of the United States shall submit to Congress a report on adverse maternal and infant health outcomes among incarcerated individuals and infants born to such individuals, with a particular focus on racial and ethnic disparities in maternal and infant health outcomes for incarcerated individuals. </text></subsection><subsection id="H47DE1FD907BF4FE79059D961372D14EE"><enum>(b)</enum><header>Contents of report</header><text display-inline="yes-display-inline">The report described in this section shall include—</text><paragraph id="H878309CFF972445883954AA1946A640E"><enum>(1)</enum><text display-inline="yes-display-inline">to the extent practicable—</text><subparagraph id="HDE0BC40397CC46B2A6914172C72AFD96"><enum>(A)</enum><text display-inline="yes-display-inline">the number of pregnant individuals who are incarcerated in Bureau of Prisons facilities;</text></subparagraph><subparagraph id="HE8AA9E71871244F6A2E2E159D8E83C1C"><enum>(B)</enum><text>the number of incarcerated individuals, including those incarcerated in Federal, State, and local correctional facilities, who have experienced a pregnancy-related death, pregnancy-associated death, or the death of an infant in the most recent 10 years of available data;</text></subparagraph><subparagraph id="HE499DC62DF9E49AD9ECA89CB1D2C6C21"><enum>(C)</enum><text display-inline="yes-display-inline">the number of cases of severe maternal morbidity among incarcerated individuals, including those incarcerated in Federal, State, and local detention facilities, in the most recent 10 years of available data;</text></subparagraph><subparagraph id="HFA72075F51354AED89050F7005715695"><enum>(D)</enum><text display-inline="yes-display-inline">the number of preterm and low-birthweight births of infants born to incarcerated individuals, including those incarcerated in Federal, State, and local correctional facilities, in the most recent 10 years of available data; and</text></subparagraph><subparagraph id="HDEF5985096D5488DB88727BDE85ECEB0"><enum>(E)</enum><text display-inline="yes-display-inline">statistics on the racial and ethnic disparities in maternal and infant health outcomes and severe maternal morbidity rates among incarcerated individuals, including those incarcerated in Federal, State, and local detention facilities;</text></subparagraph></paragraph><paragraph id="HA0CBFCFE7E3043F5823D6B1FF56602A3"><enum>(2)</enum><text display-inline="yes-display-inline">in the case that the Comptroller General of the United States is unable determine the information required in subparagraphs (A) through (C) of paragraph (1), an assessment of the barriers to determining such information and recommendations for improvements in tracking maternal health outcomes among incarcerated individuals, including those incarcerated in Federal, State, and local detention facilities;</text></paragraph><paragraph id="HC3F332900F804BE4A53A44D8D69B6524"><enum>(3)</enum><text display-inline="yes-display-inline">causes of adverse maternal health outcomes that are unique to incarcerated individuals, including those incarcerated in Federal, State, and local detention facilities;</text></paragraph><paragraph id="HD09EC8AB166F498BA943639B883E04C2"><enum>(4)</enum><text display-inline="yes-display-inline">causes of adverse maternal health outcomes and severe maternal morbidity that are unique to incarcerated individuals from racial and ethnic minority groups;</text></paragraph><paragraph id="H62AD96983DDF4F8899A589955D8007AD"><enum>(5)</enum><text display-inline="yes-display-inline">recommendations to reduce maternal mortality and severe maternal morbidity among incarcerated individuals and to address racial and ethnic disparities in maternal health outcomes for incarcerated individuals in Bureau of Prisons facilities and State and local prisons and jails; and</text></paragraph><paragraph id="H73927F34B4804EEEB9A01BEBA30C57B7" commented="no" display-inline="no-display-inline"><enum>(6)</enum><text display-inline="yes-display-inline">such other information as may be appropriate to reduce the occurrence of adverse maternal health outcomes among incarcerated individuals and to address racial and ethnic disparities in maternal health outcomes for such individuals. </text></paragraph></subsection></section><section id="H9CBD1E1C638D430098E03CB70248C8C4" display-inline="no-display-inline" section-type="subsequent-section"><enum>6.</enum><header>MACPAC report</header><subsection id="H99393CB2648C4F9A919BCA07390B315D"><enum>(a)</enum><header>In general</header><text display-inline="yes-display-inline">Not later than 2 years after the date of enactment of this Act, the Medicaid and CHIP Payment and Access Commission (referred to in this section as <term>MACPAC</term>) shall publish a report on the implications of pregnant and postpartum incarcerated individuals being ineligible for medical assistance under a State plan under title XIX of the Social Security Act (<external-xref legal-doc="usc" parsable-cite="usc/42/1396">42 U.S.C. 1396</external-xref> et seq.) that contains the information described in subsection (b). </text></subsection><subsection id="H83C810F21BB347618734D5DF119EAA39"><enum>(b)</enum><header>Information described</header><text display-inline="yes-display-inline">The information described in this subsection includes—</text><paragraph id="H5F19487968324408A7CBD8EB73017A13"><enum>(1)</enum><text display-inline="yes-display-inline">information on the effect of ineligibility for medical assistance under a State plan under title XIX of the Social Security Act (<external-xref legal-doc="usc" parsable-cite="usc/42/1396">42 U.S.C. 1396</external-xref> et seq.) on maternal health outcomes for pregnant and postpartum incarcerated individuals, concentrating on the effects of such ineligibility for pregnant and postpartum individuals from racial and ethnic minority groups; and</text></paragraph><paragraph id="HDF94293CABFE4B7289FC61AD6CF188D6" commented="no" display-inline="no-display-inline"><enum>(2)</enum><text display-inline="yes-display-inline">the potential implications on maternal health outcomes resulting from suspending eligibility for medical assistance under a State plan under such title when a pregnant or postpartum individual is incarcerated. </text></paragraph></subsection></section></legis-body></bill> 

