<?xml version="1.0"?>
<?xml-stylesheet type="text/xsl" href="billres.xsl"?>
<!DOCTYPE bill PUBLIC "-//US Congress//DTDs/bill.dtd//EN" "bill.dtd">
<bill bill-type="olc" bill-stage="Introduced-in-Senate" dms-id="A1" public-private="public" slc-id="S1-TAM21137-983-71-80W"><metadata xmlns:dc="http://purl.org/dc/elements/1.1/">
<dublinCore>
<dc:title>117 S88 IS: Title X Abortion Provider Prohibition Act</dc:title>
<dc:publisher>U.S. Senate</dc:publisher>
<dc:date>2021-01-28</dc:date>
<dc:format>text/xml</dc:format>
<dc:language>EN</dc:language>
<dc:rights>Pursuant to Title 17 Section 105 of the United States Code, this file is not subject to copyright protection and is in the public domain.</dc:rights>
</dublinCore>
</metadata>
<form>
<distribution-code display="yes">II</distribution-code><congress>117th CONGRESS</congress><session>1st Session</session><legis-num>S. 88</legis-num><current-chamber>IN THE SENATE OF THE UNITED STATES</current-chamber><action><action-date date="20210128">January 28, 2021</action-date><action-desc><sponsor name-id="S396">Mrs. Blackburn</sponsor> (for herself, <cosponsor name-id="S323">Mr. Risch</cosponsor>, <cosponsor name-id="S374">Mr. Cotton</cosponsor>, <cosponsor name-id="S348">Mr. Paul</cosponsor>, <cosponsor name-id="S401">Mr. Romney</cosponsor>, <cosponsor name-id="S397">Mr. Braun</cosponsor>, <cosponsor name-id="S384">Mr. Tillis</cosponsor>, <cosponsor name-id="S318">Mr. Wicker</cosponsor>, <cosponsor name-id="S236">Mr. Inhofe</cosponsor>, <cosponsor name-id="S342">Mr. Blunt</cosponsor>, <cosponsor name-id="S357">Mrs. Fischer</cosponsor>, <cosponsor name-id="S376">Ms. Ernst</cosponsor>, <cosponsor name-id="S381">Mr. Rounds</cosponsor>, <cosponsor name-id="S399">Mr. Hawley</cosponsor>, <cosponsor name-id="S303">Mr. Thune</cosponsor>, <cosponsor name-id="S355">Mr. Cruz</cosponsor>, <cosponsor name-id="S411">Mr. Marshall</cosponsor>, <cosponsor name-id="S378">Mr. Lankford</cosponsor>, <cosponsor name-id="S375">Mr. Daines</cosponsor>, <cosponsor name-id="S382">Mr. Sasse</cosponsor>, <cosponsor name-id="S350">Mr. Rubio</cosponsor>, <cosponsor name-id="S407">Mr. Hagerty</cosponsor>, <cosponsor name-id="S365">Mr. Scott of South Carolina</cosponsor>, <cosponsor name-id="S373">Mr. Cassidy</cosponsor>, <cosponsor name-id="S346">Mr. Lee</cosponsor>, <cosponsor name-id="S395">Mrs. Hyde-Smith</cosponsor>, and <cosponsor name-id="S398">Mr. Cramer</cosponsor>) introduced the following bill; which was read twice and referred to the <committee-name committee-id="SSHR00">Committee on Health, Education, Labor, and Pensions</committee-name></action-desc></action><legis-type>A BILL</legis-type><official-title>To amend title X of the Public Health Service Act to prohibit family planning grants from being awarded to any entity that performs abortions, and for other purposes.</official-title></form><legis-body style="OLC" display-enacting-clause="yes-display-enacting-clause" id="HEAB50C51B5B34513B99740A2FD4FD339"><section commented="no" display-inline="no-display-inline" section-type="section-one" id="H5AD9517D9B1A4548AFA93223AE0B2657"><enum>1.</enum><header display-inline="yes-display-inline">Short title</header><text display-inline="no-display-inline">This Act may be cited as the <quote><short-title>Title X Abortion Provider Prohibition Act</short-title></quote>.</text></section><section commented="no" display-inline="no-display-inline" section-type="subsequent-section" id="H719F99BD54E8410AB4F7BF95491C5DC6"><enum>2.</enum><header display-inline="yes-display-inline">Prohibition on abortion</header><text display-inline="no-display-inline">Title X of the Public Health Service Act (<external-xref legal-doc="usc" parsable-cite="usc/42/300">42 U.S.C. 300</external-xref> et seq.) is amended by adding at the end the following:</text><quoted-block style="OLC" display-inline="no-display-inline" id="H3EB34E6875D94E869B1D872FF12E7382"><section commented="no" display-inline="no-display-inline" section-type="subsequent-section" id="H3E6B6595109942A6AE69BC2E4D051718"><enum>1009.</enum><header display-inline="yes-display-inline">Additional prohibition regarding abortion</header><subsection commented="no" display-inline="no-display-inline" id="H146D28DA3453477ABE4618816995E2CE"><enum>(a)</enum><header display-inline="yes-display-inline">Prohibition</header><text display-inline="yes-display-inline">The Secretary shall not provide any assistance under this title to an entity unless the entity certifies that, during the period of such assistance, the entity will not perform, and will not provide any funds to any other entity that performs, an abortion.</text></subsection><subsection commented="no" id="H331DB30082CE447DB563FA89FBFD2B13"><enum>(b)</enum><header>Exception</header><text>Subsection (a) does not apply with respect to an abortion where—</text><paragraph id="H284065683C534EE783A0C3E5D4F305A6"><enum>(1)</enum><text>the pregnancy is the result of rape or incest; or</text></paragraph><paragraph id="HC232A0EB3C06403F8F3A6AD757124554"><enum>(2)</enum><text>a physician certifies that the woman suffers from a physical disorder, physical injury, or physical illness that would place the woman in danger of death unless an abortion is performed, including a life-threatening physical condition caused by or arising from the pregnancy itself.</text></paragraph></subsection><subsection commented="no" id="H384207C17A7449C4855164BE63B37347"><enum>(c)</enum><header>Hospitals</header><text>Subsection (a) does not apply with respect to a hospital, so long as such hospital does not, during the period of assistance described in subsection (a), provide funds to any non-hospital entity that performs an abortion (other than an abortion described in subsection (b)).</text></subsection><subsection id="H7DAB83F2BFA246E8A3AE26FA663215B9"><enum>(d)</enum><header>Annual report</header><text>Not later than 60 days after the date of the enactment of the <short-title>Title X Abortion Provider Prohibition Act</short-title>, and annually thereafter, for the fiscal year involved, the Secretary shall submit a report to Congress containing—</text><paragraph id="H08B81B1B907C4FFFB202765595BBDBBD"><enum>(1)</enum><text>a list of each entity receiving a grant under this title;</text></paragraph><paragraph id="H6F7A71004D5949BC927D0CC38D663A4E"><enum>(2)</enum><text>for each such entity performing abortions under the exceptions described in subsection (b)—</text><subparagraph id="H0B154548182F4AF0BA0E6230FB1DD43E"><enum>(A)</enum><text>the total number of such abortions;</text></subparagraph><subparagraph id="H284338E550DF4482A742F1A098CFA152"><enum>(B)</enum><text>the number of such abortions where the pregnancy is the result of rape;</text></subparagraph><subparagraph id="H6323BC471D1B4B10A50F9F66057ADCC8"><enum>(C)</enum><text>the number of such abortions where the pregnancy is the result of incest; and</text></subparagraph><subparagraph id="H5CA4C868A9704DDE9246F3B207C5ED48"><enum>(D)</enum><text>the number of such abortions where a physician provides a certification described in subsection (b)(2);</text></subparagraph></paragraph><paragraph id="H3F5DFFC3EAA04CCEB2C0F34352A1DAFD"><enum>(3)</enum><text>a statement of the date of the latest certification under subsection (a) for each entity receiving a grant under this title; and</text></paragraph><paragraph id="HFF855FD6C78543B1BC51EE8DA622BA5C"><enum>(4)</enum><text>a list of each entity to which an entity described in paragraph (1) makes available funds received through a grant under this title.</text></paragraph></subsection><subsection id="H80C8C7C6B2EB4961ADD2F2E8944B4D71"><enum>(e)</enum><header>Definitions</header><text display-inline="yes-display-inline">In this section:</text><paragraph id="H74810BEA00F24A21BEEDD58884AACB66"><enum>(1)</enum><text>The term <term>entity</term> means the entire legal entity, including any entity that controls, is controlled by, or is under common control with such entity.</text></paragraph><paragraph id="HFF439D465FDE47B6B117D14BD53D7BB1"><enum>(2)</enum><text>The term <term>hospital</term> has the meaning given to such term in section 1861(e) of the Social Security Act.</text></paragraph></subsection></section><after-quoted-block>.</after-quoted-block></quoted-block></section></legis-body></bill> 

