<?xml version="1.0"?>
<?xml-stylesheet type="text/xsl" href="billres.xsl"?>
<!DOCTYPE bill PUBLIC "-//US Congress//DTDs/bill.dtd//EN" "bill.dtd">
<bill bill-stage="Introduced-in-Senate" dms-id="A1" public-private="public" slc-id="S1-SIL21296-SV4-4D-3C4"><metadata xmlns:dc="http://purl.org/dc/elements/1.1/">
<dublinCore>
<dc:title>117 S450 IS: Emmett Till and Mamie Till-Mobley Congressional Gold Medal Act of 2021</dc:title>
<dc:publisher>U.S. Senate</dc:publisher>
<dc:date>2021-02-25</dc:date>
<dc:format>text/xml</dc:format>
<dc:language>EN</dc:language>
<dc:rights>Pursuant to Title 17 Section 105 of the United States Code, this file is not subject to copyright protection and is in the public domain.</dc:rights>
</dublinCore>
</metadata>
<form>
<distribution-code display="yes">II</distribution-code><congress>117th CONGRESS</congress><session>1st Session</session><legis-num>S. 450</legis-num><current-chamber>IN THE SENATE OF THE UNITED STATES</current-chamber><action><action-date date="20210225">February 25, 2021</action-date><action-desc><sponsor name-id="S300">Mr. Burr</sponsor> (for himself, <cosponsor name-id="S370">Mr. Booker</cosponsor>, <cosponsor name-id="S354">Ms. Baldwin</cosponsor>, <cosponsor name-id="S330">Mr. Bennet</cosponsor>, <cosponsor name-id="S341">Mr. Blumenthal</cosponsor>, <cosponsor name-id="S275">Ms. Cantwell</cosponsor>, <cosponsor name-id="S309">Mr. Casey</cosponsor>, <cosponsor name-id="S252">Ms. Collins</cosponsor>, <cosponsor name-id="S337">Mr. Coons</cosponsor>, <cosponsor name-id="S287">Mr. Cornyn</cosponsor>, <cosponsor name-id="S385">Ms. Cortez Masto</cosponsor>, <cosponsor name-id="S386">Ms. Duckworth</cosponsor>, <cosponsor name-id="S253">Mr. Durbin</cosponsor>, <cosponsor name-id="S221">Mrs. Feinstein</cosponsor>, <cosponsor name-id="S399">Mr. Hawley</cosponsor>, <cosponsor name-id="S361">Ms. Hirono</cosponsor>, <cosponsor name-id="S395">Mrs. Hyde-Smith</cosponsor>, <cosponsor name-id="S363">Mr. King</cosponsor>, <cosponsor name-id="S311">Ms. Klobuchar</cosponsor>, <cosponsor name-id="S378">Mr. Lankford</cosponsor>, <cosponsor name-id="S369">Mr. Markey</cosponsor>, <cosponsor name-id="S306">Mr. Menendez</cosponsor>, <cosponsor name-id="S322">Mr. Merkley</cosponsor>, <cosponsor name-id="S364">Mr. Murphy</cosponsor>, <cosponsor name-id="S349">Mr. Portman</cosponsor>, <cosponsor name-id="S259">Mr. Reed</cosponsor>, <cosponsor name-id="S402">Ms. Rosen</cosponsor>, <cosponsor name-id="S350">Mr. Rubio</cosponsor>, <cosponsor name-id="S313">Mr. Sanders</cosponsor>, <cosponsor name-id="S365">Mr. Scott of South Carolina</cosponsor>, <cosponsor name-id="S384">Mr. Tillis</cosponsor>, <cosponsor name-id="S415">Mr. Warnock</cosponsor>, <cosponsor name-id="S366">Ms. Warren</cosponsor>, <cosponsor name-id="S316">Mr. Whitehouse</cosponsor>, <cosponsor name-id="S318">Mr. Wicker</cosponsor>, and <cosponsor name-id="S247">Mr. Wyden</cosponsor>) introduced the following bill; which was read twice and referred to the <committee-name committee-id="SSBK00">Committee on Banking, Housing, and Urban Affairs</committee-name></action-desc></action><legis-type>A BILL</legis-type><official-title>To award posthumously the Congressional Gold Medal to Emmett Till and Mamie Till-Mobley.</official-title></form><legis-body display-enacting-clause="yes-display-enacting-clause"><section section-type="section-one" id="S1"><enum>1.</enum><header>Short title</header><text display-inline="no-display-inline">This Act may be cited as the <quote><short-title>Emmett Till and Mamie Till-Mobley Congressional Gold Medal Act of 2021</short-title></quote>.</text></section><section id="id881fafa0096c4ff6a1a80255670b7bbd"><enum>2.</enum><header>Findings</header><text display-inline="no-display-inline">Congress finds the following:</text><paragraph id="id75658b7502d54636b5a33dfd49fd598d"><enum>(1)</enum><text>The brutal lynching of Emmett Till and the subsequent bravery and boldness of his mother, Mamie Till-Mobley, became a catalyst for the civil rights movement.</text></paragraph><paragraph id="id67ddc132f9224acdbae95fd9a0015ffe"><enum>(2)</enum><text>On August 28, 1955, 14-year-old Emmett Till was kidnapped, beaten, and shot in Money, Mississippi, where he had traveled from Chicago to stay with his great uncle, Moses Wright.</text></paragraph><paragraph id="ida45ddec5b4294f0a8acccda568770d92"><enum>(3)</enum><text>The corpse of Emmett Till was discovered 3 days later in the Tallahatchie River and his murderers were acquitted despite Moses Wright providing an eyewitness testimony that the men on trial kidnapped Emmett Till.</text></paragraph><paragraph id="ide74385de0e054279804e3813213d72aa"><enum>(4)</enum><text>Mamie Till-Mobley, the mother of Emmett Till, demonstrated her love for her son and her courage and strength in suffering in the days that followed as she brought the body of Emmett Till back to Chicago for burial and demanded an open casket funeral, which drew more than 50,000 attendees.</text></paragraph><paragraph id="id1a14985c667247c78a4fc8675438d746"><enum>(5)</enum><text>Mamie Till-Mobley further allowed a photograph to be taken of Emmett Till in his casket, which was shown throughout the world.</text></paragraph><paragraph id="id29274447e6fb4c26a616e686be77df89"><enum>(6)</enum><text>The original casket of Emmett Till stands on display at the National Museum of African American History and Culture as an enduring reminder of the racial violence that is a part of the history of the United States that the people of the United States must confront.</text></paragraph><paragraph id="id353909a4505440b29b1b1c34eedcac1f"><enum>(7)</enum><text>The heroic actions of Mamie Till-Mobley in the midst of evil, injustice, and grief became a catalyst for the civil rights movement and continued in the years to come as she worked for justice and honored the legacy of Emmett Till.</text></paragraph><paragraph id="id8a4c6ddbbfb346ebad28e59230458907"><enum>(8)</enum><text>Mamie Till-Mobley went on to create the Emmett Till Players, which was a significant national cultural contribution as teenagers traveled throughout the country presenting Martin Luther King, Jr., speeches in the name of Emmett Till.</text></paragraph><paragraph id="id482d9cbd6322488f8623f30b3f14db3c"><enum>(9)</enum><text>Mamie Till-Mobley also served as chair and co-founder of the Emmett Till Justice Campaign, which had the dual mission of reopening the murder of Emmett Till for a reinvestigation and a passage into law of Federal legislation to ensure that other racially motivated murders during the civil rights era were investigated and, when possible, prosecuted.</text></paragraph><paragraph id="idb29d4398ffae4464afd4156b7488eed2"><enum>(10)</enum><text>The efforts of the Emmett Till Justice Campaign led to the successful joint investigation by the State of Mississippi, the Federal Bureau of Investigation, and the Department of Justice in 2004, the passage of the Emmett Till Unsolved Civil Rights Crime Act of 2007 (<external-xref legal-doc="public-law" parsable-cite="pl/110/344">Public Law 110–344</external-xref>; 122 Stat. 3934), signed into law by President George W. Bush, and the Emmett Till Unsolved Civil Rights Crimes Reauthorization Act of 2016 (<external-xref legal-doc="public-law" parsable-cite="pl/114/325">Public Law 114–325</external-xref>; 130 Stat. 1965), signed into law by President Barack Obama.</text></paragraph><paragraph id="id0d1a86e7140345b59fa3f4a1c8dfd9a0"><enum>(11)</enum><text>The people of the United States honor the legacy of Emmett Till and the incredible suffering and equally incredible courage, resilience, and efforts of Mamie Till-Mobley that led to the civil rights movement that began in the 1950s.</text></paragraph></section><section id="id500227c4e71941f2b02cca85e86c4238"><enum>3.</enum><header>Congressional gold medal</header><subsection id="id956f9c2213c74d6c99d23c2a8874097b"><enum>(a)</enum><header>Presentation authorized</header><text>The Speaker of the House of Representatives and the President pro tempore of the Senate shall make appropriate arrangements for the posthumous presentation, on behalf of Congress, of a gold medal of appropriate design in commemoration of Emmett Till and Mamie Till-Mobley.</text></subsection><subsection id="idbc1a4276046f4de2b896fdf692f55d0f"><enum>(b)</enum><header>Design and striking</header><text>For purposes of the presentation referred to in subsection (a), the Secretary of the Treasury (referred to in this Act as the <quote>Secretary</quote>) shall strike a gold medal with suitable emblems, devices, and inscriptions, to be determined by the Secretary.</text></subsection><subsection id="id37ffa8e758ea4ea3a00eae4f95e2417d"><enum>(c)</enum><header>Award of medal</header><paragraph id="id311eac4d92384e6fb475df705c5ca2d6"><enum>(1)</enum><header>In general</header><text>After the award of the gold medal referred to in subsection (a), the gold medal shall be given to the National Museum of African American History and Culture, where it shall be displayed as appropriate.</text></paragraph><paragraph id="idcf3738626cd54346b9707e4c9444e383"><enum>(2)</enum><header>Sense of Congress</header><text>It is the sense of Congress that the National Museum of African American History and Culture should make the gold medal received under paragraph (1) available for display elsewhere, particularly at other locations and events associated with Emmett Till and Mamie Till-Mobley.</text></paragraph></subsection></section><section id="id369921b602134420bc1f6753759d2c35"><enum>4.</enum><header>Duplicate medals</header><text display-inline="no-display-inline">Under such regulations as the Secretary may prescribe, the Secretary may strike and sell duplicates in bronze of the gold medal struck under section 3, at a price sufficient to cover the costs of the medals, including labor, materials, dies, use of machinery, and overhead expenses.</text></section><section id="id3f545958c95244cf9001ae5bda816922"><enum>5.</enum><header>Status of medals</header><subsection id="id45d01b1ac9214756942aa880424a21f9"><enum>(a)</enum><header>National medals</header><text>Medals struck under this Act are national medals for purposes of <external-xref legal-doc="usc-chapter" parsable-cite="usc-chapter/31/51">chapter 51</external-xref> of title 31, United States Code.</text></subsection><subsection id="id6dff4725715a49be805d9dc6a1578ac8"><enum>(b)</enum><header>Numismatic items</header><text>For purposes of section 5134 of title 31, United States Code, all medals struck under this Act shall be considered to be numismatic items.</text></subsection></section></legis-body></bill> 

