<?xml version="1.0"?>
<?xml-stylesheet type="text/xsl" href="billres.xsl"?>
<!DOCTYPE bill PUBLIC "-//US Congress//DTDs/bill.dtd//EN" "bill.dtd">
<bill bill-type="olc" bill-stage="Introduced-in-Senate" dms-id="A1" public-private="public" slc-id="S1-TAM21418-LX6-7H-CHM"><metadata xmlns:dc="http://purl.org/dc/elements/1.1/">
<dublinCore>
<dc:title>117 S350 IS: Newborn Screening Saves Lives Reauthorization Act of 2021</dc:title>
<dc:publisher>U.S. Senate</dc:publisher>
<dc:date>2021-02-22</dc:date>
<dc:format>text/xml</dc:format>
<dc:language>EN</dc:language>
<dc:rights>Pursuant to Title 17 Section 105 of the United States Code, this file is not subject to copyright protection and is in the public domain.</dc:rights>
</dublinCore>
</metadata>
<form>
<distribution-code display="yes">II</distribution-code><congress>117th CONGRESS</congress><session>1st Session</session><legis-num>S. 350</legis-num><current-chamber>IN THE SENATE OF THE UNITED STATES</current-chamber><action><action-date date="20210222">February 22, 2021</action-date><action-desc><sponsor name-id="S388">Ms. Hassan</sponsor> (for herself and <cosponsor name-id="S318">Mr. Wicker</cosponsor>) introduced the following bill; which was read twice and referred to the <committee-name committee-id="SSHR00">Committee on Health, Education, Labor, and Pensions</committee-name></action-desc></action><legis-type>A BILL</legis-type><official-title>To amend the Public Health Service Act to reauthorize certain programs under part A of title XI of such Act relating to genetic diseases, and for other purposes.</official-title></form><legis-body style="OLC" display-enacting-clause="yes-display-enacting-clause" id="H6443183AF8BF4EDDA66CC586E31166EA"><section section-type="section-one" id="H09D0E49F53124A0093AD1D3DFDD830DF"><enum>1.</enum><header>Short title</header><text display-inline="no-display-inline">This Act may be cited as the <quote><short-title>Newborn Screening Saves Lives Reauthorization Act of 2021</short-title></quote>.</text></section><section id="H4F521027ABCB4D1A98432C971EB12C1B"><enum>2.</enum><header>Improved newborn and child screening and follow-up for heritable disorders</header><subsection id="H8C629A27F59547C3B2124E8AEEDCB0F3"><enum>(a)</enum><header>Purposes</header><text display-inline="yes-display-inline">Section 1109(a) of the Public Health Service Act (<external-xref legal-doc="usc" parsable-cite="usc/42/300b-8">42 U.S.C. 300b–8(a)</external-xref>) is amended—</text><paragraph id="H1EA02CFBB096457EA1B0A2111BF6157C"><enum>(1)</enum><text display-inline="yes-display-inline">in paragraph (1), by striking <quote>enhance, improve or</quote> and inserting <quote>facilitate, enhance, improve, or</quote>;</text></paragraph><paragraph id="H789A080E5AD04AACBB1E93A8D8685CE4"><enum>(2)</enum><text>by amending paragraph (3) to read as follows:</text><quoted-block style="OLC" display-inline="no-display-inline" id="HCEF4BF159D4540138641B17F5B6D5AEB"><paragraph id="HD7F97A0D125E42218C8F56D3E1247E66"><enum>(3)</enum><text display-inline="yes-display-inline">to develop, and deliver to parents, families, and patient advocacy and support groups, educational programs that—</text><subparagraph id="HBF2BB647210F4F74B4450F6506F3BF1B"><enum>(A)</enum><text>address newborn screening counseling, testing (including newborn screening pilot studies), follow-up, treatment, specialty services, and long-term care;</text></subparagraph><subparagraph id="HBC2705F73D034D03BA0BA265358C1367"><enum>(B)</enum><text>assess the target audience’s current knowledge, incorporate health communications strategies, and measure impact; and</text></subparagraph><subparagraph id="H2E4A80A44AFD4BB592529615453E30AE"><enum>(C)</enum><text>are at appropriate literacy levels;</text></subparagraph></paragraph><after-quoted-block>; and</after-quoted-block></quoted-block></paragraph><paragraph id="H98C29E7696E247E0B2E7639AC75AB1CC"><enum>(3)</enum><text>in paragraph (4)—</text><subparagraph id="H93B3024E40154164B66096690E3D17AD"><enum>(A)</enum><text>by striking <quote>followup</quote> and inserting <quote>follow-up</quote>; and </text></subparagraph><subparagraph id="H2C405F6E7BBB43079ED2A96022C16CD4"><enum>(B)</enum><text>by inserting before the semicolon at the end the following: <quote>, including re-engaging patients who have not received recommended follow-up services and supports</quote>.</text></subparagraph></paragraph></subsection><subsection id="HEDAF2B0D3E314A33821DF0B7CDF7EB21"><enum>(b)</enum><header>Approval factors</header><text display-inline="yes-display-inline">Section 1109(c) of the Public Health Service Act (<external-xref legal-doc="usc" parsable-cite="usc/42/300b-8">42 U.S.C. 300b–8(c)</external-xref>) is amended—</text><paragraph id="HD472AC0E64C6461AB047642DB0DA1399"><enum>(1)</enum><text>by striking <quote>or will use</quote> and inserting <quote>will use</quote>; and </text></paragraph><paragraph id="HA450F0F88DBF42D7A26B1F8A80492B0A"><enum>(2)</enum><text>by inserting <quote>, or will use amounts received under such grant to enhance capacity and infrastructure to facilitate the adoption of,</quote> before <quote>the guidelines and recommendations</quote>. </text></paragraph></subsection></section><section id="HD61D07CBF14343BF90B3B92406E76C59"><enum>3.</enum><header>Advisory committee on heritable disorders in newborns and children</header><text display-inline="no-display-inline">Section 1111 of the Public Health Service Act (<external-xref legal-doc="usc" parsable-cite="usc/42/300b-10">42 U.S.C. 300b–10</external-xref>) is amended—</text><paragraph id="H8BE3E856E36F406B969204CEDC523DA6"><enum>(1)</enum><text>in subsection (b)—</text><subparagraph id="HDE23B7D4A2664CA7A6CABAF5F680B2D6"><enum>(A)</enum><text display-inline="yes-display-inline">in paragraph (5), by inserting <quote>and adopt process improvements</quote> after <quote>take appropriate steps</quote>; </text></subparagraph><subparagraph id="H42C33582A6FB41108423C715769170CA"><enum>(B)</enum><text>in paragraph (7) by striking <quote>and</quote> at the end;</text></subparagraph><subparagraph id="H9AD1FF1DD6CD451980F914C49C4676B5"><enum>(C)</enum><text>by redesignating paragraph (8) as paragraph (9); </text></subparagraph><subparagraph id="HB38F2D58281A4952A377FE74F953421A"><enum>(D)</enum><text>by inserting after paragraph (7) the following:</text><quoted-block style="OLC" display-inline="no-display-inline" id="HA28396B234B24A22B67EA1CC9F287E54"><paragraph id="HE2AD021B372143329FA5AB5FCDA7893C"><enum>(8)</enum><text display-inline="yes-display-inline">develop, maintain, and publish on a publicly accessible website consumer-friendly materials detailing—</text><subparagraph id="H3738F52B908F43AE8DCCFD2CC5038078"><enum>(A)</enum><text>the uniform screening panel nomination process, including data requirements, standards, and the use of international data in nomination submissions; and</text></subparagraph><subparagraph id="HD94DB5604A1F43E7B00DE5F45706D8FB"><enum>(B)</enum><text>the process for obtaining technical assistance for submitting nominations to the uniform screening panel and detailing the instances in which the provision of technical assistance would introduce a conflict of interest for members of the Advisory Committee; and</text></subparagraph></paragraph><after-quoted-block>; and </after-quoted-block></quoted-block></subparagraph><subparagraph id="H7C8530D76D7D47F48D93F545BDDD566B"><enum>(E)</enum><text display-inline="yes-display-inline">in paragraph (9), as redesignated—</text><clause id="H393EA58BBF4A48FD8DC7779935F9A763"><enum>(i)</enum><text>by redesignating subparagraphs (K) and (L) as subparagraphs (L) and (M), respectively; and</text></clause><clause id="HCD9CBB4C9AD6480DAF5EC7EB3581914F"><enum>(ii)</enum><text>by inserting after subparagraph (J) the following:</text><quoted-block style="OLC" display-inline="no-display-inline" id="HBCF4855EECDD4177BE2CC7BAF3D3B9E9"><subparagraph id="H9BF481490E834233821CB4B09AC195BD"><enum>(K)</enum><text display-inline="yes-display-inline">the appropriate and recommended use of safe and effective genetic testing by health care professionals in newborns and children with an initial diagnosis of a disease or condition characterized by a variety of genetic causes and manifestations;</text></subparagraph><after-quoted-block>; and</after-quoted-block></quoted-block></clause></subparagraph></paragraph><paragraph id="HB579577F758B47649980132A7BC18D56"><enum>(2)</enum><text>in subsection (g)—</text><subparagraph id="H3D6D9785997445BA9F3120837E214717"><enum>(A)</enum><text>in paragraph (1) by striking <quote>2019</quote> and inserting <quote>2026</quote>; and</text></subparagraph><subparagraph id="HA5E99EC24ED94CE4A43DCF578CB00960"><enum>(B)</enum><text>in paragraph (2) by striking <quote>2019</quote> and inserting <quote>2026</quote>.</text></subparagraph></paragraph></section><section id="H9C4A5238322B4D24A2447AD540E39C05"><enum>4.</enum><header>Clearinghouse of newborn screening information</header><text display-inline="no-display-inline">Section 1112(c) of the Public Health Service Act (<external-xref legal-doc="usc" parsable-cite="usc/42/300b-11">42 U.S.C. 300b–11(c)</external-xref>) is amended by striking <quote>and supplement, not supplant, existing information sharing efforts</quote> and inserting <quote>and complement other Federal newborn screening information sharing activities</quote>.</text></section><section id="HA43AC504893A41A8A82F34A600F3ADF9"><enum>5.</enum><header>Laboratory quality and surveillance</header><text display-inline="no-display-inline">Section 1113 of the Public Health Service Act (<external-xref legal-doc="usc" parsable-cite="usc/42/300b-12">42 U.S.C. 300b–12</external-xref>) is amended—</text><paragraph id="HFD0AC85D9C6B47C38D89D3E32D089A8B"><enum>(1)</enum><text>in subsection (a)—</text><subparagraph id="H6FC3A1288961481B83EE31B65EC576A5"><enum>(A)</enum><text>in paragraph (1)—</text><clause id="H63E623AE26E542868A41C5753D716C84"><enum>(i)</enum><text display-inline="yes-display-inline">by striking <quote>performance evaluation services,</quote> and inserting <quote>development of new screening tests,</quote>; and</text></clause><clause id="HEC9431EF095A45D891FC8EFFEF7412CF"><enum>(ii)</enum><text>by striking <quote>and</quote> at the end;</text></clause></subparagraph><subparagraph id="HE938454110184E9EBC498AA13B0E9B97"><enum>(B)</enum><text>in paragraph (2)—</text><clause id="HA8EA193370D340AEB2D2ECA7CD0FF862"><enum>(i)</enum><text>by striking <quote>performance test materials</quote> and inserting <quote>test performance materials</quote>; and</text></clause><clause id="H4B6A6C085E5B429EB6A051B103B0B95C"><enum>(ii)</enum><text>by striking the period at the end and inserting <quote>; and</quote>; and</text></clause></subparagraph><subparagraph id="HDC0900F04FA948D2BF7401F64F58A8E1"><enum>(C)</enum><text>by adding at the end the following:</text><quoted-block style="OLC" display-inline="no-display-inline" id="H65B10CC2A31D48C79A2E73CE36AFA2D7"><paragraph id="HA1465FF41AEF4D599873DEFCFED20ACE"><enum>(3)</enum><text display-inline="yes-display-inline">performance evaluation services to enhance disease detection, including the development of tools, resources, and infrastructure to improve data analysis, test result interpretation, data harmonization, and dissemination of laboratory best practices.</text></paragraph><after-quoted-block>; and</after-quoted-block></quoted-block></subparagraph></paragraph><paragraph id="H3C1298FBEC0042E6BDC65D281FD7C7C5"><enum>(2)</enum><text>by amending subsection (b) to read as follows:</text><quoted-block style="OLC" display-inline="no-display-inline" id="H2959DCF9F0BA4A3B993EC4CD7BF87017"><subsection id="H8235144931A44B5190CB4C7A9D1F790E"><enum>(b)</enum><header>Surveillance activities</header><text display-inline="yes-display-inline">The Secretary, acting through the Director of the Centers for Disease Control and Prevention, and taking into consideration the expertise of the Advisory Committee on Heritable Disorders in Newborns and Children established under section 1111, shall provide for the coordination of national surveillance activities, including—</text><paragraph id="H36ECB1FB751543BEBFA1851CDE810494"><enum>(1)</enum><text>standardizing data collection and reporting through the use of electronic and other forms of health records to achieve real-time data for tracking and monitoring the newborn screening system, from the initial positive screen through diagnosis and long-term care management; and</text></paragraph><paragraph id="H5EFA9AF6F5FD43C799A463E0342BC551"><enum>(2)</enum><text>by promoting data sharing linkages between State newborn screening programs and State-based birth defects and developmental disabilities surveillance programs to help families connect with services to assist in evaluating long-term outcomes.</text></paragraph></subsection><after-quoted-block>.</after-quoted-block></quoted-block></paragraph></section><section id="H4C6F1D3E1CB143C0AD6AFD8BEF7E1DCD"><enum>6.</enum><header>Hunter Kelly research program</header><text display-inline="no-display-inline">Section 1116 of the Public Health Service Act (<external-xref legal-doc="usc" parsable-cite="usc/42/300b-15">42 U.S.C. 300b–15</external-xref>) is amended—</text><paragraph id="HC68D1952B8EF43ABAF2919AA209E32D0"><enum>(1)</enum><text>in subsection (a)(1)—</text><subparagraph id="H49544B91711749578B88A8DD1AAEE13F"><enum>(A)</enum><text>in the matter preceding subparagraph (A), by striking <quote>may</quote> and inserting <quote>shall</quote>; and</text></subparagraph><subparagraph display-inline="no-display-inline" id="H29EE60B5BB734C89A9E036D0AEAEB034"><enum>(B)</enum><text>in subparagraph (D)—</text><clause id="H7CAD75D744234BD9BC15C1350C346CB3"><enum>(i)</enum><text>by inserting <quote>, or with a high probability of being recommended by,</quote> after <quote>recommended by</quote>; and</text></clause><clause id="HADDA86ECC4924A00A40568C2DCA4CD7F"><enum>(ii)</enum><text>by striking <quote>that screenings are ready for nationwide implementation</quote> and inserting <quote>that reliable newborn screening technologies are piloted and ready for use</quote>; and</text></clause></subparagraph></paragraph><paragraph id="HFDB363F7B1D04928A1A3A296EBD3A45E"><enum>(2)</enum><text>by amending subsection (b) to read as follows:</text><quoted-block style="OLC" display-inline="no-display-inline" id="H66DDFA51002C41E9BD7CF7B1C998C665"><subsection id="HCD88C3FCEFA046FAA0D6BD9534678DF6"><enum>(b)</enum><header>Funding</header><text display-inline="yes-display-inline">In carrying out the research program under this section, the Secretary and the Director shall ensure that entities receiving funding through the program will provide assurances, as practicable, that such entities will work in consultation with State departments of health, as appropriate.</text></subsection><after-quoted-block>.</after-quoted-block></quoted-block></paragraph></section><section id="HB1708372131B4112A38FCA363C72A55E"><enum>7.</enum><header>Authorization of appropriations for newborn screening programs and activities</header><text display-inline="no-display-inline">Section 1117 of the Public Health Service Act (<external-xref legal-doc="usc" parsable-cite="usc/42/300b-16">42 U.S.C. 300b–16</external-xref>) is amended—</text><paragraph id="H3E60797C3EF245D98294A42FDC75D391"><enum>(1)</enum><text>in paragraph (1)—</text><subparagraph id="H8B3957B5452449D696FF28FA57A4A374"><enum>(A)</enum><text>by striking <quote>$11,900,000</quote> and inserting <quote>$31,000,000</quote>;</text></subparagraph><subparagraph id="H25ED11B00638416A91FC8877BB5F0D14"><enum>(B)</enum><text>by striking <quote>2015</quote> and inserting <quote>2022</quote>; and</text></subparagraph><subparagraph id="H9C5845B5419445C89ED060ADAE02F2C6"><enum>(C)</enum><text>by striking <quote>2019</quote> and inserting <quote>2026</quote>; and</text></subparagraph></paragraph><paragraph id="H1E704259B3274B0096240DA0CDD24EF2"><enum>(2)</enum><text>in paragraph (2)—</text><subparagraph id="H0212C509A20745BC9DB2A9B5946E1ABA"><enum>(A)</enum><text>by striking <quote>$8,000,000</quote> and inserting <quote>$29,650,000</quote>;</text></subparagraph><subparagraph id="HB6C22854FE6644CD9C291DF89809F712"><enum>(B)</enum><text>by striking <quote>2015</quote> and inserting <quote>2022</quote>; and</text></subparagraph><subparagraph id="HE68FEEC84D1F44F6836E6F2DD66CDC24"><enum>(C)</enum><text>by striking <quote>2019</quote> and inserting <quote>2026</quote>.</text></subparagraph></paragraph></section><section id="HBB51441105254476B856F26AE691EC03"><enum>8.</enum><header>Institutional review boards; ethics guidance program</header><text display-inline="no-display-inline">Section 12 of the Newborn Screening Saves Lives Reauthorization Act of 2014 (<external-xref legal-doc="usc" parsable-cite="usc/42/289">42 U.S.C. 289</external-xref> note) is amended to read as follows:</text><quoted-block style="OLC" display-inline="no-display-inline" id="H5DADA1CA02B84757AAB076B1244B0D7A"><section id="H5A09018368394801AC754576A7335002"><enum>12.</enum><header>Institutional review boards; ethics guidance program</header><text display-inline="no-display-inline">Research on nonidentified newborn dried blood spots shall be considered secondary research (within the meaning of section 46.104(d)(4) of title 45, Code of Federal Regulations (or successor regulations)) with nonidentified biospecimens for purposes of federally funded research conducted pursuant to the Public Health Service Act (<external-xref legal-doc="usc" parsable-cite="usc/42/201">42 U.S.C. 201</external-xref> et seq.).</text></section><after-quoted-block>.</after-quoted-block></quoted-block></section><section id="HB9AD187F3EE04BE39136492EF9B87950"><enum>9.</enum><header>NAM report on the modernization of newborn screening</header><subsection id="HF2D9A299EC2D44BE8D0ADC68C954577B"><enum>(a)</enum><header>Study</header><text display-inline="yes-display-inline">Not later than 60 days after the date of the enactment of this Act, the Secretary of Health and Human Services shall seek to enter into an agreement with the National Academy of Medicine (in this section referred to as <quote>NAM</quote>) (or if NAM declines to enter into such an agreement, another appropriate entity) under which NAM, or such other appropriate entity, agrees to conduct a study on the following:</text><paragraph id="H9DAF4A69FDF84AB586C8BF6B4BE94319"><enum>(1)</enum><text display-inline="yes-display-inline">The uniform screening panel review and recommendation processes to identify factors that impact decisions to add new conditions to the uniform screening panel, to describe challenges posed by newly nominated conditions, including low-incidence diseases, late onset variants, and new treatments without long-term efficacy data.</text></paragraph><paragraph id="H8BDBC0BF957C42E9994A6C60B92CD784"><enum>(2)</enum><text display-inline="yes-display-inline">The barriers that preclude States from adding new uniform screening panel conditions to their State screening panels with recommendations on resources needed to help States implement uniform screening panel recommendations.</text></paragraph><paragraph display-inline="no-display-inline" id="HBC95DD93FDE642B68FB6C468DC8AD346"><enum>(3)</enum><text display-inline="yes-display-inline">The current state of federally and privately funded newborn screening research with recommendations for optimizing the capacity of this research, including piloting multiple prospective conditions at once and addressing rare disease questions.</text></paragraph><paragraph id="H39944E16D334473983B4ED04AC9F9860"><enum>(4)</enum><text display-inline="yes-display-inline">New and emerging technologies that would permit screening for new categories of disorders, or would make current screening more effective, more efficient, or less expensive.</text></paragraph><paragraph id="HEA7FC9E9DEDC4002BD0CD7F6B765F7E6"><enum>(5)</enum><text display-inline="yes-display-inline">Technological and other infrastructure needs to improve timeliness of diagnosis and short- and long-term follow-up for infants identified through newborn screening and improve public health surveillance.</text></paragraph><paragraph id="H306E6BF6D3454824B54A482C39F0AA65"><enum>(6)</enum><text display-inline="yes-display-inline">Current and future communication and educational needs for priority stakeholders and the public to promote understanding and knowledge of a modernized newborn screening system with an emphasis on evolving communication channels and messaging.</text></paragraph><paragraph id="H07E5F73EB46445109A95A2569B2AF491"><enum>(7)</enum><text display-inline="yes-display-inline">The extent to which newborn screening yields better data on the disease prevalence for screened conditions and improves long-term outcomes for those identified through newborn screening, including existing systems supporting such data collection and recommendations for systems that would allow for improved data collection.</text></paragraph><paragraph id="HFE565C01068D4392B59636B6501AF74D"><enum>(8)</enum><text display-inline="yes-display-inline">The impact on newborn morbidity and mortality in States that adopt newborn screening tests included on the uniform panel.</text></paragraph></subsection><subsection id="H8903996745724F749606A87DBC5039EA"><enum>(b)</enum><header>Public stakeholder meeting</header><text>In the course of completing the study described in subsection (a), NAM or such other appropriate entity shall hold not less than one public meeting to obtain stakeholder input on the topics of such study.</text></subsection><subsection id="H27D17741850D44F9AC9831289CB8F4EF"><enum>(c)</enum><header>Report</header><text>The agreement under subsection (a) shall require NAM, or such other appropriate entity, not later than 18 months after the effective date of such agreement, to submit to the Secretary of Health and Human Services and the appropriate committees of jurisdiction of Congress a report containing—</text><paragraph id="H1EFC685C365B41FC9331BE50B0F38026"><enum>(1)</enum><text>the results of the study conducted under subsection (a);</text></paragraph><paragraph id="H78F88E1E6FB744749A668D08820A067D"><enum>(2)</enum><text>recommendations to modernize the processes described in subsection (a)(1); and</text></paragraph><paragraph id="H854914BBF480496D9D5B10FC32D74E05"><enum>(3)</enum><text>recommendations for such legislative and administrative action as NAM, or such other appropriate entity, determines appropriate.</text></paragraph></subsection><subsection id="HABFB5B6CE19E4823BC783983796B2EE5"><enum>(d)</enum><header>Authorization of appropriations</header><text>There is authorized to be appropriated $2,000,000 for the period of fiscal years 2022 and 2023 to carry out this section.</text></subsection></section></legis-body></bill> 

