<?xml version="1.0"?>
<?xml-stylesheet type="text/xsl" href="billres.xsl"?>
<!DOCTYPE bill PUBLIC "-//US Congress//DTDs/bill.dtd//EN" "bill.dtd">
<bill bill-stage="Introduced-in-Senate" dms-id="A1" public-private="public" slc-id="S1-BAG21019-CR7-7J-8DS">
<metadata xmlns:dc="http://purl.org/dc/elements/1.1/">
<dublinCore>
<dc:title>117 S89 IS: Ensuring Survivor Benefits During COVID–19 Act of 2021</dc:title>
<dc:publisher>U.S. Senate</dc:publisher>
<dc:date>2021-01-28</dc:date>
<dc:format>text/xml</dc:format>
<dc:language>EN</dc:language>
<dc:rights>Pursuant to Title 17 Section 105 of the United States Code, this file is not subject to copyright protection and is in the public domain.</dc:rights>
</dublinCore>
</metadata>
<form>
<distribution-code display="yes">II</distribution-code>
<congress>117th CONGRESS</congress><session>1st Session</session>
<legis-num>S. 89</legis-num>
<current-chamber>IN THE SENATE OF THE UNITED STATES</current-chamber>
<action>
<action-date date="20210128">January 28, 2021</action-date>
<action-desc><sponsor name-id="S403">Ms. Sinema</sponsor> (for herself, <cosponsor name-id="S384">Mr. Tillis</cosponsor>, <cosponsor name-id="S324">Mrs. Shaheen</cosponsor>, <cosponsor name-id="S343">Mr. Boozman</cosponsor>, <cosponsor name-id="S341">Mr. Blumenthal</cosponsor>, <cosponsor name-id="S366">Ms. Warren</cosponsor>, and <cosponsor name-id="S337">Mr. Coons</cosponsor>) introduced the following bill; which was read twice and referred to the <committee-name committee-id="SSVA00">Committee on Veterans' Affairs</committee-name></action-desc>
</action>
<legis-type>A BILL</legis-type>
<official-title>To require the Secretary of Veterans Affairs to secure medical opinions for veterans with service-connected disabilities who die from COVID–19 to determine whether their service-connected disabilities were the principal or contributory causes of death, and for other purposes.</official-title>
</form>
<legis-body display-enacting-clause="yes-display-enacting-clause" id="H2D3AD82DA94E40E5A4A7FECCCA2CD350">
<section section-type="section-one" id="id3BDED03A865A4A4285F3794844999174"><enum>1.</enum><header>Short title</header><text display-inline="no-display-inline">This Act may be cited as the <quote><short-title>Ensuring Survivor Benefits During COVID–19 Act of 2021</short-title></quote>.</text></section> <section section-type="subsequent-section" id="id5B0213DCE74C40089AF03C07575610B9"><enum>2.</enum><header>Medical opinions for certain veterans with service-connected disabilities who die of COVID–19</header><text display-inline="no-display-inline">In any case in which a veteran with one or more service-connected disabilities dies, the death certificate identifies Coronavirus Disease 2019 (COVID–19) as the principal or contributory cause of death, the death certificate does not clearly identify any of the service-connected disabilities as the principal or contributory cause of death, and a claim for benefits is filed with respect to the veteran under <external-xref legal-doc="usc-chapter" parsable-cite="usc-chapter/38/13">chapter 13</external-xref> of title 38, Unites States Code, the Secretary of Veterans Affairs shall secure a medical opinion to determine if a service-connected disability was the principal or contributory cause of death.</text></section>
</legis-body>
</bill> 


