<?xml version="1.0"?>
<?xml-stylesheet type="text/xsl" href="billres.xsl"?>
<!DOCTYPE bill PUBLIC "-//US Congress//DTDs/bill.dtd//EN" "bill.dtd">
<bill bill-type="olc" bill-stage="Introduced-in-Senate" dms-id="A1" public-private="public" slc-id="S1-BAI21141-PK8-94-1NS"><metadata xmlns:dc="http://purl.org/dc/elements/1.1/">
<dublinCore>
<dc:title>117 S441 IS: Stop Tip-overs of Unstable, Risky Dressers on Youth Act</dc:title>
<dc:publisher>U.S. Senate</dc:publisher>
<dc:date>2021-02-25</dc:date>
<dc:format>text/xml</dc:format>
<dc:language>EN</dc:language>
<dc:rights>Pursuant to Title 17 Section 105 of the United States Code, this file is not subject to copyright protection and is in the public domain.</dc:rights>
</dublinCore>
</metadata>
<form>
<distribution-code display="yes">II</distribution-code><congress>117th CONGRESS</congress><session>1st Session</session><legis-num>S. 441</legis-num><current-chamber>IN THE SENATE OF THE UNITED STATES</current-chamber><action><action-date date="20210225">February 25, 2021</action-date><action-desc><sponsor name-id="S309">Mr. Casey</sponsor> (for himself, <cosponsor name-id="S311">Ms. Klobuchar</cosponsor>, <cosponsor name-id="S341">Mr. Blumenthal</cosponsor>, <cosponsor name-id="S385">Ms. Cortez Masto</cosponsor>, <cosponsor name-id="S370">Mr. Booker</cosponsor>, <cosponsor name-id="S366">Ms. Warren</cosponsor>, <cosponsor name-id="S369">Mr. Markey</cosponsor>, <cosponsor name-id="S394">Ms. Smith</cosponsor>, <cosponsor name-id="S324">Mrs. Shaheen</cosponsor>, <cosponsor name-id="S253">Mr. Durbin</cosponsor>, <cosponsor name-id="S221">Mrs. Feinstein</cosponsor>, <cosponsor name-id="S374">Mr. Cotton</cosponsor>, <cosponsor name-id="S354">Ms. Baldwin</cosponsor>, <cosponsor name-id="S390">Mr. Van Hollen</cosponsor>, and <cosponsor name-id="S337">Mr. Coons</cosponsor>) introduced the following bill; which was read twice and referred to the <committee-name committee-id="SSCM00">Committee on Commerce, Science, and Transportation</committee-name></action-desc></action><legis-type>A BILL</legis-type><official-title>To require the Consumer Product Safety Commission to promulgate a consumer product safety rule for free-standing clothing storage units to protect children from tip-over related death or injury, and for other purposes.</official-title></form><legis-body style="OLC" display-enacting-clause="yes-display-enacting-clause" id="H6DE76A64C3234A7599E8FE40210B9966"><section section-type="section-one" id="HFDA9AFBAEC4A43C2B4CBABCF06856757"><enum>1.</enum><header>Short title</header><text display-inline="no-display-inline">This Act may be cited as the <quote><short-title>Stop Tip-overs of Unstable, Risky Dressers on Youth Act</short-title></quote> or the <quote><short-title>STURDY Act</short-title></quote>.</text></section><section id="H54FDE37D63D04AB7B74617E143FDF887"><enum>2.</enum><header>Consumer product safety standard to protect against tip-over of clothing storage units</header><subsection id="H58C279CCF75B4E998C5CB02F54426237"><enum>(a)</enum><header>Clothing storage unit defined</header><text display-inline="yes-display-inline">In this section, the term <quote>clothing storage unit</quote> means any free-standing furniture item manufactured in the United States or imported for use in the United States that is intended for the storage of clothing, typical of bedroom furniture.</text></subsection><subsection id="H2D97E8DB3C0E40D0B8A97262387FA2BA"><enum>(b)</enum><header>Consumer product safety standard required</header><paragraph id="HF1E2822C15DA41CAA00EA94D44695986"><enum>(1)</enum><header>In general</header><text>Except as provided in subsection (c)(1), not later than 1 year after the date of the enactment of this Act, the Consumer Product Safety Commission shall—</text><subparagraph id="H4E4C0109826140E2BAD464E47C2E0B3B"><enum>(A)</enum><text>in consultation with representatives of consumer groups, clothing storage unit manufacturers, craft or handmade furniture manufacturers, and independent child product engineers and experts, examine and assess the effectiveness of any voluntary consumer product safety standards for clothing storage units; and</text></subparagraph><subparagraph id="HFD01B17BC71E4F8DAB9E4C0258242B95"><enum>(B)</enum><text>in accordance with section 553 of title 5, United States Code, promulgate a final consumer product safety standard for clothing storage units to protect children from tip-over-related death or injury that includes—</text><clause id="HC1BA30A707824607B5F0BE95F0538FF9"><enum>(i)</enum><text display-inline="yes-display-inline">tests that simulate the weight of children up to 60 pounds;</text></clause><clause id="HF19DC2437C904BBD8F36E1D4D3BA61F2"><enum>(ii)</enum><text>objective, repeatable, and measurable tests that simulate real world use and account for any impact on clothing storage unit stability that may result from placement on carpeted surfaces, drawers with items in them, multiple open drawers, or dynamic force;</text></clause><clause id="H90140DE77D8D4BFBA85830352D405AE3"><enum>(iii)</enum><text>testing of all clothing storage units, including those under 30 inches in height; and</text></clause><clause id="HA4A1BD13C950445EA3B3FCE65FC5DCB4"><enum>(iv)</enum><text display-inline="yes-display-inline">warning requirements based on ASTM F2057–17, or its successor at the time of enactment, provided that the Consumer Product Safety Commission shall strengthen the requirements of ASTM F2057–17, or its successor, if reasonably necessary to protect children from tip-over-related death or injury.</text></clause></subparagraph></paragraph><paragraph id="H0CE2F987111E4F36B95D528B483563F9"><enum>(2)</enum><header>Treatment of standard</header><text>A consumer product safety standard promulgated under paragraph (1) shall be treated as a consumer product safety rule promulgated under section 9 of the Consumer Product Safety Act (<external-xref legal-doc="usc" parsable-cite="usc/15/2058">15 U.S.C. 2058</external-xref>).</text></paragraph></subsection><subsection id="H17494C9EC9F54C29B0EC55D6E890266B"><enum>(c)</enum><header>Subsequent rulemaking</header><paragraph id="H33B3953151FC49B4AE369DD9674DD8D1"><enum>(1)</enum><header>In general</header><text>At any time subsequent to the publication of a consumer product safety standard under subsection (b)(1), the Commission may initiate a rulemaking, in accordance with section 553 of title 5, United States Code to modify the requirements of the consumer product safety standard described in subsection (b)(1) if reasonably necessary to protect children from tip-over-related death or injury.</text></paragraph><paragraph display-inline="no-display-inline" id="H0250A386B1444EE499DC724D7D708B7B"><enum>(2)</enum><header>Revision of rule</header><text display-inline="yes-display-inline">If, after the date of the enactment of this Act, the Centers for Disease Control and Prevention revises its Clinical Growth Charts, the consumer product safety standard described in subsection (b)(1) shall, on the date that is 180 days after such revision, be revised to include tests that simulate the weight of children up to the 95th percentile weight of children 72 months in age, as depicted in the revised Centers for Disease Control and Prevention Clinical Growth Charts, unless the Commission determines the modification is not reasonably necessary to protect children from tip-over-related death or injury.</text></paragraph><paragraph id="H237BA8AE11704EE88D3ECDDDD05EA41D"><enum>(3)</enum><header>Treatment of rules</header><text display-inline="yes-display-inline">Any rule promulgated under paragraph (1) or revision made pursuant to paragraph (2) shall be treated as a consumer product safety rule promulgated under section 9 of the Consumer Product Safety Act (<external-xref legal-doc="usc" parsable-cite="usc/15/2058">15 U.S.C. 2058</external-xref>).</text></paragraph></subsection></section></legis-body></bill>


