<?xml version="1.0"?>
<?xml-stylesheet type="text/xsl" href="billres.xsl"?>
<!DOCTYPE bill PUBLIC "-//US Congress//DTDs/bill.dtd//EN" "bill.dtd">
<bill bill-stage="Introduced-in-Senate" dms-id="A1" public-private="public" slc-id="S1-MCG21163-718-V1-3PY"><metadata xmlns:dc="http://purl.org/dc/elements/1.1/">
<dublinCore>
<dc:title>117 S269 IS: Work Opportunity Tax Credit and Jobs Act</dc:title>
<dc:publisher>U.S. Senate</dc:publisher>
<dc:date>2021-02-08</dc:date>
<dc:format>text/xml</dc:format>
<dc:language>EN</dc:language>
<dc:rights>Pursuant to Title 17 Section 105 of the United States Code, this file is not subject to copyright protection and is in the public domain.</dc:rights>
</dublinCore>
</metadata>
<form>
<distribution-code display="yes">II</distribution-code><congress>117th CONGRESS</congress><session>1st Session</session><legis-num>S. 269</legis-num><current-chamber>IN THE SENATE OF THE UNITED STATES</current-chamber><action><action-date date="20210208">February 8, 2021</action-date><action-desc><sponsor name-id="S349">Mr. Portman</sponsor> (for himself, <cosponsor name-id="S308">Mr. Cardin</cosponsor>, <cosponsor name-id="S342">Mr. Blunt</cosponsor>, <cosponsor name-id="S307">Mr. Brown</cosponsor>, <cosponsor name-id="S373">Mr. Cassidy</cosponsor>, and <cosponsor name-id="S306">Mr. Menendez</cosponsor>) introduced the following bill; which was read twice and referred to the <committee-name committee-id="SSFI00">Committee on Finance</committee-name></action-desc></action><legis-type>A BILL</legis-type><official-title>To amend the Internal Revenue Code of 1986 to permanently extend the work opportunity credit.</official-title></form><legis-body display-enacting-clause="yes-display-enacting-clause"><section section-type="section-one" id="id32ACF0D6A64B42C7BD88F3B375EAF194"><enum>1.</enum><header>Short title</header><text display-inline="no-display-inline">This Act may be cited as the <quote><short-title>Work Opportunity Tax Credit and Jobs Act</short-title></quote>.</text></section><section section-type="subsequent-section" id="id192a120c47d14dad9674cc359aa9b02f"><enum>2.</enum><header>Work opportunity credit made permanent</header><subsection id="id79eb92bdc42544abb67d5784ccce4a96"><enum>(a)</enum><header>In general</header><text><external-xref legal-doc="usc" parsable-cite="usc/26/51">Section 51(c)</external-xref> of the Internal Revenue Code of 1986 is amended by striking paragraphs (4) and (5).</text></subsection><subsection id="id2ca4f7ddbb384a88b1bc384e328ba852"><enum>(b)</enum><header>Effective date</header><text>The amendments made by this section shall apply to individuals who begin work for the employer after December 31, 2020.</text></subsection></section></legis-body></bill>


