<?xml version="1.0"?>
<?xml-stylesheet type="text/xsl" href="billres.xsl"?>
<!DOCTYPE bill PUBLIC "-//US Congress//DTDs/bill.dtd//EN" "bill.dtd">
<bill bill-stage="Introduced-in-Senate" dms-id="A1" public-private="public" slc-id="S1-MAZ21173-C25-G5-9V4"><metadata xmlns:dc="http://purl.org/dc/elements/1.1/">
<dublinCore>
<dc:title>114 S325 IS: To amend the Alyce Spotted Bear and Walter Soboleff Commission on Native Children Act to extend the deadline for a report by the Alyce Spotted Bear and Walter Soboleff Commission on Native Children, and for other purposes.</dc:title>
<dc:publisher>U.S. Senate</dc:publisher>
<dc:date>2021-02-12</dc:date>
<dc:format>text/xml</dc:format>
<dc:language>EN</dc:language>
<dc:rights>Pursuant to Title 17 Section 105 of the United States Code, this file is not subject to copyright protection and is in the public domain.</dc:rights>
</dublinCore>
</metadata>
<form>
<distribution-code display="yes">II</distribution-code><congress>117th CONGRESS</congress><session>1st Session</session><legis-num>S. 325</legis-num><current-chamber>IN THE SENATE OF THE UNITED STATES</current-chamber><action><action-date date="20210212">February 12, 2021</action-date><action-desc><sponsor name-id="S288">Ms. Murkowski</sponsor> introduced the following bill; which was read twice and referred to the <committee-name committee-id="SLIA00">Committee on Indian Affairs</committee-name></action-desc></action><legis-type>A BILL</legis-type><official-title>To amend the Alyce Spotted Bear and Walter Soboleff Commission on Native Children Act to extend the deadline for a report by the Alyce Spotted Bear and Walter Soboleff Commission on Native Children, and for other purposes.</official-title></form><legis-body display-enacting-clause="yes-display-enacting-clause"><section section-type="section-one" id="S1"><enum>1.</enum><header>Alyce Spotted Bear and Walter Soboleff Commission on Native Children report</header><text display-inline="no-display-inline">Section 3(f) of the Alyce Spotted Bear and Walter Soboleff Commission on Native Children Act (<external-xref legal-doc="public-law" parsable-cite="pl/114/244">Public Law 114–244</external-xref>; 130 Stat. 987) is amended, in the matter preceding paragraph (1), by striking <quote>3 years</quote> and inserting <quote>5 years</quote>.</text></section></legis-body></bill> 

