<?xml version="1.0"?>
<?xml-stylesheet type="text/xsl" href="billres.xsl"?>
<!DOCTYPE bill PUBLIC "-//US Congress//DTDs/bill.dtd//EN" "bill.dtd">
<bill bill-stage="Introduced-in-Senate" dms-id="A1" public-private="public" slc-id="S1-ROS21179-LKF-8T-T04"><metadata xmlns:dc="http://purl.org/dc/elements/1.1/">
<dublinCore>
<dc:title>117 S208 IS: Holding Russia Accountable for Malign Activities Act of 2021</dc:title>
<dc:publisher>U.S. Senate</dc:publisher>
<dc:date>2021-02-03</dc:date>
<dc:format>text/xml</dc:format>
<dc:language>EN</dc:language>
<dc:rights>Pursuant to Title 17 Section 105 of the United States Code, this file is not subject to copyright protection and is in the public domain.</dc:rights>
</dublinCore>
</metadata>
<form>
<distribution-code display="yes">II</distribution-code><congress>117th CONGRESS</congress><session>1st Session</session><legis-num>S. 208</legis-num><current-chamber>IN THE SENATE OF THE UNITED STATES</current-chamber><action><action-date date="20210203">February 3, 2021</action-date><action-desc><sponsor name-id="S337">Mr. Coons</sponsor> (for himself, <cosponsor name-id="S350">Mr. Rubio</cosponsor>, <cosponsor name-id="S308">Mr. Cardin</cosponsor>, <cosponsor name-id="S401">Mr. Romney</cosponsor>, <cosponsor name-id="S390">Mr. Van Hollen</cosponsor>, and <cosponsor name-id="S253">Mr. Durbin</cosponsor>) introduced the following bill; which was read twice and referred to the <committee-name committee-id="SSFR00">Committee on Foreign Relations</committee-name></action-desc></action><legis-type>A BILL</legis-type><official-title>To impose sanctions with respect to individuals associated with the Government of the Russian Federation who are complicit in the poisoning and repression of citizens of the Russian Federation for political motives, and for other purposes.</official-title></form><legis-body display-enacting-clause="yes-display-enacting-clause"><section section-type="section-one" id="S1"><enum>1.</enum><header>Short title</header><text display-inline="no-display-inline">This Act may be cited as the <quote><short-title>Holding Russia Accountable for Malign Activities Act of 2021</short-title></quote>.</text></section><section id="id48B354DDFDD541E297732B718405A111"><enum>2.</enum><header>Imposition of sanctions with respect to the poisoning of opposition leader Alexei Navalny</header><subsection id="id9930CAA28120481C9A0390E75D1B1E29"><enum>(a)</enum><header>Identification</header><text display-inline="yes-display-inline">Not later than 90 days after the date of the enactment of this Act, the President shall submit to Congress a report identifying any current or former official of, or other individual acting for or on behalf of, the Government of the Russian Federation that the President determines was involved in the poisoning on August 20, 2020, of Russian opposition leader Alexei Navalny or the subsequent cover-up of the poisoning.</text></subsection><subsection id="id1A3327C4C87643A09A781F5FA9F28EC9"><enum>(b)</enum><header>Imposition of sanctions</header><text>With respect to each official or other individual identified in the report required by subsection (a), the President shall impose sanctions under the Global Magnitsky Human Rights Accountability Act (subtitle F of title XII of <external-xref legal-doc="public-law" parsable-cite="pl/114/328">Public Law 114–328</external-xref>; <external-xref legal-doc="usc" parsable-cite="usc/22/2656">22 U.S.C. 2656</external-xref> note) or the following sanctions:</text><paragraph id="id0f6fb8958e234c14ab93443aa49e3419"><enum>(1)</enum><header>Asset blocking</header><text>The President shall exercise all of the powers granted to the President under the International Emergency Economic Powers Act (<external-xref legal-doc="usc" parsable-cite="usc/50/1701">50 U.S.C. 1701</external-xref> et seq.) to the extent necessary to block and prohibit all transactions in property and interests in property of the official or other individual identified in the report required by subsection (a) if such property and interests in property are in the United States, come within the United States, or are or come within the possession or control of a United States person.</text></paragraph><paragraph id="idc8478e0fc14c480eabeb52142bab2f62"><enum>(2)</enum><header>Ineligibility for visas, admission, or parole</header><subparagraph id="id92a8fe67eb064cd7b3ef5db2448b6917"><enum>(A)</enum><header>Visas, admission, or parole</header><text>An alien identified in the report required by subsection (a) is—</text><clause id="idc20ab235ff70403f980bcabae9de6744"><enum>(i)</enum><text>inadmissible to the United States;</text></clause><clause id="idaac0a1044f8b4bfd9fc96081a4d788b9"><enum>(ii)</enum><text>ineligible to receive a visa or other documentation to enter the United States; and</text></clause><clause id="idbf1a2269ae8747e286f6af7bf54d6be2"><enum>(iii)</enum><text>otherwise ineligible to be admitted or paroled into the United States or to receive any other benefit under the Immigration and Nationality Act (<external-xref legal-doc="usc" parsable-cite="usc/8/1101">8 U.S.C. 1101</external-xref> et seq.).</text></clause></subparagraph><subparagraph id="id86661c7242ac490bab77a2b69e317d2c"><enum>(B)</enum><header>Current visas revoked</header><clause id="id1d231150e7ae41f98c221d45443cdb8a"><enum>(i)</enum><header>In general</header><text>An alien identified in the report required by subsection (a) is subject to revocation of any visa or other entry documentation regardless of when the visa or other entry documentation is or was issued.</text></clause><clause id="id284587a917da47cb828aa9f73c3725c5"><enum>(ii)</enum><header>Immediate effect</header><text>A revocation under clause (i) shall—</text><subclause id="id15b0a516ea4b4d6db445f7bd620b7d0e"><enum>(I)</enum><text>take effect immediately; and</text></subclause><subclause id="idf1f50325abb0412e9da683077c14ae29"><enum>(II)</enum><text>cancel any other valid visa or entry documentation that is in the alien’s possession.</text></subclause></clause></subparagraph></paragraph></subsection><subsection id="id55F1F171A4FA415A9C613CCED54C84D2"><enum>(c)</enum><header>Waiver; exceptions; implementation of sanctions</header><paragraph id="id80e0a25ee5044eb3b82c4b37e4032bb2"><enum>(1)</enum><header>Implementation; penalties</header><subparagraph id="id46d9c1450fa042789c6e97cd9c0e034a"><enum>(A)</enum><header>Implementation</header><text>The President may exercise all authorities provided under sections 203 and 205 of the International Emergency Economic Powers Act (<external-xref legal-doc="usc" parsable-cite="usc/50/1702">50 U.S.C. 1702</external-xref> and 1704) to the extent necessary to carry out this section.</text></subparagraph><subparagraph id="id7cb3a4401f3d4bc8a42b80f9735c840c"><enum>(B)</enum><header>Penalties</header><text>A person that violates, attempts to violate, conspires to violate, or causes a violation of subsection (b)(1), or any regulation, license, or order issued to carry out that subsection, shall be subject to the penalties set forth in subsections (b) and (c) of section 206 of the International Emergency Economic Powers Act (<external-xref legal-doc="usc" parsable-cite="usc/50/1705">50 U.S.C. 1705</external-xref>) to the same extent as a person that commits an unlawful act described in subsection (a) of that section.</text></subparagraph></paragraph><paragraph commented="no" id="idec02f313889b4aefaaf55f8b0631cbbc"><enum>(2)</enum><header>National security waiver</header><text>The President may waive the application of sanctions under this section with respect to a person if the President determines and certifies to Congress that such a waiver is in the national security interests of the United States.</text></paragraph><paragraph id="idd924993981804dc8831b68e585138cc8"><enum>(3)</enum><header>Exceptions</header><subparagraph id="id40c41f293085427d91e97b18af7feb82"><enum>(A)</enum><header>Exception for intelligence activities</header><text>Sanctions under this section shall not apply to any activity subject to the reporting requirements under title V of the National Security Act of 1947 (<external-xref legal-doc="usc" parsable-cite="usc/50/3091">50 U.S.C. 3091</external-xref> et seq.) or any authorized intelligence activities of the United States.</text></subparagraph><subparagraph id="id04397af25a7b4645abc1545db922d65e"><enum>(B)</enum><header>Exception to comply with international obligations</header><text>Sanctions under subsection (b)(2) shall not apply with respect to an alien if admitting or paroling the alien into the United States is necessary to permit the United States to comply with the Agreement regarding the Headquarters of the United Nations, signed at Lake Success June 26, 1947, and entered into force November 21, 1947, between the United Nations and the United States, or other applicable international obligations.</text></subparagraph><subparagraph id="id8d17bc9520664dc9a88d126f817df573"><enum>(C)</enum><header>Exception relating to the importation of goods</header><clause id="idaf56c9f2560847cc8b62c2a1b39f5126"><enum>(i)</enum><header>In general</header><text>The authorities and requirements to impose sanctions authorized under this section shall not include the authority or a requirement to impose sanctions on the importation of goods.</text></clause><clause id="id93837aafd8ca4a4c9073a97cdc880209"><enum>(ii)</enum><header>Good defined</header><text>In this subparagraph, the term <term>good</term> means any article, natural or manmade substance, material, supply, or manufactured product, including inspection and test equipment, and excluding technical data. </text></clause></subparagraph></paragraph></subsection><subsection id="id39b3e9941c7e4ca6923f7d180ff430ff"><enum>(d)</enum><header>Definitions</header><text display-inline="yes-display-inline">In this section:</text><paragraph id="id8e723bacbc2147ecb99df784e5b3dbf3"><enum>(1)</enum><header>Admission; admitted; alien</header><text>The terms <term>admission</term>, <term>admitted</term>, and <term>alien</term> have the meanings given those terms in section 101 of the Immigration and Nationality Act (<external-xref legal-doc="usc" parsable-cite="usc/8/1101">8 U.S.C. 1101</external-xref>).</text></paragraph><paragraph id="id439cbd3016d7472c9efd4420f7837585"><enum>(2)</enum><header>United states person</header><text>The term <term>United States person</term> means—</text><subparagraph id="id82c62a7f19ad438396eca22cec78daf0"><enum>(A)</enum><text>an individual who is a United States citizen or an alien lawfully admitted for permanent residence to the United States;</text></subparagraph><subparagraph id="ide1ef5159d58943539ecf19b9dd4df2a0"><enum>(B)</enum><text>an entity organized under the laws of the United States or any jurisdiction within the United States, including a foreign branch of such an entity; or</text></subparagraph><subparagraph commented="no" display-inline="no-display-inline" id="id151b65c4cd484eb78fd23a3f3699adb1"><enum>(C)</enum><text>any person in the United States. </text></subparagraph></paragraph></subsection></section><section id="ida7fc9496f610460098991e0f07162ea7"><enum>3.</enum><header>Report on the assassination of Boris Nemtsov</header><text display-inline="no-display-inline">Not later than 180 days after the date of the enactment of this Act, the Secretary of State, in coordination with the Director of National Intelligence, shall submit to Congress a report detailing the circumstances of the assassination on February 27, 2015, of Russian opposition leader Boris Nemtsov, including—</text><paragraph id="id47dc7cbb75ab43b4a04ce83c5d302607"><enum>(1)</enum><text>a list of the individuals the Secretary determines to have been involved in the assassination as perpetrators or as having organized or directed the assassination;</text></paragraph><paragraph id="id1011348fe31842ae814e7a31fa2b6669"><enum>(2)</enum><text>a description of what measures, if any, have been taken by the Government of the Russian Federation to investigate the assassination and bring the individuals described in paragraph (1) to justice; and</text></paragraph><paragraph id="id8b8b37d8e01d472d999398b78aae3d0e"><enum>(3)</enum><text>an assessment of the effectiveness of those measures. </text></paragraph></section><section id="id0CD3FE57B3BA48E7A0B6A6F42699CCC7"><enum>4.</enum><header>Report on personal wealth of Vladimir Putin and his family members</header><subsection id="id2ECEE8EDC45E4B17B07442DB4BB40C45"><enum>(a)</enum><header>In general</header><text>Not later than 180 days after the date of the enactment of this Act, the President shall submit to Congress a report on the sources and extent of the personal wealth of the President of the Russian Federation, Vladimir Putin, and his family members.</text></subsection><subsection id="id723E62270CE34093A9A075E34A855C94"><enum>(b)</enum><header>Personal wealth</header><text>The report required by subsection (a) shall include an assessment of the assets, investments, bank accounts, other business interests, and relevant beneficial ownership information of Vladimir Putin and his family members.</text></subsection><subsection id="id6FB486DD31D0488E9358C592562E0D59"><enum>(c)</enum><header>Form</header><text>The report required by subsection (a) shall be submitted in unclassified form but may include a classified annex.</text></subsection></section><section id="id0E14B95A41494CC9A1A1C48ECAAFFA77"><enum>5.</enum><header>Diplomatic engagement with Germany with respect to support for Nord Stream 2 pipeline</header><text display-inline="no-display-inline">It is the sense of Congress that the Secretary of State should urge the Government of Germany to withdraw its support for the Nord Stream 2 gas pipeline from the Russian Federation, emphasizing the impropriety of involvement in a project that will support a government that murders its citizens for highlighting corruption and other abuses, while at the same making Europe more reliant on the destabilizing and untrustworthy leadership of the Russian Federation.</text></section><section id="id428B2290295D45839CD7E484EAA9305A"><enum>6.</enum><header>Sense of Congress on imposition of additional sanctions relating to recent use of Novichok in the Russian Federation</header><text display-inline="no-display-inline">It is the sense of Congress that the President should—</text><paragraph id="idE65D090F7D5B47F8A797F1E56B45B386"><enum>(1)</enum><text display-inline="yes-display-inline">make a determination under section 306(a) of the Chemical and Biological Weapons Control and Warfare Elimination Act of 1991 (<external-xref legal-doc="usc" parsable-cite="usc/22/5604">22 U.S.C. 5604(a)</external-xref>) with respect to whether the recent use of Novichok on August 20, 2020, against Russian opposition leader Alexei Navalny by the Government of the Russian Federation constituted the use of chemical or biological weapons in violation of international law or the use of lethal chemical or biological weapons against its own nationals as described in that section; and </text></paragraph><paragraph id="id0E2BFF72D7534D46AFF3FD1F703A56C5"><enum>(2)</enum><text display-inline="yes-display-inline">if the President makes an affirmative determination under paragraph (1), impose the sanctions required by section 307 of that Act (<external-xref legal-doc="usc" parsable-cite="usc/22/5605">22 U.S.C. 5605</external-xref>).</text></paragraph></section><section id="id96466d09585f45aa91c01645567ce22d"><enum>7.</enum><header>Calling for release of Alexei Navalny and other political prisoners from politically motivated detention</header><subsection id="id4335AF3B10C9474F92ADCBB60E46A12B"><enum>(a)</enum><header>Sense of Congress</header><text display-inline="yes-display-inline">It is the sense of Congress that authorities of the Government of the Russian Federation detained opposition leader Alexei Navalny on false charges when he returned to Moscow on January 17, 2021, after receiving treatment for Novichok poisoning in Germany.</text></subsection><subsection id="id79BAB87DCA0A45C991F06516C2BE3DFE"><enum>(b)</enum><header>Calling for release of political prisoners</header><text display-inline="yes-display-inline">Congress calls on the Government of the Russian Federation to immediately release Navalny and all other political prisoners in the Russian Federation currently imprisoned for exercising their fundamental rights. </text></subsection></section></legis-body></bill> 

