<?xml version="1.0"?>
<?xml-stylesheet type="text/xsl" href="billres.xsl"?>
<!DOCTYPE bill PUBLIC "-//US Congress//DTDs/bill.dtd//EN" "bill.dtd">
<bill bill-stage="Introduced-in-Senate" dms-id="A1" public-private="public" slc-id="S1-KEN21004-NLL-TT-TNF"><metadata xmlns:dc="http://purl.org/dc/elements/1.1/">
<dublinCore>
<dc:title>117 S58 IS: West Coast Ocean Protection Act of 2021</dc:title>
<dc:publisher>U.S. Senate</dc:publisher>
<dc:date>2021-01-27</dc:date>
<dc:format>text/xml</dc:format>
<dc:language>EN</dc:language>
<dc:rights>Pursuant to Title 17 Section 105 of the United States Code, this file is not subject to copyright protection and is in the public domain.</dc:rights>
</dublinCore>
</metadata>
<form>
<distribution-code display="yes">II</distribution-code><congress>117th CONGRESS</congress><session>1st Session</session><legis-num>S. 58</legis-num><current-chamber>IN THE SENATE OF THE UNITED STATES</current-chamber><action><action-date date="20210127">January 27, 2021</action-date><action-desc><sponsor name-id="S221">Mrs. Feinstein</sponsor> (for herself, <cosponsor name-id="S413">Mr. Padilla</cosponsor>, <cosponsor name-id="S247">Mr. Wyden</cosponsor>, <cosponsor name-id="S322">Mr. Merkley</cosponsor>, <cosponsor name-id="S229">Mrs. Murray</cosponsor>, <cosponsor name-id="S275">Ms. Cantwell</cosponsor>, <cosponsor name-id="S306">Mr. Menendez</cosponsor>, <cosponsor name-id="S370">Mr. Booker</cosponsor>, <cosponsor name-id="S369">Mr. Markey</cosponsor>, and <cosponsor name-id="S313">Mr. Sanders</cosponsor>) introduced the following bill; which was read twice and referred to the <committee-name committee-id="SSEG00">Committee on Energy and Natural Resources</committee-name></action-desc></action><legis-type>A BILL</legis-type><official-title>To amend the Outer Continental Shelf Lands Act to permanently prohibit the conduct of offshore drilling on the outer Continental Shelf off the coast of California, Oregon, and Washington. </official-title></form><legis-body style="OLC" display-enacting-clause="yes-display-enacting-clause"><section section-type="section-one" id="H9CFCD5337D644579A027E37C072DCB72"><enum>1.</enum><header>Short title</header><text display-inline="no-display-inline">This Act may be cited as the <quote><short-title>West Coast Ocean Protection Act of 2021</short-title></quote>.</text></section><section id="H1B203C2A259A4A148B4CED1168D2CEE0"><enum>2.</enum><header>Prohibition of
			 oil and gas leasing on the outer Continental Shelf off the coast of
			 California,
 Oregon, and Washington</header><text display-inline="no-display-inline">Section 8 of the Outer Continental Shelf Lands Act (<external-xref legal-doc="usc" parsable-cite="usc/43/1337">43 U.S.C. 1337</external-xref>) is amended by adding at the end the following:</text><quoted-block style="OLC" id="HDBDCEE06600741E09946C5FED6EC5D38"><subsection id="HF75AA9D419E8466BB7FD7BB346ED4070"><enum>(q)</enum><header>Prohibition of
				Oil and Gas Leasing in Certain Areas of the Outer Continental
 Shelf</header><text display-inline="yes-display-inline">Notwithstanding any other provision of this section or any other law, the Secretary shall not issue a lease for the exploration, development, or production of oil or natural gas in any area of the outer Continental Shelf off the coast of the State of California, Oregon, or Washington.</text></subsection><after-quoted-block>.</after-quoted-block></quoted-block></section></legis-body></bill>


