<?xml version="1.0"?>
<?xml-stylesheet type="text/xsl" href="billres.xsl"?>
<!DOCTYPE bill PUBLIC "-//US Congress//DTDs/bill.dtd//EN" "bill.dtd">
<bill bill-type="olc" bill-stage="Introduced-in-Senate" dms-id="A1" public-private="public" slc-id="S1-KEN21062-4YS-JS-HKV"><metadata xmlns:dc="http://purl.org/dc/elements/1.1/">
<dublinCore>
<dc:title>117 S76 IS: Protecting Our Wealth of Energy Resources Act of 2021</dc:title>
<dc:publisher>U.S. Senate</dc:publisher>
<dc:date>2021-01-28</dc:date>
<dc:format>text/xml</dc:format>
<dc:language>EN</dc:language>
<dc:rights>Pursuant to Title 17 Section 105 of the United States Code, this file is not subject to copyright protection and is in the public domain.</dc:rights>
</dublinCore>
</metadata>
<form>
<distribution-code display="yes">II</distribution-code><congress>117th CONGRESS</congress><session>1st Session</session><legis-num>S. 76</legis-num><current-chamber>IN THE SENATE OF THE UNITED STATES</current-chamber><action><action-date date="20210128">January 28, 2021</action-date><action-desc><sponsor name-id="S410">Ms. Lummis</sponsor> (for herself, <cosponsor name-id="S317">Mr. Barrasso</cosponsor>, <cosponsor name-id="S396">Mrs. Blackburn</cosponsor>, <cosponsor name-id="S372">Mrs. Capito</cosponsor>, <cosponsor name-id="S373">Mr. Cassidy</cosponsor>, <cosponsor name-id="S374">Mr. Cotton</cosponsor>, <cosponsor name-id="S287">Mr. Cornyn</cosponsor>, <cosponsor name-id="S398">Mr. Cramer</cosponsor>, <cosponsor name-id="S266">Mr. Crapo</cosponsor>, <cosponsor name-id="S355">Mr. Cruz</cosponsor>, <cosponsor name-id="S375">Mr. Daines</cosponsor>, <cosponsor name-id="S344">Mr. Hoeven</cosponsor>, <cosponsor name-id="S395">Mrs. Hyde-Smith</cosponsor>, <cosponsor name-id="S236">Mr. Inhofe</cosponsor>, <cosponsor name-id="S389">Mr. Kennedy</cosponsor>, <cosponsor name-id="S346">Mr. Lee</cosponsor>, <cosponsor name-id="S411">Mr. Marshall</cosponsor>, <cosponsor name-id="S351">Mr. Toomey</cosponsor>, <cosponsor name-id="S412">Mr. Tuberville</cosponsor>, <cosponsor name-id="S323">Mr. Risch</cosponsor>, <cosponsor name-id="S401">Mr. Romney</cosponsor>, <cosponsor name-id="S318">Mr. Wicker</cosponsor>, <cosponsor name-id="S343">Mr. Boozman</cosponsor>, <cosponsor name-id="S345">Mr. Johnson</cosponsor>, <cosponsor name-id="S383">Mr. Sullivan</cosponsor>, <cosponsor name-id="S365">Mr. Scott of South Carolina</cosponsor>, and <cosponsor name-id="S378">Mr. Lankford</cosponsor>) introduced the following bill; which was read twice and referred to the <committee-name committee-id="SSEG00">Committee on Energy and Natural Resources</committee-name></action-desc></action><legis-type>A BILL</legis-type><official-title>To prohibit the President from issuing moratoria on leasing and permitting energy and minerals on certain Federal land, and for other purposes.</official-title></form><legis-body style="OLC" display-enacting-clause="yes-display-enacting-clause" id="H0184EADA50D14F3FAB06BD44E8FC369E"><section section-type="section-one" id="HF4AB6526563F4860941100AAD11D82E7"><enum>1.</enum><header>Short title</header><text display-inline="no-display-inline">This Act may be cited as the <quote><short-title>Protecting Our Wealth of Energy Resources Act of 2021</short-title></quote> or the <quote><short-title>POWER Act of 2021</short-title></quote>.</text></section><section section-type="subsequent-section" id="id5A798020F6E846598B0B1B39AFF16491"><enum>2.</enum><header>Prohibition on moratoria of new energy leases on certain Federal land and on withdrawal of Federal land from energy development</header><subsection id="H9C1A59FD791A4A8CBDF480FDA17DEC28"><enum>(a)</enum><header>Definitions</header><text>In this section:</text><paragraph id="id8F82C30F174A49B09C70C451A14640C8"><enum>(1)</enum><header>Critical mineral</header><text>The term <term>critical mineral</term> means any mineral included on the list of critical minerals published in the notice of the Secretary of the Interior entitled <quote>Final List of Critical Minerals 2018</quote> (83 Fed. Reg. 23295 (May 18, 2018)).</text></paragraph><paragraph id="id5798776E40634924B9473EF296F3B717"><enum>(2)</enum><header>Federal land</header><subparagraph id="id1EDAC408332E44EEA5952CCAA441AFC7"><enum>(A)</enum><header>In general</header><text>The term <term>Federal land</term> means—</text><clause id="id882B2CC96F0440B7BFE3389C15C9CFA4"><enum>(i)</enum><text>National Forest System land;</text></clause><clause id="id1287455E27D946FABB47845D578099DD"><enum>(ii)</enum><text>public lands (as defined in section 103 of the Federal Land Policy and Management Act of 1976 (<external-xref legal-doc="usc" parsable-cite="usc/43/1702">43 U.S.C. 1702</external-xref>)); </text></clause><clause id="id4D65D40D79524455955910504F57D90C"><enum>(iii)</enum><text>the outer Continental Shelf (as defined in section 2 of the Outer Continental Shelf Lands Act (<external-xref legal-doc="usc" parsable-cite="usc/43/1331">43 U.S.C. 1331</external-xref>)); and</text></clause><clause id="idADBF84F51FF843C78954A40D6434228B"><enum>(iv)</enum><text>land managed by the Secretary of Energy. </text></clause></subparagraph><subparagraph id="id31FC7A1CD8054BB48307652D5E4C57D0"><enum>(B)</enum><header>Inclusion</header><text>The term <term>Federal land</term> includes land described in clauses (i) through (iv) of subparagraph (A) for which the rights to the surface estate or subsurface estate are owned by a non-Federal entity.</text></subparagraph></paragraph><paragraph id="id57DA481CA7164C899BE42C1F7F654FFE"><enum>(3)</enum><header>President</header><text>The term <term>President</term> means the President or any designee, including— </text><subparagraph id="id6950B0A6A633429FBB3A73534A98937F"><enum>(A)</enum><text>the Secretary of Agriculture;</text></subparagraph><subparagraph id="id628B70C0F1524E9EAEFF9CC5F842BCE4"><enum>(B)</enum><text>the Secretary of Energy; and</text></subparagraph><subparagraph id="id611B988F25464B52A0C7A1A7FB88FE29" commented="no" display-inline="no-display-inline"><enum>(C)</enum><text>the Secretary of the Interior. </text></subparagraph></paragraph></subsection><subsection id="id9FEF0888113443B48BE3D42B2B205067"><enum>(b)</enum><header>Prohibitions</header><paragraph id="id0AD8BB7CAFCC484AB818E4896CE91811"><enum>(1)</enum><header>In general</header><text display-inline="yes-display-inline">Notwithstanding any other provision of law, the President shall not carry out any action that would prohibit or substantially delay the issuance of any of the following on Federal land, unless such an action has been authorized by an Act of Congress:</text><subparagraph id="id59DC3950F3FF4851897FBDC054E49FB3"><enum>(A)</enum><text display-inline="yes-display-inline">New oil and gas leases, permits, approvals, or authorizations.</text></subparagraph><subparagraph id="id44A7A3D9618B45259829867B52C0436B"><enum>(B)</enum><text display-inline="yes-display-inline">New coal leases, permits, approvals, or authorizations.</text></subparagraph><subparagraph id="id80544FC8F1CF46AD858D9CFD3B9BD7C4"><enum>(C)</enum><text display-inline="yes-display-inline">New hard rock leases, permits, approvals, or authorizations. </text></subparagraph><subparagraph id="idABE4600C29844CBFBABA434CE1174ACA"><enum>(D)</enum><text>New critical minerals leases, permits, approvals, or authorizations.</text></subparagraph></paragraph><paragraph id="idFF05B3402F474F7D84AE366E91ACBD1D"><enum>(2)</enum><header>Prohibition on withdrawal</header><text>Notwithstanding any other provision of law, the President shall not withdraw any Federal land from forms of entry, appropriation, or disposal under the public land laws, location, entry, and patent under the mining laws, or disposition under laws pertaining to mineral and geothermal leasing or mineral materials unless the withdrawal has been authorized by an Act of Congress.</text></paragraph></subsection></section></legis-body></bill>


