<?xml version="1.0"?>
<?xml-stylesheet type="text/xsl" href="billres.xsl"?>
<!DOCTYPE bill PUBLIC "-//US Congress//DTDs/bill.dtd//EN" "bill.dtd">
<bill bill-stage="Introduced-in-Senate" dms-id="A1" public-private="public" slc-id="S1-ARM21034-7WV-7M-TNX"><metadata xmlns:dc="http://purl.org/dc/elements/1.1/">
<dublinCore>
<dc:title>117 S38 IS: To specify the Federal share of the costs of certain duty of the National Guard in connection with the Coronavirus Disease 2019.</dc:title>
<dc:publisher>U.S. Senate</dc:publisher>
<dc:date>2021-01-25</dc:date>
<dc:format>text/xml</dc:format>
<dc:language>EN</dc:language>
<dc:rights>Pursuant to Title 17 Section 105 of the United States Code, this file is not subject to copyright protection and is in the public domain.</dc:rights>
</dublinCore>
</metadata>
<form>
<distribution-code display="yes">II</distribution-code><congress>117th CONGRESS</congress><session>1st Session</session><legis-num>S. 38</legis-num><current-chamber>IN THE SENATE OF THE UNITED STATES</current-chamber><action><action-date date="20210125">January 25, 2021</action-date><action-desc><sponsor name-id="S057">Mr. Leahy</sponsor> (for himself, <cosponsor name-id="S270">Mr. Schumer</cosponsor>, <cosponsor name-id="S253">Mr. Durbin</cosponsor>, <cosponsor name-id="S386">Ms. Duckworth</cosponsor>, <cosponsor name-id="S354">Ms. Baldwin</cosponsor>, <cosponsor name-id="S309">Mr. Casey</cosponsor>, <cosponsor name-id="S390">Mr. Van Hollen</cosponsor>, <cosponsor name-id="S361">Ms. Hirono</cosponsor>, <cosponsor name-id="S314">Mr. Tester</cosponsor>, <cosponsor name-id="S330">Mr. Bennet</cosponsor>, <cosponsor name-id="S221">Mrs. Feinstein</cosponsor>, <cosponsor name-id="S313">Mr. Sanders</cosponsor>, and <cosponsor name-id="S380">Mr. Peters</cosponsor>) introduced the following bill; which was read twice and referred to the <committee-name committee-id="SSAS00">Committee on Armed Services</committee-name></action-desc></action><legis-type>A BILL</legis-type><official-title>To specify the Federal share of the costs of certain duty of the National Guard in connection with the Coronavirus Disease 2019.</official-title></form><legis-body><section id="idC431D655BEA545908858CBF074239B26" section-type="section-one"><enum>1.</enum><header>Federal share of costs of certain duty of members of the National Guard in connection with the Coronavirus Disease 2019</header><subsection id="idC2404483E3714BBAAA278F3BD6F3C98A"><enum>(a)</enum><header>Federal share</header><text display-inline="yes-display-inline">The Federal share of the costs of duty performed by members of the National Guard under section 502(f) of title 32, United States Code, for a mission assignment validated by the Federal Emergency Management Agency (FEMA) pursuant to a declaration specified in subsection (b) shall be 100 percent.</text></subsection><subsection id="idB4C9CBBA8AA9464386FAA7A92F48AD7E"><enum>(b)</enum><header>Declarations</header><text>A declaration specified in this subsection is any declaration as follows:</text><paragraph id="idB924CB1CA0764CFD8D97FFCA3F02D841"><enum>(1)</enum><text>A major disaster declared by the President under section 401 of the Robert T. Stafford Disaster Relief and Emergency Assistance Act (<external-xref legal-doc="usc" parsable-cite="usc/42/5170">42 U.S.C. 5170</external-xref>) with respect to the Coronavirus Disease 2019 (COVID–19).</text></paragraph><paragraph id="id8DC9D809406746C9A319EF3A090384E5"><enum>(2)</enum><text>An emergency declared by the President under section 501 of the Robert T. Stafford Disaster Relief and Emergency Assistance Act (<external-xref legal-doc="usc" parsable-cite="usc/42/5191">42 U.S.C. 5191</external-xref>) with respect to the Coronavirus Disease 2019.</text></paragraph><paragraph id="idC13A9F39326E4C8C9C21DD50997F7B23"><enum>(3)</enum><text>A national emergency declared by the President under the National Emergencies Act (<external-xref legal-doc="usc" parsable-cite="usc/50/1601">50 U.S.C. 1601</external-xref> et seq.) with respect to the Coronavirus Disease 2019.</text></paragraph><paragraph id="id0599E79D72E743D3B147A84EC26CBE77" commented="no" display-inline="no-display-inline"><enum>(4)</enum><text>A public health emergency declared under section 319 of the Public Health Service Act (<external-xref legal-doc="usc" parsable-cite="usc/42/247d">42 U.S.C. 247d</external-xref>) with respect to the Coronavirus Disease 2019. </text></paragraph></subsection></section></legis-body></bill> 

