<?xml version="1.0"?>
<?xml-stylesheet type="text/xsl" href="billres.xsl"?>
<!DOCTYPE bill PUBLIC "-//US Congress//DTDs/bill.dtd//EN" "bill.dtd">
<bill bill-stage="Introduced-in-Senate" dms-id="A1" public-private="public" slc-id="S1-WIL21122-VX8-L1-GTK"><metadata xmlns:dc="http://purl.org/dc/elements/1.1/">
<dublinCore>
<dc:title>117 S345 IS: Maternal Vaccinations Act</dc:title>
<dc:publisher>U.S. Senate</dc:publisher>
<dc:date>2021-02-22</dc:date>
<dc:format>text/xml</dc:format>
<dc:language>EN</dc:language>
<dc:rights>Pursuant to Title 17 Section 105 of the United States Code, this file is not subject to copyright protection and is in the public domain.</dc:rights>
</dublinCore>
</metadata>
<form>
<distribution-code display="yes">II</distribution-code><congress>117th CONGRESS</congress><session>1st Session</session><legis-num>S. 345</legis-num><current-chamber>IN THE SENATE OF THE UNITED STATES</current-chamber><action><action-date date="20210222">February 22, 2021</action-date><action-desc><sponsor name-id="S362">Mr. Kaine</sponsor> introduced the following bill; which was read twice and referred to the <committee-name committee-id="SSHR00">Committee on Health, Education, Labor, and Pensions</committee-name></action-desc></action><legis-type>A BILL</legis-type><official-title>To establish a national campaign to increase maternal vaccination rates.</official-title></form><legis-body><section id="id5691C8B2CB4B437FBFA5A233541E653C" section-type="section-one"><enum>1.</enum><header>Short title</header><text display-inline="no-display-inline">This Act may be cited as the <quote><short-title>Maternal Vaccinations Act</short-title></quote>.</text></section><section id="id5F85439B3A9A445197D67EAA9475C5F1"><enum>2.</enum><header>Maternal vaccination awareness and equity campaign</header><subsection id="HEAB1065F0819494D96EB9A30784BEFD8"><enum>(a)</enum><header>In general</header><text>The Secretary of Health and Human Services (in this section referred to as the <quote>Secretary</quote>), acting through the Director of the Centers for Disease Control and Prevention, shall carry out a national campaign to—</text><paragraph id="HE2D5019DFB374208A01A7EAA71FE8C8E"><enum>(1)</enum><text>increase awareness of the importance of maternal vaccinations for the health of pregnant and postpartum individuals and their children; and</text></paragraph><paragraph id="HD37F15BACA1640788FB8982C124E7306"><enum>(2)</enum><text>increase maternal vaccination rates, with a focus on communities with historically high rates of unvaccinated individuals.</text></paragraph></subsection><subsection id="H77DE272E272B454EBF5D7080DF9C6C17"><enum>(b)</enum><header>Consultation</header><text>In carrying out the campaign under this section, the Secretary shall consult with relevant community-based organizations, health care professional associations and public health associations, State public health departments and local public health departments, Tribal-serving organizations, nonprofit organizations, and nationally recognized private entities.</text></subsection><subsection id="H38EE486F3D274B8CB34220CE52B9ACED"><enum>(c)</enum><header>Activities</header><text>The campaign under this section shall—</text><paragraph id="H26B081AD982240A78B98D2280C4BC4C9"><enum>(1)</enum><text>focus on increasing maternal vaccination rates in communities with historically high rates of unvaccinated individuals, including for pregnant and postpartum individuals from racial and ethnic minority groups;</text></paragraph><paragraph id="HAFE8E2941D524C86A5EA765F6CCA2823"><enum>(2)</enum><text>include efforts to engage with pregnant and postpartum individuals in communities with historically high rates of unvaccinated individuals to seek input on the development and effectiveness of the campaign;</text></paragraph><paragraph id="HB26D33D1A6E24F3EBCFE5FC9798A7729"><enum>(3)</enum><text>provide evidence-based, culturally congruent resources and communications efforts; and</text></paragraph><paragraph id="HB20FC400D82C4FBA975BF1B5CF4E570A"><enum>(4)</enum><text>be carried out in partnership with trusted individuals and entities in communities with historically high rates of unvaccinated individuals, including community-based organizations, community health centers, perinatal health workers, and maternity care providers.</text></paragraph></subsection><subsection id="HA8F943089CA042A39B4CA81CA389A166"><enum>(d)</enum><header>Collaboration</header><text>The Secretary shall ensure that the information and resources developed for the campaign under this section are made publicly available and shared with relevant Federal, State, and local entities.</text></subsection><subsection id="H2A822A22A612482C870CFD71C968594B"><enum>(e)</enum><header>Evaluation</header><text>Not later than the end of fiscal year 2025, the Secretary shall—</text><paragraph id="H841E74C7AF274A2FB1F86482847FAED0"><enum>(1)</enum><text>establish quantitative and qualitative metrics to evaluate the campaign under this section; and</text></paragraph><paragraph id="H7D3B689A0E734B469D055AEBDB2EF875"><enum>(2)</enum><text>submit a report detailing the impact of the campaign under this section to Congress.</text></paragraph></subsection><subsection id="idB1420BCCAD19494FA53B8295F3FE7F55" commented="no"><enum>(f)</enum><header>Definitions</header><text>In this Act:</text><paragraph id="H4FABBDDCA62B4BF0B79C16971FE2B8CA"><enum>(1)</enum><header>Maternity care provider</header><text display-inline="yes-display-inline">The term <term>maternity care provider</term> means a health care provider who—</text><subparagraph id="H88FBF64FBB7B4893BCED76F414003C32"><enum>(A)</enum><text>is a physician, physician assistant, midwife who meets at a minimum the international definition of the midwife and global standards for midwifery education as established by the International Confederation of Midwives, nurse practitioner, or clinical nurse specialist; and</text></subparagraph><subparagraph id="idBE617F5512394D2D81167424F4B467F2"><enum>(B)</enum><text>has a focus on maternal or perinatal health.</text></subparagraph></paragraph><paragraph id="idB71F479AB3D14CEDAD7414313A775145"><enum>(2)</enum><header>Perinatal health worker</header><text display-inline="yes-display-inline">The term <term>perinatal health worker</term> means a doula, community health worker, peer supporter, breastfeeding and lactation educator or counselor, nutritionist or dietitian, childbirth educator, social worker, home visitor, language interpreter, or navigator.</text></paragraph></subsection><subsection id="HB5679C729F7F473BA103E9F1DDC3C28A"><enum>(g)</enum><header>Authorization of appropriations</header><text>To carry out this section, there is authorized to be appropriated $2,000,000 for each of fiscal years 2022 through 2026. </text></subsection></section></legis-body></bill> 

