<?xml version="1.0"?>
<?xml-stylesheet type="text/xsl" href="billres.xsl"?>
<!DOCTYPE bill PUBLIC "-//US Congress//DTDs/bill.dtd//EN" "bill.dtd">
<bill bill-stage="Introduced-in-Senate" dms-id="A1" public-private="public" slc-id="S1-EHF21175-1KW-53-802"><metadata xmlns:dc="http://purl.org/dc/elements/1.1/">
<dublinCore>
<dc:title>117 S419 IS: Continuity for Operators with Necessary Training Required for ATC Contract Towers Act of 2021</dc:title>
<dc:publisher>U.S. Senate</dc:publisher>
<dc:date>2021-02-24</dc:date>
<dc:format>text/xml</dc:format>
<dc:language>EN</dc:language>
<dc:rights>Pursuant to Title 17 Section 105 of the United States Code, this file is not subject to copyright protection and is in the public domain.</dc:rights>
</dublinCore>
</metadata>
<form>
<distribution-code display="yes">II</distribution-code><congress>117th CONGRESS</congress><session>1st Session</session><legis-num>S. 419</legis-num><current-chamber>IN THE SENATE OF THE UNITED STATES</current-chamber><action><action-date date="20210224">February 24, 2021</action-date><action-desc><sponsor name-id="S236">Mr. Inhofe</sponsor> (for himself, <cosponsor name-id="S229">Mrs. Murray</cosponsor>, <cosponsor name-id="S347">Mr. Moran</cosponsor>, <cosponsor name-id="S354">Ms. Baldwin</cosponsor>, <cosponsor name-id="S330">Mr. Bennet</cosponsor>, <cosponsor name-id="S396">Mrs. Blackburn</cosponsor>, <cosponsor name-id="S341">Mr. Blumenthal</cosponsor>, <cosponsor name-id="S343">Mr. Boozman</cosponsor>, <cosponsor name-id="S307">Mr. Brown</cosponsor>, <cosponsor name-id="S372">Mrs. Capito</cosponsor>, <cosponsor name-id="S308">Mr. Cardin</cosponsor>, <cosponsor name-id="S373">Mr. Cassidy</cosponsor>, <cosponsor name-id="S287">Mr. Cornyn</cosponsor>, <cosponsor name-id="S374">Mr. Cotton</cosponsor>, <cosponsor name-id="S398">Mr. Cramer</cosponsor>, <cosponsor name-id="S266">Mr. Crapo</cosponsor>, <cosponsor name-id="S375">Mr. Daines</cosponsor>, <cosponsor name-id="S386">Ms. Duckworth</cosponsor>, <cosponsor name-id="S376">Ms. Ernst</cosponsor>, <cosponsor name-id="S357">Mrs. Fischer</cosponsor>, <cosponsor name-id="S153">Mr. Grassley</cosponsor>, <cosponsor name-id="S388">Ms. Hassan</cosponsor>, <cosponsor name-id="S344">Mr. Hoeven</cosponsor>, <cosponsor name-id="S395">Mrs. Hyde-Smith</cosponsor>, <cosponsor name-id="S362">Mr. Kaine</cosponsor>, <cosponsor name-id="S389">Mr. Kennedy</cosponsor>, <cosponsor name-id="S311">Ms. Klobuchar</cosponsor>, <cosponsor name-id="S338">Mr. Manchin</cosponsor>, <cosponsor name-id="S369">Mr. Markey</cosponsor>, <cosponsor name-id="S411">Mr. Marshall</cosponsor>, <cosponsor name-id="S322">Mr. Merkley</cosponsor>, <cosponsor name-id="S323">Mr. Risch</cosponsor>, <cosponsor name-id="S402">Ms. Rosen</cosponsor>, <cosponsor name-id="S350">Mr. Rubio</cosponsor>, <cosponsor name-id="S403">Ms. Sinema</cosponsor>, <cosponsor name-id="S314">Mr. Tester</cosponsor>, <cosponsor name-id="S303">Mr. Thune</cosponsor>, <cosponsor name-id="S384">Mr. Tillis</cosponsor>, <cosponsor name-id="S390">Mr. Van Hollen</cosponsor>, <cosponsor name-id="S366">Ms. Warren</cosponsor>, <cosponsor name-id="S318">Mr. Wicker</cosponsor>, <cosponsor name-id="S247">Mr. Wyden</cosponsor>, and <cosponsor name-id="S378">Mr. Lankford</cosponsor>) introduced the following bill; which was read twice and referred to the <committee-name committee-id="SSGA00">Committee on Homeland Security and Governmental Affairs</committee-name></action-desc></action><legis-type>A BILL</legis-type><official-title>To amend title 5, United States Code, to provide for a full annuity supplement for certain air traffic controllers.</official-title></form><legis-body display-enacting-clause="yes-display-enacting-clause"><section section-type="section-one" id="S1"><enum>1.</enum><header>Short title</header><text display-inline="no-display-inline">This Act may be cited as the <quote><short-title>Continuity for Operators with Necessary Training Required for ATC Contract Towers Act of 2021</short-title></quote> or the <quote><short-title>CONTRACT Act of 2021</short-title></quote>.</text></section><section id="id965439EDAA774917972E01FA5A9E947F"><enum>2.</enum><header>Annuity supplement</header><text display-inline="no-display-inline">Section 8421a(c) of title 5, United States Code, is amended—</text><paragraph id="id8D5F6801348347A79CE36E6DA6BD184C"><enum>(1)</enum><text>by striking <quote>as an air traffic</quote> and inserting the following: “as an—</text><quoted-block style="OLC" act-name="" id="id03B30D78CC63417BA9DAF3FCC9CD8B89"><paragraph id="id4F368B83EB6E4907A48172264ED5BB2D"><enum>(1)</enum><text>air traffic</text></paragraph><after-quoted-block>; </after-quoted-block></quoted-block></paragraph><paragraph id="id8F86CD34FA9D42CCA37313F9A9EA559A"><enum>(2)</enum><text>in paragraph (1), as so designated, by striking the period at the end and inserting <quote>; or</quote>; and</text></paragraph><paragraph id="idAB7C56797D164BC0BB59C1C65A2AFE47"><enum>(3)</enum><text>by adding at the end the following:</text><quoted-block style="OLC" act-name="" id="id2BC00CA334904E73BCF9E8271388FB4E"><paragraph id="idFB1F29B799AA4E77BF689CDA7B0813D4"><enum>(2)</enum><text>air traffic controller pursuant to a contract made with the Secretary of Transportation under section 47124 of title 49.</text></paragraph><after-quoted-block>.</after-quoted-block></quoted-block></paragraph></section></legis-body></bill>


