<?xml version="1.0"?>
<?xml-stylesheet type="text/xsl" href="billres.xsl"?>
<!DOCTYPE bill PUBLIC "-//US Congress//DTDs/bill.dtd//EN" "bill.dtd">
<bill bill-stage="Introduced-in-Senate" dms-id="A1" public-private="public" slc-id="S1-TAM21106-30D-R3-563"><metadata xmlns:dc="http://purl.org/dc/elements/1.1/">
<dublinCore>
<dc:title>117 S56 IS: Alzheimer's Caregiver Support Act</dc:title>
<dc:publisher>U.S. Senate</dc:publisher>
<dc:date>2021-01-27</dc:date>
<dc:format>text/xml</dc:format>
<dc:language>EN</dc:language>
<dc:rights>Pursuant to Title 17 Section 105 of the United States Code, this file is not subject to copyright protection and is in the public domain.</dc:rights>
</dublinCore>
</metadata>
<form>
<distribution-code display="yes">II</distribution-code><congress>117th CONGRESS</congress><session>1st Session</session><legis-num>S. 56</legis-num><current-chamber>IN THE SENATE OF THE UNITED STATES</current-chamber><action><action-date date="20210127">January 27, 2021</action-date><action-desc><sponsor name-id="S311">Ms. Klobuchar</sponsor> (for herself and <cosponsor name-id="S252">Ms. Collins</cosponsor>) introduced the following bill; which was read twice and referred to the <committee-name committee-id="SSHR00">Committee on Health, Education, Labor, and Pensions</committee-name></action-desc></action><legis-type>A BILL</legis-type><official-title>To amend the Public Health Service Act to authorize grants for training and support services for families and caregivers of people living with Alzheimer's disease or a related dementia.</official-title></form><legis-body display-enacting-clause="yes-display-enacting-clause"><section section-type="section-one" id="S1"><enum>1.</enum><header>Short title</header><text display-inline="no-display-inline">This Act may be cited as the <quote><short-title>Alzheimer's Caregiver Support Act</short-title></quote>.</text></section><section id="id6ec12003d7954075a13f0b24070f8fb6"><enum>2.</enum><header>Grants for training and support services for families and caregivers of people living with
 Alzheimer's disease or a related dementia</header><text display-inline="no-display-inline">Subpart I of part D of title III of the Public Health Service Act (<external-xref legal-doc="usc" parsable-cite="usc/42/254b">42 U.S.C. 254b</external-xref> et seq.) is amended by adding at the end the following:</text><quoted-block style="OLC" display-inline="no-display-inline" id="idb0f40da9e7d54bb7b1c349dffcc43b1d"><section id="id29538c281d6e494ea495c734b389a095"><enum>330O.</enum><header>Grants for training and support services for families and caregivers of people living with
 Alzheimer's disease or a related dementia</header><subsection id="idd47d59ac53d8471c9cdd9c1790bbd951"><enum>(a)</enum><header>Definitions</header><text>In this section:</text><paragraph id="id98604F254653455DB3FD1CAFA07C0C33"><enum>(1)</enum><header>Area agency on aging</header><text>The term <term>area agency on aging</term> has the meaning given the term in section 102 of the Older Americans Act of 1965.</text></paragraph><paragraph id="id3AC4BA24A2B04808BE235302763637DC"><enum>(2)</enum><header>Medically underserved community</header><text>The term <term>medically underserved community</term> has the meaning given the term in section 799B.</text></paragraph></subsection><subsection id="idFC9A42C07F784399A1D80E9BD26CA778"><enum>(b)</enum><header>Grants</header><text>The Secretary may award grants to public or nonprofit private health care providers described in subsection (c) for the purpose of expanding training and support services for families and caregivers of people living with Alzheimer's disease or a related dementia if such health care providers—</text><paragraph id="idF9013F8156F240B2A8C53787281288EF"><enum>(1)</enum><text>meet the conditions for receiving grants under subsection (d); and</text></paragraph><paragraph id="id0410FCA8B75F413E9CF5C689487BCF31"><enum>(2)</enum><text>submit an application to the Secretary in such form, in such manner, and containing such agreements, assurances, and information as the Secretary may reasonably require.</text></paragraph></subsection><subsection id="id5f853cb5266f4cb2ac916c582c3ef4fa"><enum>(c)</enum><header>Recipients of grants</header><text>The public or nonprofit private health care providers described in this subsection shall include—</text><paragraph id="id04F7A49B320843B780869E5FBFF992A0"><enum>(1)</enum><text>health care organizations;</text></paragraph><paragraph id="idE9B3823F82FC4DC080C034DCE80E6BAE"><enum>(2)</enum><text>community health centers;</text></paragraph><paragraph id="id4708AFD5A5274D8CB49A9438705F1219"><enum>(3)</enum><text>nursing homes;</text></paragraph><paragraph id="id963230DAEF294E7689C6A91C2F8B91D7"><enum>(4)</enum><text>senior centers;</text></paragraph><paragraph id="idAFB0433C05034DD9ACBD03CCC127F863"><enum>(5)</enum><text>area agencies on aging;</text></paragraph><paragraph id="id4B20694A65C14A099FC9B26093DCA32D"><enum>(6)</enum><text>community-based organizations;</text></paragraph><paragraph id="id8D2F141DD8534CD2ABBCD9C29CE6E108"><enum>(7)</enum><text>organizations providing support services for families and caregivers of patients with younger-onset Alzheimer's disease or a related dementia; and</text></paragraph><paragraph id="id872E94352A1C40AB8D473D3E38E1D48D"><enum>(8)</enum><text>State, local, and tribal public health agencies and social service agencies.</text></paragraph></subsection><subsection id="idfd88f34a670e481bb4ee0aed1b7b4758"><enum>(d)</enum><header>Conditions for receiving grants</header><text>To be eligible to receive a grant awarded under subsection (b), a public or nonprofit health care provider described in subsection (c) shall agree—</text><paragraph id="id463B97E6014543AD9AFF7BC09994198C"><enum>(1)</enum><text>to employ a comprehensive approach to caring for patients with Alzheimer's disease or a related dementia that integrates treatment of such patients with training and support services for the families and caregivers of such patients;</text></paragraph><paragraph id="id8F70FF5FC76346349F665B32C4A16AA7"><enum>(2)</enum><text>in any program to be funded by a grant awarded under subsection (b), that services will be provided in the languages most appropriate for, and with consideration for the cultural backgrounds of, the individuals for whom the services are provided; and</text></paragraph><paragraph id="idDDD0BC86DD864C6AA5FF6CBD041C75A3"><enum>(3)</enum><text>to provide outreach activities to inform the public of the services of the program, and to provide information on Alzheimer's disease and related dementias to the public.</text></paragraph></subsection><subsection id="id9c078188e19f49adbfa2498f5020ecb7"><enum>(e)</enum><header>Coordination</header><text>The Secretary shall coordinate with the Director of the Office on Women's Health and the Director of the Office of Minority Health in order to ensure that women, minorities, and patients who live in medically underserved communities are able to benefit from the training and support services funded through grants awarded under subsection (b).</text></subsection><subsection id="id33e3067894474136a7eeebae4aeca7c9"><enum>(f)</enum><header>Funding</header><paragraph id="id8ac5483823794ccca1995990a3a31a05"><enum>(1)</enum><header>Authorization of appropriations</header><text>For the purpose of carrying out this section, there are authorized to be appropriated such sums as may be necessary for each of fiscal years 2021 through 2025.</text></paragraph><paragraph id="id8cc8bdae312e412f84b23a18e3ac79cb"><enum>(2)</enum><header>Allocation for medically underserved communities</header><text>Of the amounts appropriated under paragraph (1) for a fiscal year, the Secretary shall make available not less than 10 percent for grants awarded under subsection (b) to public or nonprofit private health care providers that primarily serve medically underserved communities and meet the requirements under this section.</text></paragraph></subsection></section><after-quoted-block>.</after-quoted-block></quoted-block></section></legis-body></bill>


