<?xml version="1.0"?>
<?xml-stylesheet type="text/xsl" href="billres.xsl"?>
<!DOCTYPE bill PUBLIC "-//US Congress//DTDs/bill.dtd//EN" "bill.dtd">
<bill bill-stage="Introduced-in-Senate" dms-id="A1" public-private="public" slc-id="S1-ROS21235-XYF-4J-76R"><metadata xmlns:dc="http://purl.org/dc/elements/1.1/">
<dublinCore>
<dc:title>117 S343 IS: Fly Safe Canine COVID Detection Act of 2021</dc:title>
<dc:publisher>U.S. Senate</dc:publisher>
<dc:date>2021-02-22</dc:date>
<dc:format>text/xml</dc:format>
<dc:language>EN</dc:language>
<dc:rights>Pursuant to Title 17 Section 105 of the United States Code, this file is not subject to copyright protection and is in the public domain.</dc:rights>
</dublinCore>
</metadata>
<form>
<distribution-code display="yes">II</distribution-code><congress>117th CONGRESS</congress><session>1st Session</session><legis-num>S. 343</legis-num><current-chamber>IN THE SENATE OF THE UNITED STATES</current-chamber><action><action-date date="20210222">February 22, 2021</action-date><action-desc><sponsor name-id="S404">Mr. Scott of Florida</sponsor> (for himself and <cosponsor name-id="S403">Ms. Sinema</cosponsor>) introduced the following bill; which was read twice and referred to the <committee-name committee-id="SSCM00">Committee on Commerce, Science, and Transportation</committee-name></action-desc></action><legis-type>A BILL</legis-type><official-title>To require the Transportation Security Administration to conduct a feasibility study on the use of canine units for COVID–19 detection at airports.</official-title></form><legis-body display-enacting-clause="yes-display-enacting-clause"><section section-type="section-one" id="S1"><enum>1.</enum><header>Short title</header><text display-inline="no-display-inline">This Act may be cited as the <quote><short-title>Fly Safe Canine COVID Detection Act of 2021</short-title></quote>.</text></section><section id="id22dbfe08bf1d495bbdefa995093d5fe4"><enum>2.</enum><header>Feasibility study on use of canine units to detect COVID–19 at airports</header><subsection id="id31281fb4c00c4322a6ea3ec6d814a70a"><enum>(a)</enum><header>In general</header><text>The Administrator of the Transportation Security Administration (in this section referred to as the <quote>Administrator</quote>), in consultation with the Secretary of Transportation, the Secretary of Homeland Security, the Secretary of Health and Human Services, and the Director of the Centers for Disease Control and Prevention, shall conduct a study to assess—</text><paragraph id="id9D7061078BD34E4F9D82588D73F9F49F"><enum>(1)</enum><text>the feasibility of using canines to detect the presence of SARS–CoV–2, the virus that causes the coronavirus disease 2019 (commonly known as <quote>COVID–19</quote>), in individuals infected with the virus; </text></paragraph><paragraph id="id678B728B0DB24416B757B917453E71CB"><enum>(2)</enum><text>if using canines to detect the presence of SARS–CoV–2 is feasible, whether canine units could be used at airports to screen passengers, individuals accompanying passengers, crew members, and other individuals who pass through airports and airport security screening locations for SARS–CoV–2 infection; and</text></paragraph><paragraph id="idab90d30f8e1549aba88c6a172ed3c81f"><enum>(3)</enum><text>if using canine units to conduct screening described in paragraph (2) is feasible, how such screening would be implemented and what metrics would be used to monitor the efficacy of the screening. </text></paragraph></subsection><subsection id="idb3cb93d7fec54bf2a129571fe864bfe9"><enum>(b)</enum><header>Assessment of efficacy</header><paragraph id="id73D68E6900BF40DBB1DDC4472E0E6FBC"><enum>(1)</enum><header>In general</header><text>In conducting the study required by subsection (a), the Administrator shall conduct a comprehensive review and analysis of SARS–CoV–2 detection solutions to determine the efficacy of canines to detect SARS–CoV–2 in individuals. </text></paragraph><paragraph id="id03EFB45E5F82462C96BDC1252BAF43D2"><enum>(2)</enum><header>Use of review</header><text>The Administrator shall use the results of the review and analysis required by paragraph (1) to determine the biological detection capabilities of canines and to inform the operational factors and considerations necessary for the deployment of canine units at airports to detect SARS–CoV–2. </text></paragraph></subsection><subsection id="id500A2AA1228E436C8E3999BEFDB4CF8B"><enum>(c)</enum><header>Additional elements</header><text>In conducting the assessments required by subsections (a) and (b), the Administrator shall assess the following:</text><paragraph id="idc48a4a8d79da4c7782edcb11ab5efaab"><enum>(1)</enum><text>The probability of canines responding to the presence of SARS–CoV–2.</text></paragraph><paragraph id="ida06a774d91fa487a9ccb3e36d1ac4021"><enum>(2)</enum><text>The specificity of response by canines to SARS–CoV–2 compared to their response to a pool of similar viruses and controls.</text></paragraph><paragraph id="idf670451e790a43c0bee1ebae1d97688c"><enum>(3)</enum><text>How close canine units must be to individuals to detect SARS–CoV–2 at a high sensitivity and specificity.</text></paragraph><paragraph id="ided05bfbf8ede4bf7b21edc2d73fa9165"><enum>(4)</enum><text>The effectiveness of canine units in detecting SARS–CoV–2 in symptomatic carriers compared to asymptomatic carriers.</text></paragraph><paragraph id="id80c622db25ec42f19d83e356f1c189c5"><enum>(5)</enum><text>Other valid measures to determine the efficacy of using canine units to screen for SARS–CoV–2 at airports, such as the accuracy of detection and the risks of false positives and false negatives.</text></paragraph><paragraph commented="no" display-inline="no-display-inline" id="idfc61685ea8d84967b6d203ff5b54b52e"><enum>(6)</enum><text>Identification of training and policy gaps that are critical to be addressed before implementing a program to use canine units at airports to screen passengers, individuals accompanying passengers, crew members, and other individuals who pass through airports and airport security screening locations, for infection with SARS–CoV–2. </text></paragraph></subsection><subsection id="idCD1160AC9728449FBEA02BB58933AF76"><enum>(d)</enum><header>Considerations</header><text>In conducting the study required by subsection (a), the Administrator shall consider the following:</text><paragraph id="id0e05512b483d4f13a52f634f2175ec78"><enum>(1)</enum><text>Opportunities to leverage established, preexisting scientific information regarding detection of SARS–CoV–2 by canines.</text></paragraph><paragraph id="id6a37cb9b6e574846a63e99f5bf66a59c"><enum>(2)</enum><text>Established programs in foreign countries related to detection of SARS–CoV–2 by canine units.</text></paragraph><paragraph id="idf327d82db5824fae872e4d27e5300b22"><enum>(3)</enum><text>Detection approaches and solutions related to the optimization of detection of SARS–CoV–2 by canines.</text></paragraph><paragraph id="idee8e81332a25420f986e91e589ac6082"><enum>(4)</enum><text>Private industry approaches aimed to facilitate detection of SARS–CoV–2 using canine units.</text></paragraph></subsection><subsection id="id27e9fc45c78e4eb498cf451ef2f528a1"><enum>(e)</enum><header>Third-Party validation and verification</header><text>The Administrator shall ensure that any screening solutions developed pursuant to the study required by subsection (a) undergo validation and ver­i­fi­ca­tion analysis by a third party with appropriate expertise to ensure accuracy of data obtained from the study.</text></subsection><subsection id="id8B4E1F108D1D433EBCBEA231981AC9A7"><enum>(f)</enum><header>Report required</header><text>Not later than 120 days after the date of the enactment of this Act, the Administrator shall submit to Congress a report—</text><paragraph id="id8CDEBDF7873443E0A852ADCB70F41FB9"><enum>(1)</enum><text>setting forth the results of the study required by subsection (a), including the assessments required by subsections (b) and (c); and </text></paragraph><paragraph id="idC76D022F79CB468CB70AC874332E19A5"><enum>(2)</enum><text>making a recommendation with respect to whether to proceed with implementing a program to use canine units at airports to screen passengers, individuals accompanying passengers, crew members, and other individuals who pass through airports and airport security screening locations, for infection with SARS–CoV–2.</text></paragraph></subsection></section></legis-body></bill> 

