<?xml version="1.0"?>
<?xml-stylesheet type="text/xsl" href="billres.xsl"?>
<!DOCTYPE bill PUBLIC "-//US Congress//DTDs/bill.dtd//EN" "bill.dtd">
<bill bill-stage="Introduced-in-Senate" dms-id="A1" public-private="public" slc-id="S1-SIL21096-5MH-FL-8YN">
<metadata xmlns:dc="http://purl.org/dc/elements/1.1/">
<dublinCore>
<dc:title>117 S254 IS: To establish a Homeowner Assistance Fund at the Department of the Treasury.</dc:title>
<dc:publisher>U.S. Senate</dc:publisher>
<dc:date>2021-02-04</dc:date>
<dc:format>text/xml</dc:format>
<dc:language>EN</dc:language>
<dc:rights>Pursuant to Title 17 Section 105 of the United States Code, this file is not subject to copyright protection and is in the public domain.</dc:rights>
</dublinCore>
</metadata>
<form>
<distribution-code display="yes">II</distribution-code>
<congress>117th CONGRESS</congress><session>1st Session</session>
<legis-num>S. 254</legis-num>
<current-chamber>IN THE SENATE OF THE UNITED STATES</current-chamber>
<action>
<action-date date="20210204">February 4, 2021</action-date>
<action-desc><sponsor name-id="S259">Mr. Reed</sponsor> (for himself, <cosponsor name-id="S307">Mr. Brown</cosponsor>, <cosponsor name-id="S057">Mr. Leahy</cosponsor>, <cosponsor name-id="S306">Mr. Menendez</cosponsor>, <cosponsor name-id="S366">Ms. Warren</cosponsor>, <cosponsor name-id="S390">Mr. Van Hollen</cosponsor>, <cosponsor name-id="S385">Ms. Cortez Masto</cosponsor>, <cosponsor name-id="S403">Ms. Sinema</cosponsor>, <cosponsor name-id="S229">Mrs. Murray</cosponsor>, <cosponsor name-id="S247">Mr. Wyden</cosponsor>, <cosponsor name-id="S253">Mr. Durbin</cosponsor>, <cosponsor name-id="S277">Mr. Carper</cosponsor>, <cosponsor name-id="S313">Mr. Sanders</cosponsor>, <cosponsor name-id="S309">Mr. Casey</cosponsor>, <cosponsor name-id="S311">Ms. Klobuchar</cosponsor>, <cosponsor name-id="S316">Mr. Whitehouse</cosponsor>, <cosponsor name-id="S322">Mr. Merkley</cosponsor>, <cosponsor name-id="S331">Mrs. Gillibrand</cosponsor>, <cosponsor name-id="S341">Mr. Blumenthal</cosponsor>, <cosponsor name-id="S354">Ms. Baldwin</cosponsor>, <cosponsor name-id="S362">Mr. Kaine</cosponsor>, <cosponsor name-id="S386">Ms. Duckworth</cosponsor>, <cosponsor name-id="S308">Mr. Cardin</cosponsor>, <cosponsor name-id="S370">Mr. Booker</cosponsor>, <cosponsor name-id="S314">Mr. Tester</cosponsor>, <cosponsor name-id="S414">Mr. Ossoff</cosponsor>, <cosponsor name-id="S394">Ms. Smith</cosponsor>, <cosponsor name-id="S324">Mrs. Shaheen</cosponsor>, <cosponsor name-id="S361">Ms. Hirono</cosponsor>, <cosponsor name-id="S353">Mr. Schatz</cosponsor>, and <cosponsor name-id="S327">Mr. Warner</cosponsor>) introduced the following bill; which was read twice and referred to the <committee-name committee-id="SSBK00">Committee on Banking, Housing, and Urban Affairs</committee-name></action-desc>
</action>
<legis-type>A BILL</legis-type>
<official-title>To establish a Homeowner Assistance Fund at the Department of the Treasury.</official-title>
</form>
<legis-body display-enacting-clause="yes-display-enacting-clause" id="H8129CF34A77E481199127E0D1C7BBF67">
<section section-type="section-one" id="id21e180124d3f4d09acd401b5665d9e48"><enum>1.</enum><header>Homeowner Assistance Fund</header>
<subsection id="id7013e7c92dcd47b8b212fccf72dba920"><enum>(a)</enum><header>Definitions</header><text>In this section:</text> <paragraph id="id72e918fdedf74a408a4964e8a82ccedc"><enum>(1)</enum><header>Conforming loan limit</header><text>The term <term>conforming loan limit</term> means the applicable limitation governing the maximum original principal obligation for a mortgage secured by a single-family residence, a mortgage secured by a 2-family residence, a mortgage secured by a 3-family residence, or a mortgage secured by a 4-family residence, as determined and adjusted annually under section 302(b)(2) of the Federal National Mortgage Association Charter Act (<external-xref legal-doc="usc" parsable-cite="usc/12/1717">12 U.S.C. 1717(b)(2)</external-xref>) and section 305(a)(2) of the Federal Home Loan Mortgage Corporation Act (<external-xref legal-doc="usc" parsable-cite="usc/12/1454">12 U.S.C. 1454(a)(2)</external-xref>).</text></paragraph>
<paragraph id="ide2ceca0a4f9b4443b2d98698422ac199"><enum>(2)</enum><header>Eligible household</header><text>The term <term>eligible household</term> means a household whose income does not exceed 150 percent of the area median income for their household size, as determined by the Secretary of Housing and Urban Development.</text></paragraph> <paragraph id="id59c590d934984f078b6764342d07d7da"><enum>(3)</enum><header>Mortgage</header><text>The term <term>mortgage</term> means a mortgage—</text>
<subparagraph id="id428f66e2a6ac44e0a9df1a9991368332"><enum>(A)</enum><text>that is secured by the principal residence of a borrower; and</text></subparagraph> <subparagraph id="idc6fe970a367944c4988487ad28f64700"><enum>(B)</enum><text>the unpaid principal balance of which was, at the time of origination, not more than the conforming loan limit.</text></subparagraph></paragraph>
<paragraph id="idc08099d8ae244baf83fa3102f81d8260"><enum>(4)</enum><header>Secretary</header><text>The term <term>Secretary</term> means the Secretary of the Treasury.</text></paragraph> <paragraph id="id3e91e134d7fe48808378611e024c9da2"><enum>(5)</enum><header>State</header><text>The term <term>State</term> means any State of the United States, the District of Columbia, any territory of the United States, the Commonwealth of Puerto Rico, Guam, American Samoa, the Virgin Islands, and the Northern Mariana Islands.</text></paragraph></subsection>
<subsection id="id0bf5742f45674dc39c5db5e70d9261e1"><enum>(b)</enum><header>Establishment of fund</header><text>There is established at the Department of the Treasury a Homeowner Assistance Fund to provide such funds as are appropriated in subsection (f) to State housing finance agencies and any entity named under subsection (j) for the purpose of preventing homeowner mortgage defaults, foreclosures, and displacements of individuals and families experiencing financial hardship after January 21, 2020.</text></subsection> <subsection id="id5a37826ecff64d9998475976eefac90a"><enum>(c)</enum><header>Allocation of funds</header> <paragraph id="id839606f8e2a64f77888928442470d1b6"><enum>(1)</enum><header>In general</header><text>The Secretary shall establish such criteria as are necessary to allocate the funds available within the Homeowner Assistance Fund to each State. The Secretary shall allocate such funds among all States taking into consideration the number of unemployment claims within a State relative to the nation-wide number of unemployment claims.</text></paragraph>
<paragraph id="id8b7a8d7da52943a99ed0cf7bf9fcc006"><enum>(2)</enum><header>Small state minimum</header>
<subparagraph id="id2F7E2DFAF4074627AAAF1BE3F84270F5"><enum>(A)</enum><header>In general</header><text>Each State of the United States, the District of Columbia, and the Commonwealth of Puerto Rico shall receive no less than $250,000,000 for the purposes established in subsection (b).</text></subparagraph> <subparagraph id="id579F6B0438284747A4BB51E928E7DCCC"><enum>(B)</enum><header>Pro rata adjustments</header><text>The Secretary shall adjust on a pro rata basis the amount of the payments for each State of the United States, the District of Columbia, and the Commonwealth of Puerto Rico under this subsection without regard to this subparagraph to the extent necessary to comply with the requirements of subparagraph (A).</text></subparagraph></paragraph>
<paragraph id="id289bd96cde314ec4b263b45e81a0b89d"><enum>(3)</enum><header>Territory set-aside</header><text>Notwithstanding any other provision of this section, of the amounts appropriated under subsection (f), the Secretary shall reserve $200,000,000 to be disbursed to Guam, American Samoa, the Virgin Islands, and the Northern Mariana Islands based on each such territory’s share of the combined total population of all such territories, as determined by the Secretary. For the purposes of this paragraph, population shall be determined based on the most recent year for which data are available from the United States Census Bureau. </text></paragraph> <paragraph id="id2e085fde5e564426b5a0be2675eebf15"><enum>(4)</enum><header>Tribal set-aside</header><text>The Secretary shall allocate funds to an entity designated under subsection (j) pursuant to the requirements of that subsection.</text></paragraph></subsection>
<subsection id="idc019ced0b0f04f9a9150cef98bd12ef5"><enum>(d)</enum><header>Disbursement of funds</header>
<paragraph id="id0b9309cecf9b4d09ba3deeedb9a45a66"><enum>(1)</enum><header>Initial disbursement</header><text>The Secretary shall disburse to the State housing finance agencies and entities designated under subsection (j) not less than <fraction>1/2</fraction> of the amount made available pursuant to this section, and in accordance with the allocations established under subsections (c) and (j), not later than 120 days after the date of enactment of this Act. The Secretary or designee shall enter into a contract with each State housing finance agency and each entity designated under subsection (j), which may be amended from time to time, establishing the terms of the use of such funds, in accordance with subsection (e), prior to the disbursement of such funds.</text></paragraph> <paragraph id="idc7456ce678c14460bffe26627bdd80b9"><enum>(2)</enum><header>Second disbursement</header><text>The Secretary shall disburse all funds made available pursuant to this section, and in accordance with the allocations established under subsections (c) and (j), not later than 180 days after the date of enactment of this Act.</text></paragraph></subsection>
<subsection id="ide280ab55609d414aab4bdf6652a34667"><enum>(e)</enum><header>Permissible uses of fund</header>
<paragraph id="ide4dae3e955d1492db76176c729b66e6e"><enum>(1)</enum><header>In general</header><text>Funds made available to State housing finance agencies and designated entities under subsection (j) pursuant to this section may be used to assist eligible households for the purposes established under subsection (b), which may include—</text> <subparagraph id="idc4ceb53ea38e4c72b614ae95b2982e5f"><enum>(A)</enum><text>mortgage payment assistance;</text></subparagraph>
<subparagraph id="id6a109f15e2944fd9bc8cc1d6f2e5d0e5"><enum>(B)</enum><text>financial assistance to allow a borrower to reinstate their mortgage following a period of forbearance;</text></subparagraph> <subparagraph id="id41e3dac6ee884962b6c5816fdd386928"><enum>(C)</enum><text>principal reduction;</text></subparagraph>
<subparagraph id="idde4b53adfab246c382ad3c6c987e390b"><enum>(D)</enum><text>payment assistance for—</text> <clause id="id4ed27c0ede0141d3abd76f53fb3f0e80"><enum>(i)</enum><text>utilities, including electric, gas, and water;</text></clause>
<clause id="ide49f0a1e8e1a4f64a92d177c2d5a81a1"><enum>(ii)</enum><text>internet service, including broadband internet access service, as defined in section 8.1(b) of title 47, Code of Federal Regulations (or any successor regulation); and</text></clause> <clause id="idC67CF2E461C64A86840E757C57CB5094"><enum>(iii)</enum><text>property taxes;</text></clause></subparagraph>
<subparagraph id="idb2943f4438374982967edaa8cd367549"><enum>(E)</enum><text>any program established under the Housing Finance Agency Innovation Fund for the Hardest Hit Housing Markets;</text></subparagraph> <subparagraph id="id233d971c70e54bfe879399ab51fcda50"><enum>(F)</enum><text>reimbursement of funds expended by a State or local government during the period beginning on January 21, 2020, and ending on the date that the first funds are disbursed by the State under the Homeowner Assistance Fund, for the purpose of providing housing or utility payment assistance to individuals or otherwise providing funds to prevent foreclosure or eviction of a homeowner or tenant or prevent mortgage delinquency or loss of housing or utilities as a response to the coronavirus disease 2019 (COVID–19) pandemic; and</text></subparagraph>
<subparagraph id="ida7fa71fc6383442aa50f7d3c9126b0d3"><enum>(G)</enum><text>any other assistance to prevent eviction, mortgage delinquency or default, foreclosure, or the loss of utility services for an eligible household.</text></subparagraph></paragraph> <paragraph id="id330873902cce47b78b2a9e0ef9454edf"><enum>(2)</enum><header>Administrative expenses</header><text>Not greater than 10 percent of the amount allocated to a State or an entity pursuant to subsections (c) or (j) may be used by a State housing financing agency or an entity for administrative expenses. Any amounts allocated to administrative expenses that are no longer necessary for administrative expenses may be used in accordance with paragraph (1).</text></paragraph></subsection>
<subsection id="id83727a2fe81343919c8960ef80dc6275"><enum>(f)</enum><header>Appropriation</header><text>There is appropriated, out of amounts in the Treasury not otherwise appropriated, for the fiscal year ending September 30, 2021, to remain available until expended or transferred or credited under subsection (h) or subsection (j), $75,000,000,000 to the Homeowner Assistance Fund established under subsection (b).</text></subsection> <subsection id="id2629eee195a74f57a6bc39feac1f4909"><enum>(g)</enum><header>Use of housing finance agency innovation fund for the hardest hit housing markets funds</header><text>A State housing finance agency may reallocate any administrative or programmatic funds it has received as an allocation from the Housing Finance Agency Innovation Fund for the Hardest Hit Housing Markets created pursuant to section 101(a) of the Emergency Economic Stabilization Act of 2008 (<external-xref legal-doc="usc" parsable-cite="usc/12/5211">12 U.S.C. 5211(a)</external-xref>) that have not been otherwise allocated or disbursed as of the date of enactment of this Act to supplement any administrative or programmatic funds received from the Homeowner Assistance Fund. Such reallocated funds shall not be considered when allocating resources from the Homeowner Assistance Fund using the process established under subsection (c) and shall remain available for the uses permitted in subsection (e) and under the terms and conditions established by the contract with the Secretary created pursuant to subsection (d)(1) and the terms of subsection (h).</text></subsection>
<subsection id="id183c3b5cfe6d40438c359482e86951c4"><enum>(h)</enum><header>Rescission of funds</header><text>Any funds that have not been allocated by a State housing finance agency to provide assistance as described under subsection (e) by December 31, 2030, shall be reallocated by the Secretary in the following manner:</text> <paragraph id="idc750e5c80c9447c1a95ac75e5cafd173"><enum>(1)</enum><text>65 percent shall be transferred or credited to the Housing Trust Fund established under section 1338 of the Federal Housing Enterprises Financial Safety and Soundness Act of 1992 (<external-xref legal-doc="usc" parsable-cite="usc/12/4568">12 U.S.C. 4568</external-xref>).</text></paragraph>
<paragraph id="id2333983301644d24a839da2b16e80754"><enum>(2)</enum><text>35 percent shall be transferred or credited to the Capital Magnet Fund under section 1339 of the Federal Housing Enterprises Financial Safety and Soundness Act of 1992 (<external-xref legal-doc="usc" parsable-cite="usc/12/4569">12 U.S.C. 4569</external-xref>).</text></paragraph></subsection> <subsection id="ida791dd3f1f5b43c08ad87a4eca73db28"><enum>(i)</enum><header>Reporting requirements</header><text>The Secretary shall provide public reports not less frequently than quarterly regarding the use of funds provided by the Homeowner Assistance Fund. Such reports shall include the following data by State or entity receiving funds pursuant to subsection (j) and by program within each State or entity receiving funds pursuant to subsection (j), both for the past quarter and for the life of the program—</text>
<paragraph id="iddf4488b7147f4355a89b953a0c97af1a"><enum>(1)</enum><text>the amount of funds allocated;</text></paragraph> <paragraph id="id362b91b0ec194de4870ba9fffeeb7d34"><enum>(2)</enum><text>the amount of funds disbursed;</text></paragraph>
<paragraph id="idc8add7810e07486c9741bf0922fb6ab6"><enum>(3)</enum><text>the number of households and individuals assisted;</text></paragraph> <paragraph id="ida9a5b77175ae4a61ae75785ca8f89da2"><enum>(4)</enum><text>the acceptance rate of applicants;</text></paragraph>
<paragraph id="id0eca467261ed44ab9ac743b4fb2861df"><enum>(5)</enum><text>the average amount of assistance provided per household receiving assistance;</text></paragraph> <paragraph id="idff07f85120404037b51a5da53496fb55"><enum>(6)</enum><text>the average length of assistance provided per household receiving assistance;</text></paragraph>
<paragraph id="id24d68d76d8db4f37946b50ea8be73de5"><enum>(7)</enum><text>the income ranges of households for each household receiving assistance;</text></paragraph> <paragraph id="id0d818e3295764cd3a5df9747d816e77c"><enum>(8)</enum><text>demographic information about each household receiving assistance, including race, ethnicity, and service member status; and</text></paragraph>
<paragraph id="id184c9ccf417c4a79945dd8b9b7904ef0"><enum>(9)</enum><text>the outcome 12 months after the household has received assistance.</text></paragraph></subsection> <subsection id="id983f31138b0146468effccac72226ce9"><enum>(j)</enum><header>Tribal set-Aside</header> <paragraph id="id73e76f7153a145e28465c7e87861f1b4"><enum>(1)</enum><header>Definitions</header><text>In this subsection:</text>
<subparagraph id="id87b394942f3848fb8a2da55a36654d31"><enum>(A)</enum><header>Department of hawaiian home lands</header><text>The term <term>Department of Hawaiian Home Lands</term> has the meaning given the term in section 801 of the Native American Housing Assistance and Self-Determination Act of 1996 (<external-xref legal-doc="usc" parsable-cite="usc/42/4221">42 U.S.C. 4221</external-xref>).</text></subparagraph> <subparagraph id="id2d5ebead80aa49399ae79dfc4276504b"><enum>(B)</enum><header>Eligible recipient</header><text>The term <term>eligible recipient</term> means any entity eligible to receive a grant under section 101 of the Native American Housing Assistance and Self-Determination Act of 1996 (<external-xref legal-doc="usc" parsable-cite="usc/25/4111">25 U.S.C. 4111</external-xref>).</text></subparagraph></paragraph>
<paragraph id="ide4c7fd94b4f1466cb5864769d9859f0d"><enum>(2)</enum><header>Set-aside</header>
<subparagraph id="idcbd33b936fcc4180a23ca27681322373"><enum>(A)</enum><header>In general</header><text>Notwithstanding any other provision of this section, of the amounts appropriated under subsection (f), the Secretary shall use 5 percent to make grants to eligible recipients for the purposes described in subsection (e)(1).</text></subparagraph> <subparagraph id="ide4dfbcca48a145acbc15b55aebeae580"><enum>(B)</enum><header>Native hawaiian set-aside</header><text>Of the funds set aside under subparagraph (A), the Secretary shall use 0.3 percent to make grants to the Department of Hawaiian Home Lands for the purposes described in subsection (e)(1).</text></subparagraph></paragraph>
<paragraph id="id00cbebeceddc4334a1640b2f5445d6a2"><enum>(3)</enum><header>Requirements</header>
<subparagraph id="idea6a828ce6b1406fbf73c7410132ca50"><enum>(A)</enum><header>Allocation</header><text>Except for the funds set aside under paragraph (2)(B), the Secretary shall allocate the funds set aside under paragraph (2)(A) using the allocation formula described in subpart D of part 1000 of title 24, Code of Federal Regulations (or successor regulations).</text></subparagraph> <subparagraph id="id7b6c5185692a400390c160a69eb77780"><enum>(B)</enum><header>Native hawaiians</header><text>The Secretary shall use the funds made available under paragraph (2)(B) in accordance with part 1006 of title 24, Code of Federal Regulations (or successor regulations).</text></subparagraph></paragraph>
<paragraph id="idb1452c957c6343dfb7d572943badc21e"><enum>(4)</enum><header>Rescission</header><text>The Secretary shall transfer any funds made available under paragraph (2) that have not been allocated by an eligible recipient or the Department of Hawaiian Home Lands, as applicable, to provide the assistance described in subsection (e)(1) by December 31, 2030, to the Secretary of Housing and Urban Development to carry out the Native American Housing Assistance and Self-Determination Act of 1996 (<external-xref legal-doc="usc" parsable-cite="usc/25/4101">25 U.S.C. 4101</external-xref> et seq.).</text></paragraph></subsection></section> </legis-body> </bill> 

