<?xml version="1.0"?>
<?xml-stylesheet type="text/xsl" href="billres.xsl"?>
<!DOCTYPE bill PUBLIC "-//US Congress//DTDs/bill.dtd//EN" "bill.dtd">
<bill bill-stage="Introduced-in-Senate" dms-id="A1" public-private="public" slc-id="S1-LYN21061-H58-6H-9NJ"><metadata xmlns:dc="http://purl.org/dc/elements/1.1/">
<dublinCore>
<dc:title>117 S151 IS: COVID HCBS Relief Act of 2021</dc:title>
<dc:publisher>U.S. Senate</dc:publisher>
<dc:date>2021-02-02</dc:date>
<dc:format>text/xml</dc:format>
<dc:language>EN</dc:language>
<dc:rights>Pursuant to Title 17 Section 105 of the United States Code, this file is not subject to copyright protection and is in the public domain.</dc:rights>
</dublinCore>
</metadata>
<form>
<distribution-code display="yes">II</distribution-code><congress>117th CONGRESS</congress><session>1st Session</session><legis-num>S. 151</legis-num><current-chamber>IN THE SENATE OF THE UNITED STATES</current-chamber><action><action-date date="20210202">February 2, 2021</action-date><action-desc><sponsor name-id="S309">Mr. Casey</sponsor> (for himself, <cosponsor name-id="S307">Mr. Brown</cosponsor>, <cosponsor name-id="S324">Mrs. Shaheen</cosponsor>, <cosponsor name-id="S322">Mr. Merkley</cosponsor>, <cosponsor name-id="S369">Mr. Markey</cosponsor>, <cosponsor name-id="S386">Ms. Duckworth</cosponsor>, <cosponsor name-id="S366">Ms. Warren</cosponsor>, <cosponsor name-id="S259">Mr. Reed</cosponsor>, <cosponsor name-id="S306">Mr. Menendez</cosponsor>, <cosponsor name-id="S331">Mrs. Gillibrand</cosponsor>, <cosponsor name-id="S370">Mr. Booker</cosponsor>, <cosponsor name-id="S394">Ms. Smith</cosponsor>, <cosponsor name-id="S390">Mr. Van Hollen</cosponsor>, <cosponsor name-id="S284">Ms. Stabenow</cosponsor>, <cosponsor name-id="S311">Ms. Klobuchar</cosponsor>, <cosponsor name-id="S354">Ms. Baldwin</cosponsor>, <cosponsor name-id="S313">Mr. Sanders</cosponsor>, <cosponsor name-id="S341">Mr. Blumenthal</cosponsor>, and <cosponsor name-id="S380">Mr. Peters</cosponsor>) introduced the following bill; which was read twice and referred to the <committee-name committee-id="SSFI00">Committee on Finance</committee-name></action-desc></action><legis-type>A BILL</legis-type><official-title>To provide for an emergency increase in Federal funding to State Medicaid programs for expenditures on home and community-based services.</official-title></form><legis-body display-enacting-clause="yes-display-enacting-clause"><section section-type="section-one" id="S1"><enum>1.</enum><header>Short title</header><text display-inline="no-display-inline">This Act may be cited as the <quote><short-title>COVID HCBS Relief Act of 2021</short-title></quote>.</text></section><section commented="no" id="H73D8AD4E644D4F1FACE5E030CFA3DDCF"><enum>2.</enum><header>Additional support for Medicaid home and community-based services during the COVID–19 emergency period</header><subsection commented="no" id="H3FFBC910967B4E268C2EFC95AE962F22"><enum>(a)</enum><header>Increased FMAP</header><paragraph commented="no" id="H0367165EDD454E1E994BA791D3AB8603"><enum>(1)</enum><header>In general</header><text display-inline="yes-display-inline">Notwithstanding section 1905(b) of the Social Security Act (<external-xref legal-doc="usc" parsable-cite="usc/42/1396d">42 U.S.C. 1396d(b)</external-xref>), in the case of an HCBS program State, the Federal medical assistance percentage determined for the State under section 1905(b) of such Act and, if applicable, increased under subsection (y), (z), or (aa) of section 1905 of such Act (<external-xref legal-doc="usc" parsable-cite="usc/42/1396d">42 U.S.C. 1396d</external-xref>), section 1915(k) of such Act (<external-xref legal-doc="usc" parsable-cite="usc/42/1396n">42 U.S.C. 1396n(k)</external-xref>), or section 6008(a) of the Families First Coronavirus Response Act (<external-xref legal-doc="public-law" parsable-cite="pl/116/127">Public Law 116–127</external-xref>), shall be increased by 10 percentage points with respect to expenditures of the State under the State Medicaid program for home and community-based services that are provided during the HCBS program improvement period. In no case may the application of the previous sentence result in the Federal medical assistance percentage determined for a State being more than 95 percent.</text></paragraph><paragraph commented="no" id="H859DF584DA99454F995F9421231CC888"><enum>(2)</enum><header>Definitions</header><text>In this section:</text><subparagraph commented="no" id="HFBBA1F51CFD94C7590819BBC4C890511"><enum>(A)</enum><header>HCBS program improvement period</header><text>The term <term>HCBS program improvement period</term> means, with respect to a State, the period—</text><clause commented="no" id="H1319F3AFEACD4648A88096540A561EF8"><enum>(i)</enum><text>beginning on October 1, 2020; and</text></clause><clause commented="no" id="H07E849C978B742DFB6F3D4B9209A8252"><enum>(ii)</enum><text display-inline="yes-display-inline">ending on September 30, 2022. </text></clause></subparagraph><subparagraph commented="no" id="HF50310D013454C7E942A05FB43A91ED5"><enum>(B)</enum><header>HCBS program State</header><text display-inline="yes-display-inline">The term <term>HCBS program State</term> means a State that meets the condition described in subsection (b) by submitting an application described in such subsection, which is approved by the Secretary pursuant to subsection (c).</text></subparagraph><subparagraph commented="no" id="HF661FDC1E4144DDFAD7973BB42D9EB95"><enum>(C)</enum><header>Home and community-based services</header><text display-inline="yes-display-inline">The term <term>home and community-based services</term> means home health care services authorized under paragraph (7) of section 1905(a) of the Social Security Act (<external-xref legal-doc="usc" parsable-cite="usc/42/1396d">42 U.S.C. 1396d(a)</external-xref>), behavioral health services authorized under paragraph (13) of such section, personal care services authorized under paragraph (24) of such section, PACE services authorized under paragraph (26) of such section, services authorized under subsections (b), (c), (i), (j), and (k) of section 1915 of such Act (<external-xref legal-doc="usc" parsable-cite="usc/42/1396n">42 U.S.C. 1396n</external-xref>), such services authorized under a waiver under section 1115 of such Act (<external-xref legal-doc="usc" parsable-cite="usc/42/1315">42 U.S.C. 1315</external-xref>), and such other services specified by the Secretary. </text></subparagraph></paragraph></subsection><subsection commented="no" id="H52E3777AABCE4D748BE411E171EF857E"><enum>(b)</enum><header>Condition</header><text>The condition described in this subsection, with respect to a State, is that the State submits an application to the Secretary, at such time and in such manner as specified by the Secretary, that includes, in addition to such other information as the Secretary shall require—</text><paragraph commented="no" id="HFAD5C5ED3A01494CA4DAA43F90F384D4"><enum>(1)</enum><text display-inline="yes-display-inline">a description of which activities described in subsection (d) that a state plans to implement and a description of how it plans to implement such activities; </text></paragraph><paragraph commented="no" id="H3864C5A5950644C496A6246D34764E9E"><enum>(2)</enum><text>assurances that the Federal funds attributable to the increase under subsection (a) will be used—</text><subparagraph commented="no" id="HDD79F5A0B3A74125BC0AAF36FD057BE6"><enum>(A)</enum><text display-inline="yes-display-inline">to implement the activities described in subsection (d); and</text></subparagraph><subparagraph commented="no" id="H93DCCD6A41B04A26807BA11E041C4747"><enum>(B)</enum><text>to supplement, and not supplant, the level of State funds expended for home and community-based services for eligible individuals through programs in effect as of the date of the enactment of this section; and</text></subparagraph></paragraph><paragraph commented="no" id="HAAED063B7E5D44C3BF180CCD0774B525"><enum>(3)</enum><text display-inline="yes-display-inline">assurances that the State will conduct adequate oversight and ensure the validity of such data as may be required by the Secretary.</text></paragraph></subsection><subsection commented="no" id="HEEA200AD22E9445D8AEA4836900C5E16"><enum>(c)</enum><header>Approval of application</header><text display-inline="yes-display-inline">Not later than 90 days after the date of submission of an application of a State under subsection (b), the Secretary shall certify if the application is complete. Upon certification that an application of a State is complete, the application shall be deemed to be approved for purposes of this section.</text></subsection><subsection commented="no" id="HE93102C8C6334F8DADF01B78BBDFA4F9"><enum>(d)</enum><header>Activities To improve the delivery of HCBS</header><paragraph commented="no" id="HE107D6D1DB66496AB843672CCFE65C02"><enum>(1)</enum><header>In general</header><text display-inline="yes-display-inline">A State shall work with community partners, such as Area Agencies on Aging, Centers for Independent Living, non-profit home and community-based services providers, and other entities providing home and community-based services, to implement—</text><subparagraph commented="no" id="HE605BE0FF98A4B65B22BF6D25C463968"><enum>(A)</enum><text display-inline="yes-display-inline">the purposes described in paragraph (2) during the COVID–19 public health emergency period; and</text></subparagraph><subparagraph commented="no" id="HB998801ED232496A8B33A2E4AFFDC204"><enum>(B)</enum><text>the purposes described in paragraph (3) after the end of such emergency period.</text></subparagraph></paragraph><paragraph commented="no" id="HCAD6DC9F1ABB418F9188EED96EE4F8DD"><enum>(2)</enum><header>Focused areas of HCBS improvement</header><text>The purposes described in this paragraph, with respect to a State, are the following:</text><subparagraph commented="no" id="HAB8DA8A03E4C4A73865485C942DFB464"><enum>(A)</enum><text display-inline="yes-display-inline">To increase rates for home health agencies and agencies that employ direct support professionals (including independent providers in a self-directed or consumer-directed model) to provide home and community-based services under the State Medicaid program, provided that any agency or individual that receives payment under such an increased rate increases the compensation it pays its home health workers or direct support professionals.</text></subparagraph><subparagraph commented="no" id="HF59A1C2AA62741E2AEAC6E1F5C6E83E3"><enum>(B)</enum><text>To provide paid sick leave, paid family leave, and paid medical leave for home health workers and direct support professionals.</text></subparagraph><subparagraph commented="no" id="HD3877FE2DB9144AC9F3C4B4A899223C4"><enum>(C)</enum><text>To provide hazard pay, overtime pay, and shift differential pay for home health workers and direct support professionals.</text></subparagraph><subparagraph commented="no" id="H3250E722462C424C82ED700391B86AF0"><enum>(D)</enum><text display-inline="yes-display-inline">To provide home and community-based services to eligible individuals who are on waiting lists for programs approved under sections 1115 or 1915 of the Social Security Act (<external-xref legal-doc="usc" parsable-cite="usc/42/1315">42 U.S.C. 1315</external-xref>, 1396n).</text></subparagraph><subparagraph id="id829d991704cf4a16a3a5954503bd88c0"><enum>(E)</enum><text>To expand home and community-based services to facilitate reducing the census of nursing facilities, intermediate care facilities, psychiatric facilities, and other institutional or congregate settings so that safety measures can be effectively implemented within these settings. </text></subparagraph><subparagraph commented="no" id="H7EDDD9A41A6D45CB8D63652CFBA3D1FE"><enum>(F)</enum><text display-inline="yes-display-inline">To purchase emergency supplies and equipment, which may include items not typically covered under the Medicaid program, such as personal protective equipment, necessary to enhance access to services and to protect the health and well-being of home health workers and direct support professionals.</text></subparagraph><subparagraph commented="no" id="H9DD16ACDCE544435874A703847071937"><enum>(G)</enum><text display-inline="yes-display-inline">To pay for the travel of home health workers and direct support professionals to conduct home and community-based services.</text></subparagraph><subparagraph commented="no" id="H7777DA824514437E847F5E8F71D6E190"><enum>(H)</enum><text>To recruit new home health workers and direct support professionals.</text></subparagraph><subparagraph commented="no" id="H06815EB0E5334A588FA4EE786D33C955"><enum>(I)</enum><text display-inline="yes-display-inline">To support family care providers of eligible individuals with needed supplies and equipment, which may include items not typically covered under the Medicaid program, such as personal protective equipment, and pay.</text></subparagraph><subparagraph commented="no" id="HCA38AD0CFF0B434D86607F23DE0BF6AA"><enum>(J)</enum><text>To pay for training for home health workers and direct support professionals that is specific to the COVID–19 public health emergency.</text></subparagraph><subparagraph commented="no" id="H4B56968272944A06A191DD6A28CEDE45"><enum>(K)</enum><text display-inline="yes-display-inline">To pay for assistive technologies, staffing, and other costs incurred during the COVID–19 public health emergency period in order to facilitate community integration and ensure an individual’s person-centered service plan continues to be fully implemented.</text></subparagraph><subparagraph commented="no" id="H255DAC4253264B2EBF8C9BC366084E01"><enum>(L)</enum><text display-inline="yes-display-inline">To prepare information and public health and educational materials in accessible formats (including formats accessible to people with low literacy or intellectual disabilities) about prevention, treatment, recovery and other aspects of COVID–19 for eligible individuals, their families, and the general community served by agencies described in subparagraph (A).</text></subparagraph><subparagraph commented="no" id="H0B2379FFB7F74725B8DE5D4D20E559A8"><enum>(M)</enum><text display-inline="yes-display-inline">To pay for interpreters to assist in providing home and community-based services to eligible individuals and to inform the general public about COVID–19.</text></subparagraph><subparagraph commented="no" id="H4D52A38CD5D14B71AC5FA72965AE9143"><enum>(N)</enum><text display-inline="yes-display-inline">To allow day services providers to provide home and community-based services.</text></subparagraph><subparagraph commented="no" id="H440E449892EA489ABD15D397DF3E5AF2"><enum>(O)</enum><text display-inline="yes-display-inline">To pay for other expenses deemed appropriate by the Secretary to enhance, expand, or strengthen Home and Community-Based Services, including retainer payments, and expenses which meet the criteria of the home and community-based settings rule published on January 16, 2014.</text></subparagraph></paragraph><paragraph commented="no" id="H30EEDDEDCBAA41468480CE14D3DC549E"><enum>(3)</enum><header>Permissible uses after the emergency period</header><text>The purpose described in this paragraph, with respect to a State, is to assist eligible individuals who had to relocate to a nursing facility or institutional setting from their homes during the COVID–19 public health emergency period in— </text><subparagraph commented="no" id="H76B56126C3E34258B7D87EEE7F225891"><enum>(A)</enum><text display-inline="yes-display-inline">moving back to their homes (including by paying for moving costs, first month’s rent, and other one-time expenses and start-up costs);</text></subparagraph><subparagraph commented="no" id="H77A014D4AE15452487A7D36AF5F6520C"><enum>(B)</enum><text display-inline="yes-display-inline">resuming home and community-based services; </text></subparagraph><subparagraph commented="no" id="H625F17960A4C4EF6A532F16D262AF14D"><enum>(C)</enum><text>receiving mental health services and necessary rehabilitative service to regain skills lost while relocated during the public health emergency period; and </text></subparagraph><subparagraph commented="no" id="H402B036D615647F9A015B40E80B12BAE"><enum>(D)</enum><text display-inline="yes-display-inline">while funds attributable to the increased FMAP under this section remain available, continuing home and community-based services for eligible individuals who were served from a waiting list for such services during the public health emergency period. </text></subparagraph></paragraph></subsection><subsection commented="no" id="H11FB03178457498BB3C67407084CB0EA"><enum>(e)</enum><header>Reporting requirements</header><paragraph commented="no" id="H9A19E5E5FAB04CF5A3C2C3BA998C5E31"><enum>(1)</enum><header>State reporting requirements</header><text display-inline="yes-display-inline">Not later than December 31, 2023, any State with respect to which an application is approved by the Secretary pursuant to subsection (c) shall submit a report to the Secretary that contains the following information:</text><subparagraph commented="no" id="H26BE4FDC60294D09A43ACDDBB73A597F"><enum>(A)</enum><text>Activities and programs that were funded using Federal funds attributable to such increase.</text></subparagraph><subparagraph commented="no" id="H3ABD48EE6A15426C9774AD4E7EE029B5"><enum>(B)</enum><text>The number of eligible individuals who were served by such activities and programs.</text></subparagraph><subparagraph commented="no" id="H77483955CE7F4E9AB10F68D8C7E523E3"><enum>(C)</enum><text display-inline="yes-display-inline">The number of eligible individuals who were able to resume home and community-based services as a result of such activities and programs.</text></subparagraph></paragraph><paragraph commented="no" id="H941A5DCEDE4B44CFAD7B41623ED1A0BB"><enum>(2)</enum><header>HHS evaluation</header><subparagraph commented="no" id="HBADCA7DF51DC4D999CADDB0CF754E254"><enum>(A)</enum><header>In general</header><text display-inline="yes-display-inline">The Secretary shall evaluate the implementation and outcomes of this section in the aggregate using an external evaluator with experience evaluating home and community-based services, disability programs, and older adult programs.</text></subparagraph><subparagraph commented="no" id="H3AB93A134A9141E6898D4E78CD91522A"><enum>(B)</enum><header>Evaluation criteria</header><text display-inline="yes-display-inline">For purposes of subparagraph (A), the external evaluator shall—</text><clause commented="no" id="HC14AB08120614F3293D60983811B2853"><enum>(i)</enum><text display-inline="yes-display-inline">document and evaluate changes in access, availability, and quality of home and community-based services in each HCBS program State;</text></clause><clause commented="no" id="H369FE77307A94ECB90685DD26B3D80D1"><enum>(ii)</enum><text display-inline="yes-display-inline">document and evaluate aggregate changes in access, availability, and quality of home and community-based services across all such States; and</text></clause><clause commented="no" id="H4431C8A81361429596E322CC177E6380"><enum>(iii)</enum><text>evaluate the implementation and outcomes of this section based on—</text><subclause commented="no" id="H8A57257FEED2437FB9EFCBF18A606C3D"><enum>(I)</enum><text display-inline="yes-display-inline">the impact of this section on increasing funding for home and community-based services;</text></subclause><subclause commented="no" id="H19AD616C319A4D658C68ED9FE7303CD9"><enum>(II)</enum><text display-inline="yes-display-inline">the impact of this section on achieving targeted access, availability, and quality of home and community-based services; and</text></subclause><subclause commented="no" id="H9F7DDF3398034BD794B9DF39773F8789"><enum>(III)</enum><text display-inline="yes-display-inline">promising practices identified by activities conducted pursuant to subsection (d) that increase access to, availability of, and quality of home and community-based services.</text></subclause></clause></subparagraph><subparagraph commented="no" id="H7D975E4FFAD341DE8277B68FAE384FB7"><enum>(C)</enum><header>Dissemination of evaluation findings</header><text>The Secretary shall—</text><clause commented="no" id="H82E96A6C8FAE4A8A8643C8BB1450B3F3"><enum>(i)</enum><text>disseminate the findings from the evaluations conducted under this paragraph to—</text><subclause commented="no" id="H5D3642CD15214B2B9C46B0E2877A8181"><enum>(I)</enum><text>all State Medicaid directors; and</text></subclause><subclause commented="no" id="H54E204A437264E7D836B255356CD85ED"><enum>(II)</enum><text>the Committee on Energy and Commerce of the House of Representatives, the Committee on Finance of the Senate, and the Special Committee on Aging of the Senate; and</text></subclause></clause><clause commented="no" id="H0E1E7E6CE2974CF9A0880271954C373C"><enum>(ii)</enum><text>make all evaluation findings publicly available in an accessible electronic format and any other accessible format determined appropriate by the Secretary.</text></clause></subparagraph><subparagraph commented="no" id="H9D996204CEE94399B01A58F3C1CDA395"><enum>(D)</enum><header>Oversight</header><text display-inline="yes-display-inline">Each State with respect to which an application is approved by the Secretary pursuant to subsection (c) shall ensure adequate oversight of the expenditure of Federal funds pursuant to such increase in accordance with the Medicaid regulations, including section 1115 and 1915 waiver regulations and special terms and conditions for any relevant waiver or grant program.</text></subparagraph></paragraph><paragraph commented="no" id="HC845B8DBF0194CD6986CA729E80D1A23"><enum>(3)</enum><header>Non-Application Of The Paperwork Reduction Act</header><text display-inline="yes-display-inline"><external-xref legal-doc="usc-chapter" parsable-cite="usc-chapter/44/35">Chapter 35</external-xref> of title 44, United States Code (commonly referred to as the “Paperwork Reduction Act of 1995”), shall not apply to the provisions of this subsection.</text></paragraph></subsection><subsection commented="no" id="HA1B1CEE371434428A0CFCD520274EB33"><enum>(f)</enum><header>Additional definitions</header><text>In this section:</text><paragraph commented="no" id="HA8158352CBA34D25B074419C39DFAB3D"><enum>(1)</enum><header>COVID–19 public health emergency period</header><text>The term <term>COVID–19 public health emergency period</term> means the portion of the emergency period described in paragraph (1)(B) of section 1135(g) of the Social Security Act (<external-xref legal-doc="usc" parsable-cite="usc/42/1320b-5">42 U.S.C. 1320b–5(g)</external-xref>) beginning on or after the date of the enactment of this Act. </text></paragraph><paragraph commented="no" id="HE2D52A9950BD4E4AB843F8D02A056F48"><enum>(2)</enum><header>Eligible individual</header><text>The term <term>eligible individual</term> means an individual who is eligible for or enrolled for medical assistance under a State Medicaid program.</text></paragraph><paragraph commented="no" id="H2F331461F97243309A86B57587877F3F"><enum>(3)</enum><header>Medicaid program</header><text>The term <term>Medicaid program</term> means, with respect to a State, the State program under title XIX of the Social Security Act (<external-xref legal-doc="usc" parsable-cite="usc/42/1396">42 U.S.C. 1396</external-xref> et seq.) (including any waiver or demonstration under such title or under section 1115 of such Act (<external-xref legal-doc="usc" parsable-cite="usc/42/1315">42 U.S.C. 1315</external-xref>) relating to such title). </text></paragraph><paragraph commented="no" id="H045986BB83904D7FB76548E98659F39D"><enum>(4)</enum><header>Secretary</header><text>The term <term>Secretary</term> means the Secretary of Health and Human Services.</text></paragraph><paragraph commented="no" display-inline="no-display-inline" id="H271211A14F664C83A6E74BB3B0FD1873"><enum>(5)</enum><header>State</header><text display-inline="yes-display-inline">The term <term>State</term> has the meaning given such term for purposes of title XIX of the Social Security Act (<external-xref legal-doc="usc" parsable-cite="usc/42/1396">42 U.S.C. 1396</external-xref> et seq.).</text></paragraph></subsection></section></legis-body></bill> 

