<?xml version="1.0"?>
<?xml-stylesheet type="text/xsl" href="billres.xsl"?>
<!DOCTYPE bill PUBLIC "-//US Congress//DTDs/bill.dtd//EN" "bill.dtd">
<bill bill-stage="Introduced-in-Senate" dms-id="A1" public-private="public" slc-id="S1-OLL21071-698-5X-TK8"><metadata xmlns:dc="http://purl.org/dc/elements/1.1/">
<dublinCore>
<dc:title>117 S34 IS: Direct Support for Communities Act</dc:title>
<dc:publisher>U.S. Senate</dc:publisher>
<dc:date>2021-01-22</dc:date>
<dc:format>text/xml</dc:format>
<dc:language>EN</dc:language>
<dc:rights>Pursuant to Title 17 Section 105 of the United States Code, this file is not subject to copyright protection and is in the public domain.</dc:rights>
</dublinCore>
</metadata>
<form>
<distribution-code display="yes">II</distribution-code><congress>117th CONGRESS</congress><session>1st Session</session><legis-num>S. 34</legis-num><current-chamber>IN THE SENATE OF THE UNITED STATES</current-chamber><action><action-date date="20210122">January 22, 2021</action-date><action-desc><sponsor name-id="S331">Mrs. Gillibrand</sponsor> (for herself, <cosponsor name-id="S270">Mr. Schumer</cosponsor>, <cosponsor name-id="S330">Mr. Bennet</cosponsor>, <cosponsor name-id="S307">Mr. Brown</cosponsor>, and <cosponsor name-id="S380">Mr. Peters</cosponsor>) introduced the following bill; which was read twice and referred to the <committee-name committee-id="SSAP00">Committee on Appropriations</committee-name></action-desc></action><legis-type>A BILL</legis-type><official-title>To provide funding for cities, counties, and other units of general local government to prevent, prepare for, and respond to coronavirus.</official-title></form><legis-body display-enacting-clause="yes-display-enacting-clause"><section section-type="section-one" id="S1"><enum>1.</enum><header>Short title</header><text display-inline="no-display-inline">This Act may be cited as the <quote><short-title>Direct Support for Communities Act</short-title></quote>.</text></section><section id="id659A6F3AEDB04B9EA14E7C2C9BE82553"><enum>2.</enum><header>Supplemental appropriations</header><text display-inline="no-display-inline">The following sums are hereby appropriated, out of any money in the Treasury not otherwise appropriated, for the fiscal year ending September 30, 2021, and for other purposes, namely:</text></section><section id="LEXA-Repairid0e001c7694f94d7884dc5deddc262435" section-type="undesignated-section"><appropriations-major id="id68D2D8DB5BF24993A0F420910909A3C4"><header>Department of Housing and Urban Development</header></appropriations-major><appropriations-intermediate commented="no" id="id93054132633A477382056CD97B563BE2"><header>Community Planning and Development </header></appropriations-intermediate><appropriations-small id="H0ED997FCC91742D28EB050D01BAEF6D1"><header>Community Development Fund</header></appropriations-small><appropriations-small id="id9D5094BA44294CD8AB12D2B0D78EC2FA"><text display-inline="no-display-inline">For an additional amount for the <quote>Community Development Fund</quote>, such sums as may be necessary, to remain available until expended, to prevent, prepare for, and respond to coronavirus, which shall be in addition to any other amounts available for such purposes, of which—</text><paragraph id="idF86DB265DD494A6C88351DB04DDA75CF"><enum>(1)</enum><text>50 percent shall be allocated to metropolitan cities and other units of general local government (as those terms are defined in section 102 of the Housing and Community Development Act of 1974 (<external-xref legal-doc="usc" parsable-cite="usc/42/5302">42 U.S.C. 5302</external-xref>)), of which—</text><subparagraph id="id91E7B405B3CC4D2FB9CE714E768340D5"><enum>(A)</enum><text>70 percent of such sums shall be distributed, not later than 30 days after the date of enactment of this Act, pursuant to the formula under section 106(b)(1) of the Housing and Community Development Act of 1974 (<external-xref legal-doc="usc" parsable-cite="usc/42/5306">42 U.S.C. 5306(b)(1)</external-xref>) to metropolitan cities that received allocations pursuant to such formula in fiscal year 2020; and</text></subparagraph><subparagraph id="id7EA3FDB0750949D2B6478768AB46F24B"><enum>(B)</enum><text>30 percent of such sums shall be distributed, not later than 30 days after the date of enactment of this Act, to States (as defined in such section 102) for use by units of general local government, other than counties or parishes, in nonentitlement areas (as defined in such section 102) of the State, in amounts equal to the relative sum of the populations of such units of general local government in a State as a proportion of the total population of all such units of general local government in all States: <proviso><italic>Provided</italic></proviso>, That a State shall pass-through the amounts received under this subparagraph within 30 days of receipt to such units of general local government: <proviso><italic>Provided further</italic></proviso>, That if a State has not elected to distribute amounts allocated under section 106(d)(1) of the Housing and Community Development Act of 1974 (<external-xref legal-doc="usc" parsable-cite="usc/42/5306">42 U.S.C. 5306(d)(1)</external-xref>), the Secretary of Housing and Urban Development shall distribute the applicable amounts under this subparagraph to such units of general local government in the State not later than 30 days after the date on which the State would otherwise have received the amounts from the Secretary; and </text></subparagraph></paragraph><paragraph id="idC32AA8A4A3494091A510FE79310D4AC4"><enum>(2)</enum><text>50 percent shall be distributed, not later than 30 days after the date of enactment of this Act, directly to counties and parishes of States, the District of Columbia, the Commonwealth of Puerto Rico, the United States Virgin Islands, Guam, the Commonwealth of the Northern Mariana Islands, and American Samoa, in amounts equal to the relative sum of the populations of the counties and parishes in a State or such other jurisdiction as a proportion of the total population of all the counties and parishes in all States and such other jurisdictions: <proviso><italic>Provided</italic></proviso>, That in calculating the populations of counties and parishes for purposes of this paragraph, the District of Columbia shall be treated as a county: <proviso><italic>Provided further</italic></proviso>, That no county or parish that is an urban county (as defined in section 102 of the Housing and Community Development Act of 1974 (<external-xref legal-doc="usc" parsable-cite="usc/42/5302">42 U.S.C. 5302</external-xref>)) shall receive less than the amount the county or parish would otherwise receive if the amount distributed under this paragraph were allocated to metropolitan cities and urban counties under section 106(b) of the Housing and Community Development Act of 1974 (<external-xref legal-doc="usc" parsable-cite="usc/42/5306">42 U.S.C. 5306(b)</external-xref>): <proviso><italic>Provided further</italic></proviso>, That the amounts otherwise determined for counties and parishes under this paragraph shall be adjusted on a pro rata basis to the extent necessary to comply with the preceding proviso: <proviso><italic>Provided further</italic></proviso>, That the District of Columbia may spend the amount received under this paragraph as if it were a county: <proviso><italic>Provided further</italic></proviso>, That in the case of an amount allocated to a county or parish that does not have a governing body, the amount shall be distributed to the State or such other jurisdiction of the county or parish which, not later than 30 days after the date of enactment of this Act, shall distribute the amount to units of general local government within the county or parish in amounts equal to the relative population of each such unit of general local government as a proportion of the total population of the county or parish:</text></paragraph><continuation-text continuation-text-level="appropriations-small"><proviso><italic>Provided further</italic></proviso>, That,
                    notwithstanding any other provision of law, funds made available under this
                    heading may be used to cover costs, or to replace lost, delayed, or decreased
                    revenues, stemming from the public health emergency with respect to the
                    Coronavirus Disease (COVID–19), including revenues lost, delayed, or decreased
                    during or after the end of such public health emergency as a result of the
                    global and national economic decline caused by the outbreak and response to
                    COVID–19: <proviso><italic>Provided further</italic></proviso>, That amounts
                    distributed under paragraph (1) or (2) shall be used to supplement, and not
                    supplant, any non-Federal funds that a State or such other jurisdiction would
                    otherwise provide to cities, counties, parishes, or other units of general local
                    government of the State or other jurisdiction: <proviso><italic>Provided
                            further</italic></proviso>, That nothing in paragraph (1) or (2) shall
                    be construed as prohibiting a metropolitan city and a county or parish that have
                    formed a consolidated government from each receiving a distribution under
                    paragraph (1) or (2), as applicable: <proviso><italic>Provided
                        further</italic></proviso>, That for purposes of this heading, the
                    population of an entity shall be determined based on the most recent year for
                    which data are available from the Bureau of the Census:
                            <proviso><italic>Provided further</italic></proviso>, That, except as
                    provided in paragraphs (1) and (2), no requirement or limitation applicable to
                    funds provided under title I of the Housing and Community Development Act of
                    1974 (<external-xref legal-doc="usc" parsable-cite="usc/42/5301">42 U.S.C. 5301</external-xref> et seq.) shall apply to funds made available under this
                    heading and distributed under such paragraphs: <proviso><italic>Provided
                            further</italic></proviso>, That such amount is designated by Congress
                    as being for an emergency requirement pursuant to section 251(b)(2)(A)(i) of the
                    Balanced Budget and Emergency Deficit Control Act of 1985 (<external-xref legal-doc="usc" parsable-cite="usc/2/901">2 U.S.C. 901(b)(2)(A)(i)</external-xref>).</continuation-text></appropriations-small></section></legis-body></bill>


