<?xml version="1.0"?>
<?xml-stylesheet type="text/xsl" href="billres.xsl"?>
<!DOCTYPE bill PUBLIC "-//US Congress//DTDs/bill.dtd//EN" "bill.dtd">
<bill bill-stage="Introduced-in-Senate" dms-id="A1" public-private="public" slc-id="S1-MDM21048-GTJ-KV-MDD">
<metadata xmlns:dc="http://purl.org/dc/elements/1.1/">
<dublinCore>
<dc:title>117 S71 IS: Accountability Through Electronic Verification Act</dc:title>
<dc:publisher>U.S. Senate</dc:publisher>
<dc:date>2021-01-27</dc:date>
<dc:format>text/xml</dc:format>
<dc:language>EN</dc:language>
<dc:rights>Pursuant to Title 17 Section 105 of the United States Code, this file is not subject to copyright protection and is in the public domain.</dc:rights>
</dublinCore>
</metadata>
<form>
<distribution-code display="yes">II</distribution-code>
<congress>117th CONGRESS</congress><session>1st Session</session>
<legis-num>S. 71</legis-num>
<current-chamber>IN THE SENATE OF THE UNITED STATES</current-chamber>
<action>
<action-date date="20210127">January 27, 2021</action-date>
<action-desc><sponsor name-id="S153">Mr. Grassley</sponsor> (for himself, <cosponsor name-id="S376">Ms. Ernst</cosponsor>, <cosponsor name-id="S236">Mr. Inhofe</cosponsor>, <cosponsor name-id="S396">Mrs. Blackburn</cosponsor>, <cosponsor name-id="S372">Mrs. Capito</cosponsor>, <cosponsor name-id="S374">Mr. Cotton</cosponsor>, <cosponsor name-id="S346">Mr. Lee</cosponsor>, <cosponsor name-id="S343">Mr. Boozman</cosponsor>, <cosponsor name-id="S395">Mrs. Hyde-Smith</cosponsor>, <cosponsor name-id="S303">Mr. Thune</cosponsor>, and <cosponsor name-id="S318">Mr. Wicker</cosponsor>) introduced the following bill; which was read twice and referred to the <committee-name committee-id="SSJU00">Committee on the Judiciary</committee-name></action-desc>
</action>
<legis-type>A BILL</legis-type>
<official-title>To expand the use of E-Verify to hold employers accountable, and for other purposes.</official-title>
</form>
<legis-body display-enacting-clause="yes-display-enacting-clause" id="H9D900E3063614DD1982432E13D44D835">
<section section-type="section-one" id="S1"><enum>1.</enum><header>Short title; table of contents</header>
<subsection id="id928975ABD6D84A6CB25F980669243437"><enum>(a)</enum><header>Short title</header><text display-inline="yes-display-inline">This Act may be cited as the <quote><short-title>Accountability Through Electronic Verification Act</short-title></quote>.</text></subsection> <subsection id="idE392BDFA08E4419B8BCD0D412872947C"><enum>(b)</enum><header>Table of contents</header><text>The table of contents for this Act is as follows:</text>
<toc>
<toc-entry idref="S1" level="section">Sec. 1. Short title; table of contents.</toc-entry>
<toc-entry idref="IDdee71be96f7f49afae132eac5955a2d1" level="section">Sec. 2. Permanent reauthorization.</toc-entry>
<toc-entry idref="ID8bb7562edf4f4a439d765031df1721b9" level="section">Sec. 3. Mandatory use of E-Verify.</toc-entry>
<toc-entry idref="ID482c9ec2101540fb8cbee62862e96f59" level="section">Sec. 4. Consequences of failure to participate.</toc-entry>
<toc-entry idref="ID46ef385f2f244d1bacbe5c1be95b696a" level="section">Sec. 5. Preemption; liability.</toc-entry>
<toc-entry idref="ID719e8661e4d84c17883837a399f5d6d8" level="section">Sec. 6. Expanded use of E-Verify.</toc-entry>
<toc-entry idref="IDb102df27acb44c2aadb76d1dc8f3adb2" level="section">Sec. 7. Reverification.</toc-entry>
<toc-entry idref="id703DCFE1CCAB4BF79365E79F17F9A244" level="section">Sec. 8. Holding employers accountable.</toc-entry>
<toc-entry idref="IDc180d83c7c9e490888adad186eed2736" level="section">Sec. 9. Information sharing.</toc-entry>
<toc-entry idref="id0224D80DC37D4589AC2FB245EFC29BD7" level="section">Sec. 10. Form I–9 process.</toc-entry>
<toc-entry idref="idA3A4BCE6BB084245A091C433A78517AD" level="section">Sec. 11. Algorithm.</toc-entry>
<toc-entry idref="idE0EF6604AD9D4773874364C578B30B9A" level="section">Sec. 12. Identity theft.</toc-entry>
<toc-entry idref="IDbe3f70d00c0f4d67b7af66a5908a24ca" level="section">Sec. 13. Small Business Demonstration Program.</toc-entry>
<toc-entry idref="id7e6f1aa7c6214316a02e272d32cc9d8b" level="section">Sec. 14. Employer Compliance Inspection Center.</toc-entry></toc></subsection></section>
<section id="IDdee71be96f7f49afae132eac5955a2d1"><enum>2.</enum><header>Permanent reauthorization</header><text display-inline="no-display-inline">Section 401(b) of the Illegal Immigration Reform and Immigrant Responsibility Act of 1996 (division C of <external-xref legal-doc="public-law" parsable-cite="pl/104/208">Public Law 104–208</external-xref>; <external-xref legal-doc="usc" parsable-cite="usc/8/1324a">8 U.S.C. 1324a</external-xref> note) is amended by striking <quote>Unless the Congress otherwise provides, the Secretary of Homeland Security shall terminate a pilot program on September 30, 2015.</quote>.</text></section> <section id="ID8bb7562edf4f4a439d765031df1721b9"><enum>3.</enum><header>Mandatory use of E-Verify</header> <subsection id="id6B24057F21154C77B6A681407D9DE57A"><enum>(a)</enum><header>Federal Government</header><text>Section 402(e)(1) of the Illegal Immigration Reform and Immigrant Responsibility Act of 1996 (<external-xref legal-doc="usc" parsable-cite="usc/8/1324a">8 U.S.C. 1324a</external-xref> note) is amended—</text>
<paragraph id="ID0619998f79fe4997a20a6eec1d375719"><enum>(1)</enum><text>by amending subparagraph (A) to read as follows:</text> <quoted-block style="OLC" display-inline="no-display-inline" id="id5159E9E1903E4B57B26A4EB6C03F4A40"> <subparagraph id="idE5B6BBDBCEBC4A6EA39F222F360E39C4"><enum>(A)</enum><header>Executive departments and agencies</header><text>Each department and agency of the Federal Government shall participate in E-Verify by complying with the terms and conditions set forth in this section.</text></subparagraph><after-quoted-block>; and</after-quoted-block></quoted-block></paragraph>
<paragraph commented="no" display-inline="no-display-inline" id="IDeebb04d9257a402588f2225d17e9df64"><enum>(2)</enum><text>in subparagraph (B), by striking <quote>, that conducts hiring in a State</quote> and all that follows and inserting <quote>shall participate in E-Verify by complying with the terms and conditions set forth in this section.</quote>.</text></paragraph></subsection> <subsection commented="no" display-inline="no-display-inline" id="id84525AFD61014354A4821F39DD7E8C93"><enum>(b)</enum><header>Federal contractors; critical employers</header><text>Section 402(e) of such Act, as amended by subsection (a), is further amended—</text>
<paragraph id="ID71ae888e66bc4bab80d49a80249713ba"><enum>(1)</enum><text>by redesignating paragraphs (2) and (3) as paragraphs (4) and (5), respectively; and</text></paragraph> <paragraph id="ID8d00c4a33fb847fe91542bd5a0c5a422"><enum>(2)</enum><text>by inserting after paragraph (1) the following:</text>
<quoted-block style="OLC" display-inline="no-display-inline" id="id5D4FBF9566304923832841C4BFD150D7">
<paragraph id="ID3c7024f4a56f4477a569a71f12f3a18a"><enum>(2)</enum><header>United states contractors</header><text>Any person, employer, or other entity that enters into a contract with the Federal Government shall participate in E-Verify by complying with the terms and conditions set forth in this section.</text></paragraph> <paragraph id="ID6e9987e8b68947e28079e53c7b3b2b28"><enum>(3)</enum><header>Designation of critical employers</header><text>Not later than 7 days after the date of the enactment of this paragraph, the Secretary of Homeland Security shall—</text>
<subparagraph id="idA53A8F0B12D6427C89879F20E6F678C4"><enum>(A)</enum><text>conduct an assessment of employers that are critical to the homeland security or national security needs of the United States;</text></subparagraph> <subparagraph id="id3B9745ADDE2142CFB58057BADE8AD95F"><enum>(B)</enum><text>designate and publish a list of employers and classes of employers that are deemed to be critical pursuant to the assessment conducted under subparagraph (A); and</text></subparagraph>
<subparagraph id="idA65C350979254C3AA8DA0926BC5BE811"><enum>(C)</enum><text>require that critical employers designated pursuant to subparagraph (B) participate in E-Verify by complying with the terms and conditions set forth in this section not later than 30 days after the Secretary makes such designation.</text></subparagraph></paragraph><after-quoted-block>.</after-quoted-block></quoted-block></paragraph></subsection> <subsection id="ID5fb3a16d62a34b57af5e1f90d319bbd2"><enum>(c)</enum><header>All employers</header><text>Section 402 of such Act, as amended by this section, is further amended—</text>
<paragraph id="id1CA7530767D64FC3977DE99A40304E73"><enum>(1)</enum><text>by redesignating subsection (f) as subsection (g); and</text></paragraph> <paragraph id="id6D662B7A97CF48D48A7B54AB743C2E82"><enum>(2)</enum><text>by inserting after subsection (e) the following:</text>
<quoted-block style="OLC" display-inline="no-display-inline" id="idDF6D8C3FAF524511A8301DD58CA8C386">
<subsection id="ID7b3b9336633d45e3b8c6c7f2d1298123"><enum>(f)</enum><header>Mandatory participation in E-Verify</header>
<paragraph id="idC5461769AC3C444AAB3118922423C607"><enum>(1)</enum><header>In general</header><text>Subject to paragraphs (2) and (3), all employers in the United States shall participate in E-Verify, with respect to all employees recruited, referred, or hired by such employer on or after the date that is 1 year after the date of the enactment of this subsection.</text></paragraph> <paragraph id="idF99D177AFEE34B46AB8D526DA54CA8FB"><enum>(2)</enum><header>Use of contract labor</header><text>Any employer who uses a contract, subcontract, or exchange to obtain the labor of an individual in the United States shall certify in such contract, subcontract, or exchange that the employer, and all parties to such contract, subcontract, or exchange, use E-Verify. If such certification is not included in a contract, subcontract, or exchange, the employer shall be deemed to have violated paragraph (1).</text></paragraph>
<paragraph id="id0051CC89F7604069B6A379066E09FC50"><enum>(3)</enum><header>Interim mandatory participation</header>
<subparagraph id="id5143D20E37AA4667BA8D3EC6CDAABF85"><enum>(A)</enum><header>In general</header><text>Before the date set forth in paragraph (1), the Secretary of Homeland Security shall require any employer or class of employers to participate in E-Verify, with respect to all employees recruited, referred, or hired by such employer if the Secretary has reasonable cause to believe that the employer is or has been engaged in a material violation of section 274A of the Immigration and Nationality Act (<external-xref legal-doc="usc" parsable-cite="usc/8/1324a">8 U.S.C. 1324a</external-xref>).</text></subparagraph> <subparagraph id="id0299CB236D2F400493B5D88BDC514FFA"><enum>(B)</enum><header>Notification</header><text>Not later than 14 days before an employer or class of employers is required to begin participating in E-Verify pursuant to subparagraph (A), the Secretary shall provide such employer or class of employers with—</text>
<clause id="id9DB807DDC26047D3A58FE496D7029EA9"><enum>(i)</enum><text>written notification of such requirement; and</text></clause> <clause id="id82598DEF497F4946BC36D4E41BDEA419"><enum>(ii)</enum><text>appropriate training materials to facilitate compliance with such requirement.</text></clause></subparagraph></paragraph></subsection><after-quoted-block>.</after-quoted-block></quoted-block></paragraph></subsection></section>
<section id="ID482c9ec2101540fb8cbee62862e96f59"><enum>4.</enum><header>Consequences of failure to participate</header>
<subsection id="idE1B09A3EF99F4944BA31D6E06E68CE72"><enum>(a)</enum><header>In general</header><text display-inline="yes-display-inline">Section 402(e)(5) of the Illegal Immigration Reform and Immigrant Responsibility Act of 1996 (<external-xref legal-doc="usc" parsable-cite="usc/8/1324a">8 U.S.C. 1324a</external-xref> note), as redesignated by section 3(b)(1), is amended to read as follows:</text> <quoted-block style="OLC" display-inline="no-display-inline" id="idE2199BE4EB7D4BCCBDE4DD4CE92006CB"> <paragraph id="idBFA3797BB63343B29D49AFCD2A6995E6"><enum>(5)</enum><header>Consequences of failure to participate</header><text>If a person or other entity that is required to participate in E-Verify fails to comply with the requirements under this title with respect to an individual—</text>
<subparagraph id="IDc330122321ed4b6e94369f390e614dbf"><enum>(A)</enum><text>such failure shall be treated as a violation of section 274A(a)(1)(B) of the Immigration and Nationality Act (<external-xref legal-doc="usc" parsable-cite="usc/8/1324a">8 U.S.C. 1324a</external-xref>) with respect to such individual; and</text></subparagraph> <subparagraph id="idD4F6910334D8439CA7595502CABC9DA4"><enum>(B)</enum><text>a rebuttable presumption is created that the person or entity has violated section 274A(a)(1)(A) of such Act.</text></subparagraph></paragraph><after-quoted-block>.</after-quoted-block></quoted-block></subsection>
<subsection display-inline="no-display-inline" id="H422063C4843C461F809A78C3EE100DD4"><enum>(b)</enum><header>Penalties</header><text display-inline="yes-display-inline">Section 274A of the <act-name parsable-cite="INA">Immigration and Nationality Act</act-name> (<external-xref legal-doc="usc" parsable-cite="usc/8/1324a">8 U.S.C. 1324a</external-xref>) is amended—</text> <paragraph id="HAD6AC597748240FBA575FC1E9A5BD661"><enum>(1)</enum><text>in subsection (e)—</text>
<subparagraph id="id4DF43AEE7D4345268940EA3A8E9DF835"><enum>(A)</enum><text>in paragraph (4)—</text> <clause id="H27581F051F92434288E1922C04BE8419"><enum>(i)</enum><text>in subparagraph (A)—</text>
<subclause id="id9EFE584ABDD34207B855806E8B137A66"><enum>(I)</enum><text>in the matter preceding clause (i), by inserting <quote>, subject to paragraph (10),</quote> after <quote>in an amount</quote>;</text></subclause> <subclause id="H267CF312E3EF44D8A0A6E4AD190E5F24"><enum>(II)</enum><text>in clause (i), by striking <quote>not less than $250 and not more than $2,000</quote> and inserting <quote>not less than $2,500 and not more than $5,000</quote>;</text></subclause>
<subclause id="H770183B89399427BB5242AC068CF2783"><enum>(III)</enum><text>in clause (ii), by striking <quote>not less than $2,000 and not more than $5,000</quote> and inserting <quote>not less than $5,000 and not more than $10,000</quote>; and</text></subclause> <subclause id="HCB71D4F89FC64E10904977B9BE727023"><enum>(IV)</enum><text>in clause (iii), by striking <quote>not less than $3,000 and not more than $10,000</quote> and inserting <quote>not less than $10,000 and not more than $25,000</quote>; and</text></subclause></clause>
<clause id="HCDDC6BD1A83E4447BB7665FD36960B36"><enum>(ii)</enum><text>by amending subparagraph (B) to read as follows:</text> <quoted-block style="OLC" id="H634E20E27CF84901A3954EEF3584F8EF"> <subparagraph id="H417C1FEE80F54B5EA3B96BE27F08ABC3"><enum>(B)</enum><text>may require the person or entity to take such other remedial action as is appropriate.</text></subparagraph><after-quoted-block>;</after-quoted-block></quoted-block></clause></subparagraph>
<subparagraph id="HB16C38F90F82446EA3C98C7F09E1E97E"><enum>(B)</enum><text>in paragraph (5)—</text> <clause id="HF8566723C4E642B9A9E8A8431E594EA6"><enum>(i)</enum><text>by inserting <quote>, subject to paragraphs (10) through (12),</quote> after <quote>in an amount</quote>;</text></clause>
<clause id="H7AB4F286DE1F44CEAFC9A41E17E7579B"><enum>(ii)</enum><text>by striking <quote>$100 and not more than $1,000</quote> and inserting <quote>$1,000 and not more than $25,000</quote>;</text></clause> <clause id="H2B24A7DDBB884974ADB5BFA7917ADBEB"><enum>(iii)</enum><text>by striking <quote>the size of the business of the employer being charged, the good faith of the employer</quote> and inserting <quote>the good faith of the employer being charged</quote>; and</text></clause>
<clause id="H20BAC49BFC34476BBDD9A5DC5810A8D2"><enum>(iv)</enum><text>by adding at the end the following: <quote>Failure by a person or entity to utilize the employment eligibility verification system as required by law, or providing information to the system that the person or entity knows or reasonably believes to be false, shall be treated as a violation of subsection (a)(1)(A).</quote>; and</text></clause></subparagraph> <subparagraph id="H58177CD4C5204109BD36D2180607051B"><enum>(C)</enum><text>by adding at the end the following:</text>
<quoted-block style="OLC" id="H58663AD2BA484A9CB6ED5A0B632DE498">
<paragraph id="H9A1361421A864D799830D645CF224F15"><enum>(10)</enum><header>Exemption from penalty</header><text>In the case of the imposition of a civil penalty under paragraph (4)(A) with respect to a violation of paragraph (1)(A) or (2) of subsection (a) for hiring, continuation of employment, recruitment, or referral by a person or entity and, in the case of the imposition of a civil penalty under paragraph (5) for a violation of subsection (a)(1)(B) for hiring, recruitment, or referral by a person or entity, the penalty otherwise imposed may be waived or reduced if the violator establishes that the violator acted in good faith.</text></paragraph> <paragraph id="H878374814E5B41D8A0328AFCD6D126FD"><enum>(11)</enum><header>Authority to debar employers for certain violations</header> <subparagraph id="HD6BF531960FB4F3DA05F5F6F7F8012E9"><enum>(A)</enum><header>In general</header><text display-inline="yes-display-inline">If a person or entity is determined by the Secretary of Homeland Security to be a repeat violator of paragraph (1)(A) or (2) of subsection (a), or is convicted of a crime under this section, the Secretary of Homeland Security shall debar such person or entity from the receipt of Federal contracts, grants, or cooperative agreements in accordance with the debarment standards and pursuant to the debarment procedures set forth in the Federal Acquisition Regulation.</text></subparagraph>
<subparagraph id="HBF38D07A950D45CC8B8CCD993A8C0B2A"><enum>(B)</enum><header>Does not have contract, grant, agreement</header><text display-inline="yes-display-inline">If the Secretary of Homeland Security debars a person or entity in accordance with this paragraph, and such person or entity does not hold a Federal contract, grant, or cooperative agreement, the Administrator of General Services shall include the person or entity on the List of Parties Excluded from Federal Procurement for 5 years.</text></subparagraph> <subparagraph id="H16ED460C0B2C4A47B74C3273D53E9BF6"><enum>(C)</enum><header>Has contract, grant, agreement</header><text display-inline="yes-display-inline">If the Secretary of Homeland Security debars a person or entity in accordance with this paragraph, and such person or entity holds a Federal contract, grant, or cooperative agreement, the Secretary—</text>
<clause id="id51D00D8CADEF4913A4D2B3298293862D"><enum>(i)</enum><text display-inline="yes-display-inline">shall notify all agencies or departments holding a contract, grant, or cooperative agreement with the debarred person or entity of such debarment; and</text></clause> <clause id="idCFAF9C29C2D24F0A80C20B431712FC1A"><enum>(ii)</enum><text display-inline="yes-display-inline">after soliciting and considering the views of all such agencies and departments, may waive the operation of this paragraph.</text></clause></subparagraph>
<subparagraph id="H9EC3C370F72F46F9B7B1B0E47A70611C"><enum>(D)</enum><header>Review</header><text display-inline="yes-display-inline">Any decision to debar a person or entity under in accordance with this paragraph shall be reviewable pursuant to part 9.4 of the Federal Acquisition Regulation.</text></subparagraph></paragraph><after-quoted-block>; and</after-quoted-block></quoted-block></subparagraph></paragraph> <paragraph id="H8385141AF7A14E53A2DFFD1E255DDEEC"><enum>(2)</enum><text>in subsection (f)—</text>
<subparagraph id="id0EA6CFB7C90643C885D43FE1F9A13183"><enum>(A)</enum><text>by amending paragraph (1) to read as follows:</text> <quoted-block style="OLC" id="H84C1B1CBCCA7439891139CF05A2E958E"> <paragraph id="H8390BC6C499D4DE389A9BD40824B9292"><enum>(1)</enum><header>Criminal penalty</header><text>Any person or entity which engages in a pattern or practice of violations of subsection (a)(1) or (2) shall be fined not more than $30,000 for each unauthorized alien with respect to which such a violation occurs, imprisoned for not less than 1 year and not more than 10 years, or both, notwithstanding the provisions of any other Federal law relating to fine levels.</text></paragraph><after-quoted-block>; and</after-quoted-block></quoted-block></subparagraph>
<subparagraph commented="no" display-inline="no-display-inline" id="HA80945C3ECA34F949C05F40C47897DBA"><enum>(B)</enum><text>in paragraph (2), by striking <quote>Attorney General</quote> each place it appears and inserting <quote>Secretary of Homeland Security</quote>.</text></subparagraph></paragraph></subsection></section> <section id="ID46ef385f2f244d1bacbe5c1be95b696a"><enum>5.</enum><header>Preemption; liability</header><text display-inline="no-display-inline">Section 402 of the Illegal Immigration Reform and Immigrant Responsibility Act of 1996 (<external-xref legal-doc="usc" parsable-cite="usc/8/1324a">8 U.S.C. 1324a</external-xref> note), as amended by this Act, is further amended by adding at the end the following:</text>
<quoted-block style="OLC" display-inline="no-display-inline" id="id396960E3606C4EF1862555806C164051">
<subsection id="id77B408CCDE29409EB5BA0BE0A8A17E13"><enum>(h)</enum><header>Limitation on State authority</header>
<paragraph id="id80A4958B380D4378A981A4500513DA0D"><enum>(1)</enum><header>Preemption</header><text display-inline="yes-display-inline">A State or local government may not prohibit a person or other entity from verifying the employment authorization of new hires or current employees through E-Verify.</text></paragraph> <paragraph commented="no" display-inline="no-display-inline" id="id860DFD55454C41A4A9B1551D22376DEB"><enum>(2)</enum><header>Liability</header><text display-inline="yes-display-inline">A person or other entity that participates in E-Verify may not be held liable under any Federal, State, or local law for any employment-related action taken with respect to the wrongful termination of an individual in good faith reliance on information provided through E-Verify.</text></paragraph></subsection><after-quoted-block>.</after-quoted-block></quoted-block></section>
<section id="ID719e8661e4d84c17883837a399f5d6d8"><enum>6.</enum><header>Expanded use of E-Verify</header><text display-inline="no-display-inline">Section 403(a)(3)(A) of the Illegal Immigration Reform and Immigrant Responsibility Act of 1996 (<external-xref legal-doc="usc" parsable-cite="usc/8/1324a">8 U.S.C. 1324a</external-xref> note) is amended to read as follows:</text> <quoted-block style="OLC" display-inline="no-display-inline" id="idE0620A65396244E98E60819E63B7AEB1"> <subparagraph id="ID074cc84a9eb14733b99d108dafbdd2d6"><enum>(A)</enum><header>In general</header> <clause id="id440DA9DDB328480891A58EBF107B8B46"><enum>(i)</enum><header>Before hiring</header><text>The person or other entity may verify the employment eligibility of an individual through E-Verify before the individual is hired, recruited, or referred if the individual consents to such verification. If an employer receives a tentative nonconfirmation for an individual, the employer shall comply with procedures prescribed by the Secretary of Homeland Security, including—</text>
<subclause id="IDee5dc8e216734c7584859273a7220f15"><enum>(I)</enum><text>providing the individual employees with private, written notification of the finding and written referral instructions;</text></subclause> <subclause id="IDe4eb0d3d952147218994a8460a8d7687"><enum>(II)</enum><text>allowing the individual to contest the finding; and</text></subclause>
<subclause id="ID3861c23a98cd40ecb0ddd6e652beea4b"><enum>(III)</enum><text>not taking adverse action against the individual if the individual chooses to contest the finding.</text></subclause></clause> <clause id="id7C755E88073349FCBE088E0440E08BC5"><enum>(ii)</enum><header>After employment offer</header><text>The person or other entity shall verify the employment eligibility of an individual through E-Verify not later than 3 days after the date of the hiring, recruitment, or referral, as the case may be.</text></clause>
<clause id="IDe44c72a66d654d1fbb157bc78e54ebd2"><enum>(iii)</enum><header>Existing employees</header><text>Not later than 1 year after the date of the enactment of the <short-title>Accountability Through Electronic Verification Act</short-title>, the Secretary shall require all employers to use E-Verify to verify the identity and employment eligibility of any individual who has not been previously verified by the employer through E-Verify.</text></clause></subparagraph><after-quoted-block>.</after-quoted-block></quoted-block></section> <section id="IDb102df27acb44c2aadb76d1dc8f3adb2"><enum>7.</enum><header>Reverification</header><text display-inline="no-display-inline">Section 403(a) of the Illegal Immigration Reform and Immigrant Responsibility Act of 1996 (<external-xref legal-doc="usc" parsable-cite="usc/8/1324a">8 U.S.C. 1324a</external-xref> note), as amended by section 6, is further amended by adding at the end the following:</text>
<quoted-block style="OLC" display-inline="no-display-inline" id="id7D1A3950487C460887312562524EEE7F">
<paragraph id="IDb36b9e185a9443fbbaad801114e98564"><enum>(5)</enum><header>Reverification</header><text>Each person or other entity participating in E-Verify shall use the E-Verify confirmation system to reverify the work authorization of any individual not later than 3 days after the date on which such individual’s employment authorization is scheduled to expire (as indicated by the Secretary or the documents provided to the employer pursuant to section 274A(b) of the Immigration and Nationality Act (<external-xref legal-doc="usc" parsable-cite="usc/8/1324a">8 U.S.C. 1324a(b)</external-xref>)), in accordance with the procedures set forth in this subsection and section 402.</text></paragraph><after-quoted-block>.</after-quoted-block></quoted-block></section> <section commented="no" display-inline="no-display-inline" id="id703DCFE1CCAB4BF79365E79F17F9A244"><enum>8.</enum><header>Holding employers accountable</header> <subsection commented="no" display-inline="no-display-inline" id="idAD869911935D4974BF16D376435C385B"><enum>(a)</enum><header>Consequences of nonconfirmation</header><text>Section 403(a)(4)(C) of the Illegal Immigration Reform and Immigrant Responsibility Act of 1996 (<external-xref legal-doc="usc" parsable-cite="usc/8/1324a">8 U.S.C. 1324a</external-xref> note) is amended to read as follows:</text>
<quoted-block style="OLC" display-inline="no-display-inline" id="id6FC3DE1CF5554CFB8CF3C3E3026B62E9">
<subparagraph id="ID3af88ff706f14e1fb3fa6012db3d4bb2"><enum>(C)</enum><header>Consequences of nonconfirmation</header>
<clause id="id960209860C78465F85399766AFE7A5D8"><enum>(i)</enum><header>Termination and notification</header><text>If the person or other entity receives a final nonconfirmation regarding an individual, the employer shall immediately—</text> <subclause id="id0BF49D1D073F42C1A7F6A12C9C7138CB"><enum>(I)</enum><text>terminate the employment, recruitment, or referral of the individual; and</text></subclause>
<subclause id="id7ADAD7201AAE4A3E99631C2117132097"><enum>(II)</enum><text>submit to the Secretary any information relating to the individual that the Secretary determines would assist the Secretary in enforcing or administering United States immigration laws.</text></subclause></clause> <clause id="id8F5FA85C45224628A134F4B76BF7ED8C"><enum>(ii)</enum><header>Consequence of continued employment</header><text>If the person or other entity continues to employ, recruit, or refer the individual after receiving final nonconfirmation, a rebuttable presumption is created that the employer has violated section 274A of the Immigration and Nationality Act (<external-xref legal-doc="usc" parsable-cite="usc/8/1324a">8 U.S.C. 1324a</external-xref>).</text></clause></subparagraph><after-quoted-block>.</after-quoted-block></quoted-block></subsection>
<subsection id="IDf6a2b57bf72048c695c1832f396910ec"><enum>(b)</enum><header>Interagency nonconfirmation report</header><text>Section 405 of the Illegal Immigration Reform and Immigrant Responsibility Act of 1996 (<external-xref legal-doc="usc" parsable-cite="usc/8/1324a">8 U.S.C. 1324a</external-xref> note) is amended by adding at the end the following:</text> <quoted-block style="OLC" display-inline="no-display-inline" id="id14EE25B9E0604B33AAC92CB618CC2810"> <subsection id="IDc4f04e12a2c0433aaeee475524518302"><enum>(c)</enum><header>Interagency nonconfirmation report</header> <paragraph id="id454E090D5D6243C782030E87637E4E39"><enum>(1)</enum><header>In general</header><text>The Director of U.S. Citizenship and Immigration Services shall submit a weekly report to the Assistant Secretary of Immigration and Customs Enforcement that includes, for each individual who receives final nonconfirmation through E-Verify—</text>
<subparagraph id="ID22055f80f225434484fefd6a40852f3b"><enum>(A)</enum><text>the name of such individual;</text></subparagraph> <subparagraph id="IDe865d120c80b4a1b859576798ff9f646"><enum>(B)</enum><text>his or her Social Security number or alien file number;</text></subparagraph>
<subparagraph id="IDd88c9717fade48c18d9148defd10823e"><enum>(C)</enum><text>the name and contact information for his or her current employer; and</text></subparagraph> <subparagraph id="IDdfc7a4872cdc499ca7622f8ede67c3a8"><enum>(D)</enum><text>any other critical information that the Assistant Secretary determines to be appropriate.</text></subparagraph></paragraph>
<paragraph commented="no" display-inline="no-display-inline" id="ID48c4757839374c38b4f8b28b68742c5d"><enum>(2)</enum><header>Use of weekly report</header><text>The Secretary of Homeland Security shall use information provided under paragraph (1) to enforce compliance of the United States immigration laws.</text></paragraph></subsection><after-quoted-block>.</after-quoted-block></quoted-block></subsection></section> <section id="IDc180d83c7c9e490888adad186eed2736"><enum>9.</enum><header>Information sharing</header><text display-inline="no-display-inline">Not later than 1 year after the date of the enactment of this Act, the Commissioner of Social Security, the Commissioner of Internal Revenue, the Secretary of Homeland Security, and the Secretary of the Treasury shall jointly establish a program to share information among such agencies that may or could lead to the identification of unauthorized aliens (as defined under section 274A(h)(3) of the Immigration and Nationality Act (<external-xref legal-doc="usc" parsable-cite="usc/8/1324a">8 U.S.C. 1324a(h)(3)</external-xref>), including no-match letters and any information in the earnings suspense file.</text></section>
<section id="id0224D80DC37D4589AC2FB245EFC29BD7"><enum>10.</enum><header>Form I–9 process</header><text display-inline="no-display-inline">Not later than 9 months after date of the enactment of this Act, the Secretary of Homeland Security shall submit a report to Congress that contains recommendations for—</text> <paragraph id="id3F2946BC42814B8D81D905473B011956"><enum>(1)</enum><text display-inline="yes-display-inline">modifying and simplifying the process by which employers are required to complete and retain a Form I–9 for each employee pursuant to section 274A of the Immigration and Nationality Act (<external-xref legal-doc="usc" parsable-cite="usc/8/1324a">8 U.S.C. 1324a</external-xref>); and</text></paragraph>
<paragraph id="id1C27EA80C1BF4139B1083220F7FBD2BB"><enum>(2)</enum><text display-inline="yes-display-inline">eliminating the process described in paragraph (1).</text></paragraph></section> <section id="idA3A4BCE6BB084245A091C433A78517AD"><enum>11.</enum><header>Algorithm</header><text display-inline="no-display-inline">Section 404(d) of the Illegal Immigration Reform and Immigrant Responsibility Act of 1996 (<external-xref legal-doc="usc" parsable-cite="usc/8/1324a">8 U.S.C. 1324a</external-xref> note) is amended to read as follows:</text>
<quoted-block style="OLC" display-inline="no-display-inline" id="id34616838E9D1480E93A5609D5B9081B0">
<subsection id="IDad080b5725a34e8aa7d0700e670f2648"><enum>(d)</enum><header>Design and operation of system</header><text>E-Verify shall be designed and operated—</text> <paragraph id="ID80260832bf2d448687331a02ae8e7fcb"><enum>(1)</enum><text>to maximize its reliability and ease of use by employers;</text></paragraph>
<paragraph id="id1FE762431CC245CDA558C9467B8B458D"><enum>(2)</enum><text>to insulate and protect the privacy and security of the underlying information;</text></paragraph> <paragraph id="id8AC0EFFA39434319A25F3553FD2104EE"><enum>(3)</enum><text>to maintain appropriate administrative, technical, and physical safeguards to prevent unauthorized disclosure of personal information;</text></paragraph>
<paragraph id="IDb7122fab65074e1685fe8f6571f2c1f2"><enum>(4)</enum><text>to respond accurately to all inquiries made by employers on whether individuals are authorized to be employed;</text></paragraph> <paragraph id="id8D62EC1C2C0842E9A0D4C6433EB7CA70"><enum>(5)</enum><text>to register any time when E-Verify is unable to receive inquiries;</text></paragraph>
<paragraph id="IDe03d5abc0ecd4443ba8cbbc9ebfb92e1"><enum>(6)</enum><text>to allow for auditing use of the system to detect fraud and identify theft;</text></paragraph> <paragraph id="id93D75929A6784AAFAEAF17780A2CBD6A"><enum>(7)</enum><text>to preserve the security of the information in all of the system by—</text>
<subparagraph id="ID9d5a7cfc7c3a4463852f0e135dc9b243"><enum>(A)</enum><text>developing and using algorithms to detect potential identity theft, such as multiple uses of the same identifying information or documents;</text></subparagraph> <subparagraph id="IDd841dfd382f545548286dd47cd9163ca"><enum>(B)</enum><text>developing and using algorithms to detect misuse of the system by employers and employees;</text></subparagraph>
<subparagraph id="ID34d4a80fab4a4e1bb06bd5893672f53a"><enum>(C)</enum><text>developing capabilities to detect anomalies in the use of the system that may indicate potential fraud or misuse of the system; and</text></subparagraph> <subparagraph id="ID7ff3d19b5176427a863cb6bfe541a5cd"><enum>(D)</enum><text>auditing documents and information submitted by potential employees to employers, including authority to conduct interviews with employers and employees;</text></subparagraph></paragraph>
<paragraph id="ID8f4f7466a1104c568ec0031aa1354cd2"><enum>(8)</enum><text>to confirm identity and work authorization through verification of records maintained by the Secretary, other Federal departments, States, the Commonwealth of the Northern Mariana Islands, or an outlying possession of the United States, as determined necessary by the Secretary, including—</text> <subparagraph id="IDc1fc700ffaa74d768a6921e83242f10d"><enum>(A)</enum><text>records maintained by the Social Security Administration;</text></subparagraph>
<subparagraph id="ID91387a8106db4abb84e5f865726813d3"><enum>(B)</enum><text>birth and death records maintained by vital statistics agencies of any State or other jurisdiction in the United States;</text></subparagraph> <subparagraph id="IDca35eea58aca48d1b9536ffffbf51d96"><enum>(C)</enum><text>passport and visa records (including photographs) maintained by the Department of State; and</text></subparagraph>
<subparagraph id="ID4a0994b63da24770a0bd2974ccbbbe82"><enum>(D)</enum><text>State driver's license or identity card information (including photographs) maintained by State department of motor vehicles;</text></subparagraph></paragraph> <paragraph id="ID894001bd3e394ee9866caa9d40f8a711"><enum>(9)</enum><text>to electronically confirm the issuance of the employment authorization or identity document; and</text></paragraph>
<paragraph id="id968D8F1F542D47FCA5A7193E6A8A6B03"><enum>(10)</enum><text>to display the digital photograph that the issuer placed on the document so that the employer can compare the photograph displayed to the photograph on the document presented by the employee or, in exceptional cases, if a photograph is not available from the issuer, to provide for a temporary alternative procedure, specified by the Secretary, for confirming the authenticity of the document.</text></paragraph></subsection><after-quoted-block>.</after-quoted-block></quoted-block></section> <section id="idE0EF6604AD9D4773874364C578B30B9A"><enum>12.</enum><header>Identity theft</header><text display-inline="no-display-inline">Section 1028 of title 18, United States Code, is amended—</text>
<paragraph id="ID685aa08659114729aee68e4e6b91ec94"><enum>(1)</enum><text>in subsection (a)(7), by striking <quote>of another person</quote> and inserting <quote>that is not his or her own</quote>; and</text></paragraph> <paragraph id="ID91e9317accbe4d7ba73497d0ea717537"><enum>(2)</enum><text>in subsection (b)(3)—</text>
<subparagraph id="ID80ded4b1b2ef4d7baa883c0f33db9251"><enum>(A)</enum><text>in subparagraph (B), by striking <quote>or</quote> at the end;</text></subparagraph> <subparagraph id="IDa18543e8715c4c17a9e6aef645d8720d"><enum>(B)</enum><text>in subparagraph (C), by adding <quote>or</quote> at the end; and</text></subparagraph>
<subparagraph id="ID65df9feb7d41437485a375c8376c4e21"><enum>(C)</enum><text>by adding at the end the following:</text> <quoted-block style="OLC" display-inline="no-display-inline" id="idB080232A6C1744139E1715902BE29017"> <subparagraph id="IDef101ff57aaa4366a673a336b007f864"><enum>(D)</enum><text>to facilitate or assist in harboring or hiring unauthorized workers in violation of section 274, 274A, or 274C of the Immigration and Nationality Act (<external-xref legal-doc="usc" parsable-cite="usc/8/1324">8 U.S.C. 1324</external-xref>, 1324a, and 1324c).</text></subparagraph><after-quoted-block>.</after-quoted-block></quoted-block></subparagraph></paragraph></section>
<section id="IDbe3f70d00c0f4d67b7af66a5908a24ca"><enum>13.</enum><header>Small Business Demonstration Program</header><text display-inline="no-display-inline">Section 403 of the Illegal Immigration Reform and Immigrant Responsibility Act of 1996 (<external-xref legal-doc="usc" parsable-cite="usc/8/1324a">8 U.S.C. 1324a</external-xref> note), as amended by this Act, is further amended—</text> <paragraph id="ID309ecd4d5447486c814c940717360d5c"><enum>(1)</enum><text>by redesignating subsection (d) as subsection (e); and</text></paragraph>
<paragraph id="ID969ea3122b004b6b9ee0650cd25365f2"><enum>(2)</enum><text>by inserting after subsection (c) the following:</text> <quoted-block style="OLC" display-inline="no-display-inline" id="idBEADAF3B23AB4B11A9930325CBF291E5"> <subsection commented="no" display-inline="no-display-inline" id="ID362ce6ab5c99403da24901f2f8c98427"><enum>(d)</enum><header>Small Business Demonstration Program</header><text>Not later than 9 months after the date of the enactment of the <short-title>Accountability Through Electronic Verification Act</short-title>, the Director of U.S. Citizenship and Immigration Services shall establish a demonstration program that assists small businesses in rural areas or areas without internet capabilities to verify the employment eligibility of newly hired employees solely through the use of publicly accessible internet terminals.</text></subsection><after-quoted-block>.</after-quoted-block></quoted-block></paragraph></section>
<section id="id7e6f1aa7c6214316a02e272d32cc9d8b"><enum>14.</enum><header>Employer Compliance Inspection Center</header>
<subsection id="id90E0418D40A842E7800E6901063130A4"><enum>(a)</enum><header>Establishment</header><text display-inline="yes-display-inline">There is established, within Homeland Security Investigations of U.S. Immigration and Customs Enforcement, the Employer Compliance Inspection Center (referred to in this section as the <quote>Center</quote>).</text></subsection> <subsection id="id99EF5114986D4B07BC756DBC05BA7A5C"><enum>(b)</enum><header>Purposes</header><text>The establishment of the Center is intended—</text>
<paragraph id="id90969A35C3AA460B9D823AE4711BC500"><enum>(1)</enum><text>to create a culture of compliance for all United States businesses by imposing more effective, efficient, and standardized consequences, including civil and criminal penalties, on employers who fail to comply with the employment eligibility verification requirements; and</text></paragraph> <paragraph id="id660183FF7B08414CBFA725F69348345D"><enum>(2)</enum><text>to consolidate worksite enforcement audits at a centralized location to ensure a standardized process and uniform application of the fine matrix.</text></paragraph></subsection>
<subsection id="id5DECD6627B8E4390B3DA1ECD6E714D36"><enum>(c)</enum><header>Duties</header><text display-inline="yes-display-inline">The Center shall—</text> <paragraph id="id78A7256363DC46C08EB5AD307589F939"><enum>(1)</enum><text display-inline="yes-display-inline">carry out duties related to the processing of the Employment Eligibility Verification Form I–9, including audits, and related worksite enforcement investigations;</text></paragraph>
<paragraph id="id15AACEA8E66B407E90135FB13C012E24"><enum>(2)</enum><text>ensure that all United States businesses adhere to existing laws and regulations regarding employment eligibility; and</text></paragraph> <paragraph id="id68c375f9204441c996335897e02b887f"><enum>(3)</enum><text>carry out such additional duties as may be assigned or delegated by the Director of U.S. Immigration and Customs Enforcement.</text></paragraph></subsection>
<subsection id="id8c4cb04a6c024f8db2a2001054266db3"><enum>(d)</enum><header>Response time</header><text>The Center shall respond as quickly as practicable to employer inquiries based on the facts and circumstances of the employer making the inquiry.</text></subsection> <subsection id="id8e78e00668d541e08407678746a7efef"><enum>(e)</enum><header>Task force</header><text>The Center shall establish a task force, utilizing existing information sharing agreements with other Federal agencies, including the Social Security Administration, U.S. Citizenship and Immigration Services, the Department of Labor, and the Internal Revenue Service, to serve as a force multiplier to proactively investigate crimes, including Social Security fraud, tax fraud, and wage and hour violations.</text></subsection></section>
</legis-body>
</bill> 


