<?xml version="1.0"?>
<?xml-stylesheet type="text/xsl" href="billres.xsl"?>
<!DOCTYPE bill PUBLIC "-//US Congress//DTDs/bill.dtd//EN" "bill.dtd">
<bill bill-stage="Introduced-in-Senate" dms-id="A1" public-private="public" slc-id="S1-MIR21225-XN6-LD-9LM"><metadata xmlns:dc="http://purl.org/dc/elements/1.1/">
<dublinCore>
<dc:title>117 S404 IS: Coronavirus Housing Counseling Improvement Act</dc:title>
<dc:publisher>U.S. Senate</dc:publisher>
<dc:date>2021-02-24</dc:date>
<dc:format>text/xml</dc:format>
<dc:language>EN</dc:language>
<dc:rights>Pursuant to Title 17 Section 105 of the United States Code, this file is not subject to copyright protection and is in the public domain.</dc:rights>
</dublinCore>
</metadata>
<form>
<distribution-code display="yes">II</distribution-code><congress>117th CONGRESS</congress><session>1st Session</session><legis-num>S. 404</legis-num><current-chamber>IN THE SENATE OF THE UNITED STATES</current-chamber><action><action-date date="20210224">February 24, 2021</action-date><action-desc><sponsor name-id="S306">Mr. Menendez</sponsor> (for himself, <cosponsor name-id="S307">Mr. Brown</cosponsor>, <cosponsor name-id="S366">Ms. Warren</cosponsor>, <cosponsor name-id="S394">Ms. Smith</cosponsor>, <cosponsor name-id="S259">Mr. Reed</cosponsor>, <cosponsor name-id="S253">Mr. Durbin</cosponsor>, <cosponsor name-id="S229">Mrs. Murray</cosponsor>, <cosponsor name-id="S247">Mr. Wyden</cosponsor>, <cosponsor name-id="S313">Mr. Sanders</cosponsor>, <cosponsor name-id="S385">Ms. Cortez Masto</cosponsor>, <cosponsor name-id="S308">Mr. Cardin</cosponsor>, <cosponsor name-id="S354">Ms. Baldwin</cosponsor>, <cosponsor name-id="S390">Mr. Van Hollen</cosponsor>, <cosponsor name-id="S341">Mr. Blumenthal</cosponsor>, <cosponsor name-id="S402">Ms. Rosen</cosponsor>, <cosponsor name-id="S337">Mr. Coons</cosponsor>, <cosponsor name-id="S311">Ms. Klobuchar</cosponsor>, <cosponsor name-id="S361">Ms. Hirono</cosponsor>, <cosponsor name-id="S415">Mr. Warnock</cosponsor>, <cosponsor name-id="S369">Mr. Markey</cosponsor>, <cosponsor name-id="S362">Mr. Kaine</cosponsor>, <cosponsor name-id="S221">Mrs. Feinstein</cosponsor>, <cosponsor name-id="S370">Mr. Booker</cosponsor>, <cosponsor name-id="S330">Mr. Bennet</cosponsor>, <cosponsor name-id="S314">Mr. Tester</cosponsor>, and <cosponsor name-id="S322">Mr. Merkley</cosponsor>) introduced the following bill; which was read twice and referred to the <committee-name committee-id="SSBK00">Committee on Banking, Housing, and Urban Affairs</committee-name></action-desc></action><legis-type>A BILL</legis-type><official-title>To provide funding for the Neighborhood Reinvestment Corporation Act, and for other purposes.</official-title></form><legis-body display-enacting-clause="yes-display-enacting-clause"><section section-type="section-one" id="S1"><enum>1.</enum><header>Short title</header><text display-inline="no-display-inline">This Act may be cited as the <quote><short-title>Coronavirus Housing Counseling Improvement Act</short-title></quote>.</text></section><section id="id107b763b10784d86b06361720bb93e35"><enum>2.</enum><header>Funding for housing counseling services</header><subsection id="id53b339b508df446796cc69ea8bcbb69b"><enum>(a)</enum><header>Congressional findings</header><text>Congress finds that—</text><paragraph id="ida86b68dc2f6c424a819b57a4a53721ba"><enum>(1)</enum><text>the spread of Coronavirus Disease 2019 (COVID–19) continues to negatively impact the incomes of millions of homeowners, renters, individuals experiencing homelessness, and individuals at risk of homelessness, making it difficult for them to pay their mortgages or rents on time;</text></paragraph><paragraph id="id3abec82353a24bc5a510bf1c33b8f885"><enum>(2)</enum><text>housing counseling is critical to ensuring that homeowners, renters, individuals experiencing homelessness, and individuals at risk of homelessness have the resources they need to manage financial hardships from the COVID–19 crisis;</text></paragraph><paragraph id="id5b692f4629bc4131807cee2b82dcf1ad"><enum>(3)</enum><text>loan preservation and foreclosure mitigation services are also critical to address the needs of homeowners who lose employment and income because of the pandemic and who face serious delinquency or home loan default, or are in foreclosing proceedings during this period; and</text></paragraph><paragraph id="ide58c903c8ccb4a37993ec23b98e1d650"><enum>(4)</enum><text>evaluations from the National Foreclosure Mitigation Counseling program revealed that homeowners at risk of or facing foreclosure are better served when they have access to a housing counselor and a range of tools and resources to help them avoid losing their home and have the support they need to tailor the best possible response to their situation.</text></paragraph></subsection><subsection id="id1d3bc4ea11d040cea788c60ba54fa431"><enum>(b)</enum><header>Authorization of appropriations</header><text>There is authorized to be appropriated to the Neighborhood Reinvestment Corporation (in this section referred to as the <quote>Corporation</quote>) established under the Neighborhood Reinvestment Corporation Act (<external-xref legal-doc="usc" parsable-cite="usc/42/8101">42 U.S.C. 8101</external-xref> et seq.) $700,000,000 for fiscal year 2021 for housing counseling services, which shall remain available until September 30, 2024. </text></subsection><subsection id="id04f2abdb0a884319afa097e3540eae25"><enum>(c)</enum><header>Prioritization of housing counseling services</header><text>Of any grant funds made available pursuant to subsection (b), not less than 40 percent shall be provided to counseling organizations that target counseling services to minority and low-income homeowners, renters, individuals experiencing homelessness, and individuals at risk of homelessness or provide such services in neighborhoods with high concentrations of minority and low-income homeowners, renters, individuals experiencing homelessness, and individuals at risk of homelessness.</text></subsection><subsection id="id494665c1dd4843a4b09ccd3145e5ad28"><enum>(d)</enum><header>Eligible uses</header><text>Amounts made available pursuant to subsection (b) may be used in such amounts as the Corporation determines for costs of—</text><paragraph id="id3e50f1119503493c8ac1334fcddc7b24"><enum>(1)</enum><text> public education and outreach;</text></paragraph><paragraph id="id27913c80d46a4f78b099a9593ad932ec"><enum>(2)</enum><text> direct services, including the full range of services provided by housing counselors to assist homeowners, including manufactured homeowners, regardless of financing type, renters, individuals experiencing homelessness, and individuals at risk of homelessness, including the practices, tools, and innovations in foreclosure mitigation that were utilized in the National Foreclosure Mitigation Counseling Program, and financial capability, credit counseling, homeless counseling, and rental counseling;</text></paragraph><paragraph id="id6ab75321613e429a989a80b1515fd951"><enum>(3)</enum><text> equipment and technology, including broad­band internet and equipment upgrades needed to ensure timely and effective service delivery;</text></paragraph><paragraph id="iddf5748078a9c4dfe8d63d56b3a834cfc"><enum>(4)</enum><text>training, including capacitating housing counseling staff in various modes of counseling, including rental and foreclosure, delivery of remote counseling utilizing improved technology, enhanced network security, and supportive options for the delivery of client services; and</text></paragraph><paragraph id="idB857E011EB7F48BE9D0411E2B6937F92"><enum>(5)</enum><text>administration and oversight of the program in accordance with the rate of the Corporation for program administration.</text></paragraph></subsection><subsection id="id2a6005b780074d79bf4e9a971442cf66"><enum>(e)</enum><header>Disbursement</header><paragraph id="idAB0F1805700D45EF96599AEB50F5DFD5"><enum>(1)</enum><header>In general</header><text>The Corporation shall disburse all grant funds made available pursuant to subsection (b) as expeditiously as possible, through grants to housing counseling intermediaries approved by the Department of Housing and Urban Development, State housing finance agencies, and NeighborWorks organizations.</text></paragraph><paragraph id="id21A90D58703B4E74A15CA012C19BE93E"><enum>(2)</enum><header>Limitation</header><text>The aggregate amount provided to NeighborWorks organizations under this section shall not exceed 15 percent of the total of grant funds made available pursuant to subsection (b).</text></paragraph></subsection></section></legis-body></bill> 

