<?xml version="1.0"?>
<?xml-stylesheet type="text/xsl" href="billres.xsl"?>
<!DOCTYPE bill PUBLIC "-//US Congress//DTDs/bill.dtd//EN" "bill.dtd">
<bill bill-stage="Introduced-in-Senate" dms-id="A1" public-private="public" slc-id="S1-GOE21161-N1J-4Y-WKC"><metadata xmlns:dc="http://purl.org/dc/elements/1.1/">
<dublinCore>
<dc:title>117 S316 IS: Fly Safe and Healthy Act of 2021</dc:title>
<dc:publisher>U.S. Senate</dc:publisher>
<dc:date>2021-02-12</dc:date>
<dc:format>text/xml</dc:format>
<dc:language>EN</dc:language>
<dc:rights>Pursuant to Title 17 Section 105 of the United States Code, this file is not subject to copyright protection and is in the public domain.</dc:rights>
</dublinCore>
</metadata>
<form>
<distribution-code display="yes">II</distribution-code><congress>117th CONGRESS</congress><session>1st Session</session><legis-num>S. 316</legis-num><current-chamber>IN THE SENATE OF THE UNITED STATES</current-chamber><action><action-date date="20210212">February 12, 2021</action-date><action-desc><sponsor name-id="S275">Ms. Cantwell</sponsor> (for herself and <cosponsor name-id="S404">Mr. Scott of Florida</cosponsor>) introduced the following bill; which was read twice and referred to the <committee-name committee-id="SSCM00">Committee on Commerce, Science, and Transportation</committee-name></action-desc></action><legis-type>A BILL</legis-type><official-title>To establish a temperature checks pilot program for air transportation, and for other purposes.</official-title></form><legis-body display-enacting-clause="yes-display-enacting-clause"><section section-type="section-one" id="S1"><enum>1.</enum><header>Short title</header><text display-inline="no-display-inline">This Act may be cited as the <quote><short-title>Fly Safe and Healthy Act of 2021</short-title></quote>. </text></section><section id="id7d2c1b049ad844ce93681f03af4687c2"><enum>2.</enum><header>Definitions</header><text display-inline="no-display-inline">In this Act:</text><paragraph id="idcbb9ea3e7ecf467d81fd644d1a921ece"><enum>(1)</enum><header>Administrator</header><text>The term <term>Administrator</term> means the Administrator of the Transportation Security Administration.</text></paragraph><paragraph id="id0814b5d427414af3a34b9e0a524a566d"><enum>(2)</enum><header>Air transportation</header><text>The term <term>air transportation</term> has the meaning given that term in section 40102 of title 49, United States Code.</text></paragraph><paragraph id="id9fd2d1d675274af3b7ef041a9f19222b"><enum>(3)</enum><header>COVID–19 public health emergency</header><text>The term <term>COVID–19 public health emergency</term> means the public health emergency first declared on January 31, 2020, by the Secretary of Health and Human Services under section 319 of the Public Health Service Act (<external-xref legal-doc="usc" parsable-cite="usc/42/247d">42 U.S.C. 247d</external-xref>) with respect to the 2019 Novel Coronavirus (COVID–19) and includes any renewal of such declaration pursuant to such section 319.</text></paragraph><paragraph id="id8b670078c5ae4a398329d1ff48dcac79"><enum>(4)</enum><header>Fever</header><text>The term <term>fever</term> means 100.4 degrees Fahrenheit or higher, or the meaning given that term pursuant to guidelines of the Centers for Disease Control and Prevention related to COVID–19.</text></paragraph><paragraph id="idd31d1fa6fc82401daddedc4376e0bd5d"><enum>(5)</enum><header>Secretary</header><text>The term <term>Secretary</term> means the Secretary of Transportation.</text></paragraph><paragraph id="id092f34a1a2fa41458a606e492f435f3d"><enum>(6)</enum><header>Sterile area</header><text>The term <term>sterile area</term> has the meaning given that term in section 1540.5 of title 49, Code of Federal Regulations (or any successor regulation).</text></paragraph><paragraph id="id09b7db93a4904defb8a24822b614d3af"><enum>(7)</enum><header>Temperature check</header><text>The term <term>temperature check</term> means the screening of individuals for a fever. </text></paragraph></section><section id="ida3cbfa003c32440db62909d783ad9cfb"><enum>3.</enum><header>Temperature checks pilot program</header><subsection id="id2137c7b39969495483cc4ea9972a0b91"><enum>(a)</enum><header>In general</header><text>Not later than 30 days after the enactment of this Act, the Administrator, in consultation with the Secretary, the Secretary of Homeland Security, the Secretary of Health and Human Services, and the Director of the Centers for Disease Control and Prevention, shall establish a 120-day pilot program to conduct temperature checks for domestic and international passengers, individuals accompanying those passengers, crew members, and other individuals who pass through airports and airport security screening locations (referred to in this section as the <term>pilot program</term>). The Administrator shall select airports that represent diverse operating conditions, such as high, medium, and low passenger throughput, and locations for the pilot program.</text></subsection><subsection id="id74d650cbab3f4c2bbce7637d139b55f4"><enum>(b)</enum><header>Screening</header><text>The pilot program shall require screening of passengers, individuals accompanying those passengers, crew members, and other individuals who pass through airports and airport security screening locations for fevers. An individual who is found to have a fever shall be subject to secondary medical screening. An individual who registers a fever during a temperature check conducted under the pilot program shall be denied admission to the sterile area of the airport.</text></subsection><subsection id="id499e7650f7eb4422a555f30f65394016"><enum>(c)</enum><header>Elements</header><text>In developing the pilot program, the Administrator shall address—</text><paragraph id="idea2b34001fc0423eaf3eb9a2c3a0f446"><enum>(1)</enum><text>the types of technology that may be used to conduct temperature checks;</text></paragraph><paragraph id="ide430f2c6c42b4c05987cb3f1df90b776"><enum>(2)</enum><text>policies applicable to screening procedures;</text></paragraph><paragraph id="id04c7d5c261bd44c797faad7be40bd815"><enum>(3)</enum><text>procedures for individuals who register a fever, which shall include secondary screening by a medical professional;</text></paragraph><paragraph id="idcca3001425004a9495b3cebbe2ec620b"><enum>(4)</enum><text>mechanisms for protecting the privacy and medical information of individuals subjected to temperature checks;</text></paragraph><paragraph id="idf30d18f475df485c972564fc3329eb30"><enum>(5)</enum><text>procedures for accommodating individuals with disabilities or observing certain religious practices, as appropriate;</text></paragraph><paragraph id="id48799bfc095a4afa9b6ba996891e4105"><enum>(6)</enum><text>procedures for exempting individuals who may have a fever unrelated to COVID–19;</text></paragraph><paragraph id="id2060B1DB90144F189D259021B84B73E7"><enum>(7)</enum><text>training on the policies, procedures, and equipment for employees responsible for implementing the pilot program, to be completed prior to initiation of such program; and</text></paragraph><paragraph id="id4AAB8F92D57E40BFA57EC5AECAB6A281"><enum>(8)</enum><text>policies to ensure a final decision regarding access to the sterile area of an airport are made and carried out by a supervisor.</text></paragraph></subsection><subsection id="idf7bd663593c7404083d5abc0ae7f374c"><enum>(d)</enum><header>Equipment</header><text>The Administrator only may conduct temperature checks under the program established under this section using a device lawfully manufactured and distributed, or a device manufactured and distributed in accordance with guidance issued by the Secretary of Health and Human Services, to measure the body temperature of a person. </text></subsection><subsection id="id58e87df83006422abb49793233c059f4"><enum>(e)</enum><header>Procurement and coordination</header><paragraph id="id370180B9CBA24BA28B03D6CB85067DDB"><enum>(1)</enum><header>In general</header><text>The Administrator, in coordination with the Commissioner of U.S. Customs and Border Protection, shall procure temperature screening equipment and implement best practices for conducting passenger temperature checks under the pilot program. </text></paragraph><paragraph id="id9fbde9dd9462480fa4bfa06cad02af74"><enum>(2)</enum><header>Rule of construction</header><text>Paragraph (1) shall not be construed as requiring the pilot program to be conducted at U.S. Customs and Border Protection screening locations. </text></paragraph></subsection><subsection id="idb2b961c3186d41cdb35745d54afdce22"><enum>(f)</enum><header>Partnerships</header><paragraph id="idFF05593C3ED041BDAE5378E4057A6D6C"><enum>(1)</enum><header>In general</header><text>The Administrator may enter into partnerships or contracts with private entities, universities or other academic institutions, national laboratories, public health authorities, or other entities to develop, evaluate, or improve technology for purposes of detecting fevers or conducting secondary medical screening under the pilot program. </text></paragraph><paragraph id="id610a8dd10ebc49cd928597f2948b3c03"><enum>(2)</enum><header>Airports</header><text>The Administrator may partner with airports that have temperature screening programs to develop best practices, share data, and implement the pilot program, but may not require airports to share in the costs of the pilot program except by mutual agreement. </text></paragraph></subsection><subsection id="id577aadb2918f41afafb4002127266a20"><enum>(g)</enum><header>Treatment of individuals prohibited in the sterile area</header><paragraph id="idF844052B50A2410F9E11467BB52771B2"><enum>(1)</enum><header>Passengers</header><text>The pilot program shall require air carriers to permit a passenger who is prohibited from flying because they have a fever or as a result of a secondary medical screening to reschedule or cancel the flight the passenger was ticketed for at no cost to the passenger.</text></paragraph><paragraph id="id706DEEE575374FE39DC5856D7AEB396D"><enum>(2)</enum><header>Employees and contractors</header><text>Any airport or airline employee or contractor that is prohibited from entering the sterile area of the airport because they have a fever or as a result of a secondary medical screening under the pilot program shall be subject to the leave policies and procedures of such individual's employer.</text></paragraph></subsection><subsection id="id0ff02d0c3abd4c39aa061cfdf7be46e5"><enum>(h)</enum><header>Program for remainder of COVID–19 public health emergency</header><text>Not later than 90 days after the completion of the pilot program, based on the results of the pilot program and the most up-to-date and best available public health information, data, and evidence-based or evidence-informed scientific information, the Administrator, in coordination with the Secretary, the Secretary of Homeland Security, the Secretary of Health and Human Services, and the Director of the Centers for Disease Control and Prevention, shall issue policy for deploying a temperature check program at airports and airport security screening locations through the end of the COVID–19 public health emergency for domestic and international passengers, individuals accompanying those passengers, crew members, and other individuals who pass through airports and airport security screening locations.</text></subsection><subsection id="id7f0aa2fffc08449292f766df073e46b6"><enum>(i)</enum><header>Authority</header><text>The Administrator shall issue regulations to implement the temperature check program under subsection (h), including with respect to secondary screening requirements. </text></subsection></section><section id="id340b6accc2864ac3960e4608ce91736b"><enum>4.</enum><header>Inclusion of information about traveling during public health emergencies in passenger notification system</header><subsection id="iddf5a550904e34a848831fd86e55a0121"><enum>(a)</enum><header>In general</header><text>The Secretary shall revise section 175.25 of title 49, Code of Federal Regulations, to require the inclusion in the passenger notification system during the COVID–19 public health emergency of—</text><paragraph id="idaeb7f1bf28f7466f8fa138b6f1861b88"><enum>(1)</enum><text>relevant guidelines relating to safe traveling in air transportation;</text></paragraph><paragraph id="id77a4bf5b98504d82b26db23c0eb609c3"><enum>(2)</enum><text>a message discouraging any individual who has a fever from traveling in air transportation; and</text></paragraph><paragraph id="id3864bc29342246708ed7be07f6d5207b"><enum>(3)</enum><text>a notification that each passenger and any individual accompanying a passenger into the sterile area of the airport will undergo a temperature check if the pilot program established under section 3 is in effect in that airport.</text></paragraph></subsection><subsection id="ida493a8b831694f7ea8d420663de08476"><enum>(b)</enum><header>Timelines</header><text>The Secretary shall—</text><paragraph id="id0d8557a153f14a3fb66575ae5295f13d"><enum>(1)</enum><text>revise section 175.25 of title 49, Code of Federal Regulations, in accordance with the requirements of subsection (a) not later than 30 days after the date of enactment of this Act; and</text></paragraph><paragraph id="id6a47782f47d24c01a009cd41d598c56a"><enum>(2)</enum><text>provide for the implementation of such revisions not later than 90 days after such date of enactment. </text></paragraph></subsection></section></legis-body></bill> 

