<?xml version="1.0"?>
<?xml-stylesheet type="text/xsl" href="billres.xsl"?>
<!DOCTYPE bill PUBLIC "-//US Congress//DTDs/bill.dtd//EN" "bill.dtd">
<bill bill-stage="Introduced-in-Senate" dms-id="A1" public-private="public" slc-id="S1-DUN21073-NH1-CH-7RY"><metadata xmlns:dc="http://purl.org/dc/elements/1.1/">
<dublinCore>
<dc:title>117 S339 IS: Federal Initiative to Guarantee Health by Targeting Fentanyl Act</dc:title>
<dc:publisher>U.S. Senate</dc:publisher>
<dc:date>2021-02-22</dc:date>
<dc:format>text/xml</dc:format>
<dc:language>EN</dc:language>
<dc:rights>Pursuant to Title 17 Section 105 of the United States Code, this file is not subject to copyright protection and is in the public domain.</dc:rights>
</dublinCore>
</metadata>
<form>
<distribution-code display="yes">II</distribution-code><congress>117th CONGRESS</congress><session>1st Session</session><legis-num>S. 339</legis-num><current-chamber>IN THE SENATE OF THE UNITED STATES</current-chamber><action><action-date date="20210222">February 22, 2021</action-date><action-desc><sponsor name-id="S349">Mr. Portman</sponsor> (for himself and <cosponsor name-id="S338">Mr. Manchin</cosponsor>) introduced the following bill; which was read twice and referred to the <committee-name committee-id="SSJU00">Committee on the Judiciary</committee-name></action-desc></action><legis-type>A BILL</legis-type><official-title>To amend the Controlled Substances Act to list fentanyl-related substances as schedule I controlled substances, and for other purposes.</official-title></form><legis-body display-enacting-clause="yes-display-enacting-clause"><section section-type="section-one" id="S1"><enum>1.</enum><header>Short title</header><text display-inline="no-display-inline">This Act may be cited as the <quote><short-title>Federal Initiative to Guarantee Health by Targeting Fentanyl Act</short-title></quote>.</text></section><section id="id9FE38620F26F4882B114D8D42C6EEB62"><enum>2.</enum><header>Fentanyl-related substances</header><subsection id="id62FB378FA764426789746AAC4F172A5E"><enum>(a)</enum><header>In general</header><text display-inline="yes-display-inline">Schedule I of section 202(c) of the Controlled Substances Act (<external-xref legal-doc="usc" parsable-cite="usc/21/812">21 U.S.C. 812(c)</external-xref>) is amended by adding at the end the following:</text><quoted-block style="OLC" display-inline="no-display-inline" id="id009CF8378C6B4EEBBF943C1294B806F4"><subsection id="idB27AF4DD875545CBA9D674CBA19E2D85"><enum>(e)</enum><paragraph commented="no" display-inline="yes-display-inline" id="id8E091B9E52EA48B5889FCB5DB692B28D"><enum>(1)</enum><text>Unless specifically exempted or unless listed in another schedule, any material, compound, mixture, or preparation which contains any quantity of fentanyl-related substances, or which contains their salts, isomers, and salts of isomers whenever the existence of such salts, isomers, and salts of isomers is possible within the specific chemical designation.</text></paragraph><paragraph id="id9372F0CF47984B27858C505D858BDEF9" indent="up1"><enum>(2)</enum><text>In paragraph (1), the term <term>fentanyl-related substances</term> includes any substance that is structurally related to fentanyl by 1 or more of the following modifications:</text><subparagraph id="id3013C268E32F4226A67AF8219781E78C"><enum>(A)</enum><text>By replacement of the phenyl portion of the phenethyl group by any monocycle, whether or not further substituted in or on the monocycle.</text></subparagraph><subparagraph id="id34250B18D9ED44BEB3BE89CE36711D2D"><enum>(B)</enum><text>By substitution in or on the phenethyl group with alkyl, alkenyl, alkoxyl, hydroxyl, halo, haloalkyl, amino, or nitro groups.</text></subparagraph><subparagraph id="id2A36D07B33084A46917FBB637699853E"><enum>(C)</enum><text>By substitution in or on the piperidine ring with alkyl, alkenyl, alkoxyl, ester, ether, hydroxyl, halo, haloalkyl, amino, or nitro groups.</text></subparagraph><subparagraph id="id50E2F5226F4A44CBAC728676001A4C3D"><enum>(D)</enum><text>By replacement of the aniline ring with any aromatic monocycle whether or not further substituted in or on the aromatic monocycle.</text></subparagraph><subparagraph id="idFBA93445ADEC4F0DB943D043209F98DE"><enum>(E)</enum><text>By replacement of the N-propionyl group by another acyl group.</text></subparagraph></paragraph></subsection><after-quoted-block>.</after-quoted-block></quoted-block></subsection><subsection id="id2A2216756A204F6EB800344EC9DA4D67"><enum>(b)</enum><header>No minimum sentence</header><text>Section 401(b)(1)(C) of the Controlled Substances Act (21 U.S.C 841(b)(1)(C)) is amended by adding at the end the following: <quote>Any minimum term of imprisonment required to be imposed under this subparagraph shall not apply with respect to a controlled substance described in subsection (e)(1) of schedule I.</quote>.</text></subsection></section></legis-body></bill> 

