<?xml version="1.0"?>
<?xml-stylesheet type="text/xsl" href="billres.xsl"?>
<!DOCTYPE bill PUBLIC "-//US Congress//DTDs/bill.dtd//EN" "bill.dtd">
<bill bill-type="olc" bill-stage="Introduced-in-Senate" dms-id="A1" public-private="public" slc-id="S1-ARM21043-DGF-TH-1P0"><metadata xmlns:dc="http://purl.org/dc/elements/1.1/">
<dublinCore>
<dc:title>117 S90 IS: District of Columbia Police Home Rule Act</dc:title>
<dc:publisher>U.S. Senate</dc:publisher>
<dc:date>2021-01-28</dc:date>
<dc:format>text/xml</dc:format>
<dc:language>EN</dc:language>
<dc:rights>Pursuant to Title 17 Section 105 of the United States Code, this file is not subject to copyright protection and is in the public domain.</dc:rights>
</dublinCore>
</metadata>
<form>
<distribution-code display="yes">II</distribution-code><congress>117th CONGRESS</congress><session>1st Session</session><legis-num>S. 90</legis-num><current-chamber>IN THE SENATE OF THE UNITED STATES</current-chamber><action><action-date date="20210128">January 28, 2021</action-date><action-desc><sponsor name-id="S390">Mr. Van Hollen</sponsor> (for himself, <cosponsor name-id="S277">Mr. Carper</cosponsor>, <cosponsor name-id="S341">Mr. Blumenthal</cosponsor>, <cosponsor name-id="S354">Ms. Baldwin</cosponsor>, <cosponsor name-id="S369">Mr. Markey</cosponsor>, <cosponsor name-id="S362">Mr. Kaine</cosponsor>, <cosponsor name-id="S309">Mr. Casey</cosponsor>, <cosponsor name-id="S385">Ms. Cortez Masto</cosponsor>, and <cosponsor name-id="S247">Mr. Wyden</cosponsor>) introduced the following bill; which was read twice and referred to the <committee-name committee-id="SSGA00">Committee on Homeland Security and Governmental Affairs</committee-name></action-desc></action><legis-type>A BILL</legis-type><official-title>To amend the District of Columbia Home Rule Act to repeal the authority of the President to assume emergency control of the police of the District of Columbia.</official-title></form><legis-body style="OLC" display-enacting-clause="yes-display-enacting-clause" id="H1617C95E15AD4D23A97AB66A9B636798"><section section-type="section-one" id="H990F0185510C4FD88DA45BEA8DF9C51D"><enum>1.</enum><header>Short title</header><text display-inline="no-display-inline">This Act may be cited as the <quote><short-title>District of Columbia Police Home Rule Act</short-title></quote>.</text></section><section id="HA0D7F0EC902A44DD8FCB0CF8C339193D"><enum>2.</enum><header>Repeal of authority of President to assume emergency control of police of District of Columbia</header><subsection id="H131EBE551E594597AC2785B8CDCF64AE"><enum>(a)</enum><header>Repeal of authority</header><text display-inline="yes-display-inline">The District of Columbia Home Rule Act is amended by striking section 740 (sec. 1–207.40, D.C. Official Code).</text></subsection><subsection id="H428CC80B39E645D4AE925E8DEEB56C1D"><enum>(b)</enum><header>Clerical amendment</header><text>The table of contents of such Act is amended by striking the item relating to section 740.</text></subsection></section></legis-body></bill> 

