<?xml version="1.0"?>
<?xml-stylesheet type="text/xsl" href="billres.xsl"?>
<!DOCTYPE bill PUBLIC "-//US Congress//DTDs/bill.dtd//EN" "bill.dtd">
<bill bill-type="olc" bill-stage="Introduced-in-Senate" dms-id="A1" public-private="public" slc-id="S1-MDM21231-6RX-G0-8C2"><metadata xmlns:dc="http://purl.org/dc/elements/1.1/">
<dublinCore>
<dc:title>117 S295 IS: Hong Kong Safe Harbor Act</dc:title>
<dc:publisher>U.S. Senate</dc:publisher>
<dc:date>2021-02-08</dc:date>
<dc:format>text/xml</dc:format>
<dc:language>EN</dc:language>
<dc:rights>Pursuant to Title 17 Section 105 of the United States Code, this file is not subject to copyright protection and is in the public domain.</dc:rights>
</dublinCore>
</metadata>
<form>
<distribution-code display="yes">II</distribution-code><congress>117th CONGRESS</congress><session>1st Session</session><legis-num>S. 295</legis-num><current-chamber>IN THE SENATE OF THE UNITED STATES</current-chamber><action><action-date date="20210208">February 8, 2021</action-date><action-desc><sponsor name-id="S350">Mr. Rubio</sponsor> (for himself, <cosponsor name-id="S306">Mr. Menendez</cosponsor>, <cosponsor name-id="S391">Mr. Young</cosponsor>, <cosponsor name-id="S308">Mr. Cardin</cosponsor>, <cosponsor name-id="S322">Mr. Merkley</cosponsor>, <cosponsor name-id="S287">Mr. Cornyn</cosponsor>, <cosponsor name-id="S366">Ms. Warren</cosponsor>, <cosponsor name-id="S253">Mr. Durbin</cosponsor>, <cosponsor name-id="S378">Mr. Lankford</cosponsor>, <cosponsor name-id="S247">Mr. Wyden</cosponsor>, <cosponsor name-id="S341">Mr. Blumenthal</cosponsor>, and <cosponsor name-id="S337">Mr. Coons</cosponsor>) introduced the following bill; which was read twice and referred to the <committee-name committee-id="SSJU00">Committee on the Judiciary</committee-name></action-desc></action><legis-type>A BILL</legis-type><official-title>To designate residents of the Hong Kong Special Administrative Region as Priority 2 refugees of special humanitarian concern, and for other purposes.</official-title></form><legis-body style="OLC" display-enacting-clause="yes-display-enacting-clause" id="HCDB9E3A6D8324381B316CDBCE0A5C151"><section section-type="section-one" id="H5649948D4C25473683F739CB706F2E56"><enum>1.</enum><header>Short title</header><text display-inline="no-display-inline">This Act may be cited as the <quote><short-title>Hong Kong Safe Harbor Act</short-title></quote>.</text></section><section id="H3E46EC3411F840A1A2A403998EF60A1B"><enum>2.</enum><header>Designation of certain residents of Hong Kong as Priority 2 refugees</header><subsection id="H9CF2C46F716A4D91935F1E79A53E5B3B"><enum>(a)</enum><header>In general</header><text>The Secretary of State, in consultation with the Secretary of Homeland Security, shall designate, as Priority 2 refugees of special humanitarian concern, the following categories of aliens:</text><paragraph id="H5FF65B2272F54F80A91E823366B75033"><enum>(1)</enum><text display-inline="yes-display-inline">Individuals who are residents of the Hong Kong Special Administrative Region who suffered persecution, or have a well-founded fear of persecution, on account of their peaceful expression of political opinions or peaceful participation in political activities or associations.</text></paragraph><paragraph id="H4C8AD8E6670841B58CE91B2EEAFFD9C6"><enum>(2)</enum><text display-inline="yes-display-inline">Individuals who have been formally charged, detained, or convicted on account of their peaceful actions as described in section 206(b)(2) of the United States-Hong Kong Policy Act of 1992 (<external-xref legal-doc="usc" parsable-cite="usc/22/5726">22 U.S.C. 5726</external-xref>).</text></paragraph><paragraph id="HE87041D034D6417C8E6B756A3B9DE762"><enum>(3)</enum><text display-inline="yes-display-inline">The spouses, children, and parents (as such terms are defined in subsections (a) and (b) of section 101 of the Immigration and Nationality Act (<external-xref legal-doc="usc" parsable-cite="usc/8/1101">8 U.S.C. 1101</external-xref>)) of individuals described in paragraph (1) or (2), except such parents who are citizens of a country other than the People’s Republic of China. </text></paragraph></subsection><subsection id="id5C7F9C0217AF47328BF7D051630F040D"><enum>(b)</enum><header>Processing of Hong Kong refugees</header><text>The processing of individuals described in subsection (a) for classification as refugees may occur in Hong Kong or in a third country.</text></subsection><subsection id="HB3A76A84467D4C98B1480D0451E5DDC2"><enum>(c)</enum><header>Eligibility for admission as refugees</header><text>An alien may not be denied the opportunity to apply for admission as a refugee under this section primarily because such alien—</text><paragraph id="id0AFBC5A972D14C61B09CB074C3928211"><enum>(1)</enum><text>qualifies as an immediate relative of a citizen of the United States; or</text></paragraph><paragraph id="idE6B5C566A69F48D0A4DEC6E34CBF11AF"><enum>(2)</enum><text>is eligible for admission to the United States under any other immigrant classification.</text></paragraph></subsection><subsection id="H699EE94D21B84AFBA53FFFB2A510A50B"><enum>(d)</enum><header>Facilitation of admissions</header><text display-inline="yes-display-inline">An applicant for admission to the United States from the Hong Kong Special Administrative Region may not be denied primarily on the basis of a politically motivated arrest, detention, or other adverse government action taken against such applicant as a result of the participation by such applicant in protest activities.</text></subsection><subsection id="HB2D93E6BBA1643B2819CA0F249569ECE"><enum>(e)</enum><header>Exclusion from numerical limitations</header><text>Aliens provided refugee status under this section shall not be counted against any numerical limitation under section 201, 202, 203, or 207 of the Immigration and Nationality Act (<external-xref legal-doc="usc" parsable-cite="usc/8/1151">8 U.S.C. 1151</external-xref>, 1152, 1153, and 1157). </text></subsection><subsection id="H92C4D174B792424485E399A0677E15AD"><enum>(f)</enum><header>Reporting requirements</header><paragraph id="HF04173B503CB4AB7BEDD914A3BB35E4B"><enum>(1)</enum><header>In general</header><text>Not later than 180 days after the date of the enactment of this Act, and every 90 days thereafter, the Secretary of State and the Secretary of Homeland Security shall submit a report regarding the matters described in paragraph (2) to—</text><subparagraph id="HF44B4F0374F04E29A5661A18E4B35CF5"><enum>(A)</enum><text>the <committee-name committee-id="SSJU00">Committee on the Judiciary of the Senate</committee-name>;</text></subparagraph><subparagraph id="id17AE8E3159E84557BF199A2CD219073B"><enum>(B)</enum><text>the <committee-name committee-id="SSFR00">Committee on Foreign Relations of the Senate</committee-name>;</text></subparagraph><subparagraph id="id5EACBEEEC1ED4C6C8BADA23FA6D7F68D"><enum>(C)</enum><text>the <committee-name committee-id="">Committee on the Judiciary of the House of Representatives</committee-name>; and</text></subparagraph><subparagraph id="id4DC5B5FD39614F0EAA32B6EE954BB3EB"><enum>(D)</enum><text>the <committee-name committee-id="">Committee on Foreign Affairs of the House of Representatives</committee-name>.</text></subparagraph></paragraph><paragraph id="HCFDDE8F0109344839083D28AA23E6394"><enum>(2)</enum><header>Matters to be included</header><text>Each report required under paragraph (1) shall include—</text><subparagraph id="HE14160DE212A462AA3F0E5831FCBBD1D"><enum>(A)</enum><text>the total number of applications that are pending at the end of the reporting period;</text></subparagraph><subparagraph id="HA585A0DBE8F24D09BC3FA859054D0D41"><enum>(B)</enum><text>the average wait-times for all applicants who are currently pending—</text><clause id="HC07357B1032643B79BEBD35796D3F5CD"><enum>(i)</enum><text>employment verification;</text></clause><clause id="HAD6E39D9B088450EAB07DB7C5FE21B8C"><enum>(ii)</enum><text>a prescreening interview with a resettlement support center;</text></clause><clause id="HBAFC2B9A0D6A4C7E8BC1C6F53A097C1A"><enum>(iii)</enum><text>an interview with U.S. Citizenship and Immigration Services; or</text></clause><clause id="H2AA6BCDCCE3C47A4958D29E4AA9E1B5A"><enum>(iv)</enum><text>the completion of security checks; and</text></clause></subparagraph><subparagraph id="H13702F97B2F94601BFD13BD4AF72DA09"><enum>(C)</enum><text>the number of denials of applications for refugee status, disaggregated by the reason for each such denial.</text></subparagraph></paragraph><paragraph id="H1410D3AE6DE04DD791D3CF528C7C7592"><enum>(3)</enum><header>Form</header><text>Each report required under paragraph (1) shall be submitted in unclassified form, but may include a classified annex.</text></paragraph><paragraph id="H4A769FE4A689480FBC29E702222536A5"><enum>(4)</enum><header>Public reports</header><text>The Secretary of State shall make each report submitted under this subsection available to the public on the internet website of the Department of State.</text></paragraph></subsection><subsection id="H48DA9E1D2AE5435A8F8D5BCA80B2DA4A"><enum>(g)</enum><header>Satisfaction of other requirements</header><text>Aliens granted status under this section as Priority 2 refugees of special humanitarian concern under the refugee resettlement priority system shall be considered to satisfy the requirements under section 207 of the Immigration and Nationality Act (<external-xref legal-doc="usc" parsable-cite="usc/8/1157">8 U.S.C. 1157</external-xref>) for admission to the United States.</text></subsection></section><section id="id9ab161d31e3b459faa07c11242543faf"><enum>3.</enum><header>Waiver of immigrant status presumption</header><subsection id="idAA962895444246BCB22E6BFAEF6E90CC"><enum>(a)</enum><header>In general</header><text>The presumption under the first sentence of section 214(b) of the Immigration and Nationality Act (<external-xref legal-doc="usc" parsable-cite="usc/8/1184">8 U.S.C. 1184(b)</external-xref>) that every alien is an immigrant until the alien establishes that the alien is entitled to nonimmigrant status shall not apply to an alien described in subsection (b).</text></subsection><subsection id="id1ddc981ee963497eb394d5996417b2ba"><enum>(b)</enum><header>Alien described</header><paragraph id="idD88E9BB7036C48AFB1011A087AEA5DE4"><enum>(1)</enum><header>In general</header><text>An alien described in this paragraph is an alien who—</text><subparagraph id="id8ee6332582df4c4489312bf55be792c1"><enum>(A)</enum><text>is a resident of the Hong Kong Special Administrative Region on February 8, 2021; </text></subparagraph><subparagraph id="id17ba2b21539047739d705f94c309922b"><enum>(B)</enum><text>is seeking entry to the United States to apply for asylum under section 208 of the Immigration and Nationality Act (<external-xref legal-doc="usc" parsable-cite="usc/8/1158">8 U.S.C. 1158</external-xref>); and</text></subparagraph><subparagraph id="id740e0baaa98b4e1592311eee3807dc23"><enum>(C)</enum><clause commented="no" display-inline="yes-display-inline" id="id95352c6e97be4e588e69c1e1535c0cdc"><enum>(i)</enum><text>had a leadership role in civil society organizations supportive of the protests in 2019 and 2020 relating to the Hong Kong extradition bill and the encroachment on the autonomy of Hong Kong by the People’s Republic of China;</text></clause><clause id="id2f993aec40d843229247c1a4b08b576e" indent="up1"><enum>(ii)</enum><text>had an organizing role for such protests;</text></clause><clause id="id3918a7b03c90406180f5656c61ae0434" indent="up1"><enum>(iii)</enum><text>acted as a first aid responder for such protests;</text></clause><clause id="id50f71f28bfda46db9027ad01d7f1c01c" indent="up1"><enum>(iv)</enum><text>suffered harm while covering such protests as a journalist;</text></clause><clause id="idb9ea4ea218c5498191cca0127e31b7d1" indent="up1"><enum>(v)</enum><text>provided paid or pro-bono legal services to 1 or more individuals arrested for participating in such protests; or</text></clause><clause commented="no" display-inline="no-display-inline" id="id12bc280782d1490aa26b758d370512d0" indent="up1"><enum>(vi)</enum><text>during the period beginning on June 9, 2019, and ending on February 8, 2021, was formally charged, detained, or convicted for his or her participation in such protests. </text></clause></subparagraph></paragraph><paragraph commented="no" display-inline="no-display-inline" id="idF8CD951BA3CC46A7BDFBD56EF43907DC"><enum>(2)</enum><header>Exclusion</header><text>An alien described in this paragraph does not include any alien who is a citizen of a country other than the People’s Republic of China.</text></paragraph></subsection></section><section commented="no" display-inline="no-display-inline" id="id84F88B0B1AE64CA0A7E8A70A2D0C1CB7"><enum>4.</enum><header>Refugee and asylum determinations under the Immigration and Nationality Act</header><subsection id="ided18fe5d61a444a8bb67cd34e9aec926"><enum>(a)</enum><header>Persecution on account of political opinion</header><paragraph id="id584E408F5E014039AE80E0FA7F6461BC"><enum>(1)</enum><header>In general</header><text>For purposes of refugee determinations under section 207 of the Immigration and Nationality Act (<external-xref legal-doc="usc" parsable-cite="usc/8/1157">8 U.S.C. 1157</external-xref>), an individual whose citizenship, nationality, or residency is revoked for having submitted to any United States Government agency a nonfrivolous application for refugee status, asylum, or any other immigration benefit under the immigration laws (as defined in section 101(a) of such Act (<external-xref legal-doc="usc" parsable-cite="usc/8/1101">8 U.S.C. 1101(a)</external-xref>)) shall be considered to have suffered persecution on account of political opinion.</text></paragraph><paragraph id="id002065D9CE774FB29DAA8B5B6BF096A1"><enum>(2)</enum><header>Nationals of the People's Republic of China</header><text>For purposes of refugee determinations under section 207 of the Immigration and Nationality Act (<external-xref legal-doc="usc" parsable-cite="usc/8/1157">8 U.S.C. 1157</external-xref>), a national of the People's Republic of China whose residency in the Hong Kong Special Administrative Region, or any other area within the jurisdiction of the People's Republic of China, as determined by the Secretary of State, is revoked for having submitted to any United States Government agency a nonfrivolous application for refugee status, asylum, or any other immigration benefit under the immigration laws shall be considered to have suffered persecution on account of political opinion.</text></paragraph></subsection><subsection id="id3a8db431a30d46edbab8c6c11191209c"><enum>(b)</enum><header>Changed circumstances</header><text>For purposes of asylum determinations under section 208 of the Immigration and Nationality Act (<external-xref legal-doc="usc" parsable-cite="usc/8/1158">8 U.S.C. 1158</external-xref>), the revocation of the citizenship, nationality, or residency of an individual for having submitted to any United States Government agency a nonfrivolous application for refugee status, asylum, or any other immigration benefit under the immigration laws shall be considered to be a changed circumstance under subsection (a)(2)(D) of such section.</text></subsection></section><section id="HD3550902FBCD4DBE812822D95E1904E6"><enum>5.</enum><header>Statement of policy on encouraging allies and partners to make similar accommodations</header><text display-inline="no-display-inline">It is the policy of the United States to encourage allies and partners of the United States to make accommodations similar to the accommodations made under this Act for residents of the Hong Kong Special Administrative Region who are fleeing oppression by the Government of the People’s Republic of China. </text></section><section id="id944726CC902E43289ED07C84981322E8"><enum>6.</enum><header>Termination</header><text display-inline="no-display-inline">This Act shall cease to have effect on the date that is 5 years after the date of the enactment of this Act.</text></section></legis-body></bill> 

