<?xml version="1.0"?>
<?xml-stylesheet type="text/xsl" href="billres.xsl"?>
<!DOCTYPE bill PUBLIC "-//US Congress//DTDs/bill.dtd//EN" "bill.dtd">
<bill bill-type="olc" bill-stage="Introduced-in-Senate" dms-id="A1" public-private="public" slc-id="S1-KIN21120-DHW-FH-P9H"><metadata xmlns:dc="http://purl.org/dc/elements/1.1/">
<dublinCore>
<dc:title>117 S393 IS: Equality Act</dc:title>
<dc:publisher>U.S. Senate</dc:publisher>
<dc:date>2021-02-23</dc:date>
<dc:format>text/xml</dc:format>
<dc:language>EN</dc:language>
<dc:rights>Pursuant to Title 17 Section 105 of the United States Code, this file is not subject to copyright protection and is in the public domain.</dc:rights>
</dublinCore>
</metadata>
<form>
<distribution-code display="yes">II</distribution-code><congress>117th CONGRESS</congress><session>1st Session</session><legis-num>S. 393</legis-num><current-chamber>IN THE SENATE OF THE UNITED STATES</current-chamber><action><action-date date="20210223">February 23, 2021</action-date><action-desc><sponsor name-id="S322">Mr. Merkley</sponsor> (for himself, <cosponsor name-id="S354">Ms. Baldwin</cosponsor>, <cosponsor name-id="S370">Mr. Booker</cosponsor>, <cosponsor name-id="S330">Mr. Bennet</cosponsor>, <cosponsor name-id="S341">Mr. Blumenthal</cosponsor>, <cosponsor name-id="S307">Mr. Brown</cosponsor>, <cosponsor name-id="S275">Ms. Cantwell</cosponsor>, <cosponsor name-id="S308">Mr. Cardin</cosponsor>, <cosponsor name-id="S277">Mr. Carper</cosponsor>, <cosponsor name-id="S309">Mr. Casey</cosponsor>, <cosponsor name-id="S337">Mr. Coons</cosponsor>, <cosponsor name-id="S385">Ms. Cortez Masto</cosponsor>, <cosponsor name-id="S386">Ms. Duckworth</cosponsor>, <cosponsor name-id="S253">Mr. Durbin</cosponsor>, <cosponsor name-id="S221">Mrs. Feinstein</cosponsor>, <cosponsor name-id="S331">Mrs. Gillibrand</cosponsor>, <cosponsor name-id="S388">Ms. Hassan</cosponsor>, <cosponsor name-id="S359">Mr. Heinrich</cosponsor>, <cosponsor name-id="S408">Mr. Hickenlooper</cosponsor>, <cosponsor name-id="S361">Ms. Hirono</cosponsor>, <cosponsor name-id="S362">Mr. Kaine</cosponsor>, <cosponsor name-id="S406">Mr. Kelly</cosponsor>, <cosponsor name-id="S363">Mr. King</cosponsor>, <cosponsor name-id="S311">Ms. Klobuchar</cosponsor>, <cosponsor name-id="S057">Mr. Leahy</cosponsor>, <cosponsor name-id="S409">Mr. Luján</cosponsor>, <cosponsor name-id="S369">Mr. Markey</cosponsor>, <cosponsor name-id="S306">Mr. Menendez</cosponsor>, <cosponsor name-id="S364">Mr. Murphy</cosponsor>, <cosponsor name-id="S229">Mrs. Murray</cosponsor>, <cosponsor name-id="S414">Mr. Ossoff</cosponsor>, <cosponsor name-id="S413">Mr. Padilla</cosponsor>, <cosponsor name-id="S380">Mr. Peters</cosponsor>, <cosponsor name-id="S259">Mr. Reed</cosponsor>, <cosponsor name-id="S402">Ms. Rosen</cosponsor>, <cosponsor name-id="S313">Mr. Sanders</cosponsor>, <cosponsor name-id="S353">Mr. Schatz</cosponsor>, <cosponsor name-id="S270">Mr. Schumer</cosponsor>, <cosponsor name-id="S324">Mrs. Shaheen</cosponsor>, <cosponsor name-id="S403">Ms. Sinema</cosponsor>, <cosponsor name-id="S394">Ms. Smith</cosponsor>, <cosponsor name-id="S284">Ms. Stabenow</cosponsor>, <cosponsor name-id="S314">Mr. Tester</cosponsor>, <cosponsor name-id="S390">Mr. Van Hollen</cosponsor>, <cosponsor name-id="S327">Mr. Warner</cosponsor>, <cosponsor name-id="S415">Mr. Warnock</cosponsor>, <cosponsor name-id="S366">Ms. Warren</cosponsor>, <cosponsor name-id="S316">Mr. Whitehouse</cosponsor>, and <cosponsor name-id="S247">Mr. Wyden</cosponsor>) introduced the following bill; which was read twice and referred to the <committee-name committee-id="SSJU00">Committee on the Judiciary</committee-name></action-desc></action><legis-type>A BILL</legis-type><official-title>To prohibit discrimination on the basis of sex, gender identity, and sexual orientation, and for other purposes.</official-title></form><legis-body style="OLC" display-enacting-clause="yes-display-enacting-clause" id="HCD54F2544C2E45389547FD531605D984"><section section-type="section-one" id="H78157BDBD8EF4BA9AC88476EABD7A412"><enum>1.</enum><header>Short title</header><text display-inline="no-display-inline">This Act may be cited as the <quote><short-title>Equality Act</short-title></quote>.</text></section><section id="HDF925F7C31ED4EA996A5D7E624A02CFC"><enum>2.</enum><header>Findings and purpose</header><subsection id="iddcdbb195c56c48f1a42cee0bfc170c02"><enum>(a)</enum><header>Findings</header><text>Congress finds the following:</text><paragraph id="idcd444c1521a445a4b14c40b44676bbca"><enum>(1)</enum><text>Discrimination can occur on the basis of the sex, sexual orientation, gender identity, pregnancy, childbirth, or a related medical condition of an individual, as well as because of sex-based stereotypes. Each of these factors alone can serve as the basis for discrimination, and each is a form of sex discrimination.</text></paragraph><paragraph id="idbe9a25d3ff004f8fbc7359531baa3fd4"><enum>(2)</enum><text>A single instance of discrimination may have more than one basis. For example, discrimination against a married same-sex couple could be based on the sex stereotype that marriage should only be between heterosexual couples, the sexual orientation of the two individuals in the couple, or both. In addition, some persons are subjected to discrimination based on a combination or the intersection of multiple protected characteristics. Discrimination against a pregnant lesbian could be based on her sex, her sexual orientation, her pregnancy, or on the basis of multiple factors.</text></paragraph><paragraph id="id2df917185b284198bfb490ca3ee2d670"><enum>(3)</enum><text>Lesbian, gay, bisexual, transgender, and queer (referred to as <quote>LGBTQ</quote>) people commonly experience discrimination in securing access to public accommodations—including restaurants, senior centers, stores, places of or establishments that provide entertainment, health care facilities, shelters, government offices, youth service providers including adoption and foster care providers, and transportation. Forms of discrimination include the exclusion and denial of entry, unequal or unfair treatment, harassment, and violence. This discrimination prevents the full participation of LGBTQ people in society and disrupts the free flow of commerce.</text></paragraph><paragraph id="id2766d8017b8b431397ffd43cd359bf51"><enum>(4)</enum><text>Women also have faced discrimination in many establishments such as stores and restaurants, and places or establishments that provide other goods or services, such as entertainment or transportation, including sexual harassment, differential pricing for substantially similar products and services, and denial of services because they are pregnant or breastfeeding.</text></paragraph><paragraph id="id8d7a8d81dbec40a08fe7727c3240fee2"><enum>(5)</enum><text>Many employers already and continue to take proactive steps, beyond those required by some States and localities, to ensure they are fostering positive and respectful cultures for all employees. Many places of public accommodation also recognize the economic imperative to offer goods and services to as many consumers as possible.</text></paragraph><paragraph id="id00a43fb17b9b484ca89bb0a2f778ccc1"><enum>(6)</enum><text>Regular and ongoing discrimination against LGBTQ people, as well as women, in accessing public accommodations contributes to negative social and economic outcomes, and in the case of public accommodations operated by State and local governments, abridges individuals’ constitutional rights.</text></paragraph><paragraph id="idb247e3af66494bee80cc8c9651ed4e47"><enum>(7)</enum><text>The discredited practice known as <quote>conversion therapy</quote> is a form of discrimination that harms LGBTQ people by undermining individuals’ sense of self worth, increasing suicide ideation and substance abuse, exacerbating family conflict, and contributing to second-class status.</text></paragraph><paragraph id="ide5b7a647a7db45c0a50e1ef6d66a41c6"><enum>(8)</enum><text>Both LGBTQ people and women face widespread discrimination in employment and various services, including by entities that receive Federal financial assistance. Such discrimination—</text><subparagraph id="id3b997029eec14c6ea12e055fa2d733eb"><enum>(A)</enum><text>is particularly troubling and inappropriate for programs and services funded wholly or in part by the Federal Government;</text></subparagraph><subparagraph id="id78656b126c734a93a1b727c7ef7ed743"><enum>(B)</enum><text>undermines national progress toward equal treatment regardless of sex, sexual orientation, or gender identity; and</text></subparagraph><subparagraph id="idd37b611baa02469da42062c027af269c"><enum>(C)</enum><text>is inconsistent with the constitutional principle of equal protection under the Fourteenth Amendment to the Constitution of the United States.</text></subparagraph></paragraph><paragraph id="ida0a0a4e5f8a54667987a26223a1c5b05"><enum>(9)</enum><text>Federal courts have widely recognized that, in enacting the Civil Rights Act of 1964, Congress validly invoked its powers under the Fourteenth Amendment to provide a full range of remedies in response to persistent, widespread, and pervasive discrimination by both private and government actors.</text></paragraph><paragraph id="id2ccd03557d64464eb438b50939fa0a89"><enum>(10)</enum><text>Discrimination by State and local governments on the basis of sexual orientation or gender identity in employment, housing, and public accommodations, and in programs and activities receiving Federal financial assistance, violates the Equal Protection Clause of the Fourteenth Amendment to the Constitution of the United States. In many circumstances, such discrimination also violates other constitutional rights such as those of liberty and privacy under the due process clause of the Fourteenth Amendment.</text></paragraph><paragraph id="idd501b4fc17534a61a985adf165365514"><enum>(11)</enum><text>Individuals who are LGBTQ, or are perceived to be LGBTQ, have been subjected to a history and pattern of persistent, widespread, and pervasive discrimination on the bases of sexual orientation and gender identity by both private sector and Federal, State, and local government actors, including in employment, housing, and public accommodations, and in programs and activities receiving Federal financial assistance. This discrimination inflicts a range of tangible and intangible harms, sometimes even including serious physical injury or death. An explicit and comprehensive national solution is needed to address this discrimination, including the full range of remedies available under the Civil Rights Act of 1964.</text></paragraph><paragraph id="id6bb440f9ad0740a3b7e090a6168199a8"><enum>(12)</enum><text>Discrimination based on sexual orientation includes discrimination based on an individual’s actual or perceived romantic, emotional, physical, or sexual attraction to other persons, or lack thereof, on the basis of gender. LGBTQ people, including gender nonbinary people, also commonly experience discrimination because of sex-based stereotypes. Many people are subjected to discrimination because of others’ perceptions or beliefs regarding their sexual orientation. Even if these perceptions are incorrect, the identity imputed by others forms the basis of discrimination.</text></paragraph><paragraph id="id793e234c57754f56a197fc3fa248f31a"><enum>(13)</enum><text>Numerous provisions of Federal law expressly prohibit discrimination on the basis of sex, and Federal courts and agencies have correctly interpreted these prohibitions on sex discrimination to include discrimination based on sexual orientation, gender identity, and sex stereotypes. In particular, the Supreme Court of the United States correctly held in Bostock v. Clayton County, 140 S. Ct. 1731 (2020) that the prohibition on employment discrimination because of sex under title VII of the Civil Rights Act of 1964 inherently includes discrimination because of sexual orientation or transgender status.</text></paragraph><paragraph id="id1a01fe8c5e2e4fb7bbde13fa5b577b89"><enum>(14)</enum><text>This Act makes explicit that existing Federal statutes prohibiting sex discrimination in employment (including in access to benefits), healthcare, housing, education, credit, and jury service also prohibit sexual orientation and gender identity discrimination.</text></paragraph><paragraph id="id8feab4fedffc4fd8955d67da91926052"><enum>(15)</enum><text>LGBTQ people often face discrimination when seeking to rent or purchase housing, as well as in every other aspect of obtaining and maintaining housing. LGBTQ people in same-sex relationships are often discriminated against when two names associated with one gender appear on a housing application, and transgender people often encounter discrimination when credit checks or inquiries reveal a former name.</text></paragraph><paragraph id="id1644c66044d047738d30d1eddc80e78d"><enum>(16)</enum><text>National surveys, including a study commissioned by the Department of Housing and Urban Development, show that housing discrimination against LGBTQ people is very prevalent. For instance, when same-sex couples inquire about housing that is available for rent, they are less likely to receive positive responses from landlords. A national matched-pair testing investigation found that nearly one-half of same-sex couples had encountered adverse, differential treatment when seeking elder housing. According to other studies, transgender people have half the homeownership rate of non-transgender people and about 1 in 5 transgender people experience homelessness. Another survey found that 82 percent of gender nonbinary people experiencing homelessness lacked access to shelter.</text></paragraph><paragraph id="idb345f885424e40a4a848d589ad7c1ec7"><enum>(17)</enum><text>As a result of the absence of explicit prohibitions against discrimination on the basis of sexual orientation and gender identity, credit applicants who are LGBTQ, or are perceived to be LGBTQ, have unequal opportunities to establish credit. LGBTQ people can experience being denied a mortgage, credit card, student loan, or many other types of credit simply because of their sexual orientation or gender identity.</text></paragraph><paragraph id="id4f354ffbd9164c31b26510a472cc777f"><enum>(18)</enum><text>Numerous studies demonstrate that LGBTQ people, especially transgender people and women, are economically disadvantaged and at a higher risk for poverty compared with other groups of people. For example, the poverty rate for older women in same-sex couples is twice that of older different-sex couples.</text></paragraph><paragraph id="idb6ff613fe1314234a97d1f1c0decd1f4"><enum>(19)</enum><text>The right to an impartial jury of one’s peers and the reciprocal right to jury service are fundamental to the free and democratic system of justice in the United States and are based in the Bill of Rights. There is, however, an unfortunate and long-documented history in the United States of attorneys discriminating against LGBTQ individuals, or those perceived to be LGBTQ, in jury selection. Failure to bar peremptory challenges based on the actual or perceived sexual orientation or gender identity of an individual not only erodes a fundamental right, duty, and obligation of being a citizen of the United States, but also unfairly creates a second class of citizenship for LGBTQ victims, witnesses, plaintiffs, and defendants.</text></paragraph><paragraph id="id4cc0ce3b2f7143d0a50a59f9a2e04c0c"><enum>(20)</enum><text>Numerous studies document the shortage of qualified and available homes for the approximately 424,000 youth in the child welfare system and the negative outcomes for the many youth who live in group care as opposed to a loving home or who age out of care without a permanent family placement. Although same-sex couples are 7 times more likely to foster or adopt than their different-sex counterparts, many child-placing agencies refuse to serve same-sex couples and LGBTQ individuals. This has resulted in a reduction of the pool of qualified and available homes for youth in the child welfare system who need placement on a temporary or permanent basis. It also sends a negative message about LGBTQ people to children and youth in the child welfare system about who is, and who is not, considered fit to be a parent. While the priority should be on providing the supports necessary to keep children with their families, when removal is required, barring discrimination in foster care and adoption will increase the number of homes available to foster children waiting for foster and adoptive families.</text></paragraph><paragraph id="id16b994690f78457f95d4f9f988e3035e"><enum>(21)</enum><text>LGBTQ youth are overrepresented in the foster care system by at least a factor of two and report twice the rate of poor treatment while in care compared to their non-LGBTQ counterparts. LGBTQ youth in foster care have a higher average number of placements, higher likelihood of living in a group home, and higher rates of hospitalization for emotional reasons and of juvenile justice involvement than their non-LGBTQ peers because of the high level of bias and discrimination that they face and the difficulty of finding affirming foster placements. Further, due to their physical distance from friends and family, traumatic experiences, and potentially unstable living situations, all youth involved with child welfare services are at risk for being targeted by traffickers seeking to exploit children. Barring discrimination in child welfare services will ensure improved treatment and outcomes for LGBTQ foster children.</text></paragraph><paragraph id="id52268a7277b54684b272ea6a936af642"><enum>(22)</enum><text>Courts consistently have found that the government has a compelling interest in preventing and remedying discrimination. For example, the Supreme Court of the United States found there to be a compelling government interest in eliminating sex discrimination in Board of Directors of Rotary International v. Rotary Club of Duarte, 481 U.S. 537, 549 (1987). Because discrimination based on sexual orientation or gender identity inherently is a form of sex discrimination, as held in Bostock v. Clayton County, 140 S. Ct. 1731 (2020), this Act furthers the compelling government interest in providing redress for the serious harms to mental and physical health, financial security and wellbeing, civic participation, freedom of movement and opportunity, personal dignity, and physical safety that result from discrimination. Consistent with the role nondiscrimination laws play in protecting lives and livelihoods, alleviating suffering, and improving individual and public health, the Supreme Court of the United States has long recognized, under the decision in Heart of Atlanta Motel, Inc. v. United States, 379 U.S. 241 (1964), that these laws also benefit society as a whole by ending the <quote>disruptive effect</quote> discrimination has on travel and commerce, and by creating a level field for all participants in a given sector.</text></paragraph><paragraph id="ida1c3b6074e2b413cb09d404f1679ddbb"><enum>(23)</enum><text>As with all prohibitions on invidious discrimination, this Act furthers the government’s compelling interest in the least restrictive way because only by forbidding discrimination is it possible to avert or redress the harms described in this subsection.</text></paragraph></subsection><subsection id="id69967ba43c54452bb537cd2c54dcb779"><enum>(b)</enum><header>Purpose</header><text>It is the purpose of this Act to expand as well as clarify, confirm and create greater consistency in the protections and remedies against discrimination on the basis of all covered characteristics and to provide guidance and notice to individuals, organizations, corporations, and agencies regarding their obligations under the law.</text></subsection></section><section id="H17DF8D6339334504BC72F995CC094578"><enum>3.</enum><header>Public accommodations</header><subsection id="HA30A67543BCE478CABF8CA47244DBDE1"><enum>(a)</enum><header>Prohibition on discrimination or segregation in public accommodations</header><text display-inline="yes-display-inline">Section 201 of the Civil Rights Act of 1964 (<external-xref legal-doc="usc" parsable-cite="usc/42/2000a">42 U.S.C. 2000a</external-xref>) is amended—</text><paragraph id="HBB85136F2F5948DD82281D2F2869A9AE"><enum>(1)</enum><text>in subsection (a), by inserting <quote>sex (including sexual orientation and gender identity),</quote> before <quote>or national origin</quote>; and</text></paragraph><paragraph id="H4551251405104532AD727DCC77C3A510"><enum>(2)</enum><text>in subsection (b)—</text><subparagraph id="H7EA18A8525254CD9838859CB7615D6BE"><enum>(A)</enum><text>in paragraph (3), by striking <quote>stadium</quote> and all that follows and inserting <quote>stadium or other place of or establishment that provides exhibition, entertainment, recreation, exercise, amusement, public gathering, or public display;</quote>;</text></subparagraph><subparagraph id="H50B4CC5BE87743E78B4B0F2A47F3CE66"><enum>(B)</enum><text>by redesignating paragraph (4) as paragraph (6); and</text></subparagraph><subparagraph id="HC22C8F590B274DCAA22B303010382763"><enum>(C)</enum><text>by inserting after paragraph (3) the following:</text><quoted-block display-inline="no-display-inline" id="H53B94857BED444B5A54A13FEFAEC5D42" style="OLC"><paragraph id="HCC00D1390D6A418DB16779CD4339D4E7"><enum>(4)</enum><text>any establishment that provides a good, service, or program, including a store, shopping center, online retailer or service provider, salon, bank, gas station, food bank, service or care center, shelter, travel agency, or funeral parlor, or establishment that provides health care, accounting, or legal services;</text></paragraph><paragraph id="H6B7702B65FD74D318B32F5A2EFC71E6E"><enum>(5)</enum><text>any train service, bus service, car service, taxi service, airline service, station, depot, or other place of or establishment that provides transportation service; and</text></paragraph><after-quoted-block>.</after-quoted-block></quoted-block></subparagraph></paragraph></subsection><subsection id="H7941266CE5AC4CA688B8913F829A1CDA"><enum>(b)</enum><header>Prohibition on discrimination or segregation under law</header><text>Section 202 of such Act (<external-xref legal-doc="usc" parsable-cite="usc/42/2000a-1">42 U.S.C. 2000a–1</external-xref>) is amended by inserting <quote>sex (including sexual orientation and gender identity),</quote> before <quote>or national origin</quote>.</text></subsection><subsection id="H0EB2A244FA664C0185ABF8E82BA46125"><enum>(c)</enum><header>Rule of construction</header><text>Title II of such Act (<external-xref legal-doc="usc" parsable-cite="usc/42/2000a">42 U.S.C. 2000a</external-xref> et seq.) is amended by adding at the end the following:</text><quoted-block display-inline="no-display-inline" id="HFFCCD6AA41D84D199607986E00D6D18E" style="OLC"><section id="H64488BA86A9D4F87806790766F6C8982"><enum>208.</enum><header>Rule of construction</header><text display-inline="no-display-inline">A reference in this title to an establishment—</text><paragraph commented="no" id="HA67083C5CAC345CBBA6978A41D6DCE53"><enum>(1)</enum><text display-inline="yes-display-inline">shall be construed to include an individual whose operations affect commerce and who is a provider of a good, service, or program; and</text></paragraph><paragraph commented="no" id="H796DBE1F526E4B579B5D4823D4C4551F"><enum>(2)</enum><text display-inline="yes-display-inline">shall not be construed to be limited to a physical facility or place.</text></paragraph></section><after-quoted-block>.</after-quoted-block></quoted-block></subsection></section><section id="H2AF0E2471E7B47F78BF128F6E96BE098"><enum>4.</enum><header>Desegregation of public facilities</header><text display-inline="no-display-inline">Section 301(a) of the Civil Rights Act of 1964 (<external-xref legal-doc="usc" parsable-cite="usc/42/2000b">42 U.S.C. 2000b(a)</external-xref>) is amended by inserting <quote>sex (including sexual orientation and gender identity),</quote> before <quote>or national origin</quote>.</text></section><section id="H7AD6F6531A4B4C6285E894C4D8A642CD"><enum>5.</enum><header>Desegregation of public education</header><subsection id="H6EAA7EF5399248B3BBA945057BFF746C"><enum>(a)</enum><header>Definitions</header><text>Section 401(b) of the Civil Rights Act of 1964 (<external-xref legal-doc="usc" parsable-cite="usc/42/2000c">42 U.S.C. 2000c(b)</external-xref>) is amended by inserting <quote>(including sexual orientation and gender identity),</quote> before <quote>or national origin</quote>.</text></subsection><subsection id="HE6CB95C73B204D319EA7A8A444DCD674"><enum>(b)</enum><header>Civil actions by the Attorney General</header><text>Section 407 of such Act (<external-xref legal-doc="usc" parsable-cite="usc/42/2000c-6">42 U.S.C. 2000c–6</external-xref>) is amended, in subsection (a)(2), by inserting <quote>(including sexual orientation and gender identity),</quote> before <quote>or national origin</quote>.</text></subsection><subsection id="HF8AF5C7417F7447B99FF968501F1511A"><enum>(c)</enum><header>Classification and assignment</header><text>Section 410 of such Act (<external-xref legal-doc="usc" parsable-cite="usc/42/2000c-9">42 U.S.C. 2000c–9</external-xref>) is amended by inserting <quote>(including sexual orientation and gender identity),</quote> before <quote>or national origin</quote>.</text></subsection></section><section id="HF57E3A14A81D4D859F091A67B38D8CDB"><enum>6.</enum><header>Federal funding</header><text display-inline="no-display-inline">Section 601 of the Civil Rights Act of 1964 (<external-xref legal-doc="usc" parsable-cite="usc/42/2000d">42 U.S.C. 2000d</external-xref>) is amended by inserting <quote>sex (including sexual orientation and gender identity),</quote> before <quote>or national origin,</quote>.</text></section><section id="H56BA10213BDF46FDAA7CCE6129CC5138"><enum>7.</enum><header>Employment</header><subsection id="H7AE3B367F15543068BD72562B7FF3F66"><enum>(a)</enum><header>Rules of construction</header><text display-inline="yes-display-inline">Title VII of the Civil Rights Act of 1964 is amended by inserting after section 701 (<external-xref legal-doc="usc" parsable-cite="usc/42/2000e">42 U.S.C. 2000e</external-xref>) the following:</text><quoted-block display-inline="no-display-inline" id="H59555F579B3C4341A441FA129C022802" style="OLC"><section id="HCA017AFAAC5D4DE0984A61053BEC5A2D"><enum>701A.</enum><header>Rules of construction</header><text display-inline="no-display-inline">Section 1106 shall apply to this title except that for purposes of that application, a reference in that section to an <quote>unlawful practice</quote> shall be considered to be a reference to an <quote>unlawful employment practice</quote>.</text></section><after-quoted-block>. </after-quoted-block></quoted-block></subsection><subsection id="HC82DC845DBF04304B4FCD89A6C80F8E7"><enum>(b)</enum><header>Unlawful employment practices</header><text>Section 703 of the Civil Rights Act of 1964 (<external-xref legal-doc="usc" parsable-cite="usc/42/2000e-2">42 U.S.C. 2000e–2</external-xref>) is amended—</text><paragraph id="HCB3E9102B5BC4051B4BCA9634E0FBAA5"><enum>(1)</enum><text>in the section header, by striking <quote><header-in-text level="section" style="traditional">sex,</header-in-text></quote> and inserting <quote><header-in-text level="section" style="traditional">sex (including sexual orientation and gender identity),</header-in-text></quote>;</text></paragraph><paragraph id="H98D1EA190FDD49F6B4941B00BF493AF7"><enum>(2)</enum><text>except in subsection (e), by striking <quote>sex,</quote> each place it appears and inserting <quote>sex (including sexual orientation and gender identity),</quote>;</text></paragraph><paragraph id="HD8BD9931CF8246ECBBA73078D1338EFC"><enum>(3)</enum><text>in subsection (e)(1), by striking <quote>enterprise,</quote> and inserting <quote>enterprise, if, in a situation in which sex is a bona fide occupational qualification, individuals are recognized as qualified in accordance with their gender identity,</quote>; and</text></paragraph><paragraph id="H7FEA968AF58B4283826FAC46A9FBE9BF"><enum>(4)</enum><text>in subsection (h), by striking <quote>sex</quote> the second place it appears and inserting <quote>sex (including sexual orientation and gender identity),</quote>.</text></paragraph></subsection><subsection id="HB089D870D09947B59D059134A48D6333"><enum>(c)</enum><header>Other unlawful employment practices</header><text>Section 704(b) of the Civil Rights Act of 1964 (<external-xref legal-doc="usc" parsable-cite="usc/42/2000e-3">42 U.S.C. 2000e–3(b)</external-xref>) is amended—</text><paragraph id="H5390F38391884D0EBF55E71CE6A6F11B"><enum>(1)</enum><text>by striking <quote>sex,</quote> the first place it appears and inserting <quote>sex (including sexual orientation and gender identity),</quote>; and</text></paragraph><paragraph id="H1858291FB4054F56B12E7F641843A359"><enum>(2)</enum><text>by striking <quote>employment.</quote> and inserting <quote>employment, if, in a situation in which sex is a bona fide occupational qualification, individuals are recognized as qualified in accordance with their gender identity.</quote>.</text></paragraph></subsection><subsection id="HC54426E4D41B4095AF6057A21CBF9E28"><enum>(d)</enum><header>Claims</header><text display-inline="yes-display-inline">Section 706(g)(2)(A) of the Civil Rights Act of 1964 (2000e–5(g)(2)(A)) is amended by striking <quote>sex,</quote> and inserting <quote>sex (including sexual orientation and gender identity),</quote>.</text></subsection><subsection id="HC875630E79984DA0AF35797479F0FF68"><enum>(e)</enum><header>Employment by Federal Government</header><text>Section 717 of the Civil Rights Act of 1964 (<external-xref legal-doc="usc" parsable-cite="usc/42/2000e-16">42 U.S.C. 2000e–16</external-xref>) is amended—</text><paragraph id="H6F784BDA70824A42B608CCF428C8AD8F"><enum>(1)</enum><text>in subsection (a), by striking <quote>sex,</quote> and inserting <quote>sex (including sexual orientation and gender identity),</quote>; and</text></paragraph><paragraph id="H22209FD94D924269A5CED06251481C76"><enum>(2)</enum><text>in subsection (c), by striking <quote>sex</quote> and inserting <quote>sex (including sexual orientation and gender identity),</quote>.</text></paragraph></subsection><subsection id="H8A9132DD230C408CB6F59022D9615C3C"><enum>(f)</enum><header>Government Employee Rights Act of 1991</header><text>The Government Employee Rights Act of 1991 (42 U.S.C. 2000e–16a et seq.) is amended—</text><paragraph id="HE0945E2087C14B5E9130F9E043D363C1"><enum>(1)</enum><text>in section 301(b), by striking <quote>sex,</quote> and inserting <quote>sex (including sexual orientation and gender identity),</quote>;</text></paragraph><paragraph id="H59D72A7968F74C55B47F1E322B95974D"><enum>(2)</enum><text>in section 302(a)(1), by striking <quote>sex,</quote> and inserting <quote>sex (including sexual orientation and gender identity),</quote>; and</text></paragraph><paragraph id="HDDF9FD27131A41DCA6E92D56D9479BAA"><enum>(3)</enum><text>by adding at the end the following:</text><quoted-block display-inline="no-display-inline" id="H3A59B3B3B92246E79A2F44CBBF462EE3" style="OLC"><section commented="no" display-inline="no-display-inline" id="H43C347EC72F54858A9FE1A500E4A04CC"><enum>305.</enum><header>Rules of construction and claims</header><text display-inline="no-display-inline">Sections 1101(b), 1106, and 1107 of the Civil Rights Act of 1964 shall apply to this title except that for purposes of that application, a reference in that section 1106 to <quote>race, color, religion, sex (including sexual orientation and gender identity), or national origin</quote> shall be considered to be a reference to <quote>race, color, religion, sex, sexual orientation, gender identity, national origin, age, or disability</quote>.</text></section><after-quoted-block>.</after-quoted-block></quoted-block></paragraph></subsection><subsection id="H26605981AA7A4D10B2F3F545B4468F97"><enum>(g)</enum><header>Congressional Accountability Act of 1995</header><text>The Congressional Accountability Act of 1995 (<external-xref legal-doc="usc" parsable-cite="usc/2/1301">2 U.S.C. 1301</external-xref> et seq.) is amended—</text><paragraph id="HF49AA6383E1F46D286707C24F39D1CD1"><enum>(1)</enum><text>in section 201(a)(1) (<external-xref legal-doc="usc" parsable-cite="usc/2/1311">2 U.S.C. 1311(a)(1)</external-xref>) by inserting <quote>(including sexual orientation and gender identity),</quote> before <quote>or national origin,</quote>; and</text></paragraph><paragraph id="HDBE50803ADC543C4B441B210DA97A381"><enum>(2)</enum><text>by adding at the end of title II (<external-xref legal-doc="usc" parsable-cite="usc/42/1311">42 U.S.C. 1311</external-xref> et seq.) the following:</text><quoted-block display-inline="no-display-inline" id="H9A41CDC14E7E4213B34C142EC3A6994D" style="OLC"><section id="H9903D8B0B00B4DB587330F10F6F0906A"><enum>209.</enum><header>Rules of construction and claims</header><text display-inline="no-display-inline">Sections 1101(b), 1106, and 1107 of the Civil Rights Act of 1964 shall apply to section 201 (and remedial provisions of this Act related to section 201) except that for purposes of that application, a reference in that section 1106 to <quote>race, color, religion, sex (including sexual orientation and gender identity), or national origin</quote> shall be considered to be a reference to <quote>race, color, religion, sex (including sexual orientation and gender identity), national origin, age, or disability</quote>.</text></section><after-quoted-block>.</after-quoted-block></quoted-block></paragraph></subsection><subsection id="HBC9A4793AFFA481CB84A4846A1D5BC76"><enum>(h)</enum><header>Civil Service Reform Act of 1978</header><text><external-xref legal-doc="usc-chapter" parsable-cite="usc-chapter/5/23">Chapter 23</external-xref> of title 5, United States Code, is amended—</text><paragraph id="H8A42D0CB342E4C0DBD872901DD71D4BB"><enum>(1)</enum><text>in section 2301(b)(2), by striking <quote>sex,</quote> and inserting <quote>sex (including sexual orientation and gender identity),</quote>;</text></paragraph><paragraph id="H411C9493FBB8428885542003CE09FEED"><enum>(2)</enum><text>in section 2302—</text><subparagraph id="H37D99EE42B5645839F4374736FBE0B05"><enum>(A)</enum><text>in subsection (b)(1)(A), by inserting <quote>(including sexual orientation and gender identity),</quote> before <quote>or national origin,</quote>; and</text></subparagraph><subparagraph id="HACE943AB59C740299FC94EECDFCCD51A"><enum>(B)</enum><text>in subsection (d)(1), by inserting <quote>(including sexual orientation and gender identity),</quote> before <quote>or national origin;</quote>; and</text></subparagraph></paragraph><paragraph id="HAC3BF89918BA43DFA5A57536447E6625"><enum>(3)</enum><text>by adding at the end the following:</text><quoted-block display-inline="no-display-inline" id="H7E170511154245F89CDF04AAA3CB05D8" style="OLC"><section id="H963F5D37A55847BF86221355A6EB63F2"><enum>2307.</enum><header>Rules of construction and claims</header><text display-inline="no-display-inline">Sections 1101(b), 1106, and 1107 of the Civil Rights Act of 1964 shall apply to this chapter (and remedial provisions of this title related to this chapter) except that for purposes of that application, a reference in that section 1106 to <quote>race, color, religion, sex (including sexual orientation and gender identity), or national origin</quote> shall be considered to be a reference to <quote>race, color, religion, sex (including sexual orientation and gender identity), national origin, age, a handicapping condition, marital status, or political affiliation</quote>.</text></section><after-quoted-block>.</after-quoted-block></quoted-block></paragraph></subsection></section><section id="H78C828EE1FF64784902284F5C1EE051D" commented="no" display-inline="no-display-inline" section-type="subsequent-section"><enum>8.</enum><header>Intervention</header><text display-inline="no-display-inline">Section 902 of the Civil Rights Act of 1964 (<external-xref legal-doc="usc" parsable-cite="usc/42/2000h-2">42 U.S.C. 2000h–2</external-xref>) is amended by inserting <quote>(including sexual orientation and gender identity),</quote> before <quote>or national origin,</quote>. </text></section><section id="id6bc4712281c244bc9cb01f1e20d52684"><enum>9.</enum><header>Miscellaneous</header><text display-inline="no-display-inline">Title XI of the Civil Rights Act of 1964 is amended—</text><paragraph id="id6e405d7d84ee47738d1608a2d0dd0066"><enum>(1)</enum><text>by redesignating sections 1101 through 1104 (<external-xref legal-doc="usc" parsable-cite="usc/42/2000h">42 U.S.C. 2000h</external-xref> et seq.) and sections 1105 and 1106 (<external-xref legal-doc="usc" parsable-cite="usc/42/2000h-5">42 U.S.C. 2000h–5</external-xref>, 2000h–6) as sections 1102 through 1105 and sections 1108 and 1109, respectively;</text></paragraph><paragraph id="id180de20ec10341de9532475fc39486e6"><enum>(2)</enum><text>by inserting after the title heading the following:</text><quoted-block style="OLC" display-inline="no-display-inline" id="id253b39873fa3432793016ec1b671745d"><section id="idf70e0c4e03cd404485d6d440f0e16152"><enum>1101.</enum><header>Definitions and rules</header><subsection id="idd39534d0bcad49ac9167c467acd4e6c7"><enum>(a)</enum><header>Definitions</header><text>In titles II, III, IV, VI, VII, and IX (referred to individually in sections 1106 and 1107 as a <quote>covered title</quote>):</text><paragraph id="id9921948259b6473eacca73caa17cbc2a"><enum>(1)</enum><header>Race; color; religion; sex; sexual orientation; gender identity; national origin</header><text>The term <term>race</term>, <quote>color</quote>, <quote>religion</quote>, <quote>sex</quote> (including <quote>sexual orientation</quote> and <quote>gender identity</quote>), or <quote>national origin</quote>, used with respect to an individual, includes—</text><subparagraph id="id00d230df324644279b6376db88590fd7"><enum>(A)</enum><text>the race, color, religion, sex (including sexual orientation and gender identity), or national origin, respectively, of another person with whom the individual is associated or has been associated; and</text></subparagraph><subparagraph id="id84f1740525dc42b28882d9776d31ccc8"><enum>(B)</enum><text>a perception or belief, even if inaccurate, concerning the race, color, religion, sex (including sexual orientation and gender identity), or national origin, respectively, of the individual.</text></subparagraph></paragraph><paragraph id="iddf6c1370c9ad4cf1a0c237932cc0b841"><enum>(2)</enum><header>Gender identity</header><text>The term <term>gender identity</term> means the gender-related identity, appearance, mannerisms, or other gender-related characteristics of an individual, regardless of the individual’s designated sex at birth.</text></paragraph><paragraph id="id80400ea4cf304b2a951ab5857a055afb"><enum>(3)</enum><header>Including</header><text>The term <term>including</term> means including, but not limited to, consistent with the term's standard meaning in Federal law.</text></paragraph><paragraph id="idbf0df35ad9f1441daa00a28597d58765"><enum>(4)</enum><header>Sex</header><text>The term <term>sex</term> includes—</text><subparagraph id="idc84f311c8397453a81bc9e9cb817630a"><enum>(A)</enum><text>a sex stereotype;</text></subparagraph><subparagraph id="id43aca23a2493401695cf555835e161c2"><enum>(B)</enum><text>pregnancy, childbirth, or a related medical condition;</text></subparagraph><subparagraph id="idb82aabbb2c02485fa49f61fa7e5d8e54"><enum>(C)</enum><text>sexual orientation or gender identity; and</text></subparagraph><subparagraph id="id19d3de2dce67487995c326e99fd1322d"><enum>(D)</enum><text>sex characteristics, including intersex traits.</text></subparagraph></paragraph><paragraph id="id877275194c53406c8a68606b6c4dced3"><enum>(5)</enum><header>Sexual orientation</header><text>The term <term>sexual orientation</term> means homosexuality, heterosexuality, or bisexuality.</text></paragraph></subsection><subsection id="ide4623c17517746b4958e30bf3c726f85"><enum>(b)</enum><header>Rules</header><text>In a covered title referred to in subsection (a)—</text><paragraph id="id453d2b988d9e4bfd9f04609ca2297f61"><enum>(1)</enum><text>(with respect to sex) pregnancy, childbirth, or a related medical condition shall not receive less favorable treatment than other physical conditions; and</text></paragraph><paragraph id="id0816972ff9414cfaa2c2085418fe3573"><enum>(2)</enum><text>(with respect to gender identity) an individual shall not be denied access to a shared facility, including a restroom, a locker room, and a dressing room, that is in accordance with the individual's gender identity.</text></paragraph></subsection></section><after-quoted-block>; and</after-quoted-block></quoted-block></paragraph><paragraph id="ida72fb49cbef64e5e8a0a4f0cfe6fcb2b"><enum>(3)</enum><text>by inserting after section 1105 the following:</text><quoted-block style="OLC" display-inline="no-display-inline" id="id4b0dadcabccd4ebe96b4adb40eabee92"><section id="ida145f28a2d8b4cfc82971df329f0f3a7"><enum>1106.</enum><header>Rules of construction</header><subsection id="iddf69fc2bc583439f9943c76c2866677b"><enum>(a)</enum><header>Sex</header><text>Nothing in section 1101 or the provisions of a covered title incorporating a term defined or a rule specified in that section shall be construed—</text><paragraph id="id02602b200b714cfd910757edd7c22eca"><enum>(1)</enum><text>to limit the protection against an unlawful practice on the basis of pregnancy, childbirth, or a related medical condition provided by section 701(k); or</text></paragraph><paragraph id="id922d4eeb08074d3ea0d9c8ae42a796eb"><enum>(2)</enum><text>to limit the protection against an unlawful practice on the basis of sex available under any provision of Federal law other than that covered title, prohibiting a practice on the basis of sex.</text></paragraph></subsection><subsection id="idfdc45ea36c41471d91d512b9191fddfc"><enum>(b)</enum><header>Claims and remedies not precluded</header><text>Nothing in section 1101 or a covered title shall be construed to limit the claims or remedies available to any individual for an unlawful practice on the basis of race, color, religion, sex (including sexual orientation and gender identity), or national origin including claims brought pursuant to section 1979 or 1980 of the Revised Statutes (<external-xref legal-doc="usc" parsable-cite="usc/42/1983">42 U.S.C. 1983</external-xref>, 1985) or any other law, including a Federal law amended by the Equality Act, regulation, or policy.</text></subsection><subsection id="id9873f56f71864471bcb8362f03d88ac1"><enum>(c)</enum><header>No negative inference</header><text>Nothing in section 1101 or a covered title shall be construed to support any inference that any Federal law prohibiting a practice on the basis of sex does not prohibit discrimination on the basis of pregnancy, childbirth, or a related medical condition, sexual orientation, gender identity, or a sex stereotype.</text></subsection></section><section commented="no" display-inline="no-display-inline" id="H3C0E252393B24475ADE0B325BC6155E7" section-type="subsequent-section"><enum>1107.</enum><header>Claims</header><text display-inline="no-display-inline">The Religious Freedom Restoration Act of 1993 (<external-xref legal-doc="usc" parsable-cite="usc/42/2000bb">42 U.S.C. 2000bb</external-xref> et seq.) shall not provide a claim concerning, or a defense to a claim under, a covered title, or provide a basis for challenging the application or enforcement of a covered title.</text></section><after-quoted-block>.</after-quoted-block></quoted-block></paragraph></section><section id="H125A428D7F274D7B9BD59302597AC516"><enum>10.</enum><header>Housing</header><subsection id="H241AC45E49574325A1807C323B1C6EFD"><enum>(a)</enum><header>Fair Housing Act</header><text display-inline="yes-display-inline">The Fair Housing Act (<external-xref legal-doc="usc" parsable-cite="usc/42/3601">42 U.S.C. 3601</external-xref> et seq.) is amended—</text><paragraph id="H90E6A87E9541442F933FEA8328F85D0E"><enum>(1)</enum><text>in section 802 (<external-xref legal-doc="usc" parsable-cite="usc/42/3602">42 U.S.C. 3602</external-xref>), by adding at the end the following:</text><quoted-block display-inline="no-display-inline" id="HB43B9A45E16D455AAF0231E904935471" style="OLC"><subsection id="H33567DC499B74D81BF300EBB068FD92A"><enum>(p)</enum><text><term>Gender identity</term>, <term>sex</term>, and <term>sexual orientation</term> have the meanings given those terms in section 1101(a) of the Civil Rights Act of 1964.</text></subsection><subsection id="HF6305898BF1B4E74AB3640AA8197881B"><enum>(q)</enum><text><term>Race</term>, <term>color</term>, <term>religion</term>, <term>sex</term> (including <term>sexual orientation</term> and <term>gender identity</term>), <term>handicap</term>, <term>familial status</term>, or <term>national origin</term>, used with respect to an individual, includes—</text><paragraph id="H162123C93E6B40C6BA2135BA4374C2AF"><enum>(1)</enum><text display-inline="yes-display-inline">the race, color, religion, sex (including sexual orientation and gender identity), handicap, familial status, or national origin, respectively, of another person with whom the individual is associated or has been associated; and</text></paragraph><paragraph id="H39D6A987FB174F588A67623A1FF4CFED"><enum>(2)</enum><text>a perception or belief, even if inaccurate, concerning the race, color, religion, sex (including sexual orientation and gender identity), handicap, familial status, or national origin, respectively, of the individual.</text></paragraph></subsection><after-quoted-block>;</after-quoted-block></quoted-block></paragraph><paragraph id="H196F3D304A1B4D099B44CD85D5DC5CBB"><enum>(2)</enum><text>in section 804, by inserting <quote>(including sexual orientation and gender identity),</quote> after <quote>sex,</quote> each place that term appears;</text></paragraph><paragraph id="H1127018F7ABF4D56ADDD61372010CAB8"><enum>(3)</enum><text>in section 805, by inserting <quote>(including sexual orientation and gender identity),</quote> after <quote>sex,</quote> each place that term appears;</text></paragraph><paragraph id="H75581C20B4BD4A2F82FD5F9185969DE4"><enum>(4)</enum><text>in section 806, by inserting <quote>(including sexual orientation and gender identity),</quote> after <quote>sex,</quote>;</text></paragraph><paragraph id="H80660ED6EBEA498AACB192E86AE17839"><enum>(5)</enum><text>in section 808(e)(6), by inserting <quote>(including sexual orientation and gender identity),</quote> after <quote>sex,</quote>; and</text></paragraph><paragraph id="HCF86CA3FDE7044B1B6AD20B87967203B"><enum>(6)</enum><text>by adding at the end the following:</text><quoted-block display-inline="no-display-inline" id="H0859610075114EA681EE2F80ABB91BC7" style="OLC"><section id="H98D0E06C1AA4488D9F4E8222294DBFB6"><enum>821.</enum><header>Rules of construction</header><text display-inline="no-display-inline">Sections 1101(b) and 1106 of the Civil Rights Act of 1964 shall apply to this title and section 901, except that for purposes of that application, a reference in that section 1101(b) or 1106 to a <quote>covered title</quote> shall be considered a reference to <quote>this title and section 901</quote>.</text></section><section id="HA79576BD4EFD40B4B953F8CFFA213FE0"><enum>822.</enum><header>Claims</header><text display-inline="no-display-inline">Section 1107 of the Civil Rights Act of 1964 shall apply to this title and section 901, except that for purposes of that application, a reference in that section 1107 to a <quote>covered title</quote> shall be considered a reference to <quote>this title and section 901</quote>.</text></section><after-quoted-block>.</after-quoted-block></quoted-block></paragraph></subsection><subsection id="H761F58ED584B4CBE91836D9DB205D51C"><enum>(b)</enum><header>Prevention of intimidation in fair housing cases</header><text>Section 901 of the Civil Rights Act of 1968 (<external-xref legal-doc="usc" parsable-cite="usc/42/3631">42 U.S.C. 3631</external-xref>) is amended by inserting <quote>(including sexual orientation (as such term is defined in section 802 of this Act) and gender identity (as such term is defined in section 802 of this Act)),</quote> after <quote>sex,</quote> each place that term appears.</text></subsection></section><section id="H313303C52EC54E6183BBB927AF69270C"><enum>11.</enum><header>Equal credit opportunity</header><subsection id="H1D287244611C44989D66C71923C2796A"><enum>(a)</enum><header>Prohibited discrimination</header><text display-inline="yes-display-inline">Section 701(a)(1) of the Equal Credit Opportunity Act (<external-xref legal-doc="usc" parsable-cite="usc/15/1691">15 U.S.C. 1691(a)(1)</external-xref>) is amended by inserting <quote>(including sexual orientation and gender identity),</quote> after <quote>sex</quote>.</text></subsection><subsection id="HF7835541C524416A813530F75476811B"><enum>(b)</enum><header>Definitions</header><text>Section 702 of the Equal Credit Opportunity Act (<external-xref legal-doc="usc" parsable-cite="usc/15/1691a">15 U.S.C. 1691a</external-xref>) is amended—</text><paragraph id="HB26070ABC2284C7887F1C72DBD4FCB02"><enum>(1)</enum><text>by redesignating subsections (f) and (g) as subsections (h) and (i), respectively;</text></paragraph><paragraph id="HC02DB21F6F744B08BEE3973D66362310"><enum>(2)</enum><text>by inserting after subsection (e) the following:</text><quoted-block display-inline="no-display-inline" id="H4039F79044F347F8BD1CEA5F5C1627A0" style="OLC"><subsection id="HD8AB0DEA35964B3C9422C90A945C5332"><enum>(f)</enum><text>The terms <term>gender identity</term>, <term>sex</term>, and <term>sexual orientation</term> have the meanings given those terms in section 1101(a) of the Civil Rights Act of 1964.</text></subsection><subsection id="HB8925C13C97B4D90B002BCA16EE63F50"><enum>(g)</enum><text>The term <term>race</term>, <term>color</term>, <term>religion</term>, <term>national origin</term>, <term>sex</term> (including <term>sexual orientation</term> and <term>gender identity</term>), <term>marital status</term>, or <term>age</term>, used with respect to an individual, includes—</text><paragraph id="HD750836E550A4DA0977DF2C582134A29"><enum>(1)</enum><text>the race, color, religion, national origin, sex (including sexual orientation and gender identity), marital status, or age, respectively, of another person with whom the individual is associated or has been associated; and</text></paragraph><paragraph id="H6858E279682F4F859E77AE9AB616E8F0"><enum>(2)</enum><text>a perception or belief, even if inaccurate, concerning the race, color, religion, national origin, sex (including sexual orientation and gender identity), marital status, or age, respectively, of the individual.</text></paragraph></subsection><after-quoted-block>; and</after-quoted-block></quoted-block></paragraph><paragraph id="HF5F6CD93F218488B88CA194A9B3BE417"><enum>(3)</enum><text>by adding at the end the following:</text><quoted-block display-inline="no-display-inline" id="H77A3B34F3C414D75BA843DE1E5C4E003" style="OLC"><subsection id="H32CDF53FDDCE452D8AB6643FED3E710A"><enum>(j)</enum><text>Sections 1101(b) and 1106 of the Civil Rights Act of 1964 shall apply to this title, except that for purposes of that application—</text><paragraph id="HED9FD1254A2E44F1BC55F21B7B76FAA0"><enum>(1)</enum><text>a reference in those sections to a <quote>covered title</quote> shall be considered a reference to <quote>this title</quote>; and</text></paragraph><paragraph id="HE9151F9760E444F4B69EC69C4690940C"><enum>(2)</enum><text>paragraph (1) of such section 1101(b) shall apply with respect to all aspects of a credit transaction.</text></paragraph></subsection><after-quoted-block>.</after-quoted-block></quoted-block></paragraph></subsection><subsection id="H8EB6D3E682E44893AAF19CFA616A453F"><enum>(c)</enum><header>Relation to State laws</header><text>Section 705(a) of the Equal Credit Opportunity Act (<external-xref legal-doc="usc" parsable-cite="usc/15/1691d">15 U.S.C. 1691d(a)</external-xref>) is amended by inserting <quote>(including sexual orientation and gender identity),</quote> after <quote>sex</quote>.</text></subsection><subsection id="H25534E7B45DD448F821ADE06EF8381AD"><enum>(d)</enum><header>Civil liability</header><text>Section 706 of the Equal Credit Opportunity Act (<external-xref legal-doc="usc" parsable-cite="usc/15/1691e">15 U.S.C. 1691e</external-xref>) is amended by adding at the end the following:</text><quoted-block display-inline="no-display-inline" id="HFE6D861ADD494BD08606C7BEA17E6BEB" style="OLC"><subsection id="H671BF42E530944AAB7753724A4229E5D"><enum>(l)</enum><text>Section 1107 of the Civil Rights Act of 1964 shall apply to this title, except that for purposes of that application, a reference in that section to a <quote>covered title</quote> shall be considered a reference to <quote>this title</quote>.</text></subsection><after-quoted-block>.</after-quoted-block></quoted-block></subsection></section><section id="H506FF33C7569491F94D269EBA4DD4EB8"><enum>12.</enum><header>Juries</header><subsection id="H8AAE740DE392493CA89D1670204DCB9B"><enum>(a)</enum><header>In general</header><text display-inline="yes-display-inline"><external-xref legal-doc="usc-chapter" parsable-cite="usc-chapter/28/121">Chapter 121</external-xref> of title 28, United States Code, is amended—</text><paragraph id="HD7C7D60727154F63B700EC43537BEA8A"><enum>(1)</enum><text>in section 1862, by inserting <quote>(including sexual orientation and gender identity),</quote> after <quote>sex,</quote>;</text></paragraph><paragraph id="H601C3DF1205645BDAD3748842E27383A"><enum>(2)</enum><text>in section 1867(e), in the second sentence, by inserting <quote>(including sexual orientation and gender identity),</quote> after <quote>sex,</quote>;</text></paragraph><paragraph id="HED0DDA4B943E40BE97F7ABA4062A07D6"><enum>(3)</enum><text>in section 1869—</text><subparagraph id="H87257B87348E40B48AF83BB14F2F2E3C"><enum>(A)</enum><text>in subsection (j), by striking <quote>and</quote> at the end;</text></subparagraph><subparagraph id="H5CD6580ABED44B83B04674BE9FC9451B"><enum>(B)</enum><text>in subsection (k), by striking the period at the end and inserting a semicolon; and</text></subparagraph><subparagraph id="HBE37F3DF50BD4708AF592B93598236F5"><enum>(C)</enum><text>by adding at the end the following:</text><quoted-block display-inline="no-display-inline" id="H6AE4ADD300CB4F05A99E06DA5DF3026A" style="OLC"><subsection id="H1D62FA2E95D54E9DB77B68CADE6EC8D1"><enum>(l)</enum><text><term>gender identity</term>, <term>sex</term>, and <term>sexual orientation</term> have the meanings given such terms under section 1101(a) of the Civil Rights Act of 1964; and</text></subsection><subsection id="H99A84465E1E24AFBA436AAA327643147"><enum>(m)</enum><text><term>race</term>, <term>color</term>, <term>religion</term>, <term>sex</term> (including <term>sexual orientation</term> and <term>gender identity</term>), <term>economic status</term>, or <term>national origin</term>, used with respect to an individual, includes—</text><paragraph id="HC683BD29AAD549119306BB18C685F28D"><enum>(1)</enum><text display-inline="yes-display-inline">the race, color, religion, sex (including sexual orientation and gender identity), economic status, or national origin, respectively, of another person with whom the individual is associated or has been associated; and</text></paragraph><paragraph id="H95D7D87950B44C9DB7E6E76F7D0BDCE6"><enum>(2)</enum><text>a perception or belief, even if inaccurate, concerning the race, color, religion, sex (including sexual orientation and gender identity), economic status, or national origin, respectively, of the individual.</text></paragraph></subsection><after-quoted-block>; and</after-quoted-block></quoted-block></subparagraph></paragraph><paragraph id="H8899576DC76440189EE17F8CFA063E73"><enum>(4)</enum><text>by adding at the end the following:</text><quoted-block display-inline="no-display-inline" id="HB840B71362BD4F579AE9DC6F54AD62AA" style="USC"><section id="HEE497CC07F384CE5AD59A225394B90CD"><enum>1879.</enum><header>Rules of construction and claims</header><text display-inline="no-display-inline">Sections 1101(b), 1106, and 1107 of the Civil Rights Act of 1964 shall apply to this chapter, except that for purposes of that application, a reference in those sections to a <quote>covered title</quote> shall be considered a reference to <quote>this chapter</quote>.</text></section><after-quoted-block>.</after-quoted-block></quoted-block></paragraph></subsection><subsection id="HE564856B4F534F809E3F6499613A9B86"><enum>(b)</enum><header>Technical and conforming amendment</header><text>The table of sections for <external-xref legal-doc="usc-chapter" parsable-cite="usc-chapter/28/121">chapter 121</external-xref> of title 28, United States Code, is amended by adding at the end the following:</text><quoted-block id="HEE66EF4DC6C1424BBB054B8E9A3A67D1" style="USC"><toc><toc-entry level="section">1879. Rules of construction and claims.</toc-entry></toc><after-quoted-block>.</after-quoted-block></quoted-block></subsection></section></legis-body></bill>


