<?xml version="1.0"?>
<?xml-stylesheet type="text/xsl" href="billres.xsl"?>
<!DOCTYPE bill PUBLIC "-//US Congress//DTDs/bill.dtd//EN" "bill.dtd">
<bill bill-stage="Introduced-in-Senate" dms-id="A1" public-private="public" slc-id="S1-CAN21012-HCG-D6-JMK"><metadata xmlns:dc="http://purl.org/dc/elements/1.1/">
<dublinCore>
<dc:title>117 S189 IS: Veterans' Disability Compensation Automatic COLA Act of 2021</dc:title>
<dc:publisher>U.S. Senate</dc:publisher>
<dc:date>2021-02-03</dc:date>
<dc:format>text/xml</dc:format>
<dc:language>EN</dc:language>
<dc:rights>Pursuant to Title 17 Section 105 of the United States Code, this file is not subject to copyright protection and is in the public domain.</dc:rights>
</dublinCore>
</metadata>
<form>
<distribution-code display="yes">II</distribution-code><congress>117th CONGRESS</congress><session>1st Session</session><legis-num>S. 189</legis-num><current-chamber>IN THE SENATE OF THE UNITED STATES</current-chamber><action><action-date date="20210203">February 3, 2021</action-date><action-desc><sponsor name-id="S303">Mr. Thune</sponsor> (for himself and <cosponsor name-id="S353">Mr. Schatz</cosponsor>) introduced the following bill; which was read twice and referred to the <committee-name committee-id="SSVA00">Committee on Veterans' Affairs</committee-name></action-desc></action><legis-type>A BILL</legis-type><official-title>To amend title 38, United States Code, to provide for annual cost-of-living adjustments to be made automatically by law each year in the rates of disability compensation for veterans with service-connected disabilities and the rates of dependency and indemnity compensation for survivors of certain service-connected disabled veterans, and for other purposes.</official-title></form><legis-body display-enacting-clause="yes-display-enacting-clause"><section section-type="section-one" id="S1"><enum>1.</enum><header>Short
 title</header><text display-inline="no-display-inline">This Act may be cited as the <quote><short-title>Veterans' Disability Compensation Automatic COLA Act of 2021</short-title></quote>.</text></section><section id="H596FFA9642D6497CAD26018BF41555CD"><enum>2.</enum><header>Automatic annual
			 increase in rates of disability compensation and dependency and indemnity
			 compensation</header><subsection id="HABCD2338A1664828BC3E52004D2F264D"><enum>(a)</enum><header>Indexing to
 social security increases</header><text>Section 5312 of title 38, United States Code, is amended—</text><paragraph id="id4DDF91219E6E41D78B58A56D30C0A2B0"><enum>(1)</enum><text>by redesignating subsection (c) as subsection (d);</text></paragraph><paragraph id="id273FDFBBD51347B898BCA4CBBBD994D3"><enum>(2)</enum><text>by inserting after subsection (b) the following new subsection:</text><quoted-block style="USC" display-inline="no-display-inline" id="HEAB47BAB7328479800996C5259A02DF4"><subsection id="H14528A2263D24D2EA4DD76FC5422132B"><enum>(c)</enum><paragraph commented="no" display-inline="yes-display-inline" id="H8123F37FED3549889CE879BE2161B407"><enum>(1)</enum><text display-inline="yes-display-inline">Whenever there is an increase in benefit amounts payable under title II of the Social Security Act (<external-xref legal-doc="usc" parsable-cite="usc/42/401">42 U.S.C. 401</external-xref> et seq.) as a result of a determination made under section 215(i) of such Act (<external-xref legal-doc="usc" parsable-cite="usc/42/415">42 U.S.C. 415(i)</external-xref>), the Secretary shall, effective on the date of such increase in benefit amounts, increase the dollar amounts in effect for the payment of disability compensation and dependency and indemnity compensation by the Secretary, as specified in paragraph (2), as such amounts were in effect immediately before the date of such increase in benefit amounts payable under title II of the Social Security Act, by the same percentage as the percentage by which such benefit amounts are increased.</text></paragraph><paragraph display-inline="no-display-inline" id="H148B6ACDBEB14DCBAA00A98F75C8B9F6" indent="up1"><enum>(2)</enum><text>The dollar amounts to be increased pursuant to paragraph (1) are the following:</text><subparagraph id="H1D990AEB22CA4755898748CE2712B6A8"><enum>(A)</enum><header>Disability compensation</header><text>Each of the dollar amounts in effect under section 1114 of this title.</text></subparagraph><subparagraph id="HDF9166D64AFF4235944BF76206BE9550"><enum>(B)</enum><header>Additional compensation for
 dependents</header><text>Each of the dollar amounts in effect under section 1115(1) of this title.</text></subparagraph><subparagraph id="H0483DCD4CC574F9D00FE2917B24DF83F"><enum>(C)</enum><header>Clothing allowance</header><text>The dollar amount in effect under section 1162 of this title.</text></subparagraph><subparagraph id="H27A443C5AAD94957A33640D8E853D681"><enum>(D)</enum><header>New DIC rates</header><text>Each of the dollar amounts in effect under paragraphs (1) and (2) of section 1311(a) of this title.</text></subparagraph><subparagraph id="H21F95F0F0B104E8A9E959C5197FB76A6"><enum>(E)</enum><header>Old DIC rates</header><text>Each of the dollar amounts in effect under section 1311(a)(3) of this title.</text></subparagraph><subparagraph id="H1A6FE28ADF284A91A9BC4DF46F61F26C"><enum>(F)</enum><header>Additional DIC for surviving spouses
 with minor children</header><text>The dollar amount in effect under section 1311(b) of this title.</text></subparagraph><subparagraph id="H31B03113CD7E4CC9A1BE5B60004F281"><enum>(G)</enum><header>Additional DIC for
 disability</header><text>Each of the dollar amounts in effect under subsections (c) and (d) of section 1311 of this title.</text></subparagraph><subparagraph id="H3B1AAE06F340458CA95700A1EDEF60EC"><enum>(H)</enum><header>DIC for dependent children</header><text>Each of the dollar amounts in effect under sections 1313(a) and 1314 of this title.</text></subparagraph></paragraph></subsection><after-quoted-block>; and</after-quoted-block></quoted-block></paragraph><paragraph id="id3881F13A2F8D42388FC9CAF6E3485FA1"><enum>(3)</enum><text>by adding at the end of subsection (d), as redesignated by paragraph (1), the following new paragraph:</text><quoted-block style="OLC" display-inline="no-display-inline" id="id234D219341A548CFA98AC5CABCC7256E"><paragraph id="idC75DBFA73E6749D69E634C81CB704B75" indent="up1"><enum>(3)</enum><text>Whenever there is an increase under subsection (c)(1) in amounts in effect for the payment of disability compensation and dependency and indemnity compensation, the Secretary shall publish such amounts, as increased pursuant to such subsection, in the Federal Register at the same time as the material required by section 215(i)(2)(D) of the Social Security Act (<external-xref legal-doc="usc" parsable-cite="usc/42/415">42 U.S.C. 415(i)(2)(D)</external-xref>) is published by reason of a determination under section 215(i) of such Act (<external-xref legal-doc="usc" parsable-cite="usc/42/415">42 U.S.C. 415(i)</external-xref>).</text></paragraph><after-quoted-block>.</after-quoted-block></quoted-block></paragraph></subsection><subsection commented="no" display-inline="no-display-inline" id="id2093F2EC8108440AB59A6C63AB8C77C9"><enum>(b)</enum><header>Effective
 date</header><text>Subsection (c) of section 5312 of title 38, United States Code, as added by subsection (a) of this section, shall take effect on the first day of the first calendar year that begins after the date of the enactment of this Act.</text></subsection></section></legis-body></bill>


