<?xml version="1.0"?>
<?xml-stylesheet type="text/xsl" href="billres.xsl"?>
<!DOCTYPE bill PUBLIC "-//US Congress//DTDs/bill.dtd//EN" "bill.dtd">
<bill bill-stage="Introduced-in-Senate" dms-id="A1" public-private="public" slc-id="S1-MCG21086-F64-J9-FLJ"><metadata xmlns:dc="http://purl.org/dc/elements/1.1/">
<dublinCore>
<dc:title>117 S125 IS: Protecting Life in Health Savings Accounts Act</dc:title>
<dc:publisher>U.S. Senate</dc:publisher>
<dc:date>2021-01-28</dc:date>
<dc:format>text/xml</dc:format>
<dc:language>EN</dc:language>
<dc:rights>Pursuant to Title 17 Section 105 of the United States Code, this file is not subject to copyright protection and is in the public domain.</dc:rights>
</dublinCore>
</metadata>
<form>
<distribution-code display="yes">II</distribution-code><congress>117th CONGRESS</congress><session>1st Session</session><legis-num>S. 125</legis-num><current-chamber>IN THE SENATE OF THE UNITED STATES</current-chamber><action><action-date date="20210128">January 28, 2021</action-date><action-desc><sponsor name-id="S346">Mr. Lee</sponsor> (for himself, <cosponsor name-id="S236">Mr. Inhofe</cosponsor>, <cosponsor name-id="S396">Mrs. Blackburn</cosponsor>, <cosponsor name-id="S397">Mr. Braun</cosponsor>, <cosponsor name-id="S348">Mr. Paul</cosponsor>, <cosponsor name-id="S350">Mr. Rubio</cosponsor>, <cosponsor name-id="S407">Mr. Hagerty</cosponsor>, <cosponsor name-id="S381">Mr. Rounds</cosponsor>, and <cosponsor name-id="S382">Mr. Sasse</cosponsor>) introduced the following bill; which was read twice and referred to the <committee-name committee-id="SSFI00">Committee on Finance</committee-name></action-desc></action><legis-type>A BILL</legis-type><official-title>To amend the Internal Revenue Code of 1986 to prohibit treatment of certain distributions and reimbursements for certain abortions as qualified medical expenses.</official-title></form><legis-body display-enacting-clause="yes-display-enacting-clause"><section id="id9CEA6A13658C45D7B56EB61841BBE1CF" section-type="section-one"><enum>1.</enum><header>Short title</header><text display-inline="no-display-inline">This Act may be cited as the <quote><short-title>Protecting Life in Health Savings Accounts Act</short-title></quote>.</text></section><section section-type="subsequent-section" id="id37C60C4104BF46139A82D82EAB428BB5"><enum>2.</enum><header>Distributions for certain abortions not qualified</header><subsection id="id1E6905D4281042DDB4BAE87FA75BCA26"><enum>(a)</enum><header>HSAs</header><paragraph id="idF6484345686741A6B6AA19CAFA0B0121"><enum>(1)</enum><header>In general</header><text display-inline="yes-display-inline">Subparagraph (A) of <external-xref legal-doc="usc" parsable-cite="usc/26/223">section 223(d)(2)</external-xref> of the Internal Revenue Code of 1986 is amended by adding at the end the following: <quote>Such term shall not include any amount paid for an abortion (other than an excluded abortion).</quote>.</text></paragraph><paragraph id="id79485F132949424F859B63A54D103127"><enum>(2)</enum><header>Excluded abortion</header><text>Section 223(d)(2) of such Code is amended by adding at the end the following new subparagraph:</text><quoted-block style="OLC" display-inline="no-display-inline" id="idB550E44B58DA4013A6648FFBD8C6F320"><subparagraph id="id8F0906E91D984F10A8E022AE9423BC5A"><enum>(E)</enum><header>Excluded abortion</header><text>For purposes of this paragraph, the term <term>excluded abortion</term> means any abortion—</text><clause id="id9DEC70AFDBE44E74B1E37B5BD8D07CF2"><enum>(i)</enum><text>with respect to a pregnancy that is the result of an act of rape or incest, or</text></clause><clause id="idDCDCDD669C754DD8B6550DD97B814762"><enum>(ii)</enum><text>with respect to which the woman suffers from a physical disorder, physical injury, or physical illness, including a life-endangering physical condition caused by or arising from the pregnancy itself, that would, as certified by a physician, place the woman in danger of death unless the abortion is performed.</text></clause></subparagraph><after-quoted-block>.</after-quoted-block></quoted-block></paragraph></subsection><subsection id="idD57701A595DF47E6ADCFE49FAEF4A7D5"><enum>(b)</enum><header>Archer MSAs</header><text>Subparagraph (A) of <external-xref legal-doc="usc" parsable-cite="usc/26/220">section 220(d)(2)</external-xref> of the Internal Revenue Code of 1986 is amended by adding at the end the following: <quote>Such term shall not include any amount paid for an abortion (other than an excluded abortion (as defined in section 223(d)(2)(E)).</quote>.</text></subsection><subsection id="id62AD000ED33D492EADBAE7E1F90C5196"><enum>(c)</enum><header>Health flexible spending arrangements and health reimbursement arrangements</header><text><external-xref legal-doc="usc" parsable-cite="usc/26/106">Section 106</external-xref> of the Internal Revenue Code of 1986 is amended by adding at the end the following new subsection:</text><quoted-block style="OLC" display-inline="no-display-inline" id="idA886B2683891429595C99151CBC9151D"><subsection id="id87B7042C0EAC4E1C96008048EAE0C187"><enum>(h)</enum><header>Prohibition on reimbursements for abortions</header><text>For purposes of this section and section 105, reimbursement for expenses incurred for an abortion (other than an excluded abortion (as defined in section 223(d)(2)(E)) shall not be treated as a reimbursement for medical expenses.</text></subsection><after-quoted-block>.</after-quoted-block></quoted-block></subsection><subsection id="ide3feca6c66de4d8cb096d03ac7eefa82"><enum>(d)</enum><header>Retiree health accounts</header><text><external-xref legal-doc="usc" parsable-cite="usc/26/401">Section 401(h)</external-xref> of the Internal Revenue Code of 1986 is amended by inserting <quote>(other than an expense for an abortion (other than an excluded abortion (as defined in section 223(d)(2)(E)))</quote> after <quote>sickness, accident, hospitalization, and medical expenses</quote> in the matter preceding paragraph (1).</text></subsection><subsection id="id7DBCA5103DB54FE4BCAF555C98BB4174"><enum>(e)</enum><header>Effective dates</header><paragraph id="id6be9367029004c208d96488a00c76cfe"><enum>(1)</enum><header>In general</header><text>Except as provided in paragraph (2), the amendments made by this section shall apply to amounts paid with respect to taxable years beginning after December 31, 2021. </text></paragraph><paragraph id="idb15ebc25fa1a4802bc1c3c197c237eb8"><enum>(2)</enum><header>Reimbursements</header><text>The amendment made by subsection (c) shall apply to expenses incurred with respect to taxable years beginning after December 31, 2021. </text></paragraph></subsection></section></legis-body></bill> 

