<?xml version="1.0"?>
<?xml-stylesheet type="text/xsl" href="billres.xsl"?>
<!DOCTYPE bill PUBLIC "-//US Congress//DTDs/bill.dtd//EN" "bill.dtd">
<bill bill-type="olc" bill-stage="Introduced-in-Senate" dms-id="A1" public-private="public" slc-id="S1-MCG21112-L8T-08-8J5"><metadata xmlns:dc="http://purl.org/dc/elements/1.1/">
<dublinCore>
<dc:title>117 S147 IS: CARES Windfall for the Wealthiest Repeal Act</dc:title>
<dc:publisher>U.S. Senate</dc:publisher>
<dc:date>2021-02-02</dc:date>
<dc:format>text/xml</dc:format>
<dc:language>EN</dc:language>
<dc:rights>Pursuant to Title 17 Section 105 of the United States Code, this file is not subject to copyright protection and is in the public domain.</dc:rights>
</dublinCore>
</metadata>
<form>
<distribution-code display="yes">II</distribution-code><congress>117th CONGRESS</congress><session>1st Session</session><legis-num>S. 147</legis-num><current-chamber>IN THE SENATE OF THE UNITED STATES</current-chamber><action><action-date date="20210202">February 2, 2021</action-date><action-desc><sponsor name-id="S316">Mr. Whitehouse</sponsor> (for himself, <cosponsor name-id="S307">Mr. Brown</cosponsor>, <cosponsor name-id="S366">Ms. Warren</cosponsor>, <cosponsor name-id="S354">Ms. Baldwin</cosponsor>, <cosponsor name-id="S341">Mr. Blumenthal</cosponsor>, <cosponsor name-id="S363">Mr. King</cosponsor>, <cosponsor name-id="S369">Mr. Markey</cosponsor>, <cosponsor name-id="S253">Mr. Durbin</cosponsor>, <cosponsor name-id="S322">Mr. Merkley</cosponsor>, <cosponsor name-id="S259">Mr. Reed</cosponsor>, <cosponsor name-id="S370">Mr. Booker</cosponsor>, <cosponsor name-id="S313">Mr. Sanders</cosponsor>, <cosponsor name-id="S361">Ms. Hirono</cosponsor>, <cosponsor name-id="S364">Mr. Murphy</cosponsor>, <cosponsor name-id="S057">Mr. Leahy</cosponsor>, <cosponsor name-id="S353">Mr. Schatz</cosponsor>, and <cosponsor name-id="S311">Ms. Klobuchar</cosponsor>) introduced the following bill; which was read twice and referred to the <committee-name committee-id="SSFI00">Committee on Finance</committee-name></action-desc></action><legis-type>A BILL</legis-type><official-title>To amend the Internal Revenue Code of 1986 to impose a limitation on excess business losses of non-corporate taxpayers and to modify the carryback of net operating losses for certain taxable years.</official-title></form><legis-body style="OLC" display-enacting-clause="yes-display-enacting-clause" id="H37A50810F8814CCA9ABC446B88086E00"><section section-type="section-one" id="H6C258A1C8109434A8C72FBFA94E7243B"><enum>1.</enum><header>Short title</header><text display-inline="no-display-inline">This Act may be cited as the <quote><short-title>CARES Windfall for the Wealthiest Repeal Act</short-title></quote>.</text></section><section section-type="subsequent-section" id="HB32DE517B08C45439D2533A0B6BBF58B"><enum>2.</enum><header>Limitation on excess business losses of non-corporate taxpayers restored and made permanent</header><subsection id="H988E3D22DBD64AB1A44DBEC1E4276248"><enum>(a)</enum><header>In general</header><text display-inline="yes-display-inline"><external-xref legal-doc="usc" parsable-cite="usc/26/461">Section 461(l)(1)</external-xref> of the Internal Revenue Code of 1986 is amended to read as follows:</text><quoted-block style="OLC" display-inline="no-display-inline" id="H44FBD71FD4A3460AADECE1AC6F14708C"><paragraph id="HAE8154795DE940F996D549FE129820ED"><enum>(1)</enum><header>Limitation</header><text display-inline="yes-display-inline">In the case of a taxpayer other than a corporation, any excess business loss of the taxpayer shall not be allowed.</text></paragraph><after-quoted-block>.</after-quoted-block></quoted-block></subsection><subsection id="HCC7867484977492F8F7D26EDC89960E4"><enum>(b)</enum><header>Farming losses</header><text>Section 461 of such Code is amended by striking subsection (j).</text></subsection><subsection id="H5F8532F89A9E42999E32EDB5056AD0BF"><enum>(c)</enum><header>Effective date</header><text display-inline="yes-display-inline">The amendments made by this section shall apply to taxable years beginning after December 31, 2017.</text></subsection></section><section section-type="subsequent-section" id="HF3D384FB562143158591C1457938C058"><enum>3.</enum><header>Certain taxpayers allowed carryback of net operating losses arising in <enum-in-header>2019 </enum-in-header>and <enum-in-header>2020</enum-in-header></header><subsection id="HA80F8283A33E4FD588968A76B4F692EB"><enum>(a)</enum><header>Carryback of losses arising in <enum-in-header>2019</enum-in-header> and <enum-in-header>2020</enum-in-header></header><paragraph id="HEE785D94AD3C4EEA847D5DD38A8C43BE"><enum>(1)</enum><header>In general</header><text><external-xref legal-doc="usc" parsable-cite="usc/26/172">Section 172(b)(1)(D)(i)</external-xref> of the Internal Revenue Code of 1986 is amended to read as follows:</text><quoted-block style="OLC" display-inline="no-display-inline" id="HA6CC66341C5F43E5AD3A30E40EDBB1D6"><clause id="HB268EB1DB3904ACEBB9C8165E0F9EC5D"><enum>(i)</enum><header>In general</header><text display-inline="yes-display-inline">In the case of any net operating loss arising in a taxable year beginning after December 31, 2018, and before January 1, 2021, and to which subparagraphs (B) and (C)(i) do not apply, such loss shall be a net operating loss carryback to each taxable year preceding the taxable year of such loss, but not to any taxable year beginning before January 1, 2018.</text></clause><after-quoted-block>.</after-quoted-block></quoted-block></paragraph><paragraph id="HB04007BDFB2C43B9BECB9F6212C917CD"><enum>(2)</enum><header>Conforming amendments</header><subparagraph id="HF8657FA4869E4AF0B58A81A02B75434D"><enum>(A)</enum><text display-inline="yes-display-inline">The heading for section 172(b)(1)(D) of such Code is amended by striking <quote><header-in-text level="subparagraph" style="OLC">2018, 2019, and</header-in-text></quote> and inserting <quote><header-in-text level="subparagraph" style="OLC">2019 and</header-in-text></quote>.</text></subparagraph><subparagraph id="H5C677B25B46147EDA2FE78A984A8BE0F"><enum>(B)</enum><text>Section 172(b)(1)(D) of such Code is amended by striking clause (iii) and by redesignating clauses (iv) and (v) as clauses (iii) and (iv), respectively.</text></subparagraph><subparagraph id="HFCC134F3DD6E4102B536750EB76F8675"><enum>(C)</enum><text>Section 172(b)(1)(D)(iii) of such Code, as so redesignated, is amended by striking <quote>(i)(I)</quote> and inserting <quote>(i)</quote>. </text></subparagraph><subparagraph id="H7C5D42F0600C404688F258A05493D59B"><enum>(D)</enum><text>Section 172(b)(1)(D)(iv) of such Code, as so redesignated, is amended—</text><clause id="H006E4D1E024245CCB7FD429CA643D4D1"><enum>(i)</enum><text>by striking <quote>If the 5-year carryback period under clause (i)(I)</quote> in subclause (I) and inserting <quote>If the carryback period under clause (i)</quote>, and</text></clause><clause id="HFEECC8F3C0824DB1A51C17B9F794FDDA"><enum>(ii)</enum><text>by striking <quote>2018 or</quote> in subclause (II).</text></clause></subparagraph></paragraph></subsection><subsection id="HE68C465C48E64F60926482BEF06CC40A"><enum>(b)</enum><header>Disallowed for certain taxpayers</header><text>Section 172(b)(1)(D) of such Code, as amended by the preceding provisions of this Act, is amended by adding at the end the following new clauses:</text><quoted-block style="OLC" display-inline="no-display-inline" id="HC9F91D29CBF647ECBAE188F3993FC700"><clause id="H9432565F46C24FD3884D7B8BAA343801"><enum>(v)</enum><header>Carryback disallowed for certain taxpayers</header><text display-inline="yes-display-inline">Clause (i) shall not apply with respect to any loss arising in a taxable year in which—</text><subclause id="HBEDD81E235F444108F106643D72678F7"><enum>(I)</enum><text>the taxpayer (or any related person) is not allowed a deduction under this chapter for the taxable year by reason of section 162(m) or section 280G, or </text></subclause><subclause id="H129ABEA9C3EA4CA88A2A2C635C756928"><enum>(II)</enum><text>the taxpayer (or any related person) is a specified corporation for the taxable year. </text></subclause></clause><clause id="HD363F7AA9C3746FBA2526A45BD0CB5C0"><enum>(vi)</enum><header>Specified corporation</header><text display-inline="yes-display-inline">For purposes of clause (v)—</text><subclause id="HE838D994A6AF40E1BB814E8A9AB92EF1"><enum>(I)</enum><header>In general</header><text>The term <term>specified corporation</term> means, with respect to any taxable year, a corporation the aggregate distributions (including redemptions) of which during all taxable years ending after December 31, 2017, exceed the sum of applicable stock issued of such corporation and 5 percent of the fair market value of the stock of such corporation as of the last day of the taxable year.</text></subclause><subclause id="H60D95653630B4453929780D6B5A34739"><enum>(II)</enum><header>Applicable stock issued</header><text>The term <term>applicable stock issued</term> means, with respect to any corporation, the aggregate fair market value of stock (as of the issue date of such stock) issued by the corporation during all taxable years ending after December 31, 2017, in exchange for money or property other than stock in such corporation.</text></subclause><subclause id="HA7076F1002DB4035B9B8705CA7D363C8"><enum>(III)</enum><header>Certain preferred stock disregarded</header><text>For purposes of subclause (I), stock described in section 1504(a)(4), and distributions (including redemptions) with respect to such stock, shall be disregarded. </text></subclause></clause><clause id="HEF8A06A826B04A5F8B7DA0393F0FD11F"><enum>(vii)</enum><header>Related person</header><text>For purposes of clause (v), a person is a related person to a taxpayer if the related person bears a relationship to the taxpayer specified in section 267(b) or section 707(b)(1).</text></clause><after-quoted-block>.</after-quoted-block></quoted-block></subsection><subsection id="H255752C0882B4D66826F03918A0B2E05"><enum>(c)</enum><header>Effective date</header><text display-inline="yes-display-inline">The amendments made by this section shall take effect as if included in the enactment of section 2303(b) of the Coronavirus Aid, Relief, and Economic Security Act.</text></subsection></section></legis-body></bill> 

