<?xml version="1.0"?>
<?xml-stylesheet type="text/xsl" href="billres.xsl"?>
<!DOCTYPE bill PUBLIC "-//US Congress//DTDs/bill.dtd//EN" "bill.dtd">
<bill bill-stage="Introduced-in-Senate" dms-id="A1" public-private="public" slc-id="S1-BAI21058-R4W-CV-MHC"><metadata xmlns:dc="http://purl.org/dc/elements/1.1/">
<dublinCore>
<dc:title>117 S32 IS: Health Force, Resilience Force, and Jobs To Fight COVID–19 Act of 2021</dc:title>
<dc:publisher>U.S. Senate</dc:publisher>
<dc:date>2021-01-22</dc:date>
<dc:format>text/xml</dc:format>
<dc:language>EN</dc:language>
<dc:rights>Pursuant to Title 17 Section 105 of the United States Code, this file is not subject to copyright protection and is in the public domain.</dc:rights>
</dublinCore>
</metadata>
<form>
<distribution-code display="yes">II</distribution-code><congress>117th CONGRESS</congress><session>1st Session</session><legis-num>S. 32</legis-num><current-chamber>IN THE SENATE OF THE UNITED STATES</current-chamber><action><action-date date="20210122">January 22, 2021</action-date><action-desc><sponsor name-id="S331">Mrs. Gillibrand</sponsor> (for herself, <cosponsor name-id="S330">Mr. Bennet</cosponsor>, <cosponsor name-id="S353">Mr. Schatz</cosponsor>, <cosponsor name-id="S369">Mr. Markey</cosponsor>, <cosponsor name-id="S390">Mr. Van Hollen</cosponsor>, <cosponsor name-id="S311">Ms. Klobuchar</cosponsor>, <cosponsor name-id="S341">Mr. Blumenthal</cosponsor>, <cosponsor name-id="S370">Mr. Booker</cosponsor>, <cosponsor name-id="S309">Mr. Casey</cosponsor>, <cosponsor name-id="S386">Ms. Duckworth</cosponsor>, <cosponsor name-id="S221">Mrs. Feinstein</cosponsor>, and <cosponsor name-id="S259">Mr. Reed</cosponsor>) introduced the following bill; which was read twice and referred to the <committee-name committee-id="SSHR00">Committee on Health, Education, Labor, and Pensions</committee-name></action-desc></action><legis-type>A BILL</legis-type><official-title>To provide for the establishment of a standing Health Force and a Resilience Force to respond to public health emergencies and meet public health needs.</official-title></form><legis-body><section id="S1" section-type="section-one"><enum>1.</enum><header>Short title</header><text display-inline="no-display-inline">This Act may be cited as the <quote><short-title>Health Force, Resilience Force, and Jobs To Fight COVID–19 Act of 2021</short-title></quote>.</text></section><section id="id3FAE38AAEEB843398CE818B3D4EC6563"><enum>2.</enum><header>Health Force</header><subsection id="idB3320A5298254C07BBE7CCBA7E81F740"><enum>(a)</enum><header>Purpose</header><text>It is the purpose of the Health Force established under this section to recruit, train, and employ a standing workforce of Americans to respond to the COVID–19 pandemic in their communities, provide capacity for ongoing and future public health care needs, and build skills for new workers to enter the public health and health care workforce. </text></subsection><subsection id="id3b8a7c10d280437e8a8750923a628b55"><enum>(b)</enum><header>Establishment</header><text>The Centers for Disease Control and Prevention, through its State, local, territorial, and Tribal partners, shall establish a standing Health Force (referred to in this section as the <quote>Force</quote>) composed of community members dedicated to preventing and responding to public health crises and emergencies, including those declared by the Secretary of Health and Human Services under section 319 of the Public Health Service Act, including the COVID–19 emergency, and providing increased capacity to address ongoing and future public and community health needs. </text></subsection><subsection id="id3a8b05ab5a7643c68fd0104b1a3e29df"><enum>(c)</enum><header>Organization and administration</header><text>The Centers for Disease Control and Prevention shall—</text><paragraph id="idb31cec50dfff494ca2d0fa8fb387ccbe"><enum>(1)</enum><text>award grants, contracts, or enter into cooperative agreements for the recruitment, hiring, training, managing, administration, and organization of the Force to States, localities, territories, Indian Tribes, Tribal organizations, urban Indian health organizations, health service providers to Tribes, Native Hawaiian health organizations, community health centers, or federally qualified health centers (referred to in this section as <quote>Funded Entities</quote>);</text></paragraph><paragraph id="id4962bfaaa11842bba6aba3bedd043930"><enum>(2)</enum><text>ensure that State, county, local health departments, agencies, and community-based organizations, including community health centers and clinics, receive funding from Funded Entities or directly from the Centers for Disease Control and Prevention for the recruitment, hiring, training, managing, administration, and organization of the Force, as appropriate; </text></paragraph><paragraph id="id88EB1B487BE4475882A5A19839AA0A50"><enum>(3)</enum><text>provide assistance for expenses incurred by Funded Entities prior to the awarding of a grant, contract, or cooperative agreement under subparagraph (A) to facilitate the implementation of the Force, including assistance for planning and recruitment activities, as provided for in section 424 Robert T. Stafford Disaster Relief and Emergency Assistance Act (42 U.S.C.5189b); and</text></paragraph><paragraph id="id4E8B814A498B484E94091EFD50745666"><enum>(4)</enum><text>award and obligate funds as soon as is practicable, and where possible, not later than 30 days after the date of enactment of this Act. </text></paragraph></subsection><subsection id="id78E125B2363248D58771E5DBB7A2CB43"><enum>(d)</enum><header>Funding allocations</header><paragraph id="id6339CFD6CC864CD380669E99802EE08C"><enum>(1)</enum><header>In general</header><text>Of the total amount of funds appropriated under this section for a fiscal year—</text><subparagraph id="id95035d78e8c449faa65539329777c903"><enum>(A)</enum><text>not less than 5 percent shall be awarded to Indian Tribes, Tribal organizations, urban Indian health organizations, health service providers to Tribes, or Native Hawaiian health organizations under subsection (c)(1), of which 80 percent shall be awarded in proportion to population size and 20 percent shall be awarded based on the burden of disease and disability;</text></subparagraph><subparagraph id="id9e5a4b62f24c4ecdbfb6e15f2337681e"><enum>(B)</enum><text>not less than 80 percent shall be awarded to States and territories under subsection (c)(1), of which—</text><clause id="id547363929f0d419abedb92d18402548c"><enum>(i)</enum><text>60 percent shall be awarded in proportion to population size, 20 percent shall be awarded based on the number of jobs lost over the preceding 12 months in each State or territory as a proportion of all jobs lost nationally during that timeframe, and 20 percent shall be awarded based on the burden of disease and disability;</text></clause><clause id="id7bb305b921624cc58d6556bf8fc5eb25"><enum>(ii)</enum><text>not less than 40 percent shall be allocated for State health departments; and</text></clause><clause id="ide7b1d5d9ee9f40179ffdb5d78365f72b"><enum>(iii)</enum><text>not less than 40 percent shall be allocated for county and other local health departments within the State.</text></clause></subparagraph></paragraph><paragraph id="id2f9f463cca6b4812a1be0f7442ad7aaa"><enum>(2)</enum><header>Supplement and not supplant</header><text>Funds appropriated under this section shall be used to supplement, not supplant any existing funding for Indian Tribes, Tribal organizations, urban Indian health organizations, health service providers to Tribes, Native Hawaiian health organizations, States, territories, State health departments, county and other local health departments. </text></paragraph></subsection><subsection id="id1410c93d6e694366b1e37f89d2cd488a"><enum>(e)</enum><header>Service</header><paragraph id="ideffb88deadf64a64b3410be1f1bfaace"><enum>(1)</enum><header>Minimum requirements</header><text>The Force shall be composed of eligible members selected by Funded Entities. At a minimum, Funded Entities shall ensure that membership in the Force is not restricted based on education or citizenship status. Eligible individuals shall include those who are—</text><subparagraph id="idE885536A22564BBAB23765A3E7966545"><enum>(A)</enum><text>at least 18 years of age; and</text></subparagraph><subparagraph id="id7C1A0820FB5F42C9AB2713A04F39BEC5"><enum>(B)</enum><text>authorized to work in the United States, including an individual with Deferred Action for Childhood Arrivals status (DACA) or Temporary Protected Status (TPS) under section 244 of the Immigration and Nationality Act (<external-xref legal-doc="usc" parsable-cite="usc/8/1254a">8 U.S.C. 1254a</external-xref>).</text></subparagraph></paragraph><paragraph id="id946901abdcda448981f13b4a58dade30"><enum>(2)</enum><header>Recruitment</header><text>With respect to the employment of Force members, Funded Entities shall support recruitment efforts for Force personnel who are from or reside in the locality in which they will serve, including efforts to recruit Force members among focal communities as described in subsection (h), as well as dislocated workers, individuals with barriers to employment, veterans, new entrants in the workforce, underemployed or furloughed workers, graduates and students from Historically Black Colleges and Universities, Tribal Colleges and Universities, Hispanic Serving Institutions and historically marginalized populations. As practicable, State labor offices shall share information about Force opportunities with those individuals applying for or receiving unemployment benefits.</text></paragraph><paragraph id="id5B18B24984AB4B1E954558FBDF6C16C6"><enum>(3)</enum><header>Preference</header><text>Notwithstanding any other provision of law, preference in the hiring of Force members shall be given to individuals who are dislocated workers, individuals with barriers to employment, veterans, new entrants in the workforce, underemployed or furloughed workers, or community-based nonprofit or public health or health care professionals, from focal communities as described in subsection (h), or unemployed or underemployed individuals. First priority in such hiring shall be given to individuals who are previous employees of Funded Entities (or subawardees under paragraph (9)) who were, within the 2020 or 2021 calendar year, furloughed, laid off, subject to a reduction in force, placed or went on leave, or have recall rights subject to collective bargaining agreement or applicable personnel policies. </text></paragraph><paragraph id="id284d223e26ad4a158352d4c0549d9b0d"><enum>(4)</enum><header>Placement</header><text>To the extent feasible, as determined by Funded Entities, members of the Force shall be recruited from and serve in their home communities. Force members shall be physically co-located within State, local, territorial, Tribal health departments, or within other eligible organizations as defined by subsection (c)(1). According to local needs, Force members may be physically co-located with other local public health, health care, and community-based organizations, including community health centers and free and charitable clinics, as determined appropriate by Funded Entities. </text></paragraph><paragraph id="id9FB41AE83E594AA1A6FA6E7EA7B4A504"><enum>(5)</enum><header>Training</header><subparagraph id="idfbe85cd64bc74ce78e693e62ac5a0511"><enum>(A)</enum><header>Contact tracing training</header><clause id="id92D046309C604BEEB4413BB1D982701F"><enum>(i)</enum><header>In general</header><text>The Director of the Centers for Disease Control and Prevention (referred to in this section as <quote>Director</quote>) shall continue to provide contact tracing guidance and resources on their public internet website, including contact tracing training plans, for Force members to successfully conduct contact tracing activities under subsection (f)(1). Funded Entities shall determine which Force members will be provided with contact tracing training to meet State, locality, territory, and Tribal public health needs.</text></clause><clause id="id47a49c6cc9674f8ca2373f658ccff493"><enum>(ii)</enum><header>Training by funded entities</header><text>Funded Entities may provide contact tracing training using the guidance and resources described in clause (i) or other evidence-informed programs, including training programs carried out by the Association of State and Territorial Health Officials and by academic institutions. </text></clause></subparagraph><subparagraph id="id9E59BDA878EA498A89D8E776591B3068"><enum>(B)</enum><header>Additional training</header><text>Not later than 90 days after the date of enactment of this Act, the Director shall identify and, as necessary, develop additional evidence-informed training resource packages to provide Force members the knowledge and skills necessary to conduct the full complement of activities describe in subsections (f) and (g). Funded Entities shall determine which Force members will be provided with additional training to meet State, locality, territory, and Tribal public health needs. </text></subparagraph><subparagraph id="id98eeb3892bb543a98ce8ffeaddccc217"><enum>(C)</enum><header>Specialized training</header><text>In organizing the Force under this section, the Director may elect to establish divisions of Force members who receive specialized comprehensive training, including divisions of Force members who have met State licensure requirements, have prior relevant experience, have supervisory skills, or demonstrated aptitude.</text></subparagraph><subparagraph id="id5098c8e9075a42cbbeb5a720478f13ac"><enum>(D)</enum><header>Training requirements</header><text>The training programs under this paragraph shall—</text><clause id="id7d7cc7277aad4e0a9b0866f5cd27b8ea"><enum>(i)</enum><text>be adaptable by Funded Entities to meet local needs;</text></clause><clause id="id0fc7dba2e5b346ec923e4aaafd542c69"><enum>(ii)</enum><text>be implemented as quickly as possible by either or both of the Centers for Disease Control and Prevention and Funded Entities, based on local needs and abilities;</text></clause><clause id="id3e4026caec014c16985cbf477b5e7241"><enum>(iii)</enum><text>be distance-based eLearning that can be accessed electronically, including by using a smartphone, with the goal of limiting opportunities for disease transmission while maximizing knowledge and skills acquisition and retention among Force trainees;</text></clause><clause id="id5cf73ab0d40b495f8a9b0db8de100134"><enum>(iv)</enum><text>include refresher training at regular and frequent intervals as determined appropriate by the Director or Funded Entities;</text></clause><clause id="id22397c5ea2124bc695b38acf243bb7ab"><enum>(v)</enum><text>incorporate training components on personal safety, including staying safe around animals in the context of home visits, use of personal protective equipment, and health privacy and ethics; and</text></clause><clause id="id0e3188d424074ef9a7fe799d23d9929d"><enum>(vi)</enum><text>leverage existing training and certification programs approved by States, territories, Tribal Nations, and community health worker certifying bodies. </text></clause></subparagraph><subparagraph id="id8E5D8E172FEF45ECB3258593594A303E"><enum>(E)</enum><header>Miscellaneous</header><text>Where determined necessary, the Director may—</text><clause id="idFB521CDE9D664F719A4F2DC4723BBFA9"><enum>(i)</enum><text>recommend training under this paragraph that includes face-to-face interaction;</text></clause><clause id="ide5c188e2e925412c8595b08356c345cd"><enum>(ii)</enum><text>collaborate with, including through grants or cooperative agreements, public universities, including nursing, medical, and veterinary schools, community colleges, or other career and technical education institutes, community health centers, federally qualified health centers, community health worker and community health representative training and certification programs, and other community-based organizations, federally recognized Minority Serving Institutions, as well as public health associations and State and local health departments, to develop and implement training under this subparagraph, particularly for skills that typically have licensure requirements; and</text></clause><clause id="id2f008970c2564fb6ae1a6bd28919953c"><enum>(iii)</enum><text>develop training and communications materials in multiple languages. </text></clause></subparagraph><subparagraph id="id3861B66C12D74B5B86737C4C29476186"><enum>(F)</enum><header>Payment during training</header><text>Force members shall be paid for each hour spent in training, including refresher training.</text></subparagraph><subparagraph id="id25aa034d166d401b96d97b6c6ad60068"><enum>(G)</enum><header>Supporting public health career growth</header><text>Funded Entities shall support public health career development and growth of Force members, including by—</text><clause id="idac3bfcca5be645ca9c4aedc4d96f2436"><enum>(i)</enum><text>providing additional disaster relief employment and training activities described in subparagraphs (A) and (C) of section 170(d)(1) of the Workforce Innovation and Opportunity Act (<external-xref legal-doc="usc" parsable-cite="usc/29/3225">29 U.S.C. 3225(d)(1)</external-xref> (A) and (C)) and services described in section 7(a)(1) of the Wagner-Peyser Act (<external-xref legal-doc="usc" parsable-cite="usc/29/49f">29 U.S.C. 49f(a)(1)</external-xref>), as appropriate;</text></clause><clause id="idc50f66a8e42a43b69c13c4979f18b8e6"><enum>(ii)</enum><text>providing opportunities for Force members to maintain employment, continuing education, and career advancement in health services or health promotion and advocacy roles, including community health worker roles, after the COVID–19 public health emergency has concluded, including by serving in roles described in subsection (g); and</text></clause><clause id="idbec5dae828a44d56be638e1d7b4c0ed5"><enum>(iii)</enum><text>assisting Force members in obtaining other public health employment directly with the Funded Entity or with a unit of State, territorial, Tribal, or local government after the COVID–19 public health emergency has concluded, including by paying the costs of not more than 10 percent of the total compensation provided by the eligible entity or unit of local government to such eligible individual for a period of not more than the first year in which the individual is so employed, if such employment is not otherwise subsidized under this or any other Act. </text></clause></subparagraph></paragraph><paragraph id="id94e7a3edd4ee448f8ffecf0e0afe096f"><enum>(6)</enum><header>Force member compensation</header><subparagraph id="id0AE68FC20F524124AB3A803529B60A46"><enum>(A)</enum><header>In general</header><text>Members of the Force shall be full-time employees paid directly by Funded Entities (and subawardees under paragraph (9)) using funds provided by the Centers for Disease Control and Prevention under grants, contracts, or cooperative agreements under this section. </text></subparagraph><subparagraph id="id34ee534038894cf6941c029c9cdd5144"><enum>(B)</enum><header>Compensation</header><text>Notwithstanding any other provision of law, for fiscal year 2021 and each fiscal year thereafter, all Force members, including supervisors, shall be paid a wage and fringe benefits not less than the minimum wage and fringe benefits established in accordance with <external-xref legal-doc="usc-chapter" parsable-cite="usc-chapter/41/67">chapter 67</external-xref> of title 41, United States Code (commonly known as the <quote>Service Contract Act</quote>).</text></subparagraph><subparagraph id="id5f15561bd2f04755857da25790494573"><enum>(C)</enum><header>Authority</header><text>With respect to subparagraph (B), the Secretary of Labor, or the Secretary’s authorized representative, shall have the authority and functions set forth in <external-xref legal-doc="usc-chapter" parsable-cite="usc-chapter/41/67">chapter 67</external-xref> of title 41, United States Code.</text></subparagraph><subparagraph id="iddad93ac097e441d4ad37425e1711bbfe"><enum>(D)</enum><header>Methodology</header><text>With respect to subparagraph (B), the Secretary of Labor, or the Secretary’s authorized representative, shall issue a nonstandard wage determination, subject to periodic revision, establishing minimum wages and fringe benefits for each class of Force members in accordance with the prevailing rates for those positions or, where a collective-bargaining agreement is in effect, in accordance with the rates provided for in the agreement, including prospective wage and fringe benefit increases provided under the agreement. </text></subparagraph><subparagraph id="id6316473E9299473585DD2527A0A8F7F5"><enum>(E)</enum><header>Sense of Congress</header><text>It is the sense of Congress that Force member compensation shall include health, retirement, and paid family and medical leave benefits.</text></subparagraph></paragraph><paragraph id="id67f0b555c29749c4a0c5baeb45e919f8"><enum>(7)</enum><header>Supervisory structures</header><text>Members of the Force shall receive ongoing supportive supervision from staff members of Funded Entities (or subawardees under paragraph (9)), in accordance with evidence-informed practices. Entities funded under this section may choose the most appropriate supervisory structure to use based on local needs, and may promote Force members into supervisory roles. Such supervision may also be provided by Disease Intervention Specialists. Funded Entities may use funds awarded under grants, contacts, or cooperative agreements under this section to pay for such supervisory staff and structures in accordance with paragraph (6).</text></paragraph><paragraph id="id1d93fb2e2398423ab3980fb846b6c4a4"><enum>(8)</enum><header>Supplies and equipment</header><text>Members of the Force and their supervisors shall receive all necessary supplies and equipment, including personal protective equipment, through Funded Entities, which may use funds awarded under grants, contracts, or cooperative agreements under this section to pay for such supplies and equipment.</text></paragraph><paragraph id="id5d85b4b8bc94407084b63ff628bde103"><enum>(9)</enum><header>Subawards</header><text>As authorized by the Centers for Disease Control and Prevention, Funded Entities shall make subawards to local partners, including community health centers, labor organizations, labor-management partnerships, and other community-based and nonprofit organizations, in order to facilitate Force member recruitment, training, management, supervision, and retention as well as to facilitate Force integration into existing public health, health care, and community-based services in accordance with paragraph (6). </text></paragraph><paragraph id="id6394c513ca8f4485b0ae2353ed6bf464"><enum>(10)</enum><header>Service in public health emergency</header><text>A Funded Entity shall assign one or more Force members to respond to a public health emergency in the area served by such entity. Such Force members shall be under the supervision and management of the involved State, locality, territory, Indian Tribe, Tribal organization, urban Indian health organization, health service providers to Tribes, Native Hawaiian health organization, community health center, federally qualified health center, or other local partner. </text></paragraph><paragraph id="id183c521d03be489aac1d04b20d7faec4"><enum>(11)</enum><header>Service post emergency</header><text>A Funded Entity may retain Force members in accordance with paragraph (6) to continue to work in the area served by the entity after a public health emergency has ended in order to—</text><subparagraph id="idf2c5830399fb40148519c7d1a1062d29"><enum>(A)</enum><text>prevent and respond to future public health crises and emergencies; and</text></subparagraph><subparagraph id="id57e9a67c91f4463d8213a4ae516e3cdb"><enum>(B)</enum><text>respond to ongoing and future public health, community health, and health care needs. </text></subparagraph></paragraph><paragraph id="idc6cc8998cc814fd59eb4821f67be32f3"><enum>(12)</enum><header>Limitation</header><text>A Force member may not be assigned for international deployment on behalf of the Health Force.</text></paragraph><paragraph id="id65b2a9d4cb7e4487bb9b626e2b5f5451"><enum>(13)</enum><header>Funding</header><text>All costs associated with the service and functions of Force members under this section, including salary and employment benefits described under paragraph (6), as well as associated direct and indirect costs, shall be paid by the Federal Government through grants, contracts, or cooperative agreements to Funded Entities.</text></paragraph><paragraph id="id79e960d4638e41c4b40e11b6c636866b"><enum>(14)</enum><header>Nondisplacement</header><text>Funded Entities (and subawardees under paragraph (9)) shall not displace an employee, including partial displacement such as a reduction in hours, wages, or employment benefits, as a result of the use by such Funded Entities (and subawardees). </text></paragraph></subsection><subsection id="id59c61b3d672a44179da14280f27b6a86"><enum>(f)</enum><header>Activities To respond to the COVID–19 pandemic</header><text>For the duration of the public health emergency declared by the Secretary of Health and Human Services under section 319 of the Public Health Service Act (<external-xref legal-doc="usc" parsable-cite="usc/42/247d">42 U.S.C. 247d</external-xref>) on January 31, 2020, with respect to COVID–19, Force personnel shall be trained and employed to support a testing, contact tracing, containment, and mitigation strategy to combat the COVID–19 pandemic. Such activities shall align with State licensure, local regulations, scope of practice, and certification requirements and evidence-informed practices and include—</text><paragraph id="id168ea32d5e1745e996d91030fb6ca8f7"><enum>(1)</enum><text>conducting contact tracing, including the identification of cases of COVID–19 and their contacts in a culturally competent, multilingual manner;</text></paragraph><paragraph id="id067b3a064b6f49f3ac5f95fdaf500732"><enum>(2)</enum><text>when available, supporting the administration of diagnostic, serologic, or other COVID–19 tests and vaccinations;</text></paragraph><paragraph id="id917f204e0681493483c0ea8d241ab7e8"><enum>(3)</enum><text>providing support that addresses social, economic, behavioral, and preventive health needs, such as supportive roles for care coordination, primary care, and palliative care, as appropriate, for individuals affected by COVID–19, including those individuals who are asked to voluntarily isolate or quarantine; and</text></paragraph><paragraph id="id56C8FE6C86FA4D17BEDCF65B8F81F9FE"><enum>(4)</enum><text>other activities as determined appropriate by Funded Entities and in accordance with grant and cooperative agreement scope and stipulations.</text></paragraph></subsection><subsection id="id3492fa7aad214ac3a5519f01829ce7ed"><enum>(g)</enum><header>Activities post-Emergency</header><text>After the conclusion of the public health emergency declared by the Secretary of Health and Human Services under section 319 of the Public Health Service Act (<external-xref legal-doc="usc" parsable-cite="usc/42/247d">42 U.S.C. 247d</external-xref>) on January 31, 2020, with respect to COVID–19, Force personnel shall be trained and employed to perform public health recovery efforts, prevent and respond to future public health emergencies, and respond to ongoing and future public health and health care needs. Under this subsection, Force members shall carry out or assist with activities described in subsection (f), as well as any of the following activities, where aligned with State licensure requirements and evidence-informed practices:</text><paragraph id="id64added45dc64b2fb2d2ca1409bef83a"><enum>(1)</enum><text>Providing support services, including—</text><subparagraph id="idb07b41f57f9a468eb283c0bc3930da01"><enum>(A)</enum><text>expanding public health information sharing, including by sharing public health messages with community members and organizations;</text></subparagraph><subparagraph id="id007a42a7761242168eef84b372e0cb29"><enum>(B)</enum><text>helping community members address social, economic, behavioral health, and preventive health needs using evidence-informed models and in accordance with existing standards;</text></subparagraph><subparagraph id="id42f216d27e9e4c71b4e1e2ec15c7338d"><enum>(C)</enum><text>sharing community-based information with State, local, and Tribal health departments to inform and improve health programming, especially for hard-to-reach communities; and</text></subparagraph><subparagraph id="ida883ffc507ec47b188bdd69eea44fc04"><enum>(D)</enum><text>promoting linkages to other Federal, State, and local health and social programs. </text></subparagraph></paragraph><paragraph id="id5f480accf3dd4a6ebee3d8a347d6b3dc"><enum>(2)</enum><text>Other activities determined appropriate by the Director.</text></paragraph><paragraph id="ida63f20f90e524f14aef2574c9e163cc9"><enum>(3)</enum><text>Other activities, including response to localized public health emergencies, as determined appropriate by Funded Entities and in accordance with grant and cooperative agreement scope and stipulations.</text></paragraph></subsection><subsection id="id69d2c388fbce463982e2f2115824cf9c"><enum>(h)</enum><header>Focal communities</header><text>Funded Entities shall dedicate a majority of Force members to addressing the needs of focal communities. To be designated as a focal community, a community shall at a minimum—</text><paragraph id="idca920847806a4bd7b4f55e3ffdfda530"><enum>(1)</enum><text>bear a disproportionate burden of disease; </text></paragraph><paragraph id="idf75c694b6c8f496d86e0fb409be6448a"><enum>(2)</enum><text>be identified as a <quote>most vulnerable</quote> community according to the Centers for Disease Control and Prevention’s Social Vulnerability Index; </text></paragraph><paragraph id="id528fad965aba4cf5953c6c19aa8c6572"><enum>(3)</enum><text>be identified as a <quote>high poverty</quote> area, which includes census tracts with poverty rates of 25 percent or higher, as defined by the Workforce Innovation and Opportunity Act;</text></paragraph><paragraph id="idbeeb9ea120ec40a8a1cb98c51f955ab3"><enum>(4)</enum><text>be identified as a <quote>high unemployment</quote> area, which includes census tracts with unemployment 150 percent or higher than the national unemployment rate, as determined by the Bureau of Labor Statistics based on the most recent data on the total unemployed, the U–6 unemployment measure or similar measure, available on the date of enactment of this Act; or </text></paragraph><paragraph id="id1b40dbfddefe44768420be564efbe249"><enum>(5)</enum><text>be designated as a Health Professional Shortage Area, Medically Underserved Area, or Medically Underserved Population.</text></paragraph></subsection><subsection id="idbc9fa4e656384eab8d694d0468036eb8"><enum>(i)</enum><header>Coordination and collaboration</header><paragraph id="idce71619059eb49dbb8d2a176598699d2"><enum>(1)</enum><header>Facilitation</header><subparagraph id="id905e6000551b494183c4e94cd6892d5a"><enum>(A)</enum><header>In general</header><text>The Director shall facilitate coordination and collaboration between the Force and other national public health service programs within and external to the Department of Health and Human Services, including the Public Health Service and Medical Reserve Corps, as well as the Federal Emergency Management Agency’s Resilience Force.</text></subparagraph><subparagraph id="idf7a4afb88490430893af988dc4b521d9"><enum>(B)</enum><header>Advisory group</header><text>Not later than 6 months after the date of enactment of this Act, the Director shall convene a stakeholder advisory group comprised of—</text><clause id="id8E6000F4FAC44253B3DE45266D777B22"><enum>(i)</enum><text>the leadership of national health service programs, including the Public Health Service Corps, Medical Response Corps, and FEMA CORE;</text></clause><clause id="idF9D796FC38EF4F32B4CB9E685C985C30"><enum>(ii)</enum><text>other relevant Federal offices and agencies, including the Department of Labor, Employment and Training Administration, Health Resources and Services Administration, Health and Human Services Office of the Assistant Secretary for Preparedness and Response, and Occupational Health and Safety Administration; and</text></clause><clause id="id4D1D16BCCB3140368483EC9A047F1EE4"><enum>(iii)</enum><text>leaders representing Funded Entities. </text></clause><continuation-text continuation-text-level="subparagraph">Such advisory group shall meet on a yearly basis to provide guidance for the programmatic success and longevity of the Force. Such guidance shall be codified in an annual report of recommendations and evidence-informed practices to be shared publicly.</continuation-text></subparagraph></paragraph><paragraph id="id19dc754259ea416db898eb30cfc46a12"><enum>(2)</enum><header>States, localities, territories, Indian Tribes, Tribal organizations, urban Indian health organizations, health service providers to Tribes, or Native Hawaiian health organizations collaboration</header><subparagraph id="id3f0266cac0f142e9a8d4a80c0ea93024"><enum>(A)</enum><header>In general</header><text>Funded Entities shall ensure coordination and, as appropriate, collaboration between the Force and local public health, and health care, and community-based organizations, to ensure complementarity and further strengthen the local public health response.</text></subparagraph><subparagraph id="idf3b008c0abe54d10aeba3ff01d320d43"><enum>(B)</enum><header>Local advisory group</header><text>Not later than 3 months after the date of enactment of this Act, an entity that receives a grant, contract, or cooperative agreement under this section shall convene a stakeholder advisory group comprised of community leaders, health officials, labor organizations, local advocates, individuals directly impacted by COVID–19, and other key stakeholders to meet on a regular, recurring basis to provide formal guidance, including priority setting and funding guidance, for the programmatic success and longevity of the Force. </text></subparagraph><subparagraph id="id581dc273d58c4895bb0f59bab0ce1fa2"><enum>(C)</enum><header>State compacts</header><text>In accordance with section 115 of the Housing and Community Development Act of 1974 (<external-xref legal-doc="usc" parsable-cite="usc/42/5315">42 U.S.C. 5315</external-xref>), two or more States to enter into agreements or compacts, for cooperative effort and mutual assistance in support of community development planning and programs carried out under this section as such programs pertain to interstate areas and to localities within such States, and to establish such agencies, joint or otherwise, as such States determine appropriate for making such agreements and compacts effective.</text></subparagraph></paragraph></subsection><subsection id="idac80ae7f00a04c678b4e0802038f0bf4"><enum>(j)</enum><header>Monitoring</header><text>The Director shall develop a performance monitoring template for adaptation and use by Funded Entities under this section. Such template shall at a minimum require the reporting of the number of Force members hired, the role hired into, and the demographic characteristics of Force members. Such data shall be shared by entities receiving grants, contracts, or cooperative agreements under this section to the Centers for Disease Control and Prevention on a regular, recurring basis. Such data shall be made publicly available. </text></subsection><subsection id="id1a9425967249421eb9e9e903d6d32f45"><enum>(k)</enum><header>Learning and adaptation</header><text>The Director, in consultation with the Advisory Group and local advisory groups described in subsection (i), shall develop a learning and evaluation component of the Force to identify successful components of local activities conducted under this section that may be replicated, to identify opportunities for continuing education and career advancement for Force members, to evaluate the degree to which the Force created a pathway to longer-term public health and health care careers among Force members, and to identify how the Force impacted the health knowledge, behaviors, and outcomes of the community members served. Results of this learning shall be made publicly available.</text></subsection><subsection id="id7fc1d0bcd09b4bc983adc791810e66b6"><enum>(l)</enum><header>Reporting</header><text>Not later than 180 days after the end of each fiscal year, the Director shall submit to the Congress a report which shall contain—</text><paragraph id="ida60a65c991a146c4842990040430ce54"><enum>(1)</enum><text>a description of the progress made in accomplishing the objectives of Force under this section;</text></paragraph><paragraph id="idf1b8c691d558406b8556075c7865d08d"><enum>(2)</enum><text>a summary of the amount and expenditure of funds under this section during the preceding fiscal year, including the amount described by Funded Entity;</text></paragraph><paragraph id="idac0aa42a5b484ec1875e8944abfe44f7"><enum>(3)</enum><text>a description of the application of the funding formula specified in subsection (d); </text></paragraph><paragraph id="id0e56b260acd94ccf87d766b143bae023"><enum>(4)</enum><text>the number of individuals recruited, hired, and trained for Force member positions under this section;</text></paragraph><paragraph id="id88f561f427ce4bbd86e94baea5930d69"><enum>(5)</enum><text>the number of Force members who transition to other public health roles either within or external to the Funded Entity using funds under this Act;</text></paragraph><paragraph id="id2fda95e2cda14a2490c0f90b24489616"><enum>(6)</enum><text>the number of Force members who were unemployed prior to being hired;</text></paragraph><paragraph id="idfee2e46bd1bd47a18cc64a0cd2749c09"><enum>(7)</enum><text>the number of Force members who continue to be employed—</text><subparagraph id="idA71380A9450B42688B41937684CDED90"><enum>(A)</enum><text>within 6 months and 1 year, respectively, of hire; and</text></subparagraph><subparagraph id="idE7E2226A84CE4630953F7C2C439AB46D"><enum>(B)</enum><text>within 6 months and 1 year, respectively, of the conclusion of the COVID–19 public health crisis; and</text></subparagraph></paragraph><paragraph id="idf74942dd29c14225aec0dc2fcfc0cbea"><enum>(8)</enum><text>any information on the outcomes and impact of Health Force on health and employment.</text></paragraph></subsection><subsection id="idbdcac3d95e3546eb91f0700d2e52d062"><enum>(m)</enum><header>Financial reporting</header><text>Not later than 45 days after the date of enactment of this Act, and every 60 days thereafter for the first 12 months after such date of enactment, the Director shall submit to Congress a report describing awards made, funding obligated, and expenditures to date. Such report shall also provide details on the application of the funding formula specified in subsection (d), including the amount awarded to each Funded Entity. </text></subsection><subsection id="id7d89706479984034b9cd32fc1b7f1974"><enum>(n)</enum><header>Labor and workplace-Related guidance</header><text>Not later than 14 days after the date of enactment of this Act, the Secretary of Labor, acting through the Assistant Secretary of Labor for Occupational Safety and Health, shall provide guidance and technical assistance regarding how to provide individuals in contact tracing and pandemic response positions with healthy and safe working conditions.</text></subsection><subsection id="id1a0801875e2844cbb8f7ed3eedadb9e9"><enum>(o)</enum><header>Tribal data sovereignty</header><text>The Director shall consult with Indian Tribes and Tribal organizations and coordinate with Tribal health organizations to ensure that any reporting process under this section honors and preserves the data sovereignty of individuals who are members of Indian Tribes or Tribal organizations (as such terms are defined in section 166 of the Workforce Innovation and Opportunity Act (<external-xref legal-doc="usc" parsable-cite="usc/29/3221">29 U.S.C. 3221</external-xref>)), including individuals who are members of Native Hawaiian organizations (as defined in such section 166), and urban Indian organizations.</text></subsection><subsection id="id279f170b5abe4a6c8c08c5eee3c9af20"><enum>(p)</enum><header>Requirements for transition back to unemployment compensation</header><text>As a condition of a State receiving funds under this section, the law of the State (as defined in section 205 of the Federal-State Extended Unemployment Compensation Act of 1970 (<external-xref legal-doc="usc" parsable-cite="usc/26/3304">26 U.S.C. 3304</external-xref> note) shall, in the case of an individual who is receiving unemployment compensation at the time the individual is hired as a Force member, provide for the following:</text><paragraph id="id61c91f88c8a644dea014f1e3af674482"><enum>(1)</enum><text>Such individual shall be eligible to resume receiving unemployment compensation after leaving the Force if the individual returns to unemployment.</text></paragraph><paragraph id="id2be323d1cd8c48abb63492d0b7477be0"><enum>(2)</enum><text>The amount of the weekly benefit for such individual shall be the greater of—</text><subparagraph id="id033c2d665b2c4302b88a729eda7dc768"><enum>(A)</enum><text>the weekly benefit amount such individual was receiving when such individual entered the program; or</text></subparagraph><subparagraph id="idaf8680127b8c4026b422d5b186101f16"><enum>(B)</enum><text>a weekly benefit amount that is determined based on such individual’s earnings from employment under the Health Force program.</text></subparagraph></paragraph></subsection><subsection id="id06dc60104b0f485c97f7cf4a33b21036"><enum>(q)</enum><header>Authorization of appropriations</header><paragraph id="id80117922f4db45028848ca2720809756"><enum>(1)</enum><header>In general</header><text>There is authorized to be appropriated, and there is appropriated, to carry out this section, $40,000,000,000 for each of fiscal years 2021 and 2022, such amounts to remain available until expended. Additional funding beyond fiscal year 2022 for the continuation of the Health Force shall be determined in such fiscal year based on identified staffing needs. It is the intent of Congress that the Health Force should be continuously implemented for a duration of not less than 10 years (fiscal years 2021 through 2030) and continued thereafter to address health disparities and defend against future public health crises.</text></paragraph><paragraph id="ideeb69156058a4e6584f75dbcf3595786"><enum>(2)</enum><header>Emergency</header><text>The amounts appropriated under paragraph (1) are designated as an emergency requirement pursuant to section 4(g) of the Statutory Pay-As-You-Go Act of 2010 (<external-xref legal-doc="usc" parsable-cite="usc/2/933">2 U.S.C. 933(g)</external-xref>).</text></paragraph><paragraph id="id1E2A2E24DC75490792F7CCFC4F8546A7" commented="no" display-inline="no-display-inline"><enum>(3)</enum><header>Designation in Senate</header><text>In the Senate, this section is designated as an emergency requirement pursuant to section 4112(a) of H. Con. Res. 71 (115th Congress), the concurrent resolution on the budget for fiscal year 2018.</text></paragraph></subsection></section><section id="idda4c9c55a9524fcdb05057724fce781b"><enum>3.</enum><header>Resilience force</header><subsection id="id59a7d85a59754443bb3cb19e1e8bb0a1"><enum>(a)</enum><header>Purpose</header><text>It is the purpose of the Resilience Force established under this section to recruit, train, and augment the existing cadre of first responders at the Federal Emergency Management Agency to assist in the immediate COVID–19 pandemic response, to provide a surge capacity to address other national emergencies, and to strengthen America’s public health infrastructure.</text></subsection><subsection id="id83e339112409480dbb5c101edf06b66f"><enum>(b)</enum><header>In general</header><text>For the period of fiscal years 2021 through 2023, the Administrator of the Federal Emergency Management Agency shall appoint, administer, and expedite the training of a 62,000 Cadre of On-Call Response/Recovery Employees, under the Response and Recover Directorate (referred to in this section as a <quote>CORE employee</quote>) under the Office of Response and Recovery, above the level of such employees in fiscal year 2020, to address the coronavirus public health emergency and other disasters and public emergencies, subject to appropriations.</text></subsection><subsection id="idb10ee92771bb49818f69f6aa424cbcf7"><enum>(c)</enum><header>Detail of core employees</header><text>A CORE employee may be detailed, through mutual agreement, to any Federal agency or to a State, local, or Tribal Government to fulfill an assignment, consistent with the Stafford Act or <quote>emergency work</quote> as defined under section 206.225 of title 44, Code of Federal Regulations, including— </text><paragraph id="idb9ea8d706b104c148b62ebc73e137a08"><enum>(1)</enum><text>providing logistical support for the supply chain of medical equipment and other goods involved in COVID–19 response efforts;</text></paragraph><paragraph id="idbe2b07c8b33e47ec931db0390e59bb2a"><enum>(2)</enum><text>supporting COVID–19 testing, tracing, vaccination, vaccination education, and related surveillance activities; </text></paragraph><paragraph id="idc1a51207a47d4080bbc3e4927a1cf564"><enum>(3)</enum><text>providing nutritional assistance to vulnerable populations; and</text></paragraph><paragraph id="ide072b7c539af4157b91189926763a261"><enum>(4)</enum><text>carrying out other disaster preparedness and response functions for other emergencies and natural disasters, including work to design, construct, repair, upgrade, and fortify critical public health and health care infrastructure.</text></paragraph></subsection><subsection id="idBFFB2A3BD2AF4C079D34DF94C1E79A24"><enum>(d)</enum><header>FEMA responsibility</header><text>The costs associated with detailing employees under subsection (c) shall be borne by the Federal Emergency Management Agency.</text></subsection><subsection id="idd870ec06d5334d73a756f7c2fae290a6"><enum>(e)</enum><header>Requirement</header><text>As soon as practicable, the Administrator of the Federal Emergency Management Agency shall make public job announcements to fill the CORE employee positions authorized under subsection (b), which shall prioritize hiring from among the following groups of individuals in no particular rank order:</text><paragraph id="idd1fa6edc269f405086dd89884bba57ab"><enum>(1)</enum><text>Unemployed veterans of the Armed Forces.</text></paragraph><paragraph id="id4c709a27331a439c9dfd55ac1b829d47"><enum>(2)</enum><text>Individuals who live in a <quote>high unemployment</quote> area, which includes census tracts with unemployment 150 percent or higher than the national unemployment rate, as determined by the Bureau of Labor Statistics based on the most recent data on the total unemployed, the U–3 unemployment measure or similar measure, available on the date of enactment of this Act.</text></paragraph><paragraph id="ida7dcf79222d945e88f3a1769282a46ce"><enum>(3)</enum><text>Unemployed individuals who served in the AmeriCorps, Peace Corps, or as United States Fulbright Scholars, particularly those whose service terms ended as a result of the coronavirus public health emergency. </text></paragraph><paragraph id="ide3e53e3ac77e416cb5a802f7826a2088"><enum>(4)</enum><text>Recent graduates of public health, medical, nursing, social work or related health-services programs.</text></paragraph><paragraph id="iddfc1ad7feb6b496d9b2b03b38711f279"><enum>(5)</enum><text>Members of communities who have experienced a disproportionately high number of COVID–19 cases.</text></paragraph></subsection><subsection id="id789d13eb553549f88706e0367b749e6f"><enum>(f)</enum><header>Hiring</header><text>The Federal Emergency Management Agency shall hire employees under this section, pursuant to section 306(b)(1) of the Robert T. Stafford Disaster Relief and Emergency Assistance Act (<external-xref legal-doc="usc" parsable-cite="usc/42/5149">42 U.S.C. 5149(b)(1)</external-xref>), and make use of existing statutory authorities that permit regional offices and site managers to advertise for and hire such employees.</text></subsection><subsection id="idfd02a4b309ff4f9380ac4f991b074a4c"><enum>(g)</enum><header>Training</header><text>The Administrator of the Federal Emergency Management Agency may make appropriate adjustments to the standard training course curriculum for employees under this section to include on-site trainings at Federal Emergency Management Agency regional offices, virtual trainings, or trainings conducted by other Federal, State, local or Tribal agencies, or eligible institutions defined in subsection (i), including training described in section 2(e)(5).</text></subsection><subsection id="id98ed95d2acd44859829214eee1d54e2c"><enum>(h)</enum><header>Clarification</header><text>For the purposes of employing individuals under this section—</text><paragraph id="idc17f2588872c4fe297d75a2c1b1b9d6f"><enum>(1)</enum><text>no individual who is authorized to work in the United States, including individuals with Deferred Action for Childhood Arrivals (DACA) or Temporary Protected Status (TPS) under section 244 of the Immigration and Nationality Act (<external-xref legal-doc="usc" parsable-cite="usc/8/1254a">8 U.S.C. 1254a</external-xref>), shall be disqualified for appointment under this section because of citizenship or immigration status; and</text></paragraph><paragraph id="id119d5c58345e46efa4c9783ee9e59071"><enum>(2)</enum><text>no individual shall be disqualified for appointment under this section because of bankruptcy or a poor credit rating, determined by the Administrator of the Federal Emergency Management Agency, to be the result of the Coronavirus public health emergency. </text></paragraph></subsection><subsection id="ida7fdcb543319403fa1d50ef9811b3e30"><enum>(i)</enum><header>Eligible institution defined</header><text>In this Act <term>eligible institution</term> means a public 2-year institution of higher education, as defined under section 101 of the Higher Education Act of 1965 (<external-xref legal-doc="usc" parsable-cite="usc/20/1001">20 U.S.C. 1001</external-xref>). </text></subsection><subsection id="idc75e06f99f6a4e2990084d9f5c83bc4a" commented="no" display-inline="no-display-inline"><enum>(j)</enum><header>Authorization of appropriations</header><text>There are authorized to be appropriated to the Administrator of the Federal Emergency Management Agency, $6,500,000,000, for each of fiscal years 2021 through 2023, not less than $1,500,000,000 of which shall be made available each such fiscal year for the administrative costs associated with carrying out this section. </text></subsection></section></legis-body></bill> 

