<?xml version="1.0"?>
<?xml-stylesheet type="text/xsl" href="billres.xsl"?>
<!DOCTYPE bill PUBLIC "-//US Congress//DTDs/bill.dtd//EN" "bill.dtd">
<bill bill-stage="Introduced-in-Senate" dms-id="A1" public-private="public" slc-id="S1-WIL21155-RLV-FN-MJP"><metadata xmlns:dc="http://purl.org/dc/elements/1.1/">
<dublinCore>
<dc:title>166 S420 IS: Protecting the Right to Organize Act of 2021</dc:title>
<dc:publisher>U.S. Senate</dc:publisher>
<dc:date>2021-02-24</dc:date>
<dc:format>text/xml</dc:format>
<dc:language>EN</dc:language>
<dc:rights>Pursuant to Title 17 Section 105 of the United States Code, this file is not subject to copyright protection and is in the public domain.</dc:rights>
</dublinCore>
</metadata>
<form>
<distribution-code display="yes">II</distribution-code><congress>117th CONGRESS</congress><session>1st Session</session><legis-num>S. 420</legis-num><current-chamber>IN THE SENATE OF THE UNITED STATES</current-chamber><action><action-date date="20210224">February 24, 2021</action-date><action-desc><sponsor name-id="S229">Mrs. Murray</sponsor> (for herself, <cosponsor name-id="S270">Mr. Schumer</cosponsor>, <cosponsor name-id="S341">Mr. Blumenthal</cosponsor>, <cosponsor name-id="S386">Ms. Duckworth</cosponsor>, <cosponsor name-id="S370">Mr. Booker</cosponsor>, <cosponsor name-id="S366">Ms. Warren</cosponsor>, <cosponsor name-id="S247">Mr. Wyden</cosponsor>, <cosponsor name-id="S331">Mrs. Gillibrand</cosponsor>, <cosponsor name-id="S275">Ms. Cantwell</cosponsor>, <cosponsor name-id="S364">Mr. Murphy</cosponsor>, <cosponsor name-id="S388">Ms. Hassan</cosponsor>, <cosponsor name-id="S309">Mr. Casey</cosponsor>, <cosponsor name-id="S308">Mr. Cardin</cosponsor>, <cosponsor name-id="S322">Mr. Merkley</cosponsor>, <cosponsor name-id="S316">Mr. Whitehouse</cosponsor>, <cosponsor name-id="S259">Mr. Reed</cosponsor>, <cosponsor name-id="S253">Mr. Durbin</cosponsor>, <cosponsor name-id="S362">Mr. Kaine</cosponsor>, <cosponsor name-id="S311">Ms. Klobuchar</cosponsor>, <cosponsor name-id="S307">Mr. Brown</cosponsor>, <cosponsor name-id="S409">Mr. Luján</cosponsor>, <cosponsor name-id="S306">Mr. Menendez</cosponsor>, <cosponsor name-id="S354">Ms. Baldwin</cosponsor>, <cosponsor name-id="S313">Mr. Sanders</cosponsor>, <cosponsor name-id="S385">Ms. Cortez Masto</cosponsor>, <cosponsor name-id="S390">Mr. Van Hollen</cosponsor>, <cosponsor name-id="S369">Mr. Markey</cosponsor>, <cosponsor name-id="S359">Mr. Heinrich</cosponsor>, <cosponsor name-id="S361">Ms. Hirono</cosponsor>, <cosponsor name-id="S353">Mr. Schatz</cosponsor>, <cosponsor name-id="S394">Ms. Smith</cosponsor>, <cosponsor name-id="S057">Mr. Leahy</cosponsor>, <cosponsor name-id="S277">Mr. Carper</cosponsor>, <cosponsor name-id="S330">Mr. Bennet</cosponsor>, <cosponsor name-id="S284">Ms. Stabenow</cosponsor>, <cosponsor name-id="S337">Mr. Coons</cosponsor>, <cosponsor name-id="S402">Ms. Rosen</cosponsor>, <cosponsor name-id="S314">Mr. Tester</cosponsor>, <cosponsor name-id="S380">Mr. Peters</cosponsor>, <cosponsor name-id="S413">Mr. Padilla</cosponsor>, <cosponsor name-id="S324">Mrs. Shaheen</cosponsor>, <cosponsor name-id="S221">Mrs. Feinstein</cosponsor>, <cosponsor name-id="S414">Mr. Ossoff</cosponsor>, <cosponsor name-id="S415">Mr. Warnock</cosponsor>, and <cosponsor name-id="S408">Mr. Hickenlooper</cosponsor>) introduced the following bill; which was read twice and referred to the <committee-name committee-id="SSHR00">Committee on Health, Education, Labor, and Pensions</committee-name></action-desc></action><legis-type>A BILL</legis-type><official-title>To amend the National Labor Relations Act, the Labor Management Relations Act, 1947, and the Labor-Management Reporting and Disclosure Act of 1959, and for other purposes.</official-title></form><legis-body><section id="H2D7058DA38D94EC4850F12E7EDA010B5" section-type="section-one"><enum>1.</enum><header>Short title; table of contents</header><subsection id="HC90DA18750B34EF68B67BAFF12F2F79F"><enum>(a)</enum><header>Short title</header><text display-inline="yes-display-inline">This Act may be cited as the <quote><short-title>Protecting the Right to Organize Act of 2021</short-title></quote>.</text></subsection><subsection id="H66C8E896F96D45E9A0241BEAC39C1BCF"><enum>(b)</enum><header>Table of contents</header><text>The table of contents for this Act is as follows:</text><toc container-level="legis-body-container" quoted-block="no-quoted-block" lowest-level="section" regeneration="yes-regeneration" lowest-bolded-level="division-lowest-bolded"><toc-entry idref="H2D7058DA38D94EC4850F12E7EDA010B5" level="section">Sec. 1. Short title; table of contents.</toc-entry><toc-entry idref="H3A196432ECE745BAB6456E437BD19C3A" level="title">Title I—Amendments to the National Labor Relations Act</toc-entry><toc-entry idref="H3A91F8B36FE4415495CD8B9AE4E2AC4A" level="section">Sec. 101. Definitions.</toc-entry><toc-entry idref="HB15463D5BE0D49FDB9A79FB7BA539E3D" level="section">Sec. 102. Reports.</toc-entry><toc-entry idref="H81EC45175EB640BB91753F4EB3E94547" level="section">Sec. 103. Appointment.</toc-entry><toc-entry idref="H7E724AD93D804B8B9E5EC16FEBEE4ACE" level="section">Sec. 104. Unfair labor practices.</toc-entry><toc-entry idref="HC18972442D2249A0A045BF5B0DBF1AC8" level="section">Sec. 105. Representatives and elections.</toc-entry><toc-entry idref="H9F165B7509EE49658B57CC44D0808A26" level="section">Sec. 106. Damages for unfair labor practices.</toc-entry><toc-entry idref="HB30387B726EC4A91A4A34697DA9E62E8" level="section">Sec. 107. Enforcing compliance with orders of the board.</toc-entry><toc-entry idref="H6A7F6480AC01466AAA1596F4B78D8DFE" level="section">Sec. 108. Injunctions against unfair labor practices involving discharge or other serious economic harm.</toc-entry><toc-entry idref="H2BC1999107B142A69A2BCB2EB2B90685" level="section">Sec. 109. Penalties.</toc-entry><toc-entry idref="H3EC370D2EEBE4F4895359282AB074B82" level="section">Sec. 110. Limitations on the right to strike.</toc-entry><toc-entry idref="H29CC929C0C70427AA2962A676720B3C9" level="section">Sec. 111. Fair share agreements permitted.</toc-entry><toc-entry idref="HDA0DBF7E6D014450A0C5576E87481B5D" level="title">Title II—Amendments to the Labor Management Relations Act, 1947 and the Labor-Management Reporting and Disclosure Act of 1959</toc-entry><toc-entry idref="HEACD7033AA094DB79571A9CA8A606BAF" level="section">Sec. 201. Conforming amendments to the Labor Management Relations Act, 1947.</toc-entry><toc-entry idref="H0272C2D3B79D4F8BB7432A24BA731094" level="section">Sec. 202. Amendments to the Labor-Management Reporting and Disclosure Act of 1959.</toc-entry><toc-entry idref="H9CCBAADDA7C34AA0AA7D3769DDBC1FF6" level="title">Title III—Other Matters</toc-entry><toc-entry idref="HBF1562FB725E4B6299A5C9570F899E77" level="section">Sec. 301. Severability.</toc-entry><toc-entry idref="H94DEA2907CED4988975429DBD300FFC2" level="section">Sec. 302. Authorization of appropriations.</toc-entry></toc></subsection></section><title id="H3A196432ECE745BAB6456E437BD19C3A"><enum>I</enum><header>Amendments to the National Labor Relations Act</header><section id="H3A91F8B36FE4415495CD8B9AE4E2AC4A" display-inline="no-display-inline" section-type="subsequent-section"><enum>101.</enum><header>Definitions</header><subsection id="H6FE46B142056475293FA55E1F6258824"><enum>(a)</enum><header>Joint employer</header><text display-inline="yes-display-inline">Section 2(2) of the National Labor Relations Act (<external-xref legal-doc="usc" parsable-cite="usc/29/152">29 U.S.C. 152(2)</external-xref>) is amended by adding at the end the following: <quote>Two or more persons shall be employers with respect to an employee if each such person codetermines or shares control over the employee’s essential terms and conditions of employment. In determining whether such control exists, the Board or a court of competent jurisdiction shall consider as relevant direct control and indirect control over such terms and conditions, reserved authority to control such terms and conditions, and control over such terms and conditions exercised by a person in fact: <italic>Provided,</italic> That nothing herein precludes a finding that indirect or reserved control standing alone can be sufficient given specific facts and circumstances.</quote>.</text></subsection><subsection id="HE58C9AA4736C4C5C872D8DBF883B13B4"><enum>(b)</enum><header>Employee</header><text display-inline="yes-display-inline">Section 2(3) of the National Labor Relations Act (<external-xref legal-doc="usc" parsable-cite="usc/29/152">29 U.S.C. 152(3)</external-xref>) is amended by adding at the end the following:</text><quoted-block style="OLC" display-inline="yes-display-inline" id="H56CB70A5E82440E0AD85559B47A6B1C9"><text>An individual performing any service shall be considered an employee (except as provided in the previous sentence) and not an independent contractor, unless—</text><subparagraph id="H542EEA7B5F094B21B5FC1C56E0471AB2"><enum>(A)</enum><text>the individual is free from control and direction in connection with the performance of the service, both under the contract for the performance of service and in fact;</text></subparagraph><subparagraph id="H2CB4FCB654324787B3965B82C5EFFD7E"><enum>(B)</enum><text>the service is performed outside the usual course of the business of the employer; and</text></subparagraph><subparagraph id="H3E43FE753D184F0EA05B82CA336B86AD"><enum>(C)</enum><text>the individual is customarily engaged in an independently established trade, occupation, profession, or business of the same nature as that involved in the service performed.</text></subparagraph><after-quoted-block>.</after-quoted-block></quoted-block></subsection><subsection id="H4BD5D6ABAD834250B0FBA5F2648F7289"><enum>(c)</enum><header>Supervisor</header><text>Section 2(11) of the National Labor Relations Act (<external-xref legal-doc="usc" parsable-cite="usc/29/152">29 U.S.C. 152(11)</external-xref>) is amended—</text><paragraph id="HF1D7980179F1498E9E337818F2AA038E"><enum>(1)</enum><text>by inserting <quote>and for a majority of the individual’s worktime</quote> after <quote>interest of the employer</quote>;</text></paragraph><paragraph id="H48671498E4E54C55B12C9DE5B213974D"><enum>(2)</enum><text>by striking <quote>assign,</quote>; and</text></paragraph><paragraph id="H33E21ABA60EF4AF9B7B41AA8279DEF7E"><enum>(3)</enum><text>by striking <quote>or responsibly to direct them,</quote>.</text></paragraph></subsection></section><section id="HB15463D5BE0D49FDB9A79FB7BA539E3D" commented="no"><enum>102.</enum><header>Reports</header><text display-inline="no-display-inline">Section 3(c) of the National Labor Relations Act is amended—</text><paragraph id="H2188F2E13236413BB152C1DF51FB9979" commented="no"><enum>(1)</enum><text>by striking <quote>The Board</quote> and inserting <quote>(1) The Board</quote>; and</text></paragraph><paragraph id="H3B79E9C31FA1402194BD1B54467A2B0A" commented="no"><enum>(2)</enum><text>by adding at the end the following:</text><quoted-block style="OLC" display-inline="no-display-inline" id="HBBE130DE615D4CC893E22678C116D545"><paragraph id="H5D2AD710197543CDAE6095C8AE289611" indent="up1" commented="no"><enum>(2)</enum><text display-inline="yes-display-inline">Effective January 1, 2023, section 3003 of the Federal Reports Elimination and Sunset Act of 1995 (<external-xref legal-doc="public-law" parsable-cite="pl/166/44">Public Law 166–44</external-xref>; <external-xref legal-doc="usc" parsable-cite="usc/31/1113">31 U.S.C. 1113</external-xref> note) shall not apply with respect to reports required under this subsection.</text></paragraph><paragraph id="H6715F5C1DE37437BA571C90FECF447B5" indent="up1"><enum>(3)</enum><text display-inline="yes-display-inline">Each report issued under this subsection shall—</text><subparagraph id="HED91444984214D6EABFEB785492CC6F5" indent="up1"><enum>(A)</enum><text>include no less detail than reports issued by the Board prior to the termination of such reports under section 3003 of the Federal Reports Elimination and Sunset Act of 1995 (<external-xref legal-doc="public-law" parsable-cite="pl/166/44">Public Law 166–44</external-xref>; <external-xref legal-doc="usc" parsable-cite="usc/31/1113">31 U.S.C. 1113</external-xref> note);</text></subparagraph><subparagraph id="HA31F7C64CB4E4962857A50E687F23A19" indent="up1"><enum>(B)</enum><text>list each case in which the Designated Agency Ethics Official provided advice regarding whether a Member should be recused from participating in a case or rulemaking; and</text></subparagraph><subparagraph id="HF084606DF86D470F8ACDC26776188843" indent="up1"><enum>(C)</enum><text>list each case in which the Designated Agency Ethics Official determined that a Member should be recused from participating in a case or rulemaking.</text></subparagraph></paragraph><after-quoted-block>.</after-quoted-block></quoted-block></paragraph></section><section id="H81EC45175EB640BB91753F4EB3E94547"><enum>103.</enum><header>Appointment</header><text display-inline="no-display-inline">Section 4(a) of the National Labor Relations Act (<external-xref legal-doc="usc" parsable-cite="usc/29/154">29 U.S.C. 154(a)</external-xref>) is amended by striking <quote>, or for economic analysis</quote>.</text></section><section id="H7E724AD93D804B8B9E5EC16FEBEE4ACE"><enum>104.</enum><header>Unfair labor practices</header><text display-inline="no-display-inline">Section 8 of the National Labor Relations Act (<external-xref legal-doc="usc" parsable-cite="usc/29/158">29 U.S.C. 158</external-xref>) is amended—</text><paragraph id="H76C73374C1034E0085F04F89EEFAC26C"><enum>(1)</enum><text>in subsection (a)—</text><subparagraph id="H33A7A13F677F4DCEB993B328419ACB41"><enum>(A)</enum><text>in paragraph (5), by striking the period and inserting <quote>;</quote>; and</text></subparagraph><subparagraph id="HB4C1315A826B41B8B4FA29AE4C7B892E"><enum>(B)</enum><text>by adding at the end the following:</text><quoted-block style="OLC" display-inline="no-display-inline" id="H880F5B32F2FD4341BDB70EA78E627332"><paragraph id="H902BF36170F1454DAADBCE9FF38DA59C"><enum>(6)</enum><text>to promise, threaten, or take any action—</text><subparagraph id="HC63E9711F3C841FBBA1FF61AE170EFF6"><enum>(A)</enum><text>to permanently replace an employee who participates in a strike as defined by section 501(2) of the Labor Management Relations Act, 1947 (<external-xref legal-doc="usc" parsable-cite="usc/29/142">29 U.S.C. 142(2)</external-xref>);</text></subparagraph><subparagraph id="H67EB5BD4D08641AEA0B9E5607E2D1E3A"><enum>(B)</enum><text>to discriminate against an employee who is working or has unconditionally offered to return to work for the employer because the employee supported or participated in such a strike; or</text></subparagraph><subparagraph id="HD60A0E9525F449DA9C0C43CA41AC1F73" display-inline="no-display-inline"><enum>(C)</enum><text display-inline="yes-display-inline">to lockout, suspend, or otherwise withold employment from employees in order to influence the position of such employees or the representative of such employees in collective bargaining prior to a strike; and</text></subparagraph></paragraph><paragraph id="HBC5C43934F51456FB3EAD518AF826A1C" display-inline="no-display-inline"><enum>(7)</enum><text display-inline="yes-display-inline">to communicate or misrepresent to an employee under section 2(3) that such employee is excluded from the definition of employee under section 2(3).</text></paragraph><after-quoted-block>;</after-quoted-block></quoted-block></subparagraph></paragraph><paragraph id="H62A0516316A2466D8A859A0AFAA111E8"><enum>(2)</enum><text>in subsection (b)—</text><subparagraph id="HE65FCD42F5804936B23E510E23CCA205"><enum>(A)</enum><text>by striking paragraphs (4) and (7);</text></subparagraph><subparagraph id="H7F80468281134306856AA129BD8355EE"><enum>(B)</enum><text>by redesignating paragraphs (5) and (6) as paragraphs (4) and (5), respectively;</text></subparagraph><subparagraph id="HC690A34293174B579B1595071901E235" commented="no"><enum>(C)</enum><text>in paragraph (4), as so redesignated, by striking <quote>affected;</quote> and inserting <quote>affected; and</quote>; and</text></subparagraph><subparagraph id="H67FC475A6E374F45A98D93B343ECD6FB"><enum>(D)</enum><text>in paragraph (5), as so redesignated, by striking <quote>; and</quote> and inserting a period;</text></subparagraph></paragraph><paragraph id="HE785054F9BBE473EB3477F79F98A7492"><enum>(3)</enum><text>in subsection (c), by striking the period at the end and inserting the following: <quote>: <italic>Provided,</italic> That it shall be an unfair labor practice under subsection (a)(1) for any employer to require or coerce an employee to attend or participate in such employer’s campaign activities unrelated to the employee’s job duties, including activities that are subject to the requirements under section 203(b) of the Labor-Management Reporting and Disclosure Act of 1959 (<external-xref legal-doc="usc" parsable-cite="usc/29/433">29 U.S.C. 433(b)</external-xref>).</quote>;</text></paragraph><paragraph id="H811F012235E241C49867DDF6848C426A"><enum>(4)</enum><text>in subsection (d)—</text><subparagraph id="H951065BCADEC4D2E868D22D9037C676F"><enum>(A)</enum><text>by redesignating paragraphs (1) through (4) as subparagraphs (A) through (D), respectively;</text></subparagraph><subparagraph id="HE9AB9C12DD6648B5A3193752FE4C3D76"><enum>(B)</enum><text>by striking <quote>For the purposes of this section</quote> and inserting <quote>(1) For purposes of this section</quote>;</text></subparagraph><subparagraph id="HCC71B6598A92419C92CA9C3EE75F49D3" commented="no"><enum>(C)</enum><text>by inserting <quote>and to maintain current wages, hours, and terms and conditions of employment pending an agreement</quote> after <quote>arising thereunder</quote>;</text></subparagraph><subparagraph id="H084B0223D621426EA1CF61F3FE092B6F" commented="no"><enum>(D)</enum><text>by inserting <quote><italic>: Provided,</italic> That an employer’s duty to collectively bargain shall continue absent decertification of the labor organization following an election conducted pursuant to section 9</quote> after <quote>making of a concession:</quote>;</text></subparagraph><subparagraph id="H9ECF70517B7B4D4F9CB941BBBFDC1867" commented="no"><enum>(E)</enum><text display-inline="yes-display-inline">by inserting <quote><italic>further</italic></quote> before <quote>, That where there is in effect</quote>;</text></subparagraph><subparagraph id="HDEDA9A85010146DBB459B70AD6C37DFB"><enum>(F)</enum><text>by striking <quote>The duties imposed</quote> and inserting <quote>(2) The duties imposed</quote>;</text></subparagraph><subparagraph id="H77258362B1164AF48C8EE06FBD137E71"><enum>(G)</enum><text>by striking <quote>by paragraphs (2), (3), and (4)</quote> and inserting <quote>by subparagraphs (B), (C), and (D) of paragraph (1)</quote>;</text></subparagraph><subparagraph id="H3C0081C27D5343528DD17DFCC49327EE"><enum>(H)</enum><text>by striking <quote>section 8(d)(1)</quote> and inserting <quote>paragraph (1)(A)</quote>;</text></subparagraph><subparagraph id="H5D323561597D48B3BEC1AA907BBAF779"><enum>(I)</enum><text>by striking <quote>section 8(d)(3)</quote> and inserting <quote>paragraph (1)(C)</quote> in each place it appears;</text></subparagraph><subparagraph id="H1F5D5F965F384A4D8BF1F163D327C2D5"><enum>(J)</enum><text>by striking <quote>section 8(d)(4)</quote> and inserting <quote>paragraph (1)(D)</quote>; and</text></subparagraph><subparagraph id="HBCBCFF610A904ADC8613C9D95BB5C92B"><enum>(K)</enum><text>by adding at the end the following:</text><quoted-block style="traditional" display-inline="no-display-inline" id="H23E08622402A428B834A90E4B7F09AF8"><paragraph id="H3F57C125414A413AAB0B6EAA071F3FC5" indent="up1"><enum>(3)</enum><text>Whenever collective bargaining is for the purpose of establishing an initial collective bargaining agreement following certification or recognition of a labor organization, the following shall apply:</text><subparagraph id="H96DA6B0B29CB461999078BED8F3CEF86"><enum>(A)</enum><text>Not later than 10 days after receiving a written request for collective bargaining from an individual or labor organization that has been newly recognized or certified as a representative as defined in section 9(a), or within such further period as the parties agree upon, the parties shall meet and commence to bargain collectively and shall make every reasonable effort to conclude and sign a collective bargaining agreement.</text></subparagraph><subparagraph id="H38709D9142054EAB9F11DCEBAC665F6B"><enum>(B)</enum><text>If after the expiration of the 90-day period beginning on the date on which bargaining is commenced, or such additional period as the parties may agree upon, the parties have failed to reach an agreement, either party may notify the Federal Mediation and Conciliation Service of the existence of a dispute and request mediation. Whenever such a request is received, it shall be the duty of the Service promptly to put itself in communication with the parties and to use its best efforts, by mediation and conciliation, to bring them to agreement.</text></subparagraph><subparagraph id="H1AEDD32D309349D28E0FB90ABA1A2A32"><enum>(C)</enum><text display-inline="yes-display-inline">If after the expiration of the 30-day period beginning on the date on which the request for mediation is made under subparagraph (B), or such additional period as the parties may agree upon, the Service is not able to bring the parties to agreement by conciliation, the Service shall refer the dispute to a tripartite arbitration panel established in accordance with such regulations as may be prescribed by the Service, with one member selected by the labor organization, one member selected by the employer, and one neutral member mutually agreed to by the parties. The labor organization and employer must each select the members of the tripartite arbitration panel within 14 days of the Service’s referral; if the labor organization or employer fail to do so, the Service shall designate any members not selected by the labor organization or the employer. A majority of the tripartite arbitration panel shall render a decision settling the dispute and such decision shall be binding upon the parties for a period of 2 years, unless amended during such period by written consent of the parties. Such decision shall be based on—</text><clause id="HF16F0D130F6B4D60806710762EA18A48"><enum>(i)</enum><text>the employer’s financial status and prospects;</text></clause><clause id="H16E68881B83D4E1E90173B3DBEC6FF6D"><enum>(ii)</enum><text>the size and type of the employer’s operations and business;</text></clause><clause id="H1B97CE280C2A4A2FBAF70572228E288D"><enum>(iii)</enum><text>the employees’ cost of living;</text></clause><clause id="HF646B6DD58DD4F048F1435A7532217D9"><enum>(iv)</enum><text>the employees’ ability to sustain themselves, their families, and their dependents on the wages and benefits they earn from the employer; and</text></clause><clause id="HA516486EF025491BBE7D6CDE94D0CB14"><enum>(v)</enum><text>the wages and benefits other employers in the same business provide their employees.</text></clause></subparagraph></paragraph><after-quoted-block>;</after-quoted-block></quoted-block></subparagraph></paragraph><paragraph id="H2A687629F9964B18914E961D5FEFA546"><enum>(5)</enum><text>by amending subsection (e) to read as follows:</text><quoted-block style="OLC" display-inline="no-display-inline" id="H51D6A47D89454640AA93BABFF50B910A"><subsection id="H8D327761707444FABAE7583D9982F237"><enum>(e)</enum><text>Notwithstanding <external-xref legal-doc="usc-chapter" parsable-cite="usc-chapter/9/1">chapter 1</external-xref> of title 9, United States Code (commonly known as the <quote>Federal Arbitration Act</quote>), or any other provision of law, it shall be an unfair labor practice under subsection (a)(1) for any employer—</text><paragraph id="H3885DC8FED944244B1AE46AF5EBB5520"><enum>(1)</enum><text display-inline="yes-display-inline">to enter into or attempt to enforce any agreement, express or implied, whereby prior to a dispute to which the agreement applies, an employee undertakes or promises not to pursue, bring, join, litigate, or support any kind of joint, class, or collective claim arising from or relating to the employment of such employee in any forum that, but for such agreement, is of competent jurisdiction;</text></paragraph><paragraph id="H9855AFFE7161467CB357342050BCE245"><enum>(2)</enum><text display-inline="yes-display-inline">to coerce an employee into undertaking or promising not to pursue, bring, join, litigate, or support any kind of joint, class, or collective claim arising from or relating to the employment of such employee; or</text></paragraph><paragraph id="H06A3A1BB1C744F97B4B72A11EE7F40A6"><enum>(3)</enum><text>to retaliate or threaten to retaliate against an employee for refusing to undertake or promise not to pursue, bring, join, litigate, or support any kind of joint, class, or collective claim arising from or relating to the employment of such employee: <italic>Provided</italic>, That any agreement that violates this subsection or results from a violation of this subsection shall be to such extent unenforceable and void: <italic>Provided further</italic>, That this subsection shall not apply to any agreement embodied in or expressly permitted by a contract between an employer and a labor organization.</text></paragraph></subsection><after-quoted-block>;</after-quoted-block></quoted-block></paragraph><paragraph id="HDBB22497828A4D618B1DF8696A520E7E"><enum>(6)</enum><text display-inline="yes-display-inline">in subsection (g), by striking <quote>clause (B) of the last sentence of section 8(d) of this Act</quote> and inserting <quote>subsection (d)(2)(B)</quote>; and</text></paragraph><paragraph id="H077C69F0E47444D597646BF42AB3AA9D"><enum>(7)</enum><text>by adding at the end the following:</text><quoted-block style="OLC" display-inline="no-display-inline" id="H0FFF4192F32544D783382D46F5DB8FB4"><subsection id="H779DADA2237F4EF4A05A1370BE62D42E"><enum>(h)</enum><paragraph commented="no" display-inline="yes-display-inline" id="H364617CD82144491BB99A26A11FA950A"><enum>(1)</enum><text>The Board shall promulgate regulations requiring each employer to post and maintain, in conspicuous places where notices to employees and applicants for employment are customarily posted both physically and electronically, a notice setting forth the rights and protections afforded employees under this Act. The Board shall make available to the public the form and text of such notice. The Board shall promulgate regulations requiring employers to notify each new employee of the information contained in the notice described in the preceding two sentences.</text></paragraph><paragraph id="HD3406DD976DC450D80F2E7223F91D543" indent="up1" commented="no"><enum>(2)</enum><text display-inline="yes-display-inline">Whenever the Board directs an election under section 9(c) or approves an election agreement, the employer of employees in the bargaining unit shall, not later than 2 business days after the Board directs such election or approves such election agreement, provide a voter list to a labor organization that has petitioned to represent such employees. Such voter list shall include the names of all employees in the bargaining unit and such employees’ home addresses, work locations, shifts, job classifications, and, if available to the employer, personal landline and mobile telephone numbers, and work and personal email addresses; the voter list must be provided in a searchable electronic format generally approved by the Board unless the employer certifies that the employer does not possess the capacity to produce the list in the required form. Not later than 9 months after the date of enactment of the <short-title>Protecting the Right to Organize Act of 2021</short-title>, the Board shall promulgate regulations implementing the requirements of this paragraph.</text></paragraph></subsection><subsection id="H09180BD050C14F8095D0170C8F738E9D" commented="no"><enum>(i)</enum><text>The rights of an employee under section 7 include the right to use electronic communication devices and systems (including computers, laptops, tablets, internet access, email, cellular telephones, or other company equipment) of the employer of such employee to engage in activities protected under section 7 if such employer has given such employee access to such devices and systems in the course of the work of such employee, absent a compelling business rationale for denying or limiting such use.</text></subsection><after-quoted-block>.</after-quoted-block></quoted-block></paragraph></section><section id="HC18972442D2249A0A045BF5B0DBF1AC8"><enum>105.</enum><header>Representatives and elections</header><text display-inline="no-display-inline">Section 9 of the National Labor Relations Act (<external-xref legal-doc="usc" parsable-cite="usc/29/159">29 U.S.C. 159</external-xref>) is amended—</text><paragraph id="HB31CB94B3C9B459396E05B20DBDBC6A2"><enum>(1)</enum><text>in subsection (c)—</text><subparagraph id="HE4C663004084483C9E65E27878099494"><enum>(A)</enum><text display-inline="yes-display-inline">by amending paragraph (1) to read as follows:</text><quoted-block style="OLC" display-inline="no-display-inline" id="HDFA692B0B469486CB31F405C9B333AA8"><paragraph id="H0D57D835434D4CD78CBB104CB01FA609" indent="up1"><enum>(1)</enum><text display-inline="yes-display-inline">Whenever a petition shall have been filed, in accordance with such regulations as may be prescribed by the Board, by an employee or group of employees or any individual or labor organization acting in their behalf alleging that a substantial number of employees (i) wish to be represented for collective bargaining and that their employer declines to recognize their representative as the representative defined in section 9(a), or (ii) assert that the individual or labor organization, which has been certified or is being recognized by their employer as the bargaining representative, is no longer a representative as defined in section 9(a), the Board shall investigate such petition and if it has reasonable cause to believe that a question of representation affecting commerce exists shall provide for an appropriate hearing upon due notice. Such hearing may be conducted by an officer or employee of the regional office, who shall not make any recommendations with respect thereto. If the Board finds upon the record of such hearing that such a question of representation exists, it shall direct an election by secret ballot and shall certify the results thereof. The Board shall find the labor organization’s proposed unit to be appropriate if the employees in the proposed unit share a community of interest, and if the employees outside the unit do not share an overwhelming community of interest with employees inside. At the request of the labor organization, the Board shall direct that the election be conducted through certified mail, electronically, at the work location, or at a location other than one owned or controlled by the employer. No employer shall have standing as a party or to intervene in any representation proceeding under this section.</text></paragraph><after-quoted-block>; </after-quoted-block></quoted-block></subparagraph><subparagraph id="H37108CCCED43400597D3B0DEA6AB2082"><enum>(B)</enum><text>in paragraph (3), by striking <quote>an economic strike who are not entitled to reinstatement</quote> and inserting <quote>a strike</quote>;</text></subparagraph><subparagraph id="HB0E08368526B47C6B731785CE256705D"><enum>(C)</enum><text>by redesignating paragraphs (4) and (5) as paragraphs (6) and (7), respectively;</text></subparagraph><subparagraph id="HC586A3BFE4134FF9B7C8196373B99A81"><enum>(D)</enum><text>by inserting after paragraph (3) the following:</text><quoted-block style="OLC" display-inline="no-display-inline" id="H3CCA9376B4A240C982B7737568734BDA"><paragraph id="HCAAF4482184E48E9973F17E91477E18B" indent="up1"><enum>(4)</enum><text display-inline="yes-display-inline">If the Board finds that, in an election under paragraph (1), a majority of the valid votes cast in a unit appropriate for purposes of collective bargaining have been cast in favor of representation by the labor organization, the Board shall certify the labor organization as the representative of the employees in such unit and shall issue an order requiring the employer of such employees to collectively bargain with the labor organization in accordance with section 8(d). This order shall be deemed an order under section 10(c) of this Act, without need for a determination of an unfair labor practice.</text></paragraph><paragraph id="H1ED90A2E3D3C4549AB78CEC2BEADCABB" indent="up1"><enum>(5)</enum><subparagraph commented="no" display-inline="yes-display-inline" id="H801ED91BBB454F60A71B73903F4D3503"><enum>(A)</enum><text>If the Board finds that, in an election under paragraph (1), a majority of the valid votes cast in a unit appropriate for purposes of collective bargaining have not been cast in favor of representation by the labor organization, the Board shall certify the results of the election, subject to subparagraphs (B) and (C).</text></subparagraph><subparagraph id="HD0DE2450C71A487DBD95E35E5F7E9ACA" indent="up1"><enum>(B)</enum><text display-inline="yes-display-inline">In any case in which a majority of the valid votes cast in a unit appropriate for purposes of collective bargaining have not been cast in favor of representation by the labor organization and the Board determines, following a post-election hearing, that the employer has committed a violation of this Act or otherwise interfered with a fair election, and the employer has not demonstrated that the violation or other interference is unlikely to have affected the outcome of the election, the Board shall, without ordering a new election, set aside the election and certify the labor organization as the representative of the employees in such unit and issue an order requiring the employer to bargain with the labor organization in accordance with section 8(d) if, at any time during the period beginning 1 year preceding the date of the commencement of the election and ending on the date upon which the Board makes the determination of a violation or other interference, a majority of the employees in the bargaining unit have signed authorizations designating the labor organization as their collective bargaining representative.</text></subparagraph><subparagraph id="H03E043ABFDB4451187100037FDC1B2EA" indent="up1"><enum>(C)</enum><text>In any case where the Board determines that an election under this paragraph should be set aside, the Board shall direct a new election with appropriate additional safeguards necessary to ensure a fair election process, except in cases where the Board issues a bargaining order under subparagraph (B).</text></subparagraph></paragraph><after-quoted-block>; and</after-quoted-block></quoted-block></subparagraph><subparagraph id="H0985294A689D499E86A2DC7655828813"><enum>(E)</enum><text>by inserting after paragraph (7), as so redesignated, the following:</text><quoted-block style="OLC" display-inline="no-display-inline" id="H5EED27F529AE44469F9BEA63C67A5D73"><paragraph id="H9472E4C3BCED42F78C2AAF86213A84D9" indent="up1"><enum>(8)</enum><text>Except under extraordinary circumstances—</text><subparagraph id="HE68F907743E8438FB9CB2D198F66245B"><enum>(A)</enum><text>a pre-election hearing under this subsection shall begin not later than 8 days after a notice of such hearing is served on the labor organization and shall continue from day to day until completed;</text></subparagraph><subparagraph id="H3665093C135A4B028219CB1822D20255" display-inline="no-display-inline"><enum>(B)</enum><text display-inline="yes-display-inline">a regional director shall transmit the notice of election at the same time as the direction of election, and shall transmit such notice and such direction electronically (including transmission by email or facsimile) or by overnight mail if electronic transmission is unavailable;</text></subparagraph><subparagraph id="HB287941D8D7E4B6DA97534F93FB87DAF" display-inline="no-display-inline"><enum>(C)</enum><text display-inline="yes-display-inline">not later than 2 days after the service of the notice of hearing, the employer shall—</text><clause id="H4BBF8030445847F6BB0FC833720CCEDC"><enum>(i)</enum><text>post the Notice of Petition for Election in conspicuous places, including all places where notices to employees are customarily posted;</text></clause><clause id="H7EF54046FE6A4DEA835C0974BD2BB4CB"><enum>(ii)</enum><text display-inline="yes-display-inline">if the employer customarily communicates with employees electronically, distribute such Notice electronically; and</text></clause><clause id="H4C579942C11F45FFA535DDD083268DDC"><enum>(iii)</enum><text>maintain such posting until the petition is dismissed or withdrawn or the Notice of Petition for Election is replaced by the Notice of Election;</text></clause></subparagraph><subparagraph id="HEE63D203B6824A7B80D77A7F172BBB9E" display-inline="no-display-inline"><enum>(D)</enum><text display-inline="yes-display-inline">regional directors shall schedule elections for the earliest date practicable, but not later than the 20th business day after the direction of election; and</text></subparagraph><subparagraph id="H0FA359F6CE7C46AD96AA15EDCE2E64E3"><enum>(E)</enum><text>a post-election hearing under this subsection shall begin not later than 14 days after the filing of objections, if any.</text></subparagraph></paragraph><after-quoted-block>;</after-quoted-block></quoted-block></subparagraph></paragraph><paragraph id="HBFA3A1D8FEB04B23984D7FDF8FBE8122"><enum>(2)</enum><text>in subsection (d), by striking <quote>(e) or</quote> and inserting <quote>(d) or</quote>; and</text></paragraph><paragraph id="HC155F49379A24BC2A985F6429ED86967"><enum>(3)</enum><text display-inline="yes-display-inline">by adding at the end the following:</text><quoted-block style="OLC" display-inline="no-display-inline" id="H137A973B90EF433E8CEAA4A67C49F082"><subsection id="H005DFA9AD9D54AD69AB3CFFF5812006A"><enum>(f)</enum><text display-inline="yes-display-inline">The Board shall dismiss any petition for an election with respect to a bargaining unit or any subdivision if, during the 12-month period ending on the date on which the petition is filed—</text><paragraph id="H7D99DEA61FC24EC98D2D8F5A5746724F"><enum>(1)</enum><text>the employer has recognized a labor organization without an election and in accordance with this Act;</text></paragraph><paragraph id="H881F489199574752848BAA4B2C61D434"><enum>(2)</enum><text display-inline="yes-display-inline">the labor organization and employer engaged in their first bargaining session following the issuance of a bargaining order by the Board; or</text></paragraph><paragraph id="H6E6CAA52D0EA4DC78782F0FA3E9AB50A"><enum>(3)</enum><text display-inline="yes-display-inline">the labor organization and successor employer engaged in their first bargaining session following a succession.</text></paragraph></subsection><subsection id="HC3465E9F1E1F4B9BAF10BCD052DE09B4"><enum>(g)</enum><text display-inline="yes-display-inline">The Board shall dismiss any petition for an election with respect to a bargaining unit or any subdivision if there is in effect a lawful written collective bargaining agreement between the employer and an exclusive representative covering any employees in the unit specified in the petition, unless the petition is filed—</text><paragraph id="H0E9F931E3B1740AF9148669F000994D7"><enum>(1)</enum><text>on or after the date that is 3 years after the date on which the collective bargaining agreement took effect; or</text></paragraph><paragraph id="H607CB9A9E91646E5825C143C37C7A19B"><enum>(2)</enum><text display-inline="yes-display-inline">during the 30-day period beginning on the date that is 90 days before the date that is 3 years after the date on which the collective bargaining agreement took effect.</text></paragraph></subsection><subsection id="H95C7F328656F4DD7A046971EA806D567"><enum>(h)</enum><text display-inline="yes-display-inline">The Board shall suspend the processing of any petition for an election with respect to a bargaining unit or any subdivision if a labor organization files an unfair labor practice charge alleging a violation of section 8(a) and requesting the suspension of a pending petition until the unlawful conduct, if any, is remedied or the charge is dismissed unless the Board determines that employees can, under the circumstances, exercise free choice in an election despite the unlawful conduct alleged in the charge.</text></subsection><after-quoted-block>.</after-quoted-block></quoted-block></paragraph></section><section id="H9F165B7509EE49658B57CC44D0808A26"><enum>106.</enum><header>Damages for unfair labor practices</header><text display-inline="no-display-inline">Section 10(c) of the National Labor Relations Act (<external-xref legal-doc="usc" parsable-cite="usc/29/160">29 U.S.C. 160(c)</external-xref>) is amended by striking <quote>suffered by him</quote> and inserting <quote>suffered by such employee: <italic>Provided further,</italic> That if the Board finds that an employer has discriminated against an employee in violation of paragraph (3) or (4) of section 8(a) or has committed a violation of section 8(a) that results in the discharge of an employee or other serious economic harm to an employee, the Board shall award the employee back pay without any reduction (including any reduction based on the employee’s interim earnings or failure to earn interim earnings), front pay (when appropriate), consequential damages, and an additional amount as liquidated damages equal to two times the amount of damages awarded: <italic>Provided further,</italic> no relief under this subsection shall be denied on the basis that the employee is, or was during the time of relevant employment or during the back pay period, an unauthorized alien as defined in section 274A(h)(3) of the Immigration and Nationality Act (<external-xref legal-doc="usc" parsable-cite="usc/8/1324a">8 U.S.C. 1324a(h)(3)</external-xref>) or any other provision of Federal law relating to the unlawful employment of aliens</quote>.</text></section><section id="HB30387B726EC4A91A4A34697DA9E62E8"><enum>107.</enum><header>Enforcing compliance with orders of the board</header><subsection id="H3A759A7AAE604D128E1CE352B4B7C52A"><enum>(a)</enum><header>In general</header><text>Section 10 of the National Labor Relations Act (<external-xref legal-doc="usc" parsable-cite="usc/29/160">29 U.S.C. 160</external-xref>) is further amended—</text><paragraph id="H2EC2DDB9C2AD4D75818DE0FA707946E3"><enum>(1)</enum><text>by striking subsection (e);</text></paragraph><paragraph id="H15A6DF73E1D7423C91E05A051E00A859"><enum>(2)</enum><text>by redesignating subsection (d) as subsection (e);</text></paragraph><paragraph id="H86984F4051B24885A481414822E9BB40"><enum>(3)</enum><text>by inserting after subsection (c) the following:</text><quoted-block style="OLC" display-inline="no-display-inline" id="H36B6E65CB62C4509A6F92A3C14D7A6BB"><subsection id="H05810660314A462DB253B019766B2806"><enum>(d)</enum><paragraph commented="no" display-inline="yes-display-inline" id="H4D49BCDB8C064F14A6171C90B2792452"><enum>(1)</enum><text>Each order of the Board shall take effect upon issuance of such order, unless otherwise directed by the Board, and shall remain in effect unless modified by the Board or unless a court of competent jurisdiction issues a superseding order.</text></paragraph><paragraph id="H437F8216008A4DEF9B36E76C381B2414" indent="up1"><enum>(2)</enum><text>Any person who fails or neglects to obey an order of the Board shall forfeit and pay to the Board a civil penalty of not more than $10,000 for each violation, which shall accrue to the United States and may be recovered in a civil action brought by the Board to the district court of the United States in which the unfair labor practice or other subject of the order occurred, or in which such person or entity resides or transacts business. No action by the Board under this paragraph may be made until 30 days following the issuance of an order. Each separate violation of such an order shall be a separate offense, except that, in the case of a violation in which a person fails to obey or neglects to obey a final order of the Board, each day such failure or neglect continues shall be deemed a separate offense.</text></paragraph><paragraph id="H8E2E5BB7F0D6487287652814BCB02D75" indent="up1"><enum>(3)</enum><text>If, after having provided a person or entity with notice and an opportunity to be heard regarding a civil action under subparagraph (2) for the enforcement of an order, the court determines that the order was regularly made and duly served, and that the person or entity is in disobedience of the same, the court shall enforce obedience to such order by an injunction or other proper process, mandatory or otherwise, to—</text><subparagraph id="H1A2BB733CB4C434E9988290DF162F53A" commented="no"><enum>(A)</enum><text>restrain such person or entity or the officers, agents, or representatives of such person or entity, from further disobedience to such order; or</text></subparagraph><subparagraph id="H1F5E0C00D8EF43E682BD07CBC4115F50" commented="no"><enum>(B)</enum><text>enjoin such person or entity, officers, agents, or representatives to obedience to the same.</text></subparagraph></paragraph></subsection><after-quoted-block>;</after-quoted-block></quoted-block></paragraph><paragraph id="H1C50FB8249964113B8528393E9170F08"><enum>(4)</enum><text>in subsection (f)—</text><subparagraph id="HA9F1BA2E85464F7B8A7CFD43335B1B34"><enum>(A)</enum><text>by striking <quote>proceed in the same manner as in the case of an application by the Board under subsection (e) of this section,</quote> and inserting <quote>proceed as provided under paragraph (2) of this subsection</quote>;</text></subparagraph><subparagraph id="H17659DC4506C4EED9FBF439AFF1B2EE2"><enum>(B)</enum><text>by striking <quote>Any</quote> and inserting the following:</text><quoted-block style="OLC" display-inline="yes-display-inline" id="H3704CEC19D5644EEB69A0D0E8F3B9853"><text/><paragraph id="H6ECE5C41EB89477EA8093A90ACD7B7C7"><enum>(1)</enum><text>Within 30 days of the issuance of an order, any</text></paragraph><after-quoted-block>; and</after-quoted-block></quoted-block></subparagraph><subparagraph id="HE184DA3DE8C44C8BAE5D3B378BB96F3D"><enum>(C)</enum><text>by adding at the end the following:</text><quoted-block style="OLC" display-inline="no-display-inline" id="HB200E2521DE54CF9BBD3EC033ECA218A"><paragraph id="H767CB6712DA84844A99E0CCAE597BFAC" indent="up1"><enum>(2)</enum><text>No objection that has not been urged before the Board, its member, agent, or agency shall be considered by a court, unless the failure or neglect to urge such objection shall be excused because of extraordinary circumstances. The findings of the Board with respect to questions of fact if supported by substantial evidence on the record considered as a whole shall be conclusive. If either party shall apply to the court for leave to adduce additional evidence and shall show to the satisfaction of the court that such additional evidence is material and that there were reasonable grounds for the failure to adduce such evidence in the hearing before the Board, its member, agent, or agency, the court may order such additional evidence to be taken before the Board, its member, agent, or agency, and to be made a part of the record. The Board may modify its findings as to the facts, or make new findings, by reason of additional evidence so taken and filed, and it shall file such modified or new findings, which findings with respect to questions of fact if supported by substantial evidence on the record considered as a whole shall be conclusive, and shall file its recommendations, if any, for the modification or setting aside of its original order. Upon the filing of the record with it the jurisdiction of the court shall be exclusive and its judgment and decree shall be final, except that the same shall be subject to review by the appropriate United States court of appeals if application was made to the district court, and by the Supreme Court of the United States upon writ of certiorari or certification as provided in section 1254 of title 28, United States Code.</text></paragraph><after-quoted-block>; and</after-quoted-block></quoted-block></subparagraph></paragraph><paragraph id="HAB5AC95E3D9F4341987D83C57291F596"><enum>(5)</enum><text>in subsection (g), by striking <quote>subsection (e) or (f) of this section</quote> and inserting <quote>subsection (d) or (f)</quote>.</text></paragraph></subsection><subsection id="H234D4BE52BE547C0A51DBCC7767F2BFA"><enum>(b)</enum><header>Conforming amendment</header><text>Section 18 of the National Labor Relations Act (<external-xref legal-doc="usc" parsable-cite="usc/29/168">29 U.S.C. 168</external-xref>) is amended by striking <quote> section 10(e) or (f)</quote> and inserting <quote>subsection (d) or (f) of section 10</quote>.</text></subsection></section><section id="H6A7F6480AC01466AAA1596F4B78D8DFE"><enum>108.</enum><header>Injunctions against unfair labor practices involving discharge or other serious economic harm</header><text display-inline="no-display-inline">Section 10 of the National Labor Relations Act (<external-xref legal-doc="usc" parsable-cite="usc/29/160">29 U.S.C. 160</external-xref>) is amended—</text><paragraph id="H64D995C177DE467CB1930A3E871A1D34"><enum>(1)</enum><text display-inline="yes-display-inline">in subsection (j)—</text><subparagraph id="HD38376F5FF974DE9B5AD59667C43CC9A"><enum>(A)</enum><text>by striking <quote>The Board</quote> and inserting <quote>(1) The Board</quote>; and</text></subparagraph><subparagraph id="H439D9CB4E1CA4C8EAA2F35BC1BB47102"><enum>(B)</enum><text>by adding at the end the following:</text><quoted-block style="OLC" display-inline="no-display-inline" id="H799E50F391854036A4A55180D6B0236F"><paragraph id="H7E3827963EC74B90A6BCAD441843787D" indent="up1"><enum>(2)</enum><text>Notwithstanding subsection (m), whenever it is charged that an employer has engaged in an unfair labor practice within the meaning of paragraph (1), (3) or (4) of section 8(a) that significantly interferes with, restrains, or coerces employees in the exercise of the rights guaranteed under section 7, or involves discharge or other serious economic harm to an employee, the preliminary investigation of such charge shall be made forthwith and given priority over all other cases except cases of like character in the office where it is filed or to which it is referred. If, after such investigation, the officer or regional attorney to whom the matter may be referred has reasonable cause to believe such charge is true and that a complaint should issue, such officer or attorney shall bring a petition for appropriate temporary relief or restraining order as set forth in paragraph (1). The district court shall grant the relief requested unless the court concludes that there is no reasonable likelihood that the Board will succeed on the merits of the Board’s claim.</text></paragraph><after-quoted-block>; and</after-quoted-block></quoted-block></subparagraph></paragraph><paragraph id="H4E029363BEE6436296A0DA5F7313F8EC" commented="no"><enum>(2)</enum><text display-inline="yes-display-inline">by repealing subsections (k) and (l).</text></paragraph></section><section id="H2BC1999107B142A69A2BCB2EB2B90685"><enum>109.</enum><header>Penalties</header><subsection id="HA636145CFDCE4AF5B4ABE51CCE09137F"><enum>(a)</enum><header>In general</header><text>Section 12 of the National Labor Relations Act (<external-xref legal-doc="usc" parsable-cite="usc/29/162">29 U.S.C. 162</external-xref>) is amended—</text><paragraph id="H2284F0C3F86A4EBB88C07EA0408CC38E" commented="no"><enum>(1)</enum><text>by striking <quote><header-in-text style="OLC">Sec. 12.</header-in-text> Any person</quote> and inserting the following:</text><quoted-block style="OLC" display-inline="no-display-inline" id="HC196213FEA9B48A0A28EB4F5BCCFD5AF"><section id="HB590864245C04CA6BF21B1F7D3E7E568"><enum>12.</enum><header>Penalties</header><subsection id="H7AD210DD69934265960DC22D291F27A1"><enum>(a)</enum><header>Violations for interference with board</header><text>Any person</text></subsection></section><after-quoted-block>; and</after-quoted-block></quoted-block></paragraph><paragraph id="HE8BEDF3243604D21A10F5F187DBA503D"><enum>(2)</enum><text>by adding at the end the following:</text><quoted-block style="OLC" display-inline="no-display-inline" id="HF4438F0D0E9A4E80A2F0344E37513965"><subsection id="HD05BCCAA6E3E409F894057676F2C22E3"><enum>(b)</enum><header>Violations for posting requirements and voter list</header><text>If the Board, or any agent or agency designated by the Board for such purposes, determines that an employer has violated section 8(h) or regulations issued thereunder, the Board shall—</text><paragraph id="H872EF894B8BE460092CD6CECBCC18C70"><enum>(1)</enum><text>state the findings of fact supporting such determination;</text></paragraph><paragraph id="H5A55024D9CFA45B789D744A9A0E23FE0"><enum>(2)</enum><text>issue and cause to be served on such employer an order requiring that such employer comply with section 8(h) or regulations issued thereunder; and</text></paragraph><paragraph id="H84A0465684564FFF92463AA397CC987F"><enum>(3)</enum><text>impose a civil penalty in an amount determined appropriate by the Board, except that in no case shall the amount of such penalty exceed $500 for each such violation.</text></paragraph></subsection><subsection id="H2B50E813036D4A329A4D274C0B8390C1"><enum>(c)</enum><header>Civil penalties for violations</header><paragraph id="H0C31F72051104167A0A8446B2F8F54F2"><enum>(1)</enum><header>In general</header><text display-inline="yes-display-inline">Any employer who commits an unfair labor practice within the meaning of section 8(a) shall, in addition to any remedy ordered by the Board, be subject to a civil penalty in an amount not to exceed $50,000 for each violation, except that, with respect to an unfair labor practice within the meaning of paragraph (3) or (4) of section 8(a) or a violation of section 8(a) that results in the discharge of an employee or other serious economic harm to an employee, the Board shall double the amount of such penalty, to an amount not to exceed $100,000, in any case where the employer has within the preceding 5 years committed another such violation.</text></paragraph><paragraph id="H3FC1FA22C0074A8290A5201CE2AB9C49"><enum>(2)</enum><header>Considerations</header><text>In determining the amount of any civil penalty under this subsection, the Board shall consider—</text><subparagraph id="H1ABD1C77D5DF4CD7808D0CD85387F392"><enum>(A)</enum><text>the gravity of the unfair labor practice;</text></subparagraph><subparagraph id="H1DA812C5C0674166B0023FDA26205636"><enum>(B)</enum><text>the impact of the unfair labor practice on the charging party, on other persons seeking to exercise rights guaranteed by this Act, and on the public interest; and</text></subparagraph><subparagraph id="H02AA34C67C4D4827B9344AAC93CAA741"><enum>(C)</enum><text>the gross income of the employer.</text></subparagraph></paragraph><paragraph id="H200098ACD55D4A39A4F2791FE46B1964"><enum>(3)</enum><header>Director and officer liability</header><text>If the Board determines, based on the particular facts and circumstances presented, that a director or officer’s personal liability is warranted, a civil penalty for a violation described in this subsection may also be assessed against any director or officer of the employer who directed or committed the violation, had established a policy that led to such a violation, or had actual or constructive knowledge of and the authority to prevent the violation and failed to prevent the violation.</text></paragraph></subsection><subsection id="H29B217D304AF4B02A7164A1967BAF408"><enum>(d)</enum><header>Right to civil action</header><paragraph id="HCFD5B6FCCC6A4D729E53B739F2C84C8F"><enum>(1)</enum><header>In general</header><text display-inline="yes-display-inline">Any person who is injured by reason of a violation of paragraph (1), (3), or (4) of section 8(a) may, after 60 days following the filing of a charge with the Board alleging an unfair labor practice, bring a civil action in the appropriate district court of the United States against the employer within 90 days after the expiration of the 60-day period or the date the Board notifies the person that no complaint shall issue, whichever occurs earlier, provided that the Board has not filed a petition under section 10(j) of this Act prior to the expiration of the 60-day period. No relief under this subsection shall be denied on the basis that the employee is, or was during the time of relevant employment or during the back pay period, an unauthorized alien as defined in section 274A(h)(3) of the Immigration and Nationality Act (<external-xref legal-doc="usc" parsable-cite="usc/8/1324a">8 U.S.C. 1324a(h)(3)</external-xref>) or any other provision of Federal law relating to the unlawful employment of aliens.</text></paragraph><paragraph id="H729F4FCFFAC343B19254F4339FDE5F03"><enum>(2)</enum><header>Available relief</header><text>Relief granted in an action under paragraph (1) may include—</text><subparagraph id="HB9A5A4CEE6784F12AE3A12391756E6FE"><enum>(A)</enum><text>back pay without any reduction, including any reduction based on the employee’s interim earnings or failure to earn interim earnings;</text></subparagraph><subparagraph id="H92978C03014F42929CA7753759985467"><enum>(B)</enum><text>front pay (when appropriate);</text></subparagraph><subparagraph id="HF8226F18A5B8447C8DFD80D3BFD95163"><enum>(C)</enum><text>consequential damages;</text></subparagraph><subparagraph id="H88A71CC7C7C24EA5BB39A972E0CA596C"><enum>(D)</enum><text>an additional amount as liquidated damages equal to two times the cumulative amount of damages awarded under subparagraphs (A) through (C);</text></subparagraph><subparagraph id="H82DA0D43F6A84C5EAB4F318B71A1A53D"><enum>(E)</enum><text>in appropriate cases, punitive damages in accordance with paragraph (4); and</text></subparagraph><subparagraph id="HDF7800AC70544D1399A53FD82C86A9B6"><enum>(F)</enum><text>any other relief authorized by section 706(g) of the Civil Rights Act of 1964 (<external-xref legal-doc="usc" parsable-cite="usc/42/2000e-5">42 U.S.C. 2000e–5(g)</external-xref>) or by section 1977A(b) of the Revised Statutes (<external-xref legal-doc="usc" parsable-cite="usc/42/1981a">42 U.S.C. 1981a(b)</external-xref>).</text></subparagraph></paragraph><paragraph id="HEFA9CEF5321748C7AAAFC27C60236A62"><enum>(3)</enum><header>Attorney’s fees</header><text>In any civil action under this subsection, the court may allow the prevailing party a reasonable attorney’s fee (including expert fees) and other reasonable costs associated with maintaining the action.</text></paragraph><paragraph id="HA7624B72DEA54E458C36183E60723F86"><enum>(4)</enum><header>Punitive damages</header><text>In awarding punitive damages under paragraph (2)(E), the court shall consider—</text><subparagraph id="HE863088C8A2D44268FEE587BA796D071"><enum>(A)</enum><text>the gravity of the unfair labor practice;</text></subparagraph><subparagraph id="H331292D03E5844BEB917A33B0B6F9F41"><enum>(B)</enum><text>the impact of the unfair labor practice on the charging party, on other persons seeking to exercise rights guaranteed by this Act, and on the public interest; and</text></subparagraph><subparagraph id="HA8286108B31847189AEC7C66F957ABBD"><enum>(C)</enum><text>the gross income of the employer.</text></subparagraph></paragraph></subsection><after-quoted-block>.</after-quoted-block></quoted-block></paragraph></subsection><subsection id="H1B8A53A186DD4724B4D385A91B92BC7F"><enum>(b)</enum><header>Conforming amendments</header><text display-inline="yes-display-inline">Section 10(b) of the National Labor Relations Act (<external-xref legal-doc="usc" parsable-cite="usc/29/160">29 U.S.C. 160(b)</external-xref>) is amended—</text><paragraph id="H268FE864B48B4015ACE0C19004F94EB7"><enum>(1)</enum><text>by striking <quote>six months</quote> and inserting <quote>180 days</quote>; and</text></paragraph><paragraph id="HA4AAFC76982847469F01DA5CE3B5FAF8"><enum>(2)</enum><text>by striking <quote>the six-month period</quote> and inserting <quote>the 180-day period</quote>.</text></paragraph></subsection></section><section id="H3EC370D2EEBE4F4895359282AB074B82"><enum>110.</enum><header>Limitations on the right to strike</header><text display-inline="no-display-inline">Section 13 of the National Labor Relations Act (<external-xref legal-doc="usc" parsable-cite="usc/29/163">29 U.S.C. 163</external-xref>) is amended by striking the period at the end and inserting the following: <quote>: <italic>Provided,</italic> That the duration, scope, frequency, or intermittence of any strike or strikes shall not render such strike or strikes unprotected or prohibited.</quote>.</text></section><section id="H29CC929C0C70427AA2962A676720B3C9"><enum>111.</enum><header>Fair share agreements permitted</header><text display-inline="no-display-inline">Section 14(b) of the National Labor Relations Act (<external-xref legal-doc="usc" parsable-cite="usc/29/164">29 U.S.C. 164(b)</external-xref>) is amended by striking the period at the end and inserting the following: <quote>: <italic>Provided,</italic> That collective bargaining agreements providing that all employees in a bargaining unit shall contribute fees to a labor organization for the cost of representation, collective bargaining, contract enforcement, and related expenditures as a condition of employment shall be valid and enforceable notwithstanding any State or Territorial law.</quote>.</text></section></title><title id="HDA0DBF7E6D014450A0C5576E87481B5D"><enum>II</enum><header>Amendments to the Labor Management Relations Act, 1947 and the Labor-Management Reporting and Disclosure Act of 1959</header><section id="HEACD7033AA094DB79571A9CA8A606BAF"><enum>201.</enum><header>Conforming amendments to the Labor Management Relations Act, 1947</header><text display-inline="no-display-inline">The Labor Management Relations Act, 1947 is amended—</text><paragraph id="H6CC84AC0AA314BE98936EC3CDC828E88"><enum>(1)</enum><text>in section 213(a) (<external-xref legal-doc="usc" parsable-cite="usc/29/183">29 U.S.C. 183(a)</external-xref>), by striking <quote>clause (A) of the last sentence of section 8(d) (which is required by clause (3) of such section 8(d)), or within 10 days after the notice under clause (B)</quote> and inserting <quote>section 8(d)(2)(A) of the National Labor Relations Act (which is required by section 8(d)(1)(C) of such Act), or within 10 days after the notice under section 8(d)(2)(B) of such Act</quote>; and</text></paragraph><paragraph id="H1DD58999110043889D1AF19126DC0E9E"><enum>(2)</enum><text>by repealing section 303 (<external-xref legal-doc="usc" parsable-cite="usc/29/187">29 U.S.C. 187</external-xref>).</text></paragraph></section><section id="H0272C2D3B79D4F8BB7432A24BA731094"><enum>202.</enum><header>Amendments to the Labor-Management Reporting and Disclosure Act of 1959</header><text display-inline="no-display-inline">Section 203(c) of the Labor-Management Reporting and Disclosure Act of 1959 (<external-xref legal-doc="usc" parsable-cite="usc/29/433">29 U.S.C. 433(c)</external-xref>) is amended by striking the period at the end and inserting the following <quote>: <italic>Provided,</italic> That this subsection shall not exempt from the requirements of this section any arrangement or part of an arrangement in which a party agrees, for an object described in subsection (b)(1), to plan or conduct employee meetings; train supervisors or employer representatives to conduct meetings; coordinate or direct activities of supervisors or employer representatives; establish or facilitate employee committees; identify employees for disciplinary action, reward, or other targeting; or draft or revise employer personnel policies, speeches, presentations, or other written, recorded, or electronic communications to be delivered or disseminated to employees.</quote>.</text></section></title><title id="H9CCBAADDA7C34AA0AA7D3769DDBC1FF6"><enum>III</enum><header>Other Matters</header><section id="HBF1562FB725E4B6299A5C9570F899E77"><enum>301.</enum><header>Severability</header><text display-inline="no-display-inline">If any provision of this Act or the application thereof to any person or circumstance is held invalid, the remainder of this Act, or the application of that provision to persons or circumstances other than those as to which it is held invalid, is not affected thereby.</text></section><section id="H94DEA2907CED4988975429DBD300FFC2"><enum>302.</enum><header>Authorization of appropriations</header><text display-inline="no-display-inline">There are authorized to be appropriated such sums as may be necessary to carry out the provisions of this Act and the amendments made by this Act. </text></section></title></legis-body></bill> 

