<?xml version="1.0"?>
<?xml-stylesheet type="text/xsl" href="billres.xsl"?>
<!DOCTYPE bill PUBLIC "-//US Congress//DTDs/bill.dtd//EN" "bill.dtd">
<bill bill-stage="Introduced-in-Senate" dms-id="A1" public-private="public" slc-id="S1-DAV21269-6RL-RH-1M3">
<metadata xmlns:dc="http://purl.org/dc/elements/1.1/">
<dublinCore>
<dc:title>117 S379 IS: Libya Stabilization Act</dc:title>
<dc:publisher>U.S. Senate</dc:publisher>
<dc:date>2021-02-23</dc:date>
<dc:format>text/xml</dc:format>
<dc:language>EN</dc:language>
<dc:rights>Pursuant to Title 17 Section 105 of the United States Code, this file is not subject to copyright protection and is in the public domain.</dc:rights>
</dublinCore>
</metadata>
<form>
<distribution-code display="yes">II</distribution-code>
<congress>117th CONGRESS</congress><session>1st Session</session>
<legis-num>S. 379</legis-num>
<current-chamber>IN THE SENATE OF THE UNITED STATES</current-chamber>
<action>
<action-date date="20210223">February 23, 2021</action-date>
<action-desc><sponsor name-id="S337">Mr. Coons</sponsor> (for himself, <cosponsor name-id="S293">Mr. Graham</cosponsor>, <cosponsor name-id="S364">Mr. Murphy</cosponsor>, and <cosponsor name-id="S350">Mr. Rubio</cosponsor>) introduced the following bill; which was read twice and referred to the <committee-name committee-id="SSFR00">Committee on Foreign Relations</committee-name></action-desc>
</action>
<legis-type>A BILL</legis-type>
<official-title>To advance a diplomatic solution to the conflict in Libya and support the people of Libya. </official-title>
</form>
<legis-body display-enacting-clause="yes-display-enacting-clause" id="H16FD86239F894BAC95CC51C20AD7458F">
<section section-type="section-one" id="S1"><enum>1.</enum><header>Short title; table of contents</header>
<subsection id="id8452E2220F01480EBD3495847D28016F"><enum>(a)</enum><header>Short title</header><text display-inline="yes-display-inline">This Act may be cited as the <quote><short-title>Libya Stabilization Act</short-title></quote>.</text></subsection> <subsection id="id1792C8321C2C4A45A2D7C0C3BDF7B8A3"><enum>(b)</enum><header>Table of contents</header><text>The table of contents for this Act is as follows:</text>
<toc>
<toc-entry level="section" idref="S1">Sec. 1. Short title; table of contents.</toc-entry>
<toc-entry level="section" idref="ide380e5b832cb4db5a49fdb05ea6b1397">Sec. 2. Findings; statement of policy.</toc-entry>
<toc-entry level="title" idref="id54dd3699e98845faa83fa1b70807a86d">TITLE I—Identifying challenges to stability in Libya</toc-entry>
<toc-entry level="section" idref="idaf7b97e1142147c1b4f8341dddae8d2a">Sec. 101. Codification of Executive Order 13726.</toc-entry>
<toc-entry level="section" idref="id8b08cac864c7409f9a6fa7b94560eeba">Sec. 102. Report on activities of certain foreign governments and actors in Libya.</toc-entry>
<toc-entry level="section" idref="id3244de9fac7341ed8363d12affca4168">Sec. 103. Strategy to counter Russian influence in Libya.</toc-entry>
<toc-entry level="title" idref="id2f44c02e8a5c4c7e944debdd3985635e">TITLE II—Actions to address foreign intervention in Libya</toc-entry>
<toc-entry level="section" idref="id529fb3b53e234173b497120194e8578b">Sec. 201. Definitions.</toc-entry>
<toc-entry level="section" idref="id4697e75a433c4d94a9bbab866f670859">Sec. 202. Imposition of sanctions with respect to persons supporting Russian military intervention in Libya.</toc-entry>
<toc-entry level="section" idref="idfbc92c0546de4d42a7e740cd8d20edc2">Sec. 203. Imposition of sanctions with respect to persons threatening the peace or stability of Libya.</toc-entry>
<toc-entry level="section" idref="id0663328d5389450e9d94ace882f75ea5">Sec. 204. Imposition of sanctions with respect to certain persons who are responsible for or complicit in human rights abuses committed in Libya.</toc-entry>
<toc-entry level="section" idref="id3ee0c51fb8f048e9a108c4dde4c89b8b">Sec. 205. Sanctions described.</toc-entry>
<toc-entry level="section" idref="id37acc731c7cd45f49b8f6b25ceae2342">Sec. 206. Waiver; exceptions.</toc-entry>
<toc-entry level="section" idref="idef9a9eed020a44769c5ab39079cbca32">Sec. 207. Implementation; regulations; penalties.</toc-entry>
<toc-entry level="section" idref="idcbcbf12f2881406b8caacc279f9bc906">Sec. 208. Termination.</toc-entry>
<toc-entry level="title" idref="id7848fe5eee9048128b06ce77f7448407">TITLE III—Assistance for Libya</toc-entry>
<toc-entry level="section" idref="ida7e4e566a1fb4b1eab8df6cd2d01c9c8">Sec. 301. Humanitarian relief for the people of Libya and international refugees and migrants in Libya.</toc-entry>
<toc-entry level="section" idref="id6df44f8da51f4c1abbe36948e190f91a">Sec. 302. Support for democratic governance, elections, and democratic civil society.</toc-entry>
<toc-entry level="section" idref="id10805d84c5324e5a98424f5b5628149b">Sec. 303. Engaging international financial institutions to advance Libyan economic recovery and improve public sector financial management.</toc-entry>
<toc-entry level="section" idref="idf9c44e56ab05472493ad29a29dd9b813">Sec. 304. Recovering assets stolen from the Libyan people.</toc-entry></toc></subsection></section>
<section id="ide380e5b832cb4db5a49fdb05ea6b1397"><enum>2.</enum><header>Findings; statement of policy</header>
<subsection id="idf0a88d54280a48a5999f18caa1533daa"><enum>(a)</enum><header>Findings</header><text>Congress makes the following findings:</text> <paragraph id="id5cf5b0cb38ca481793a0f397b4781827"><enum>(1)</enum><text>The stability and territorial unity of Libya is critical to the security of the United States, Europe, North Africa, and the Sahel, as well as maritime routes in the southern Mediterranean Sea.</text></paragraph>
<paragraph id="id376251616c304a7799018529c3f2ff64"><enum>(2)</enum><text>AFRICOM has identified containing instability in Libya as one of its six main lines of effort in Africa and works to support diplomatic efforts to reconstitute the Libyan state and to disrupt terrorist organizations that impede that process or threaten United States interests.</text></paragraph> <paragraph id="id8c854e2e1763414dbb28a4a5da205d53"><enum>(3)</enum><text>On April 4, 2019, Khalifa Haftar, the commander of the Libyan Arab Armed Forces/Libyan National Army (LAAF/LNA) movement, ordered forces loyal to him to begin a unilateral military operation to take control of Tripoli, the capital of Libya and seat of the Government of National Accord (GNA), an interim body that emerged from previous United Nations-backed negotiations which the United States Government and United Nations Security Council have recognized since 2015. </text></paragraph>
<paragraph id="iddc8ddc8c04c342f1ab65defc22d3664f"><enum>(4)</enum><text>Although the LAAF/LNA movement initiated the offensive, all parties to the conflict and their associated forces have since April 2019 failed to observe their obligations under international humanitarian law and increased the geographic scope of the conflict, including by using heavy weapons, aircraft, and armed drones provided by foreign powers in violation of the United Nations arms embargo. Foreign mercenaries have reportedly also participated in the conflict. </text></paragraph> <paragraph id="idF5C0DAD80C6942FB9EBF3989E047356E"><enum>(5)</enum><text>In November 2019, the GNA and the Government of Turkey signed a Memorandum of Understanding on maritime boundaries in the Mediterranean Sea, which was opposed by European Union member states and other countries in the region.</text></paragraph>
<paragraph id="id96b0669dbb7d4b00bfacc80e88b41156"><enum>(6)</enum><text>On January 19, 2020, at a peace conference in Berlin, representatives of the Governments of Algeria, China, Egypt, France, Germany, Italy, Russia, Turkey, the Republic of Congo, the United Arab Emirates, the United Kingdom, and the United States, as well as regional and multilateral organizations, agreed to refrain from interference in Libya’s internal affairs, abide by the United Nations arms embargo, and advance a 55-point communique to resolve the conflict in Libya.</text></paragraph> <paragraph id="id1da56a11eabd48d1a8bae1fb6966744b"><enum>(7)</enum><text>On January 30, 2020, then-United Nations Special Representative of the Secretary General (SRSG) Ghassan Salamé asserted that <quote>the warring parties have continued to receive a sizable amount of advanced equipment, fighters, and advisors from foreign sponsors, in brazen violation of the UN arms embargo as well as of the pledges made by representatives of these countries in Berlin</quote>.</text></paragraph>
<paragraph id="iddd7b2e3ba98043d0ba43ed7f6455f1d8"><enum>(8)</enum><text>On February 12, 2020, the United States Assistant Secretary of State for Near Eastern Affairs testified before the Committee on Foreign Relations of the Senate, <quote>The task of bringing the Libyans back to the negotiating table has been complicated by the involvement of external actors. Libya is not the place for Russian mercenaries, or fighters from Syria, Chad, and Sudan. It is not the place for the Emiratis, Russians, or Turks to be fighting battles on the ground through intermediaries they sponsor or support with sophisticated and deadly equipment in pursuit of their own agendas.</quote>.</text></paragraph> <paragraph id="idb15257a95f654a6e9262f88f6df76d75"><enum>(9)</enum><text>On September 2, 2020, Acting SRSG Stephanie Williams described to the United Nations Security Council cargo shipments and dozens of military resupply flights to the LAAF/LNA and the GNA as <quote>an alarming breach of Libya’s sovereignty, a blatant violation of the UN arms embargo, not to mention the commitments undertaken by the Berlin conference participants</quote>.</text></paragraph>
<paragraph id="id781520fe9c0c40e585fe5aaac73793c4"><enum>(10)</enum><text>On October 23, 2020, conflict parties in Libya agreed to a United Nations-facilitated ceasefire which called for all military units and armed groups on the front lines to return to their camps, all mercenaries and foreign fighters to depart from Libyan territory, and all military agreements on training be suspended within three months of the ceasefire’s signing. Ceasefire enforcement is historically difficult in Libya, and as of February 2021, mercenaries, foreign fighters, and foreign militaries remained active there. On February 4, 2021, the United Nations Security Council requested an advance team be sent to Libya as a first step to sending monitors to observe the ceasefire.</text></paragraph> <paragraph id="id733039b7f34044febc4740abfe088fd3"><enum>(11)</enum><text>On November 13, 2020, UNSMIL announced that national elections in Libya are scheduled to take place on December 24, 2021. On January 20, 2021, Libyan leaders agreed to hold a constitutional referendum prior to the December 2021 election. On February 5, 2021, the 74-member United Nations-led Libyan Political Dialogue Forum reached an agreement on a unified interim Libyan executive to lead the country to national elections on December 24, 2021. </text></paragraph>
<paragraph id="id1f6080e4113344c199f3ac39336f6173"><enum>(12)</enum><text>According to the United Nations, since the LNA movement offensive began in April 2019, the conflict in Libya has led to the deaths of more than 400 civilians and the displacement of more than 200,000 people.</text></paragraph> <paragraph id="idb5ffd3f99dd14968ba9e754f2539cc7b"><enum>(13)</enum><text>Parties to the conflict in Libya have killed civilians, committed torture and abuse, committed mass extrajudicial killings, requisitioned the houses of civilians, targeted medical facilities, and blocked humanitarian access to food, health, and other life-saving services, worsening humanitarian conditions.</text></paragraph>
<paragraph id="id866bdb685a6a45b2a1bd606a6ce4cd38"><enum>(14)</enum><text>According to the United Nations Office for the Coordination of Humanitarian Affairs, as of December 2020, more than 574,000 migrants and refugees remained in Libya and <quote>continue to be at risk of killing, torture, arbitrary detention, rape and other forms of sexual and gender-based violence, forced labor, extortion and exploitation</quote>. Among these, between 1,000 and 3,000 migrants and refugees are held in official detention centers and <quote>many other migrants and refugees are believed to be held at other sites run by militias and trafficking groups</quote>.</text></paragraph> <paragraph id="id2f3a8207f9894badb5fd38368f2efb55"><enum>(15)</enum><text>On January 19, 2021, at least 43 migrants died in a shipwreck off of Libya’s coast, highlighting the vulnerable position of non-Libyan migrants who are either subject to detention and abuses in Libya or are forced to undertake unsafe attempts to reach Europe. More than 100 migrants drowned in 2020 and nearly 100 have drowned since January 2021 in the Mediterranean.</text></paragraph>
<paragraph id="idcaf5650fe1794d8e8a764328afb6a073"><enum>(16)</enum><text>On January 21, 2021, the United States joined the Governments of France, Germany, Italy, and the United Kingdom to remind all Berlin Conference participants of the need to <quote>continue to support a ceasefire, restore full respect for the UN arms embargo, and end the toxic foreign interference that undermines the aspirations of all Libyans to reestablish their sovereignty and choose their future peacefully through national elections</quote>.</text></paragraph></subsection> <subsection id="id8363794d94ed491abe67db5bad831040"><enum>(b)</enum><header>Statement of policy</header><text>It is the policy of the United States—</text>
<paragraph id="id10db7febbec84ef68ca765bdd3c24a5a"><enum>(1)</enum><text>to engage regularly at the senior-most levels and assert there is no military solution to the conflict in Libya and that only a political process can secure United States interests, ensure a stable and unified Libya, reduce the threat of terrorism, and provide peace and opportunity to the people of Libya;</text></paragraph> <paragraph id="id603ac0a4200543c59edf875996c7f480"><enum>(2)</enum><text>to support the implementation of United Nations Security Council Resolutions 1970 (2011) and 1973 (2011), which established an arms embargo on Libya, and subsequent resolutions modifying and extending the embargo;</text></paragraph>
<paragraph id="idd00a1e457285456ea6822350ee937f4d"><enum>(3)</enum><text>to support the implementation of United Nations Security Council Resolutions 2146 (2014) and 2362 (2017), which condemn attempts to illicitly export petroleum and refined petroleum products from Libya, including by parallel institutions which are not acting under the authority of the Government of National Accord; </text></paragraph> <paragraph id="id99b8707f31964d61829c36bd3f5b23e0"><enum>(4)</enum><text>to promote unified and effective Libyan oversight over the Libyan National Oil Corporation, the Central Bank of Libya, and the Libyan Investment Authority; </text></paragraph>
<paragraph id="id81632d094be74632a1fb9013a61a5819"><enum>(5)</enum><text>to enforce Executive Order 13726 (81 Fed. Reg. 23559; relating to blocking property and suspending entry into the United States of persons contributing to the situation in Libya (April 19, 2016)), designed to target individuals or entities who <quote>threaten the peace, security, and stability of Libya</quote>;</text></paragraph> <paragraph id="idee7c64b587444158bfc120cd45085340"><enum>(6)</enum><text>to employ sanctions and support war-crimes prosecution, against any and all parties engaging in attacks on civilians, medical workers, and critical infrastructure, including water supplies, in Libya;</text></paragraph>
<paragraph id="idb15fc8d861b64eba9ee7850832b6044d"><enum>(7)</enum><text>to contribute to the peace and stability of Libya, prevent destabilizing arms shipments, and support efforts to safeguard Libya’s oil resources in accordance with United Nations Security Council Resolutions 2259 (2015), 2278 (2016), 2362 (2017), and 2473 (2019);</text></paragraph> <paragraph id="idb4a1274cfd9146e7a9e5aa0175af4421"><enum>(8)</enum><text>to leverage diplomatic relations to convince the parties to the conflict in Libya to de-escalate and persuade foreign powers to stop providing weapons and financing that exacerbate the conflict;</text></paragraph>
<paragraph id="id712e4bf832f64c0282e786e640ea344d"><enum>(9)</enum><text>to encourage the parties to continue to engage in the political process led by UNSMIL; </text></paragraph> <paragraph id="id031cf3901b884949ba533a9b460f7bda"><enum>(10)</enum><text>to support the United Nations-mediated political process, which seeks a negotiated and peaceful solution to the Libyan crisis;</text></paragraph>
<paragraph id="idc7b43089a05d42278fb80663f564ab7c"><enum>(11)</enum><text>that a negotiated and peaceful political solution should include a transitional, civilian-led government representing all Libyans, preparations for credible elections, a fair and transparent allocation of resources, interim security arrangements, and a process to reunify security and economic institutions;</text></paragraph> <paragraph id="id793dfa8b0d054f6998bd3939ab3e96c3"><enum>(12)</enum><text>to support constant, unimpeded, and reliable humanitarian access to those in need and to hold accountable those who impede or threaten the delivery of humanitarian assistance;</text></paragraph>
<paragraph id="idfe0e2b2490664721aba0ac30f8bebc17"><enum>(13)</enum><text>to advocate for the immediate release and safe evacuations of detained refugees and migrants threatened by conflict in Libya;</text></paragraph> <paragraph id="id3d93a007e608498abf34925df8e7cfe9"><enum>(14)</enum><text>to assist implementation of UNSMIL’s plan for the organized and gradual closure of migrant detention centers in Libya and ensure robust protection assistance for refugees and migrants; and</text></paragraph>
<paragraph id="idb5caccafc17a45608351fb519085bcd3"><enum>(15)</enum><text>to support future democratic development and the economic recovery of Libya both during and after a negotiated and peaceful political solution.</text></paragraph></subsection></section> <title id="id54dd3699e98845faa83fa1b70807a86d"><enum>I</enum><header>Identifying challenges to stability in Libya</header> <section id="idaf7b97e1142147c1b4f8341dddae8d2a"><enum>101.</enum><header>Codification of Executive Order 13726</header><text display-inline="no-display-inline">Notwithstanding any other provision of law or Executive order, Executive Order 13726 (81 Fed. Reg. 23559), signed on April 19, 2016, and entitled <quote>Blocking Property and Suspending Entry into the United States of Persons Contributing to the Situation in Libya</quote> shall have the force and effect of law.</text></section>
<section id="id8b08cac864c7409f9a6fa7b94560eeba"><enum>102.</enum><header>Report on activities of certain foreign governments and actors in Libya</header>
<subsection id="id5471528c741749da8aadb4fe2471f4e3"><enum>(a)</enum><header>In general</header><text>Not later than 90 days after the date of the enactment of this Act, the Secretary of State, in coordination with the Director of National Intelligence, shall submit to the appropriate congressional committees a report that includes—</text> <paragraph id="id118b69e1e0e54a8cb249da0b2a4d45b1"><enum>(1)</enum><text>a description of the full extent of involvement in Libya by foreign governments, including the Governments of Russia, Turkey, the United Arab Emirates, Egypt, Sudan, Chad, the People’s Republic of China, Saudi Arabia, and Qatar, including—</text>
<subparagraph id="id0a734e48063b4ad9b444ce84886c9d7d"><enum>(A)</enum><text>a description of which governments are linked to drone and aircraft strikes;</text></subparagraph> <subparagraph id="id04b6adec0d3a453ba6eec34b6760fa9b"><enum>(B)</enum><text>a list of the types and estimated amounts of equipment transferred by each government described in this paragraph to the parties to the conflict, including foreign military contractors, mercenaries, or paramilitary forces operating in Libya;</text></subparagraph>
<subparagraph id="id7d7d955144f94d009053a27883470533"><enum>(C)</enum><text>the estimated dollar value of various types of equipment and financial support provided by each government described in this paragraph to the parties to the conflict, including foreign military contractors, mercenaries, or paramilitary forces operating in Libya; and</text></subparagraph> <subparagraph id="idC8DFB398BB30414DB389A6571DFC5131"><enum>(D)</enum><text>the identification of any regular or irregular forces, including but not limited to mercenary groups and militias operating inside Libya, at the direction or with the consent of governments listed in this paragraph;</text></subparagraph></paragraph>
<paragraph id="id9bd40e1fc7594fafbe4e34d1ae83238e"><enum>(2)</enum><text>a determination and analysis of whether the actions by the governments identified in paragraph (1)—</text> <subparagraph commented="no" id="id0FA633E139954832A990485C93781028"><enum>(A)</enum><text> violate the arms embargo with respect to Libya in accordance with United Nations Security Council Resolution 2473 (2019) and predecessor Security Council resolutions;</text></subparagraph>
<subparagraph commented="no" id="id1691146C57C54C4FAD795A84AA2975DC"><enum>(B)</enum><text>contribute to civilian death, harm, or other violations of international humanitarian law; or</text></subparagraph> <subparagraph id="id8d0b4dab79364626bd4c39e122368049"><enum>(C)</enum><text>involved weapons of United States origin or were in violation of United States end user license agreements;</text></subparagraph></paragraph>
<paragraph id="id825478aa06114dbfb9fca986b8747cde"><enum>(3)</enum><text>a description of United States diplomatic engagement with any governments found to be in violation of the arms embargo regarding enforcement of the embargo; </text></paragraph> <paragraph id="id9cb92be270fa45f2b5b848bdafa2848a"><enum>(4)</enum><text>a list of the specific offending materiel or financial support transfers provided by a government described in paragraph (1) that violate the arms embargo with respect to Libya in accordance with United Nations Security Council Resolution 2473 (2019) and predecessor Security Council resolutions;</text></paragraph>
<paragraph id="id5724da1d5fb44cbeb9c6dda2d19a40b1"><enum>(5)</enum><text>a determination and analysis of the activities of foreign armed groups, including the Russian Wagner Group, military contractors and mercenaries employed or engaged by the governments of Turkey and the United Arab Emirates, affiliates of the Islamic State (ISIS), al-Qaida in the Islamic Maghreb (AQIM), and other extremist groups, in Libya;</text></paragraph> <paragraph id="idce693d1d94e64140823b18e3e22d9a7c"><enum>(6)</enum><text>a determination of whether and to what extent the conflict in Libya is enabling the recruitment and training efforts of armed groups, including affiliates of ISIS, AQIM, and other extremist groups;</text></paragraph>
<paragraph id="id3a3f70c0ddbb4a21aa93a2ff5f548137"><enum>(7)</enum><text>a description of European Union and North Atlantic Treaty Organization efforts to enforce the United Nations arms embargo and facilitate a sustainable ceasefire, and of United States diplomatic engagement on these efforts;</text></paragraph> <paragraph id="id6be48f4679384dcf88ba7dd012abef7d"><enum>(8)</enum><text>a description of any violations of the arms embargo by European Union member states; and</text></paragraph>
<paragraph id="ide4d0e6a7d51c46be8e1250efed0ce12a"><enum>(9)</enum><text>a description of European Union and Arab League states’ contributions to ceasefire monitoring, arms embargo enforcement, and election support and how the United States can partner with the EU and Arab League states on such contributions. </text></paragraph></subsection> <subsection id="idab009aaebcbf45359d880b7315d70269"><enum>(b)</enum><header>Form</header><text>The report required by subsection (a) shall be submitted in unclassified form, but may contain a classified annex.</text></subsection>
<subsection id="ida4e31b5b53514e0eb2ec76402a458edf"><enum>(c)</enum><header>Appropriate congressional committees defined</header><text>In this section, the term <term>appropriate congressional committees</term> means—</text> <paragraph commented="no" id="id40bb83cf37334d9dbef3c1783b800669"><enum>(1)</enum><text>the Committee on Armed Services, the Committee on Foreign Relations, and the Select Committee on Intelligence of the Senate; and</text></paragraph>
<paragraph commented="no" id="idc7f3ccd51c504a1fbd157162232779c4"><enum>(2)</enum><text>the Committee on Armed Services, the Committee on Foreign Affairs, and the Permanent Select Committee on Intelligence of the House of Representatives.</text></paragraph></subsection></section> <section id="id3244de9fac7341ed8363d12affca4168"><enum>103.</enum><header>Strategy to counter Russian influence in Libya</header> <subsection id="id6e84e414450c4984ae96cb9198fbaff7"><enum>(a)</enum><header>Findings</header><text>Congress makes the following findings:</text>
<paragraph id="id0e1b28613af944ccbf2bf66d1fd90ac9"><enum>(1)</enum><text>In January 2020, General Stephen Townsend, Commander of AFRICOM, warned that in Libya, Russia seeks to <quote>demonstrate itself as an alternative partner to the West</quote> and seeks to position itself alongside the southern flank of NATO.</text></paragraph> <paragraph id="idf747beea543f40799d1315a8c68e29ae"><enum>(2)</enum><text>On May 29, 2020, AFRICOM assessed that Russia deployed 14 military aircraft to Libya to support Russian state-sponsored private military contractors there.</text></paragraph>
<paragraph id="id29137ba5fe7449dc823cbb3e6a41d0ff"><enum>(3)</enum><text>On June 18, 2020, AFRICOM Director of Operations Brigadier General Bradford Gering stated that <quote>Russia continues to push for a strategic foothold on NATO’s southern flank … at the expense of innocent Libya lives</quote>.</text></paragraph> <paragraph id="id1e1298a61a1c4722b3a861f3d3c7306e"><enum>(4)</enum><text>In January 2021, United States officials told the international press that mercenaries affiliated with the Wagner Group were constructing sophisticated defensive fortifications in central Libya.</text></paragraph></subsection>
<subsection id="idd786b6483383469db67bc60211be112b"><enum>(b)</enum><header>Report and strategy</header>
<paragraph id="id903003c7f74a463a8871a11feb238870"><enum>(1)</enum><header>Report</header><text>Not later than 90 days after the date of the enactment of this Act, the Secretary of State and the Secretary of Defense shall submit to the appropriate congressional committees a report on—</text> <subparagraph id="id06f758fb18504a589ae0e4675d52ceee"><enum>(A)</enum><text>an assessment of Russian influence and objectives in Libya;</text></subparagraph>
<subparagraph id="id54a64e95d1da47899af23935303f267a"><enum>(B)</enum><text>the potential threat such influence poses to the United States, southern Europe, and NATO operations in the Mediterranean Sea;</text></subparagraph> <subparagraph id="idd75d4d51c70b4d7b880052cee9930fb1"><enum>(C)</enum><text>Russia’s use of currency issuing and printing;</text></subparagraph>
<subparagraph id="id40b2968961b84317a818f452255fc606"><enum>(D)</enum><text>Russia’s use of mercenaries, military contractors, and paramilitary forces in Libya; and</text></subparagraph> <subparagraph id="id44c795215a6347b480a1dd8533d77c1a"><enum>(E)</enum><text>an assessment of the sanctions and other policies adopted by United States partners and allies against the Wagner Group and its destabilizing activities in Libya. </text></subparagraph></paragraph>
<paragraph id="idc0e89c9841e5462eba92ab65369cf6c1"><enum>(2)</enum><header>Strategy</header><text>Not later than 30 days after the date on which the report required by paragraph (1) is submitted to the appropriate congressional committees, the Secretary of State and the Secretary of Defense shall brief the appropriate congressional committees regarding a strategy to counter threats identified in the report.</text></paragraph> <paragraph id="idf4fe7cc4eed64bcdb6362a505753c725"><enum>(3)</enum><header>Form</header><text>The report required by paragraph (1) shall be submitted in unclassified form, but may contain a classified annex.</text></paragraph>
<paragraph id="idd2e130c2b68141ed95a9b09745412050"><enum>(4)</enum><header>Appropriate congressional committees defined</header><text>In this subsection, the term <term>appropriate congressional committees</term> means—</text> <subparagraph commented="no" id="id45becd4612aa489387598c3a56fad8e7"><enum>(A)</enum><text>the Committee on Armed Services, the Committee on Foreign Relations, the Select Committee on Intelligence, and the Committee on Appropriations of the Senate; and</text></subparagraph>
<subparagraph commented="no" id="id5bfb3d12b3d044878609db70b86567ac"><enum>(B)</enum><text>the Committee on Armed Services, the Committee on Foreign Affairs, the Permanent Select Committee on Intelligence, and the Committee on Appropriations of the House of Representatives.</text></subparagraph></paragraph></subsection></section></title> <title id="id2f44c02e8a5c4c7e944debdd3985635e"><enum>II</enum><header>Actions to address foreign intervention in Libya</header> <section id="id529fb3b53e234173b497120194e8578b"><enum>201.</enum><header>Definitions</header><text display-inline="no-display-inline">In this title:</text>
<paragraph id="ide59b73c85f054690916f84dafd27e97c"><enum>(1)</enum><header>Admission; admitted, alien</header><text>The terms <term>admission</term>, <term>admitted</term>, and <term>alien</term> have the meanings given those terms in section 101 of the Immigration and Nationality Act (<external-xref legal-doc="usc" parsable-cite="usc/8/1101">8 U.S.C. 1101</external-xref>).</text></paragraph> <paragraph id="id20f4db458eb5454f9ca8c4ce0078892a"><enum>(2)</enum><header>Appropriate congressional committees</header><text>The term <term>appropriate congressional committees</term> means—</text>
<subparagraph id="id392168d1f9c246e18f5ab37342c4b808"><enum>(A)</enum><text>the Committee on Foreign Affairs and the Committee on Financial Services of the House of Representatives; and</text></subparagraph> <subparagraph id="id8d788a6fe76145cb9b303657313f48fc"><enum>(B)</enum><text>the Committee on Foreign Relations and the Committee on Banking, Housing, and Urban Affairs of the Senate. </text></subparagraph></paragraph>
<paragraph id="idd09b3ca3751346379a7601ccf65031ae"><enum>(3)</enum><header>Foreign person</header><text>The term <term>foreign person</term> means an individual or entity that is not a United States person and that is not a foreign government, unless acting in a commercial capacity.</text></paragraph> <paragraph id="id09a269b384fd463b81a7c3e4ff9fbe97"><enum>(4)</enum><header>Knowingly</header><text>The term <term>knowingly</term> with respect to conduct, a circumstance, or a result, means that a person has actual knowledge, or should have known, of the conduct, the circumstance, or the result.</text></paragraph>
<paragraph id="id50dce848035f4ec3809ac5b15d0f3d67"><enum>(5)</enum><header>United states person</header><text>The term <term>United States person</term> means—</text> <subparagraph id="id6714af3bed33466083d005d50b1c0c36"><enum>(A)</enum><text>a United States citizen or an alien lawfully admitted for permanent residence to the United States;</text></subparagraph>
<subparagraph id="ide7e7668d93cc4734856c888370fec119"><enum>(B)</enum><text>an entity organized under the laws of the United States or any jurisdiction within the United States, including a foreign branch of such an entity; or</text></subparagraph> <subparagraph id="id85112101175B4053B8EF5CE6CD64B569"><enum>(C)</enum><text>any person in the United States.</text></subparagraph></paragraph></section>
<section id="id4697e75a433c4d94a9bbab866f670859"><enum>202.</enum><header>Imposition of sanctions with respect to persons supporting Russian military intervention in Libya</header>
<subsection id="idf3aa7f80ff3f41c8a32c1dc8d7d409ee"><enum>(a)</enum><header>In general</header><text>On and after the date that is 180 days after the date on which the report required by section 102 is submitted to the appropriate congressional committees, the President shall impose the sanctions described in section 205 with respect to a foreign person if the President determines that the foreign person, on or after the date of the enactment of this Act, knowingly engages in an activity described in subsection (b).</text></subsection> <subsection id="id43e17e325c49421da42f1446f2c69986"><enum>(b)</enum><header>Activities described</header><text>A foreign person engages in an activity described in this subsection if the person knowingly provides significant financial, material, or technological support to, or knowingly engages in a significant transaction with a foreign person that is knowingly operating in a military capacity in Libya for or on behalf of the Government of the Russian Federation. </text></subsection></section>
<section id="idfbc92c0546de4d42a7e740cd8d20edc2"><enum>203.</enum><header>Imposition of sanctions with respect to persons threatening the peace or stability of Libya</header>
<subsection id="idfc0daf088f824e5a9c6eb86a30fe6886"><enum>(a)</enum><header>In general</header><text>On and after the date that is 180 days after the date of the enactment of this Act, the President shall impose the sanctions described in section 205 with respect to a foreign person if the President determines that the person, on or after the date of the enactment of this Act, knowingly engages in an activity described in subsection (b).</text></subsection> <subsection id="idf9a0a9101c5443309bde9a696335d269"><enum>(b)</enum><header>Activities described</header><text>A foreign person engages in an activity described in this subsection if, on or after the date of enactment, the person knowingly—</text>
<paragraph id="id4050817f9f4642dfb9041ab5fd68a550"><enum>(1)</enum><text>is engaging in significant actions that threaten the peace, security, or stability of Libya by supplying arms or related material to Libyan forces;</text></paragraph> <paragraph id="ida499f78d7ac649d4ad1b5d7334753144"><enum>(2)</enum><text>is engaging in significant actions that obstruct, undermine, delay, or impede the United Nations-mediated political process that seeks a negotiated and peaceful solution to the Libyan crisis;</text></paragraph>
<paragraph id="id00decaaf9a894bd2a2d2f57aaa9ef88d"><enum>(3)</enum><text>is engaging in significant actions that lead to or result in the misappropriation of significant assets of the Government of Libya;</text></paragraph> <paragraph id="id50fe18c8c13a4ceb8f66a2e0ee40c664"><enum>(4)</enum><text>is involved in, or has been involved in, the significant illicit exploitation of crude oil or any other natural resources in Libya, including the significant illicit production, refining, brokering, sale, purchase, or export of oil produced in Libya;</text></paragraph>
<paragraph id="id47c5b6c214724076bd50fc5520be86be"><enum>(5)</enum><text>is significantly threatening or coercing financial institutions owned or controlled by the Government of Libya or the Libyan National Oil Company;</text></paragraph> <paragraph id="id0774819227fe4acbbf247d2df845b8a9"><enum>(6)</enum><text>is significantly responsible for actions that are undermining—</text>
<subparagraph id="id2186a5c9c9744fa7beaba7b1acdcd0c6"><enum>(A)</enum><text>the United Nations-led political process to end the conflict in Libya; or</text></subparagraph> <subparagraph id="idc10f75973b2a452c941a040cb53438eb"><enum>(B)</enum><text>efforts to maintain peace and promote stabilization and economic recovery in Libya;</text></subparagraph></paragraph>
<paragraph id="id5a5a5bfe977f4075b803e81687c362ee"><enum>(7)</enum><text>is significantly responsible for civilian casualties or violations of international humanitarian law; </text></paragraph> <paragraph id="idc2b09bc8ed1748c58bef3c6cc91400ee"><enum>(8)</enum><text>is violating the UN arms embargo; </text></paragraph>
<paragraph id="idf8218feae42c44a793b17e4889b9fb7b"><enum>(9)</enum><text>is a successor entity to a person referred to in any of paragraphs (1) through (8);</text></paragraph> <paragraph id="id472b32fec09448558260630da0c83acb"><enum>(10)</enum><text>owns or controls, or is owned or controlled by, a person referred to in any of paragraphs (1) through (8);</text></paragraph>
<paragraph id="id6572c9ebbe224ee7a0d7a9849f98cdbe"><enum>(11)</enum><text>is acting for or on behalf of a person referred to in any of paragraphs (1) through (8); or</text></paragraph> <paragraph id="idb63c13ec4b554c2ea3131580ae3f53be"><enum>(12)</enum><text>has provided, or attempted to provide, significant financial, material, technological, or other support for, or goods or services in support of, a person referred to in any of paragraphs (1) through (8).</text></paragraph></subsection></section>
<section id="id0663328d5389450e9d94ace882f75ea5"><enum>204.</enum><header>Imposition of sanctions with respect to certain persons who are responsible for or complicit in human rights abuses committed in Libya</header>
<subsection id="id441df41a99a54d75beab7815c0018b5a"><enum>(a)</enum><header>In general</header><text>The President shall impose the sanctions described in section 205 with respect to each foreign person on the list required by subsection (b).</text></subsection> <subsection id="idac7c22d6bf454c4eb0b2f2c31bd6ff58"><enum>(b)</enum><header>List of persons</header> <paragraph id="id307bc5bf411f4b6fa9fd7e3c97594a63"><enum>(1)</enum><header>In general</header><text>Not later than 180 days after the date of the enactment of this Act, the President shall submit to the appropriate congressional committees a list of foreign persons that the President determines are knowingly responsible for or complicit in, or to have directly or indirectly engaged in, serious human rights abuses and violations of international humanitarian law committed in Libya.</text></paragraph>
<paragraph id="idaaddc6d1ef4c43b58435fc800e3d4a34"><enum>(2)</enum><header>Updates of list</header><text>The President shall submit to the appropriate congressional committees an updated list under paragraph (1)—</text> <subparagraph id="id25584340ddec46e39a82c6b3c3a0c233"><enum>(A)</enum><text>not later than 180 days after the date of the enactment of this Act and annually thereafter until the date that is 5 years after such date of enactment; or</text></subparagraph>
<subparagraph id="id1956825c95f244db87ce281bbf04226e"><enum>(B)</enum><text>as new information becomes available.</text></subparagraph></paragraph> <paragraph id="id9583724319494f3fbf040580d1fccbe2"><enum>(3)</enum><header>Form</header><text>The list required by paragraph (1) shall be submitted in unclassified form but may include a classified annex.</text></paragraph></subsection></section>
<section id="id3ee0c51fb8f048e9a108c4dde4c89b8b"><enum>205.</enum><header>Sanctions described</header><text display-inline="no-display-inline">The sanctions to be imposed with respect to a foreign person under section 202, 203, or 204 are the following:</text> <paragraph id="ideecd8ecf7e5f480a8dccab22682994ec"><enum>(1)</enum><header>Blocking of property</header><text>The President shall exercise all of the powers granted to the President by the International Emergency Economic Powers Act (<external-xref legal-doc="usc" parsable-cite="usc/50/1701">50 U.S.C. 1701</external-xref> et seq.) (except that the requirements of section 202 of such Act (<external-xref legal-doc="usc" parsable-cite="usc/50/1701">50 U.S.C. 1701</external-xref>) shall not apply) to the extent necessary to block and prohibit all transactions in property and interests in property of the person if such property and interests in property are in the United States, come within the United States, or are or come within the possession or control of a United States person.</text></paragraph>
<paragraph id="id83c7fe2e2c7b41c89844ba216508b516"><enum>(2)</enum><header>Inadmissibility of certain individuals</header>
<subparagraph id="id286fc5861e1d4d4999cb0430c70d5b0c"><enum>(A)</enum><header>Ineligibility for visas, admission, or parole</header><text>An alien described in section 202, 203, or 204(b)(1) is—</text> <clause id="id0ba2466f01074dcda173827ec999ef0b"><enum>(i)</enum><text>inadmissible to the United States;</text></clause>
<clause id="id0b4179206ac14d0da5a706a794b516c7"><enum>(ii)</enum><text>ineligible to receive a visa or other documentation to enter the United States; and</text></clause> <clause id="id50df2432e1f44adb89f326324a738911"><enum>(iii)</enum><text>otherwise ineligible to be admitted or paroled into the United States or to receive any other benefit under the Immigration and Nationality Act (<external-xref legal-doc="usc" parsable-cite="usc/8/1101">8 U.S.C. 1101</external-xref> et seq.).</text></clause></subparagraph>
<subparagraph id="idaeab65bd146745d9b442d8375b27e997"><enum>(B)</enum><header>Current visas revoked</header>
<clause id="id7342ce73194444b98803cebbb3dd21ae"><enum>(i)</enum><header>In general</header><text>An alien described in section 202, 203, or 204(b)(1) is subject to revocation of any visa or other entry documentation regardless of when the visa or other entry documentation is or was issued.</text></clause> <clause id="idf1fad580849e4191bb924d72b7c38da2"><enum>(ii)</enum><header>Immediate effect</header><text>A revocation under clause (i) shall—</text>
<subclause id="id22211c02608442ee8b9ef0001517d77c"><enum>(I)</enum><text>take effect immediately; and</text></subclause> <subclause id="ide503e772935e4ff1b07be01f016b5180"><enum>(II)</enum><text>automatically cancel any other valid visa or entry documentation that is in the alien’s possession. </text></subclause></clause></subparagraph></paragraph></section>
<section id="id37acc731c7cd45f49b8f6b25ceae2342"><enum>206.</enum><header>Waiver; exceptions</header>
<subsection id="idE0308F1AC5324EC78C5B230CC2E04D56"><enum>(a)</enum><header>Waiver</header><text display-inline="yes-display-inline">The President, acting through the Secretary of State, may waive the application of sanctions imposed with respect to a foreign person under this title if the Secretary—</text> <paragraph id="ideb3c366174dd4993be4de3f40c353693"><enum>(1)</enum><text>determines that such a waiver is in the national interest of the United States; and</text></paragraph>
<paragraph id="id1d6f8708f4e746a7b19f7fecb38527ce"><enum>(2)</enum><text>not later than the date on which the waiver takes effect, submits to the appropriate congressional committees a notice of and justification for the waiver.</text></paragraph></subsection> <subsection id="id9f28533e85d546f08e2708804ac6f84d"><enum>(b)</enum><header>Exception for compliance with international obligations</header><text>Section 205(2) shall not apply to an alien if admitting or paroling the alien into the United States is necessary to permit the United States to comply with the Agreement regarding the Headquarters of the United Nations, signed at Lake Success June 26, 1947, and entered into force November 21, 1947, between the United Nations and the United States, or other applicable international obligations of the United States. </text></subsection>
<subsection id="id1c99875119ae4ab6b7d209c84cd3405e"><enum>(c)</enum><header>Exception relating to importation of goods</header>
<paragraph id="id57274d29e6fb480296475b6609a19527"><enum>(1)</enum><header>In general</header><text>The authorities and requirements to impose sanctions under this title shall not include the authority or requirement to impose sanctions on the importation of goods.</text></paragraph> <paragraph id="id024ffbfcc29a4b7f93acfe3d7b33cb9d"><enum>(2)</enum><header>Good defined</header><text>In this subsection, the term <term>good</term> means any article, natural or man-made substance, material, supply or manufactured product, including inspection and test equipment and excluding technical data.</text></paragraph></subsection></section>
<section id="idef9a9eed020a44769c5ab39079cbca32"><enum>207.</enum><header>Implementation; regulations; penalties</header>
<subsection id="id4f3f7d29ee4c4a3bbee6e984cfbb730d"><enum>(a)</enum><header>Implementation</header><text>The President may exercise all authorities provided to the President under sections 203 and 205 of the International Emergency Economic Powers Act (<external-xref legal-doc="usc" parsable-cite="usc/50/1702">50 U.S.C. 1702</external-xref> and 1704) to carry out this title.</text></subsection> <subsection id="id557bc9e8a2c049efb2feab7829327996"><enum>(b)</enum><header>Regulations</header><text>The President shall issue such regulations, licenses, and orders as are necessary to carry out this title.</text></subsection>
<subsection id="id8ce0b83ea4224750aa6ec74e927ef37d"><enum>(c)</enum><header>Penalties</header><text>A person that violates, attempts to violate, conspires to violate, or causes a violation of this title or any regulation, license, or order issued to carry out this title shall be subject to the penalties set forth in subsections (b) and (c) of section 206 of the International Emergency Economic Powers Act (<external-xref legal-doc="usc" parsable-cite="usc/50/1705">50 U.S.C. 1705</external-xref>) to the same extent as a person that commits an unlawful act described in subsection (a) of that section. </text></subsection></section> <section id="idcbcbf12f2881406b8caacc279f9bc906"><enum>208.</enum><header>Termination</header><text display-inline="no-display-inline">The requirement to impose sanctions under this title shall terminate on December 31, 2026. </text></section></title>
<title id="id7848fe5eee9048128b06ce77f7448407"><enum>III</enum><header>Assistance for Libya</header>
<section id="ida7e4e566a1fb4b1eab8df6cd2d01c9c8"><enum>301.</enum><header>Humanitarian relief for the people of Libya and international refugees and migrants in Libya</header>
<subsection id="id324064a7896e439996442cd905811027"><enum>(a)</enum><header>Sense of Congress</header><text>It is the sense of Congress that—</text> <paragraph id="idab18d79cc3bd433d9f3a01fdf0fde763"><enum>(1)</enum><text>the United States Government should—</text>
<subparagraph id="id5a041ef941ee4b4a8dcc7fa53dc787d4"><enum>(A)</enum><text>expand efforts to address Libya’s humanitarian crisis, which has been exacerbated by the conflict and the COVID–19 pandemic;</text></subparagraph> <subparagraph id="id875f08314fcb4efda4bca31ef51cb15b"><enum>(B)</enum><text>leverage diplomatic relations with the conflict parties to guarantee constant, reliable humanitarian access by frontline providers in Libya;</text></subparagraph>
<subparagraph id="id4d7fb0f94ad04bdba1e2a62f92b6ddc6"><enum>(C)</enum><text>leverage diplomatic relations with the conflict parties, the United Nations, and the European Union to ensure the release of vulnerable migrants and refugees from detention centers and ensure their voluntary safe passage; and</text></subparagraph> <subparagraph id="idcfadf8dfd67e45e28972cede772b3533"><enum>(D)</enum><text>expand efforts to document and publicize violations of human rights and international humanitarian law and hold perpetrators accountable; and</text></subparagraph></paragraph>
<paragraph id="id26e18ad48c6547cc9027d41279ef8dab"><enum>(2)</enum><text>humanitarian assistance to address the crisis in Libya should be targeted toward those most in need and delivered through partners that uphold internationally recognized humanitarian principles.</text></paragraph></subsection> <subsection id="id849a21d2cae64ddf8b1c9ac3d52cf4b0"><enum>(b)</enum><header>Assistance authorized</header> <paragraph id="idc2e7a52c81254484804f4c727925301b"><enum>(1)</enum><header>In general</header><text>The Administrator of the United States Agency for International Development, in coordination with the Secretary of State, is authorized to provide humanitarian assistance to individuals and communities in Libya.</text></paragraph>
<paragraph id="idf5e5ea0cc734441592c191fa6d9c2e2b"><enum>(2)</enum><header>Included assistance</header><text>Assistance authorized by paragraph (1) shall include the following to affected communities, including refugee and migrant populations:</text> <subparagraph id="iddb03b9b450ce482f817b708abbd1bc34"><enum>(A)</enum><text>Urgently needed health assistance, including logistical and technical assistance to hospitals, ambulances, and health clinics to support an effective COVID–19 response and educational resources to increase COVID–19 vaccine acceptance.</text></subparagraph>
<subparagraph id="idf03bae16d05f4b85b0c1d250b02f154d"><enum>(B)</enum><text>Resources and training to increase communication and education to help communities slow the spread of COVID–19 and to increase future vaccine acceptance.</text></subparagraph> <subparagraph id="id2e8477d7f81a4c89af181004c2e16c6a"><enum>(C)</enum><text>Public health commodities and services, including medicines and basic medical supplies and equipment.</text></subparagraph>
<subparagraph id="id677e3240ec0349d491a60fd622351823"><enum>(D)</enum><text>Protection assistance for vulnerable populations, including women, children, refugees, and migrants.</text></subparagraph> <subparagraph id="id239d61bc54084a6f8fd219b42d2dd93e"><enum>(E)</enum><text>Other assistance, including food, shelter, water, sanitation, and hygiene (WASH), as needed.</text></subparagraph>
<subparagraph id="id235ae8c049ed40f6af524719aba1928e"><enum>(F)</enum><text>Technical assistance to ensure health, food, and commodities are appropriately selected, procured, targeted, and distributed. </text></subparagraph></paragraph></subsection> <subsection id="idd74978b158cc437f879d9caee4646fd1"><enum>(c)</enum><header>Strategy</header><text>Not later than 180 days after the date of the enactment of this Act, the Secretary of State, in coordination with the Administrator of the United States Agency for International Development, shall submit to the appropriate congressional committees a strategy on the following:</text>
<paragraph id="id2b724efe478d4b048a45a20f82236189"><enum>(1)</enum><text>How the United States Government, working with relevant foreign governments and multilateral organizations, plans to address the humanitarian situation in Libya.</text></paragraph> <paragraph id="id3728e7f6ab764399acb1c588909e2965"><enum>(2)</enum><text>How to leverage diplomatic and assistance tools as well as strategic burden-sharing with international partners to improve the humanitarian situation in Libya.</text></paragraph>
<paragraph id="id8402895fb5474aa983be74a5bd142248"><enum>(3)</enum><text>How to confront humanitarian access challenges, which have been compounded by COVID–19, and ensure the delivery of humanitarian aid.</text></paragraph> <paragraph id="idbd07ed84c3ce4e23aa3c8ef492de27e8"><enum>(4)</enum><text>How to ensure protection for vulnerable refugees and migrants.</text></paragraph>
<paragraph id="idc200e057d6314c52ba89cdc97c1bf05e"><enum>(5)</enum><text>How to address tragic and persistent deaths of migrants and refugees at sea and human trafficking.</text></paragraph> <paragraph id="id27ed2aa78c07421d84257d24e433beb0"><enum>(6)</enum><text>How the United States will engage in diplomatic efforts to ensure support from international donors, including foreign governments and multilateral organizations.</text></paragraph></subsection>
<subsection id="id06368147b3db455f9c8104d05f4a90f9"><enum>(d)</enum><header>Diplomatic engagement</header><text>The Secretary of State, in consultation with the Administrator of the United States Agency for International Development, shall work with relevant foreign governments and multilateral organizations to coordinate a high-level donor summit and carry out diplomatic engagement to advance the provision of humanitarian assistance to the people of Libya and international migrants and refugees in Libya and carry out the strategy required under subsection (c).</text></subsection> <subsection id="idd38be656267040c088a3b84f52104715"><enum>(e)</enum><header>Appropriate congressional committees defined</header><text>In this section, the term <term>appropriate congressional committees</term> means—</text>
<paragraph commented="no" id="id5fec5158efaf428d9761cc6cdfbf3009"><enum>(1)</enum><text>the Committee on Foreign Relations and the Committee on Appropriations of the Senate; and</text></paragraph> <paragraph commented="no" id="iddfb345f096ba4fceb3558cde75bfdbda"><enum>(2)</enum><text>the Committee on Foreign Affairs and the Committee on Appropriations of the House of Representatives.</text></paragraph></subsection></section>
<section id="id6df44f8da51f4c1abbe36948e190f91a"><enum>302.</enum><header>Support for democratic governance, elections, and democratic civil society</header>
<subsection id="id67b1b0eb6cb747089389f8f036e3c9a9"><enum>(a)</enum><header>In general</header><text>The Secretary of State, in coordination with the Administrator of the United States Agency for International Development, shall—</text> <paragraph id="iddbf05c8adb3441ed8da7eefe855c26dc"><enum>(1)</enum><text>work with the United Nations Support Mission in Libya to bolster Libyan efforts to prepare for national elections; </text></paragraph>
<paragraph id="idaa75575ffbe54bb3a9a25e90fec68d70"><enum>(2)</enum><text>work to help the people of Libya and a future Libyan government unify Libyan financial and governing institutions to deliver tangible results that improve the lives of the Libyan people;</text></paragraph> <paragraph id="id4820f22c412f4d1cb086faa8ddae1503"><enum>(3)</enum><text>work to ensure transparent, credible, and inclusive future referenda and elections in Libya, including through supporting electoral security and domestic and international election observation and by providing related training and technical assistance to institutions with election-related responsibilities; and</text></paragraph>
<paragraph id="id2e21b7ee6f32416f897f1c379ad59d7e"><enum>(4)</enum><text>work with nongovernmental organizations—</text> <subparagraph id="id604af808c1cb4b90b0d3c28f88c9f087"><enum>(A)</enum><text>to strengthen democratic governance and institutions to ensure that future elected governments are able to deliver improvements to the Libyan people, support decentralization, and give the public a stronger voice in their government;</text></subparagraph>
<subparagraph id="id8f16f922e2bd4b26821167d512ff245a"><enum>(B)</enum><text>to increase public and stakeholder confidence in Libya’s electoral system;</text></subparagraph> <subparagraph id="ided125faff9b645388874ef0281445118"><enum>(C)</enum><text>to defend internationally recognized human rights for the people of Libya, including support for efforts to document crimes against humanity and violations of human rights;</text></subparagraph>
<subparagraph id="idf794c5411bde405396bc78c5487a1f0a"><enum>(D)</enum><text>to combat corruption and improve the transparency and accountability of government institutions; and</text></subparagraph> <subparagraph id="id35ecfa83ee1c40c8b999441b211027dd"><enum>(E)</enum><text>to support the efforts of state and independent media outlets to broadcast, distribute, and share accurate and reliable news and information with the people of Libya. </text></subparagraph></paragraph></subsection>
<subsection id="id8df85ee211284df2b5a35707da392950"><enum>(b)</enum><header>Strategy requirement</header>
<paragraph id="id4e826ae047234e0da38f32ed15817a98"><enum>(1)</enum><header>In general</header><text>Not later than 45 days after the date of the enactment of this Act, the Secretary of State, in coordination with the Administrator of the United States Agency for International Development, shall submit to the appropriate congressional committees a strategy to carry out the activities described in subsection (a). The strategy shall be updated, including with benchmarks of progress made to date, and resubmitted to the appropriate congressional committees not later than 15 days after the scheduling of credible presidential and parliamentary elections in Libya. </text></paragraph> <paragraph id="id21fc6846755747ae967ba4b78ccc4220"><enum>(2)</enum><header>Appropriate congressional committees defined</header><text>In this subsection, the term <term>appropriate congressional committees</term> means—</text>
<subparagraph commented="no" id="id50372cdc386f488abf0c033c7a2472e5"><enum>(A)</enum><text>the Committee on Foreign Relations and the Committee on Appropriations of the Senate; and</text></subparagraph> <subparagraph commented="no" id="id59fc91d1b04f44f3ba0594c54510b3f3"><enum>(B)</enum><text>the Committee on Foreign Affairs and the Committee on Appropriations of the House of Representatives.</text></subparagraph></paragraph></subsection>
<subsection id="id433a5fa0b2e04b17b08caa91251ee208"><enum>(c)</enum><header>Authorization of appropriations</header>
<paragraph id="id172b4b4ac27b4132908a1775593fc87a"><enum>(1)</enum><header>In general</header><text>There is authorized to be appropriated to the Secretary of State $23,000,000 for each of fiscal years 2022 through 2026 to carry out subsection (a).</text></paragraph> <paragraph id="id3368dd87869047e3a578c0fa2730ac86"><enum>(2)</enum><header>Notification requirements</header><text>Any expenditure of amounts made available to carry out subsection (a) shall be subject to the notification requirements applicable to—</text>
<subparagraph id="iddd885043f557489d9c9f276060c20933"><enum>(A)</enum><text>expenditures from the Economic Support Fund under section 531(c) of the Foreign Assistance Act of 1961 (<external-xref legal-doc="usc" parsable-cite="usc/22/2346">22 U.S.C. 2346(c)</external-xref>); and</text></subparagraph> <subparagraph id="iddf8f27d280184e26ae4c82145a5ade61"><enum>(B)</enum><text>expenditures from the Development Assistance Fund under section 653(a) of the Foreign Assistance Act of 1961 (<external-xref legal-doc="usc" parsable-cite="usc/22/2413">22 U.S.C. 2413(a)</external-xref>).</text></subparagraph></paragraph></subsection></section>
<section id="id10805d84c5324e5a98424f5b5628149b"><enum>303.</enum><header>Engaging international financial institutions to advance Libyan economic recovery and improve public sector financial management</header>
<subsection id="id7fec71c418cf4f99ae469c16ecb64b33"><enum>(a)</enum><header>In general</header><text>The Secretary of the Treasury, in consultation with the Secretary of State and the Administrator of the United States Agency for International Development, shall instruct the United States Executive Director at each international financial institution to use the voice, vote, and influence of the United States to support a Libyan-led process to develop a framework for the economic recovery of Libya and improved public sector financial management, complementary to United Nations-led peace efforts and in support of the future establishment of democratic institutions and the rule of law in Libya.</text></subsection> <subsection id="id552842709d874b33b2e0739f7122199a"><enum>(b)</enum><header>Additional elements</header><text>The framework described in subsection (a) shall include the following policy proposals:</text>
<paragraph id="idc2154545604e4ba0b48a80b7ff840263"><enum>(1)</enum><text>To reunify the leadership and operations of Libya’s key economic ministries and institutions.</text></paragraph> <paragraph id="id6eaa0301e1a0487699e4209fa2980310"><enum>(2)</enum><text>To improve the efficiency and reach of Libyan government programs that support poverty alleviation and a social safety net.</text></paragraph>
<paragraph id="id2661c28f38d346e5a07bcb12bb9ecca8"><enum>(3)</enum><text>To assist in reconciling the public accounts of national financial institutions and letters of credit issued by private Libyan financial institutions.</text></paragraph> <paragraph id="idf919a359283f4631974491a785ad76bc"><enum>(4)</enum><text>To restore the production and efficient management of Libya’s oil industry, including rebuilding any damaged energy infrastructure.</text></paragraph>
<paragraph id="idff4d837a8b0a4b9a87354d55f42efee1"><enum>(5)</enum><text>To promote the development of private sector enterprise.</text></paragraph> <paragraph id="id89268d1f70dc4cf7a3fbc9760b03a9c2"><enum>(6)</enum><text>To improve the transparency and accountability of public sector employment and wage distribution.</text></paragraph>
<paragraph id="id92754b6d66d84fa39a28afc714f13ad3"><enum>(7)</enum><text>To strengthen supervision of and reform of Libyan financial institutions to minimize corruption and ensure resources equitably serve the people of Libya.</text></paragraph> <paragraph id="idfab7551ca850459b9ef81eef69db17de"><enum>(8)</enum><text>To eliminate exploitation of price controls and market distorting subsidies in the Libyan economy.</text></paragraph></subsection>
<subsection id="id28673fcae6bb461fa0478b9b5321361d"><enum>(c)</enum><header>Consultation</header><text>In supporting the framework described in subsection (a), the Secretary of the Treasury shall instruct the United States Executive Director at each international financial institution to encourage the institution to consult with relevant stakeholders in the financial, governance, and energy sectors.</text></subsection> <subsection id="id35e15cdbbcb94d9a85128f82eb075a16"><enum>(d)</enum><header>Definition of international financial institution</header><text>In this section, the term <term>international financial institution</term> means the International Monetary Fund, International Bank for Reconstruction and Development, European Bank for Reconstruction and Development, International Development Association, International Finance Corporation, Multilateral Investment Guarantee Agency, African Development Bank, African Development Fund, Asian Development Bank, Inter-American Development Bank, Bank for Economic Cooperation and Development in the Middle East and North Africa, and Inter-American Investment Corporation.</text></subsection>
<subsection id="id76dc3926f7314a5baa310cb34f40673e"><enum>(e)</enum><header>Termination</header><text>The requirements of this section shall cease to be effective on December 31, 2026.</text></subsection></section> <section id="idf9c44e56ab05472493ad29a29dd9b813"><enum>304.</enum><header>Recovering assets stolen from the Libyan people</header> <subsection id="id6b817601b9a048ddb4fc585c8a114c1c"><enum>(a)</enum><header>Sense of Congress</header><text>It is the sense of Congress that the Secretary of State, the Secretary of the Treasury, and the Attorney General should advance a coordinated international effort—</text>
<paragraph id="ida53eb2ccb4674742a3ab2a7dfe152f96"><enum>(1)</enum><text>to carry out special financial investigations to identify and track assets taken from the people and institutions of Libya through theft, corruption, money laundering, or other illicit means; and</text></paragraph> <paragraph id="id26ad82b0aefb47ceb3e72b50ab2a3041"><enum>(2)</enum><text>to work with foreign governments—</text>
<subparagraph id="id85aa2b9cd9ac4f359e8579477cd655fe"><enum>(A)</enum><text>to share financial investigations intelligence, as appropriate;</text></subparagraph> <subparagraph id="idb9d151079d4d48e79eac31e6886a3d03"><enum>(B)</enum><text>to oversee the assets identified pursuant to paragraph (1); and</text></subparagraph>
<subparagraph id="id40e6e0d96bbd48c6a9b6569fdb45699a"><enum>(C)</enum><text>to provide technical assistance to help governments establish the necessary legal framework to carry out asset forfeitures.</text></subparagraph></paragraph></subsection> <subsection id="id1aa98759ccea4bf1ae732aa713044bd8"><enum>(b)</enum><header>Additional elements</header><text>The coordinated international effort described in subsection (a) should include input from—</text>
<paragraph id="idd0f1c5d20ad2417dac073992f5df968d"><enum>(1)</enum><text>the Office of Terrorist Financing and Financial Crimes of the Department of the Treasury;</text></paragraph> <paragraph id="id651e97e4d6764b6b838a550861fd8b6d"><enum>(2)</enum><text>the Financial Crimes Enforcement Network of the Department of the Treasury; and</text></paragraph>
<paragraph id="ide37ba2b40b24418298e80e291e054def"><enum>(3)</enum><text>the Money Laundering and Asset Recovery Section of the Department of Justice.</text></paragraph></subsection></section></title> </legis-body> </bill> 

