<?xml version="1.0"?>
<?xml-stylesheet type="text/xsl" href="billres.xsl"?>
<!DOCTYPE bill PUBLIC "-//US Congress//DTDs/bill.dtd//EN" "bill.dtd">
<bill bill-stage="Introduced-in-Senate" dms-id="A1" public-private="public" slc-id="S1-ALB21089-7XY-41-KY1"><metadata xmlns:dc="http://purl.org/dc/elements/1.1/">
<dublinCore>
<dc:title>117 S110 IS: One Subject at a Time Act</dc:title>
<dc:publisher>U.S. Senate</dc:publisher>
<dc:date>2021-01-28</dc:date>
<dc:format>text/xml</dc:format>
<dc:language>EN</dc:language>
<dc:rights>Pursuant to Title 17 Section 105 of the United States Code, this file is not subject to copyright protection and is in the public domain.</dc:rights>
</dublinCore>
</metadata>
<form>
<distribution-code display="yes">II</distribution-code><congress>117th CONGRESS</congress><session>1st Session</session><legis-num>S. 110</legis-num><current-chamber>IN THE SENATE OF THE UNITED STATES</current-chamber><action><action-date date="20210128">January 28, 2021</action-date><action-desc><sponsor name-id="S348">Mr. Paul</sponsor> introduced the following bill; which was read twice and referred to the <committee-name committee-id="SSRA00">Committee on Rules and Administration</committee-name></action-desc></action><legis-type>A BILL</legis-type><official-title>To end the practice of including more than one subject in a single bill by requiring that each bill enacted by Congress be limited to only one subject, and for other purposes.</official-title></form><legis-body style="OLC" display-enacting-clause="yes-display-enacting-clause" id="H4CBF59468FC04085B2E5E74D6D249FD3"><section section-type="section-one" id="HD70853BD5BF144A18C63A82884A26BD6"><enum>1.</enum><header>Short title</header><text display-inline="no-display-inline">This Act may be cited as the <quote><short-title>One Subject at a Time Act</short-title></quote>.</text></section><section id="HA94E0283EF9343F0A31B206B8BA5745D"><enum>2.</enum><header>One subject at a
			 time</header><subsection id="H61720AABFDC641FE9172D97F4A521725"><enum>(a)</enum><header>One
 subject</header><text display-inline="yes-display-inline">Each bill or joint resolution shall embrace no more than one subject.</text></subsection><subsection id="H65E9F1FC57EC49C2A9FBBD5B5D5DB150"><enum>(b)</enum><header>Subject in
 title</header><text>The subject of a bill or joint resolution shall be clearly and descriptively expressed in the title.</text></subsection><subsection id="HFBDBDDFA6EB84E2C8B148F191B1AC536"><enum>(c)</enum><header>Appropriation
 bills</header><text>An appropriations bill shall not contain any general legislation or change to a provision of existing law, the subject of which is not germane to the subject matter of each such appropriations bill; provided, however, that this section shall not be construed to prohibit any provision imposing limitations upon the expenditure of funds so appropriated.</text></subsection></section><section id="H20670C9A27B440B3A7AE44CD2EE7F811"><enum>3.</enum><header>Enforcement</header><subsection id="H9BD105B9B9D74C03B8A9641094C78F98"><enum>(a)</enum><header>Multiple
 subjects in title</header><text display-inline="yes-display-inline">If the title of an Act or joint resolution addresses two or more unrelated subjects, the entire Act or joint resolution is void.</text></subsection><subsection id="HA51ABB71D3C442A49A5E89E067EC705D"><enum>(b)</enum><header>Provisions not
 expressed in title</header><text>If the title of an Act or joint resolution addresses a single subject, but the Act contains one or more provisions concerning a subject that is not clearly and descriptively expressed in its title, only such provision or provisions concerning the subject not clearly and descriptively expressed in the title shall be void.</text></subsection><subsection id="H991FAC2C399548FB8C27A2F7DCC70D49"><enum>(c)</enum><header>Appropriation
 provisions outside subcommittee jurisdiction</header><text>If an Act appropriating funds contains a provision outside of the jurisdiction of the relevant subcommittee of the Committees on Appropriations of the House of Representatives and of the Senate, and therefore outside the subject of the bill, such provision shall be void.</text></subsection><subsection id="H50CBBE71AA424A86BBBC6F18A29588F6"><enum>(d)</enum><header>Provisions of
 appropriation bills not germane to subject matter</header><text>If an Act appropriating funds contains a provision of general legislation or a change of a provision of existing law not germane to the subject matter of such bill, such provision shall be void.</text></subsection><subsection id="HCBCC37EE921C44508C3DA4C042983D2A"><enum>(e)</enum><header>Commencement of
 an action</header><text>Any person aggrieved by the enforcement of, or attempt or threat of enforcement of, an Act passed without having complied with section 2 or this section, or any Member of Congress aggrieved by the failure of the House of Congress of which that individual is a member to comply with any requirement of those sections, shall, regardless of the amount in controversy, have a cause of action under sections 2201 and 2202 of title 28, United States Code, against the United States to seek appropriate relief, including an injunction against the enforcement of any law, the passage of which did not conform to section 2 or this section.</text></subsection><subsection id="HE5A3A1B58AF248B88A3353263C23B078"><enum>(f)</enum><header>State of
 review</header><text>In any judicial action brought pursuant to subsection (e), the standard of review shall be de novo.</text></subsection></section></legis-body></bill>


