<?xml version="1.0"?>
<?xml-stylesheet type="text/xsl" href="billres.xsl"?>
<!DOCTYPE bill PUBLIC "-//US Congress//DTDs/bill.dtd//EN" "bill.dtd">
<bill bill-type="olc" bill-stage="Introduced-in-Senate" dms-id="A1" public-private="public" slc-id="S1-FLO21058-D4D-67-HR3"><metadata xmlns:dc="http://purl.org/dc/elements/1.1/">
<dublinCore>
<dc:title>102 S270 IS: Brown v. Board of Education National Historic Site Expansion Act</dc:title>
<dc:publisher>U.S. Senate</dc:publisher>
<dc:date>2021-02-08</dc:date>
<dc:format>text/xml</dc:format>
<dc:language>EN</dc:language>
<dc:rights>Pursuant to Title 17 Section 105 of the United States Code, this file is not subject to copyright protection and is in the public domain.</dc:rights>
</dublinCore>
</metadata>
<form>
<distribution-code display="yes">II</distribution-code><congress>117th CONGRESS</congress><session>1st Session</session><legis-num>S. 270</legis-num><current-chamber>IN THE SENATE OF THE UNITED STATES</current-chamber><action><action-date date="20210208">February 8, 2021</action-date><action-desc><sponsor name-id="S337">Mr. Coons</sponsor> (for himself, <cosponsor name-id="S293">Mr. Graham</cosponsor>, <cosponsor name-id="S327">Mr. Warner</cosponsor>, <cosponsor name-id="S365">Mr. Scott of South Carolina</cosponsor>, <cosponsor name-id="S277">Mr. Carper</cosponsor>, <cosponsor name-id="S347">Mr. Moran</cosponsor>, and <cosponsor name-id="S362">Mr. Kaine</cosponsor>) introduced the following bill; which was read twice and referred to the <committee-name committee-id="SSEG00">Committee on Energy and Natural Resources</committee-name></action-desc></action><legis-type>A BILL</legis-type><official-title>To amend the Act entitled <quote>Act to provide for the establishment of the Brown v. Board of Education National Historic Site in the State of Kansas, and for other purposes</quote> to provide for inclusion of additional related sites in the National Park System, and for other purposes.</official-title></form><legis-body style="OLC" display-enacting-clause="yes-display-enacting-clause" id="H713CA9D1020D45F6A33D29ACA3159C71"><section section-type="section-one" id="H2287A63D2E06438DAAB5B0E589FD6F4F"><enum>1.</enum><header>Short title</header><text display-inline="no-display-inline">This Act may be cited as the <quote><short-title>Brown v. Board of Education National Historic Site Expansion Act</short-title></quote>.</text></section><section id="HBE72BFC756C04BC1B82CB723F155BC7C"><enum>2.</enum><header>Expansion of the Brown v. Board of Education National Historic Site</header><text display-inline="no-display-inline">In order to honor the civil rights stories of struggle, perseverance, and activism in the pursuit of education equity, the Act entitled <quote>Act to provide for the establishment of the Brown v. Board of Education National Historic Site in the State of Kansas, and for other purposes</quote> approved October 26, 1992 (<external-xref legal-doc="public-law" parsable-cite="pl/102/525">Public Law 102–525</external-xref>; 106 Stat. 3438 et seq.), is amended as follows:</text><paragraph id="H799E33F12C7645199FEBBD0EE7EB8C80"><enum>(1)</enum><text display-inline="yes-display-inline">In section 101, by adding at the end the following new paragraph: </text><quoted-block style="OLC" display-inline="no-display-inline" id="HE811FA1CA91344129ADA82C7E6E7ED8A"><paragraph id="HC930B72883134978B03A08E9FC004EFF"><enum>(3)</enum><text display-inline="yes-display-inline">The terms <term>affiliated area</term> and <term>affiliated areas</term> mean one or more of the locations associated with the four court cases included in Brown v. Board of Education of Topeka described in section 102(a)(8), (9), and (10).</text></paragraph><after-quoted-block>.</after-quoted-block></quoted-block></paragraph><paragraph id="H7B57F68B803D4875BF30BC66E6492158"><enum>(2)</enum><text display-inline="yes-display-inline">In section 102(a)—</text><subparagraph id="H666B1005AE094438803CE59A2CCE4744"><enum>(A)</enum><text>by redesignating paragraphs (3) and (4) as paragraphs (5) and (6), respectively;</text></subparagraph><subparagraph id="HA0B4DE479F8B4CB2A106BBC94036243F"><enum>(B)</enum><text>by inserting after paragraph (2), the following:</text><quoted-block style="OLC" display-inline="no-display-inline" id="H197FEB438CB84E3F809E8CDE8E622C3D"><paragraph id="H30419933AA69483BA5F00F1AEFEC0FED"><enum>(3)</enum><text display-inline="yes-display-inline">The Brown case was joined by four other cases related to school segregation pending before the Supreme Court (Briggs v. Elliott, filed in South Carolina; Davis v. County School Board of Prince Edward County, Spottswood Thomas Bolling, et al., Petitioners, v. C. Melvin Sharpe, President of the District of Columbia Board of Education, et al., filed in Virginia; Gebhart v. Belton, filed in Delaware; and Bolling v. Sharpe, filed in the District of Columbia) and consolidated into one case named Brown v. Board of Education of Topeka.</text></paragraph><paragraph id="H5A60142911B04B988773BCDE5B2C91D1"><enum>(4)</enum><text>A 1999 historic resources study examined the five cases included in Brown v. Board of Education of Topeka and found each to be nationally significant and to contribute unique stories to the case for educational equity.</text></paragraph><after-quoted-block>; and</after-quoted-block></quoted-block></subparagraph><subparagraph id="HA79887E42E604819A5ECB2E6C89F480A"><enum>(C)</enum><text display-inline="yes-display-inline">by inserting after paragraph (6) (as so redesignated by this section), the following: </text><quoted-block style="OLC" display-inline="no-display-inline" id="H4F1DF678832E42AFBA49C5908AB3D242"><paragraph id="H14B3D8C7E1AA4B1795B42BBC51094046"><enum>(7)</enum><text display-inline="yes-display-inline">Summerton High School in South Carolina, the all-White school that refused to admit the plaintiffs in Briggs v. Elliott, has been listed on the National Register of Historic Places in recognition of its national significance and is used as administrative offices for Clarendon School District 1. Other sites include former Scott’s Branch High School, an <quote>equalization school</quote> constructed for African-American students in 1951 to provide facilities comparable to those of White students and that is now the Community Resource Center owned by Clarendon School District 1.</text></paragraph><paragraph id="H918E041E27EF4AF2BA8E694E26DB58F4"><enum>(8)</enum><text display-inline="yes-display-inline">Robert Russa Moton School, the all-Black school in Farmville, Virginia, which was the location of a student-led strike leading to Davis v. County School Board of Prince Edward County, Spottswood Thomas Bolling, et al., Petitioners, v. C. Melvin Sharpe, President of the District of Columbia Board of Education, et al., has been designated a National Historic Landmark in recognition of its national significance. The school, now the Robert Russa Moton Museum, is governed by the Moton Museum, Inc., and affiliated with Longwood University.</text></paragraph><paragraph id="HD18A2593BA7C404DA4DDA875570C9182"><enum>(9)</enum><text display-inline="yes-display-inline">Howard High School in Wilmington, Delaware, an all-Black school to which plaintiffs in Belton v. Gebhart were forced to travel, has been designated a National Historic Landmark in recognition of its national significance. Now the Howard High School of Technology, it is an active school administered by the New Castle County Vocational-Technical School District. The all-White Claymont High School, which denied plaintiffs admission, is now the Claymont Community Center administered by the Brandywine Community Resource Council, Inc. The Hockessin School #107C (Hockessin Colored School) is the all-Black school in Hockessin, Delaware that one of the plaintiffs in Belton v. Gebhart was required to attend with no public transportation provided. The former Hockessin School building is utilized by Friends of Hockessin Colored School #107, Inc. as a community facility.</text></paragraph><paragraph id="H1743DE3F9D2F4ADBB34DED4AA06BA275"><enum>(10)</enum><text display-inline="yes-display-inline">John Philip Sousa Junior High School in the District of Columbia, the all-White school that refused to admit plaintiffs in Bolling v. Sharpe, has been designated a National Historic Landmark in recognition of its national significance. John Philip Sousa Junior High School, now John Philip Sousa Middle School, is owned by the District of Columbia Department of General Services and administered by the District of Columbia Public Schools.</text></paragraph><after-quoted-block>.</after-quoted-block></quoted-block></subparagraph></paragraph><paragraph id="H0435D68B1EBC46739F336FD9A02BE0DA"><enum>(3)</enum><text display-inline="yes-display-inline">In section 102(b)(3)—</text><subparagraph id="HB39F094C537840D0BE53A8174BF75CF2"><enum>(A)</enum><text>by inserting <quote>, protection,</quote> after <quote>preservation</quote>;</text></subparagraph><subparagraph id="H3565E46345D942959DFB096C82AD6D59"><enum>(B)</enum><text>by inserting <quote>, Kansas; Summerton, South Carolina; Farmville, Virginia; Wilmington and Hockessin, Delaware; and the District of Columbia</quote> after <quote>Topeka</quote>; and</text></subparagraph><subparagraph id="H16A5F4FBAF8A4A9997397C874CC39702"><enum>(C)</enum><text>by inserting <quote>and the context of Brown v. Board of Education</quote> after <quote>civil rights movement</quote>.</text></subparagraph></paragraph><paragraph id="H6C6AECCBE8C54EE09E5E3646029A3D02"><enum>(4)</enum><text>In section 103, by inserting after subsection (b) the following:</text><quoted-block style="OLC" display-inline="no-display-inline" id="H32EBA0114F0847DDB5CC8F2E59715FEE"><subsection id="H80E2381B085147B2A20D3080C65A4B8E"><enum>(c)</enum><header>Boundary adjustment</header><paragraph id="H439E58410D6641DC8FD52CE43510B94A"><enum>(1)</enum><header>In general</header><text>In addition to land described in subsection (b), the historic site shall consist of land and interests in land identified as Summerton High School and Scott’s Branch High School located in Clarendon County, South Carolina, after such land, or interests in land, is acquired by the Secretary and the determination is made under paragraph (2).</text></paragraph><paragraph id="HA9BB2E5397DA475B9F22436D7944DF24"><enum>(2)</enum><header>Determination by secretary</header><text>The historic site shall not be expanded until the date on which the Secretary determines that a sufficient quantity of land, or interests in land, has been acquired to constitute a manageable park unit.</text></paragraph><paragraph id="HE729B8A8093B4F9EBE914FED83CDFABE"><enum>(3)</enum><header>Notice</header><text>Not later than 30 days after the date on which the Secretary makes a determination under paragraph (2), the Secretary shall publish in the Federal Register notice of the expansion of the historic site.</text></paragraph><paragraph id="H0C7B9D7F06D84EC791F1B4D7896AE29A"><enum>(4)</enum><header>Map</header><text display-inline="yes-display-inline">After the determination in subsection (2), the Secretary shall publish a new map of the historic site to include land or interests in land acquired under this subsection.</text></paragraph></subsection><after-quoted-block>.</after-quoted-block></quoted-block></paragraph><paragraph id="HB91E06358D3442729F23F57EDEE49929"><enum>(5)</enum><text>In section 104—</text><subparagraph id="HF20504E524CE4A0CA50FB72F26B6C352"><enum>(A)</enum><text>by striking <quote>section 103(b)</quote> and inserting <quote>subsections (b) and (c) of section 103</quote>; </text></subparagraph><subparagraph id="HF1224BEA910A4A92B015A40C92C8116D"><enum>(B)</enum><text>by striking <quote>: <italic>Provided, however,</italic> That the</quote> and inserting <quote>. The</quote>; and</text></subparagraph><subparagraph id="H1BB300EDD49D47A690DB9B700F605601"><enum>(C)</enum><text>by adding before the final period the following: <quote>nor by condemnation of any land or interest in land within the boundaries of the historic site</quote>.</text></subparagraph></paragraph><paragraph id="H854C6C7BCF814D1BBB31677576556134"><enum>(6)</enum><text display-inline="yes-display-inline">In section 105(c), by inserting before the final period the following: <quote>in Topeka, Kansas. After the boundary adjustment under section 103(c), the Secretary shall prepare and submit to the Committee on Natural Resources of the House of Representatives and the Committee on Energy and Natural Resources of the Senate a general management plan for the historic site locations in Clarendon County, South Carolina</quote>.</text></paragraph><paragraph id="H6804BC5859AE447B9C3876A30E8F4017"><enum>(7)</enum><text>By inserting after section 105, the following:</text><quoted-block style="OLC" display-inline="no-display-inline" id="H8A4E2DD606F14DA3995BBCE08C7443DD"><section id="H108553FB26D147B4A56DD96EBF7F2581"><enum>106.</enum><header>Establishment of the Brown v. Board of Education affiliated areas</header><subsection id="HD2665F01A8DD419F992DCC9A36355671"><enum>(a)</enum><header>In General</header><text display-inline="yes-display-inline">The locations associated with the three court cases included in Brown v. Board of Education of Topeka described in sections 102(a)(8), (9), and (10) are established as affiliated areas of the National Park System.</text></subsection><subsection id="H7358621028FD4BA18973F38F9A4FD665"><enum>(b)</enum><header>Administration</header><text display-inline="yes-display-inline">The affiliated areas shall be managed in accordance with—</text><paragraph id="HBB861F981D9447B9B1A2A02ED2613F7F"><enum>(1)</enum><text>this section; and</text></paragraph><paragraph id="H44D30A3C15814AEE8B4225C1EA1C5AA7"><enum>(2)</enum><text>any law generally applicable to units of the National Park System.</text></paragraph></subsection><subsection id="HA9F4C13E552C486293FD7C7960C6CD9F"><enum>(c)</enum><header>General management plan</header><paragraph id="HA3B4B68C67FD4210AB66B2CE3989A28A"><enum>(1)</enum><header>In general</header><text display-inline="yes-display-inline">Not later than two years after the date of the enactment of this Act, the Secretary, in consultation with the management entity of each affiliated area, shall develop a general management plan for each of the affiliated areas in accordance with section 100502 of title 54, United States Code. The general management plan shall—</text><subparagraph id="H997813F84F6A4389A64A08AD0A6B14F2"><enum>(A)</enum><text display-inline="yes-display-inline">be prepared in consultation and coordination with the interested State, county, and local governments, management entities, organizations, and interested members of the public associated with the affiliated area;</text></subparagraph><subparagraph id="HD0CBFD57DEB841F3BB101F5965414A61"><enum>(B)</enum><text display-inline="yes-display-inline">identify, as appropriate, the roles and responsibilities of the National Park Service and management entity in administering and interpreting the affiliated area in such a manner that it does not interfere with existing operations and continued use of existing facilities; and</text></subparagraph><subparagraph id="HE1236BBF0B82401CB718896A0355870F"><enum>(C)</enum><text display-inline="yes-display-inline">require the Secretary to coordinate the preparation and implementation of the management plan and interpretation of the affiliated area with the Brown v. Board of Education National Historic Site.</text></subparagraph></paragraph><paragraph id="HE82F8563677349EE882571D538228AB8"><enum>(2)</enum><header>Public comment</header><text display-inline="yes-display-inline">The Secretary shall—</text><subparagraph id="H7499B1B3F620498A9D5F82AAF0582D80"><enum>(A)</enum><text display-inline="yes-display-inline">hold not less than one public meeting in the general proximity of each affiliated area on the proposed general management plan, including opportunities for public comment; and</text></subparagraph><subparagraph id="HA72E519EC51C46D2A2F781760374DDBD"><enum>(B)</enum><text>publish the draft general management plan on the internet and provide an opportunity for public comment.</text></subparagraph></paragraph><paragraph id="H7A3EAA7577BF4104A3E74A75995BB229"><enum>(3)</enum><header>Transmittal</header><text display-inline="yes-display-inline">Not later than 3 years after the date on which funds are made available to carry out this section, the Secretary shall transmit the general management plan for each affiliated area developed under subparagraph (1) to the Committee on Natural Resources of the House of Representatives and the Committee on Energy and Natural Resources of the Senate.</text></paragraph></subsection><subsection id="H4B6A930936774FDAA859A86821CB339F"><enum>(d)</enum><header>Management entity</header><text display-inline="yes-display-inline">The organizations described in paragraphs (8), (9), and (10) of section 102(a) shall be the management entity for its respective affiliated area.</text></subsection><subsection id="HCC317EBD679D4B39A8EB7DAAC3902AA2"><enum>(e)</enum><header>Cooperative agreements</header><text display-inline="yes-display-inline">The Secretary may provide technical assistance and grants and enter into cooperative agreements with the management entity for each affiliated area to provide financial assistance for the marketing, marking, interpretation, and preservation of the respective affiliated area.</text></subsection><subsection id="H167F8CB88FE446B4A154DD53DCA3E839"><enum>(f)</enum><header>Land use</header><text display-inline="yes-display-inline">Nothing in this section affects land use rights of private property owners within or adjacent to the affiliated areas, including activities or uses on private land that can be seen or heard within the affiliated areas and the authorities for management entities to operate and administer the affiliated areas.</text></subsection><subsection id="HF5B6221281954969AF3C57A1E5C08295"><enum>(g)</enum><header>Limited role of the secretary</header><text display-inline="yes-display-inline">Nothing in this section authorizes the Secretary to acquire property in an affiliated area or to assume overall financial responsibility for the operation, maintenance, or management of an affiliated area. Each affiliated area shall continue to be owned, operated, and managed by its respective public and private owners. </text></subsection></section><after-quoted-block>.</after-quoted-block></quoted-block></paragraph><paragraph id="H3CC21D825EFA406A87BF78F3AB6F2162"><enum>(8)</enum><text display-inline="yes-display-inline">By redesignating section 106 as section 107.</text></paragraph><paragraph commented="no" id="H1FD091C3B4074B4FAF791EA7D4CCB8BE"><enum>(9)</enum><text display-inline="yes-display-inline">In section 107 (as so redesignated by this subsection), by inserting before the period the following: <quote>at the historic site, and there is authorized to be appropriated such sums as are necessary to carry out sections 103(c) and 106</quote>. </text></paragraph></section></legis-body></bill> 

