<?xml version="1.0"?>
<?xml-stylesheet type="text/xsl" href="billres.xsl"?>
<!DOCTYPE bill PUBLIC "-//US Congress//DTDs/bill.dtd//EN" "bill.dtd">
<bill bill-stage="Introduced-in-Senate" dms-id="A1" public-private="public" slc-id="S1-ALB21260-TF1-Y7-9YY"><metadata xmlns:dc="http://purl.org/dc/elements/1.1/">
<dublinCore>
<dc:title>117 S312 IS: COVID–19 Safer Detention Act of 2021</dc:title>
<dc:publisher>U.S. Senate</dc:publisher>
<dc:date>2021-02-12</dc:date>
<dc:format>text/xml</dc:format>
<dc:language>EN</dc:language>
<dc:rights>Pursuant to Title 17 Section 105 of the United States Code, this file is not subject to copyright protection and is in the public domain.</dc:rights>
</dublinCore>
</metadata>
<form>
<distribution-code display="yes">II</distribution-code><congress>117th CONGRESS</congress><session>1st Session</session><legis-num>S. 312</legis-num><current-chamber>IN THE SENATE OF THE UNITED STATES</current-chamber><action><action-date date="20210212">February 12, 2021</action-date><action-desc><sponsor name-id="S253">Mr. Durbin</sponsor> (for himself, <cosponsor name-id="S153">Mr. Grassley</cosponsor>, <cosponsor name-id="S316">Mr. Whitehouse</cosponsor>, <cosponsor name-id="S384">Mr. Tillis</cosponsor>, <cosponsor name-id="S337">Mr. Coons</cosponsor>, <cosponsor name-id="S398">Mr. Cramer</cosponsor>, <cosponsor name-id="S370">Mr. Booker</cosponsor>, and <cosponsor name-id="S318">Mr. Wicker</cosponsor>) introduced the following bill; which was read twice and referred to the <committee-name committee-id="SSJU00">Committee on the Judiciary</committee-name></action-desc></action><legis-type>A BILL</legis-type><official-title>To expand eligibility for and provide judicial review for the Elderly Home Detention Pilot Program, provide for compassionate release based on COVID–19 vulnerability, shorten the waiting period for judicial review during the COVID–19 pandemic, and make other technical corrections. </official-title></form><legis-body display-enacting-clause="yes-display-enacting-clause"><section section-type="section-one" id="S1"><enum>1.</enum><header>Short title</header><text display-inline="no-display-inline">This Act may be cited as the <quote><short-title>COVID–19 Safer Detention Act of 2021</short-title></quote>.</text></section><section id="id180191A37CFB4A9CB669E7E5F81CE9D7"><enum>2.</enum><header>Definition of covered emergency period</header><text display-inline="no-display-inline">Section 12003(a)(2) of the CARES Act (<external-xref legal-doc="usc" parsable-cite="usc/18/3621">18 U.S.C. 3621</external-xref> note) is amended—</text><paragraph id="id827B9AC14AFC41038866FC1922B36BC3"><enum>(1)</enum><text>by striking <quote>ending on the date</quote> and inserting the following: </text><quoted-block style="OLC" display-inline="yes-display-inline" id="id085C5D2AD50143E6A792DCB1FC3A14C0"><text>ending on the later of—</text><subparagraph id="id6D876F27EA6F4F22AE321711A0489580"><enum>(A)</enum><text>the date</text></subparagraph><after-quoted-block>; </after-quoted-block></quoted-block></paragraph><paragraph id="id37247C112A1B420EA9B5824B1FC3043B"><enum>(2)</enum><text>in subparagraph (A), as so designated, by striking the <quote>and</quote> at the end and inserting <quote>or</quote>; and</text></paragraph><paragraph id="idCE6779FE8F1849E68C513BE13A0936B8"><enum>(3)</enum><text>by adding at the end the following:</text><quoted-block style="OLC" display-inline="no-display-inline" id="idC9F048FA74B4427AB7156D6511DD8C61"><subparagraph id="idB974450B829544A984094A0F53092758"><enum>(B)</enum><text>the date that is 30 days after the date on which the Bureau of Prisons ceases modified operations in response to COVID–19; and</text></subparagraph><after-quoted-block>.</after-quoted-block></quoted-block></paragraph></section><section id="id94f5e5fa663c47e4a33e17a963171590"><enum>3.</enum><header>Home detention for certain elderly nonviolent offenders</header><text display-inline="no-display-inline">Section 231(g) of the Second Chance Act of 2007 (<external-xref legal-doc="usc" parsable-cite="usc/34/60541">34 U.S.C. 60541(g)</external-xref>) is amended—</text><paragraph id="id0318B4023B69486A8459F6456A8B483F"><enum>(1)</enum><text>in paragraph (1), by adding at the end the following:</text><quoted-block style="OLC" display-inline="no-display-inline" id="id8C147D17C543445BAF52A9897D5FB273"><subparagraph id="id2F9671E44A604D699EB38D8DB89CD0DF"><enum>(D)</enum><header>Judicial review</header><clause id="idD1A769E159D145568033BBD53E94AA5E"><enum>(i)</enum><header>In general</header><text>Upon motion of a defendant, on or after the date described in clause (ii), a court may reduce an imposed term of imprisonment of the defendant and substitute a term of supervised release with the condition of home detention for the unserved portion of the original term of imprisonment, after considering the factors set forth in section 3553(a) of title 18, United States Code, if the court finds the defendant is an eligible elderly offender or eligible terminally ill offender.</text></clause><clause id="idE97EE0F302BC41E88967F5E34E5AA96B"><enum>(ii)</enum><header>Date described</header><text>The date described in this clause is the earlier of—</text><subclause id="id6D5657EF907E4F03A5E2512DEF958939"><enum>(I)</enum><text>the date on which the defendant fully exhausts all administrative rights to appeal a failure of the Bureau of Prisons to place the defendant on home detention; or </text></subclause><subclause id="id0C373F73C457401E944EAD1D37F90BCA"><enum>(II)</enum><text>the expiration of the 30-day period beginning on the date on which the defendant submits to the warden of the facility in which the defendant is imprisoned a request for placement of the defendant on home detention, regardless of the status of the request.</text></subclause></clause></subparagraph><after-quoted-block>; and</after-quoted-block></quoted-block></paragraph><paragraph id="id186D37859CAD4F58840FA7415F9811DB"><enum>(2)</enum><text>in paragraph (5)—</text><subparagraph id="id8426D7764A6F496182BC1FA074C55814"><enum>(A)</enum><text>in subparagraph (A)(ii)—</text><clause id="id8946883824B145F684B8FAD0E510D8D6"><enum>(i)</enum><text>by inserting <quote>including offenses under the laws of the District of Columbia,</quote> after <quote>offense or offenses,</quote>; and</text></clause><clause id="id0C3FF50B749646E6BAFB1AD7F42AA26E"><enum>(ii)</enum><text>by striking <quote>2/3 of the term of imprisonment to which the offender was sentenced</quote> and inserting <quote>1/2 of the term of imprisonment reduced by any credit toward the service of the offender’s sentence awarded under section 3624(b) of title 18, United States Code</quote>; and</text></clause></subparagraph><subparagraph id="id85684E78B6F844F5B6877CC344795CC3"><enum>(B)</enum><text>in subparagraph (D)(i), by inserting <quote>, including offenses under the laws of the District of Columbia,</quote> after <quote>offense or offenses,</quote>.</text></subparagraph></paragraph></section><section id="idBCA97CCB49044400AA951ADB849C9F09"><enum>4.</enum><header>Compassionate release technical correction</header><text display-inline="no-display-inline">Section 3582 of title 18, United States Code, is amended—</text><paragraph id="id50280723cb0449be864a405856cd9976"><enum>(1)</enum><text>in subsection (c)(1)—</text><subparagraph id="idF550781770F54758A4EA65E571E02894"><enum>(A)</enum><text>in the matter preceding subparagraph (A), by inserting after <quote>case</quote> the following: <quote>, including, notwithstanding any other provision of law, any case involving an offense committed before November 1, 1987</quote>; and</text></subparagraph><subparagraph id="id2B0C4638C1224FE6BA1E511B29CF3FFF"><enum>(B)</enum><text>in subparagraph (A)—</text><clause id="id472d869817b8442f9525ae7fe85afaf3"><enum>(i)</enum><text>by inserting <quote>, on or after the date described in subsection (d)</quote> after <quote>upon motion of a defendant</quote>; and</text></clause><clause id="id96BDA3B1EF0740E5AB8DC6DFF62C1F4E"><enum>(ii)</enum><text>by striking <quote>after the defendant has fully exhausted all administrative rights to appeal a failure of the Bureau of Prisons to bring a motion on the defendant’s behalf or the lapse of 30 days from the receipt of such a request by the warden of the defendant’s facility, whichever is earlier,</quote>; </text></clause></subparagraph></paragraph><paragraph id="id3A9A862F930D470FA00F3180B8AC9D7B"><enum>(2)</enum><text>by redesignating subsections (d) and (e) as subsections (e) and (f), respectively; and </text></paragraph><paragraph id="id041309C1B97D4D60BB1672CFC0E05FBC"><enum>(3)</enum><text>by inserting after subsection (c) the following:</text><quoted-block style="OLC" display-inline="no-display-inline" id="idAAEA749021B7426EA3041A89241EE8B0"><subsection id="id1D7754CC3BDB4EB885E27FB277DAFC5D"><enum>(d)</enum><header>Date described</header><text>For purposes of subsection (c)(1)(A), the date described in this subsection is the earlier of—</text><paragraph id="id3E9CE95B58984162A1E28EB168DFDE02"><enum>(1)</enum><text>the date on which the defendant fully exhausts all administrative rights to appeal a failure of the Bureau of Prisons to bring a motion on the defendant’s behalf; or</text></paragraph><paragraph id="idC64A77784DFE412DAB088EA6A93C5684"><enum>(2)</enum><text>the expiration of the 30-day period beginning on the date on which the defendant submits a request for a reduction in sentence to the warden of the facility in which the defendant is imprisoned, regardless of the status of the request.</text></paragraph></subsection><after-quoted-block>.</after-quoted-block></quoted-block></paragraph></section><section id="idE4A09A1892E64B29AC7FF90BC8E6998A"><enum>5.</enum><header>Temporary shortening of administrative exhaustion</header><text display-inline="no-display-inline">Section 12003 of the CARES Act (<external-xref legal-doc="usc" parsable-cite="usc/18/3621">18 U.S.C. 3621</external-xref> note) is amended by adding at the end the following:</text><quoted-block style="OLC" display-inline="no-display-inline" id="id5B127BAB0BD94A568B686C70F6878F3E"><subsection id="idBFC9EBBFDB0E4F20B88B9D900275E196"><enum>(e)</enum><header>Compassionate release</header><text display-inline="yes-display-inline">For purposes of a motion filed under section 3582(c)(1) of title 18, United States Code, during the covered emergency period—</text><paragraph id="id21144979C59A45D2823616205EAB4AD1"><enum>(1)</enum><text>the 30-day waiting period requirement in section 3582(d)(2) shall be reduced to not more than 10 days; and</text></paragraph><paragraph id="id416FEE16CCD14AF69676487E5127C7B4"><enum>(2)</enum><text>in the case of a defendant who is, according to guidance from the Centers for Disease Control and Prevention, considered to be at a higher risk for severe illness from COVID–19, including because the defendant is 60 years of age or older or has an underlying medical condition, such risk shall be considered to be an extraordinary and compelling reason under subparagraph (A)(i) of such section 3582(c)(1).</text></paragraph></subsection><subsection commented="no" id="id1A6063E023D44142AE7EE72DBF125A37"><enum>(f)</enum><header>Nonviolent elderly offenders</header><text>For the purpose of a motion filed under subparagraph (D) of section 231(g)(1) of the Second Chance Act of 2007 (<external-xref legal-doc="usc" parsable-cite="usc/34/60541">34 U.S.C. 60541(g)(1)</external-xref>), during the covered emergency period, the 30-day waiting period requirement clause (ii)(II) of such subparagraph (D) shall be reduced to 10 days.</text></subsection><after-quoted-block>.</after-quoted-block></quoted-block></section></legis-body></bill> 

