<?xml version="1.0"?>
<?xml-stylesheet type="text/xsl" href="billres.xsl"?>
<!DOCTYPE bill PUBLIC "-//US Congress//DTDs/bill.dtd//EN" "bill.dtd">
<bill bill-stage="Introduced-in-Senate" dms-id="A1" public-private="public" slc-id="S1-EHF21113-SFP-52-7RL"><metadata xmlns:dc="http://purl.org/dc/elements/1.1/">
<dublinCore>
<dc:title>117 S279 IS: National Broadband Plan for the Future Act of 2021</dc:title>
<dc:publisher>U.S. Senate</dc:publisher>
<dc:date>2021-02-08</dc:date>
<dc:format>text/xml</dc:format>
<dc:language>EN</dc:language>
<dc:rights>Pursuant to Title 17 Section 105 of the United States Code, this file is not subject to copyright protection and is in the public domain.</dc:rights>
</dublinCore>
</metadata>
<form>
<distribution-code display="yes">II</distribution-code><congress>117th CONGRESS</congress><session>1st Session</session><legis-num>S. 279</legis-num><current-chamber>IN THE SENATE OF THE UNITED STATES</current-chamber><action><action-date date="20210208">February 8, 2021</action-date><action-desc><sponsor name-id="S369">Mr. Markey</sponsor> introduced the following bill; which was read twice and referred to the <committee-name committee-id="SSCM00">Committee on Commerce, Science, and Transportation</committee-name></action-desc></action><legis-type>A BILL</legis-type><official-title>To require the Federal Communications Commission to update the national broadband plan, and for other purposes.</official-title></form><legis-body display-enacting-clause="yes-display-enacting-clause"><section section-type="section-one" id="S1"><enum>1.</enum><header>Short title</header><text display-inline="no-display-inline">This Act may be cited as the <quote><short-title>National Broadband Plan for the Future Act of 2021</short-title></quote>.</text></section><section id="id01205AAE59AE4465AEC98729DB85AA80"><enum>2.</enum><header>Update to national broadband plan</header><subsection id="idF02EDA18D093444A92B81150BCB97F4A"><enum>(a)</enum><header>Definitions</header><text>In this section—</text><paragraph id="idDFDF4A4D863E45FAB8AF9AAFF6C667EC"><enum>(1)</enum><text>the term <term>appropriate committees of Congress</term> means—</text><subparagraph id="idF701D78C2F5F4C399396297AA4043A56"><enum>(A)</enum><text>the Committee on Commerce, Science, and Transportation of the Senate; and</text></subparagraph><subparagraph id="id83414AB9D4264AB2A59F73D80312F63C"><enum>(B)</enum><text>the Committee on Energy and Commerce of the House of Representatives;</text></subparagraph></paragraph><paragraph commented="no" id="id48CAB9429907454EA694CF335EEDED22"><enum>(2)</enum><text>the term <term>broadband internet access service</term> has the meaning given the term in section 8.1(b) of title 47, Code of Federal Regulations, or any successor regulation;</text></paragraph><paragraph id="id81E0A2376EFC4A0D99853AF87D9E9B93"><enum>(3)</enum><text>the term <term>Commission</term> means the Federal Communications Commission; </text></paragraph><paragraph id="id5A2D06FE3B9E492F81D69C40EF8DCCE8"><enum>(4)</enum><text>the term <term>COVID–19 pandemic</term> means the outbreak and associated public health, economic, and other societal effects of the Coronavirus Disease 2019 (referred to in this paragraph as <quote>COVID–19</quote>) relating to the public health emergency declared by the Secretary of Health and Human Services under section 319 of the Public Health Service Act (<external-xref legal-doc="usc" parsable-cite="usc/42/247d">42 U.S.C. 247d</external-xref>) on January 31, 2020, including—</text><subparagraph id="idF22B4899CDCD46259BC39377896B126A"><enum>(A)</enum><text>any renewal of that declaration; and</text></subparagraph><subparagraph id="idDC20A2743EFE4BAF83820A39EB17C042"><enum>(B)</enum><text>any subsequent declaration by the Secretary of Health and Human Services relating to COVID–19;</text></subparagraph></paragraph><paragraph id="idC90307D08EC54C83B7184A29837C6813"><enum>(5)</enum><text>the term <term>E-Rate program</term> means the program set forth under subpart F of part 54 of title 47, Code of Federal Regulations, or any successor regulations; </text></paragraph><paragraph id="idF8EE3D861FEA4C8B837CC58A2F6FDAD7"><enum>(6)</enum><text>the term <term>Lifeline</term> means the program set forth under subpart E of part 54 of title 47, Code of Federal Regulations, or any successor regulations; and</text></paragraph><paragraph id="id525CC33BF00941F18F83193C051246EA"><enum>(7)</enum><text>the term <term>national broadband plan</term> means the plan required to be submitted by the Commission to the appropriate committees of Congress under section 6001(k) of the American Recovery and Reinvestment Act of 2009 (<external-xref legal-doc="usc" parsable-cite="usc/47/1305">47 U.S.C. 1305(k)</external-xref>).</text></paragraph></subsection><subsection id="id587C0BA18F5B4EAA94A8EB91F171A0EB"><enum>(b)</enum><header>Update</header><paragraph id="id71F176A06501434AA66E605F95FC283D"><enum>(1)</enum><header>In general</header><text>Not later than 1 year after the date of enactment of this Act, the Commission shall submit to the appropriate committees of Congress a report containing an update to the national broadband plan.</text></paragraph><paragraph id="idBEF230AE359C4054B629CFADCBA0F423"><enum>(2)</enum><header>Contents</header><text>The update to the national broadband plan required under paragraph (1) shall—</text><subparagraph id="id43F5389D9CA445A8BBDC5970A967B53C"><enum>(A)</enum><text>assess the progress of the United States in achieving the goals of the original national broadband plan during the 10-year period preceding the date of enactment of this Act;</text></subparagraph><subparagraph id="id32E57E15F5EC40B4B0EF949656CE57AA"><enum>(B)</enum><text>reassess the areas of focus contained within the original national broadband plan, including through—</text><clause id="id525FB86694AC44B59F0211EF878F7BD5"><enum>(i)</enum><text>an analysis of the most effective and efficient mechanisms for ensuring access to broadband internet access service by all people of the United States; </text></clause><clause id="idF469621968C0411B8A8F938CDA1135F2"><enum>(ii)</enum><text>a detailed strategy for achieving— </text><subclause id="idFD3FA30FDE5148E3B75BC4986A24FB13"><enum>(I)</enum><text>affordability of broadband internet access service (including through Lifeline); and </text></subclause><subclause id="id7D845CF7E59044A4B37C74F9DA987E87"><enum>(II)</enum><text>maximum utilization of broadband internet access service, and the infrastructure with respect to that service, by the public; </text></subclause></clause><clause id="idD37CBD9071014BC8823A7370FFB576AA"><enum>(iii)</enum><text>an evaluation of the status of deployment of broadband internet access service, including the progress of projects supported by the grants made pursuant to section 6001 of the American Recovery and Reinvestment Act of 2009 (<external-xref legal-doc="usc" parsable-cite="usc/47/1305">47 U.S.C. 1305</external-xref>); and </text></clause><clause id="id54D1A872F2054470B7876808E561E1BA"><enum>(iv)</enum><text>a plan for use of broadband internet access service, and the infrastructure with respect to that service, in advancing racial justice, socioeconomic equity, consumer welfare, civic participation, public safety and homeland security, community development, health care delivery, energy independence and efficiency, education, worker training, private sector investment, entrepreneurial activity, job creation and economic growth, and other national purposes; </text></clause></subparagraph><subparagraph id="id0F26ECBE91FA4A7CB995A7D3F2AD4313"><enum>(C)</enum><text>examine the effects of the COVID–19 pandemic on how the people of the United States—</text><clause id="id3E9A9E4599C940D08FF1689F52C459DD"><enum>(i)</enum><text>learn, including— </text><subclause id="idDAF777517ECE4DE48F84C878D6CDF361"><enum>(I)</enum><text>an analysis of the nature and extent of gaps between students who have access to broadband internet access service at home and students who do not have access to that service; and</text></subclause><subclause id="id12F1E372A2D449ED87848E3D1A4DFC3D"><enum>(II)</enum><text>an identification of specific ways to close the gaps described in subclause (I), including through the E-Rate program and Lifeline;</text></subclause></clause><clause id="id85AD7B6B8E1E418E9A07469CB3692FA8"><enum>(ii)</enum><text>work, including by developing detailed proposals that could make working from home more practical for workers and more productive for employers;</text></clause><clause id="id92425CD807CA4126B8DBB35C27119E66"><enum>(iii)</enum><text>receive medical information and treatment, including by—</text><subclause id="idB3043FB371914B1FB50EFC53BD06E2B9"><enum>(I)</enum><text>reviewing the adequacy and effectiveness of telemedicine programs implemented at the Federal and State levels; and</text></subclause><subclause id="id7CEA44B4F37B4268907B5E4D4FA9D84C"><enum>(II)</enum><text>developing proposals for how the programs described in subclause (I) could be improved or expanded; and</text></subclause></clause><clause id="idB5F244D0461845ADAF30E7B7D954A86B"><enum>(iv)</enum><text>participate in civic communications, including by analyzing the effects that the COVID–19 pandemic and the infrastructure with respect to broadband internet access service in the United States have had on— </text><subclause id="id89896E1D10E54B988C379BAB7C72AFE3"><enum>(I)</enum><text>free expression and non-commercial speakers in the United States; and</text></subclause><subclause id="idE2E5013DEFAC41E79D94BBDF3655BFDB"><enum>(II)</enum><text>the availability of credible news and information, including public health information, with respect to that pandemic;</text></subclause></clause></subparagraph><subparagraph id="id12E24639E56A4AA081198955CC66A6F7"><enum>(D)</enum><text>analyze the change in reliance that the people of the United States will have on services enabled by broadband internet access service as a result of the COVID–19 pandemic; and</text></subparagraph><subparagraph id="id1FA598E43FA44546BC275701A160A8E1"><enum>(E)</enum><text>develop— </text><clause id="id47347E32CAC14FA69A260974A2AA443E"><enum>(i)</enum><text>short-term proposals to address the reliance described in subparagraph (D); and</text></clause><clause id="idA92702468D6F4580A9A577C421840648"><enum>(ii)</enum><text>a long-term plan to address any systemic privacy and security challenges associated with the use of services described in subparagraph (D).</text></clause></subparagraph></paragraph><paragraph id="id10CFB0746A5249838445DE430A00EB57"><enum>(3)</enum><header>Subsequent annual reports</header><text>Not later than 1 year after the date on which the Commission submits the report of the Commission required under paragraph (1), and annually thereafter, the Commission shall submit to the appropriate committees of Congress a report on the progress of the Commission in achieving the goals of the national broadband plan, as updated under this subsection.</text></paragraph><paragraph id="idF71DAD0B7BCB49D89EF4C13974ECEF9A"><enum>(4)</enum><header>Public availability</header><text>The Commission shall publish the report submitted under paragraph (1), and each report submitted under paragraph (3), on a publicly available website. </text></paragraph></subsection><subsection id="idF47E1BAE03D34581A18DEE4DE77D6D86"><enum>(c)</enum><header>Authorization of appropriations</header><text>There are authorized to be appropriated to the Commission such sums as may be necessary to carry out this section.</text></subsection></section></legis-body></bill> 

