<?xml version="1.0"?>
<?xml-stylesheet type="text/xsl" href="billres.xsl"?>
<!DOCTYPE bill PUBLIC "-//US Congress//DTDs/bill.dtd//EN" "bill.dtd">
<bill bill-type="olc" bill-stage="Introduced-in-Senate" dms-id="A1" public-private="public" slc-id="S1-BAI21010-H5X-2T-8JN"><metadata xmlns:dc="http://purl.org/dc/elements/1.1/">
<dublinCore>
<dc:title>117 S115 IS: Protecting Tourism in the United States Act</dc:title>
<dc:publisher>U.S. Senate</dc:publisher>
<dc:date>2021-01-28</dc:date>
<dc:format>text/xml</dc:format>
<dc:language>EN</dc:language>
<dc:rights>Pursuant to Title 17 Section 105 of the United States Code, this file is not subject to copyright protection and is in the public domain.</dc:rights>
</dublinCore>
</metadata>
<form>
<distribution-code display="yes">II</distribution-code><congress>117th CONGRESS</congress><session>1st Session</session><legis-num>S. 115</legis-num><current-chamber>IN THE SENATE OF THE UNITED STATES</current-chamber><action><action-date date="20210128">January 28, 2021</action-date><action-desc><sponsor name-id="S311">Ms. Klobuchar</sponsor> (for herself, <cosponsor name-id="S342">Mr. Blunt</cosponsor>, <cosponsor name-id="S402">Ms. Rosen</cosponsor>, and <cosponsor name-id="S365">Mr. Scott of South Carolina</cosponsor>) introduced the following bill; which was read twice and referred to the <committee-name committee-id="SSCM00">Committee on Commerce, Science, and Transportation</committee-name></action-desc></action><legis-type>A BILL</legis-type><official-title>To direct the Secretary of Commerce to conduct a study and submit to Congress a report on the effects of the COVID–19 pandemic on the travel and tourism industry in the United States, and for other purposes.</official-title></form><legis-body style="OLC" display-enacting-clause="yes-display-enacting-clause" id="H4A4A1156C5D74F35892DCA656F6DB3D9"><section section-type="section-one" id="HC72658A441994F5DBF53BCA05904A3B7"><enum>1.</enum><header>Short title</header><text display-inline="no-display-inline">This Act may be cited as the <quote><short-title>Protecting Tourism in the United States Act</short-title></quote>.</text></section><section id="H2048FD289E4D481790404236049EEE62"><enum>2.</enum><header>Study and report on effects of COVID–19 pandemic on travel and tourism industry in United States</header><subsection id="H38ECA6D6FFBD457FB6721FC110F75648"><enum>(a)</enum><header>In general</header><text display-inline="yes-display-inline">Not later than 1 year after the date of the enactment of this Act, the Secretary, in consultation with the United States Travel and Tourism Advisory Board and the head of any other Federal agency the Secretary considers appropriate, shall complete a study on the effects of the COVID–19 pandemic on the travel and tourism industry, including various segments of the travel and tourism industry, such as domestic, international, leisure, business, conventions, meetings, and events.</text></subsection><subsection id="HF251693A5FC440C58A251CE074EE6F63"><enum>(b)</enum><header>Matters for consideration</header><text>In conducting the study required by subsection (a) and the interim study required by subsection (e)(1), the Secretary shall consider—</text><paragraph id="HE4EB0E39DEE842D2ADA880334DC3E45D"><enum>(1)</enum><text>changes in employment rates in the travel and tourism industry during the pandemic period;</text></paragraph><paragraph id="H10CF262E910E48C4A85766FA112BCD81"><enum>(2)</enum><text>changes in revenues of businesses in the travel and tourism industry during the pandemic period;</text></paragraph><paragraph id="HAEE45A074B88431C853C8191D619AB28"><enum>(3)</enum><text>changes in employment and sales in industries related to the travel and tourism industry, and changes in contributions of the travel and tourism industry to such related industries, during the pandemic period;</text></paragraph><paragraph id="HE473E8BB4BAB4B75B49E85E027282E97"><enum>(4)</enum><text>the effects attributable to the changes described in paragraphs (1) through (3) in the travel and tourism industry and such related industries on the overall economy of the United States during the pandemic period and the projected effects of such changes on the overall economy of the United States following the pandemic period; and</text></paragraph><paragraph id="H7D86F7FA557A44CDA80BCF81A7A723FE"><enum>(5)</enum><text>any additional matters the Secretary considers appropriate.</text></paragraph></subsection><subsection id="HD81FB10D96CC4A41AD91C2A25B6963B8"><enum>(c)</enum><header>Consultation and public comment</header><text>In conducting the study required by subsection (a), the Secretary shall—</text><paragraph id="H164E0BC88B184CDDB6691990C355A6F0"><enum>(1)</enum><text>consult with representatives of—</text><subparagraph id="H0EFA5A457EDD43748D3D82B201ED937F"><enum>(A)</enum><text>the small business sector;</text></subparagraph><subparagraph id="HCAF5F434C7BA4A50B4331CC760E95C6F"><enum>(B)</enum><text>the restaurant or food service sector;</text></subparagraph><subparagraph id="H17E94F2747F64FD78BFEE92C39FFB9C8"><enum>(C)</enum><text>the hotel and alternative accommodations sector;</text></subparagraph><subparagraph id="H8A5DC3EDD5584EC5AB3207DB4B7129C1"><enum>(D)</enum><text>the attractions or recreations sector;</text></subparagraph><subparagraph id="HEDAA3B9DDCC849D8A6D5AF751EFAC306"><enum>(E)</enum><text>the travel distribution services sector;</text></subparagraph><subparagraph id="H9939139B3BFD47D9A5ABC03543B94730"><enum>(F)</enum><text>destination marketing organizations;</text></subparagraph><subparagraph id="HD81DA9CE2CE34F7B880D81239974243C"><enum>(G)</enum><text>State tourism offices; and</text></subparagraph><subparagraph id="H13EE83284C984B4EA1A9B803C54CA168"><enum>(H)</enum><text>the passenger air, railroad, and rental car sectors; and</text></subparagraph></paragraph><paragraph id="H1A20DF7AFE2941659235A7699DC61EA9"><enum>(2)</enum><text>provide an opportunity for public comment and advice relevant to conducting the study.</text></paragraph></subsection><subsection id="HF6AD6C96ABDC4628827F0C3235D7D977"><enum>(d)</enum><header>Report to Congress</header><text display-inline="yes-display-inline">Not later than 6 months after the date on which the study required by subsection (a) is completed, the Secretary, in consultation with the United States Travel and Tourism Advisory Board and the head of any other Federal agency the Secretary considers appropriate, shall submit to the Committee on Energy and Commerce of the House of Representatives and the Committee on Commerce, Science, and Transportation of the Senate, and make publicly available on the website of the Department of Commerce, a report that contains—</text><paragraph id="HD4EB91C5E4A742EDBF3948A82F310E2E"><enum>(1)</enum><text>the results of such study; and</text></paragraph><paragraph id="HE6185397DF9C43EC9E5F4BE1D60B5680"><enum>(2)</enum><text>policy recommendations for promoting and assisting the travel and tourism industry.</text></paragraph></subsection><subsection commented="no" id="H21CE1344AAD94EF6ACE18A5D64DBDAEF"><enum>(e)</enum><header>Interim study and report</header><text display-inline="yes-display-inline">Not later than 3 months after the date of the enactment of this Act, the Secretary, after consultation with relevant stakeholders, including the United States Travel and Tourism Advisory Board, shall—</text><paragraph commented="no" id="HE763C6138E3D437DBAD6245063D03AD7"><enum>(1)</enum><text display-inline="yes-display-inline">complete an interim study, which shall be based on data available at the time when the study is conducted and provide a framework for the study required by subsection (a), on the effects of the COVID–19 pandemic (as of such time) on the travel and tourism industry, including various segments of the travel and tourism industry, such as domestic, international, leisure, business, conventions, meetings, and events; and</text></paragraph><paragraph commented="no" id="HCE01909D36C043C5BDB22FCA56B49DE4"><enum>(2)</enum><text display-inline="yes-display-inline">submit to the Committee on Energy and Commerce of the House of Representatives and the Committee on Commerce, Science, and Transportation of the Senate, and make publicly available on the website of the Department of Commerce, an interim report that contains the results of the interim study required by paragraph (1).</text></paragraph></subsection><subsection id="H1AB374E893D54B51B986B29A84834239"><enum>(f)</enum><header>Definitions</header><text>In this section:</text><paragraph id="H222D44E2A01F44CF9118626972C78250"><enum>(1)</enum><header>Pandemic period</header><text display-inline="yes-display-inline">The term <term>pandemic period</term> has the meaning given the term <quote>emergency period</quote> in section 1135(g)(1)(B) of the Social Security Act (<external-xref legal-doc="usc" parsable-cite="usc/42/1320b-5">42 U.S.C. 1320b–5(g)(1)(B)</external-xref>), excluding any portion of such period after the date that is 1 year after the date of the enactment of this Act.</text></paragraph><paragraph id="HB794CEFE1D264541AB969FD5B4C1C9DC"><enum>(2)</enum><header>Secretary</header><text>The term <term>Secretary</term> means the Secretary of Commerce.</text></paragraph><paragraph id="H8C3F857E57414AD2B3DEC0321DD94418"><enum>(3)</enum><header>Travel and tourism industry</header><text>The term <term>travel and tourism industry</term> means the travel and tourism industry in the United States. </text></paragraph></subsection></section></legis-body></bill> 

