<?xml version="1.0"?>
<?xml-stylesheet type="text/xsl" href="billres.xsl"?>
<!DOCTYPE bill PUBLIC "-//US Congress//DTDs/bill.dtd//EN" "bill.dtd">
<bill bill-stage="Introduced-in-Senate" dms-id="A1" public-private="public" slc-id="S1-DAV20F44-37C-8C-T16"><metadata xmlns:dc="http://purl.org/dc/elements/1.1/">
<dublinCore>
<dc:title>117 S37 IS: Preventing Future Pandemics Act of 2021</dc:title>
<dc:publisher>U.S. Senate</dc:publisher>
<dc:date>2021-01-25</dc:date>
<dc:format>text/xml</dc:format>
<dc:language>EN</dc:language>
<dc:rights>Pursuant to Title 17 Section 105 of the United States Code, this file is not subject to copyright protection and is in the public domain.</dc:rights>
</dublinCore>
</metadata>
<form>
<distribution-code display="yes">II</distribution-code><congress>117th CONGRESS</congress><session>1st Session</session><legis-num>S. 37</legis-num><current-chamber>IN THE SENATE OF THE UNITED STATES</current-chamber><action><action-date date="20210125">January 25, 2021</action-date><action-desc><sponsor name-id="S287">Mr. Cornyn</sponsor> (for himself, <cosponsor name-id="S370">Mr. Booker</cosponsor>, <cosponsor name-id="S384">Mr. Tillis</cosponsor>, and <cosponsor name-id="S277">Mr. Carper</cosponsor>) introduced the following bill; which was read twice and referred to the <committee-name committee-id="SSFR00">Committee on Foreign Relations</committee-name></action-desc></action><legis-type>A BILL</legis-type><official-title> To address the public health risks posed by wildlife markets, and for other purposes. </official-title></form><legis-body><section id="S1" section-type="section-one"><enum>1.</enum><header>Short title</header><text display-inline="no-display-inline">This Act may be cited as the <quote><short-title>Preventing Future Pandemics Act of 2021</short-title></quote>.</text></section><section id="idb524bb3d380143328cf1599f7dfc6ef3"><enum>2.</enum><header>Wildlife market defined</header><text display-inline="no-display-inline">In this Act, the term <term>wildlife market</term>—</text><paragraph id="idFC650C51832F4E67A753CFB0FCC36E39"><enum>(1)</enum><text display-inline="yes-display-inline">means a commercial market that—</text><subparagraph id="id2733f83b660140d3a86d68071ab85c32"><enum>(A)</enum><text>sells or slaughters terrestrial, including avian, wildlife for human consumption as food or medicine, whether the animals originated in the wild or in a captive environment; and</text></subparagraph><subparagraph id="idf546ae52d34749868b684c8a2107d77e"><enum>(B)</enum><text>delivers a product in communities where alternative nutritional or protein sources are available; and</text></subparagraph></paragraph><paragraph id="id18de6a0b510f4a4fba0239c5375e3282"><enum>(2)</enum><text>does not include markets in areas where no other practical alternative sources of protein or meat exists, such as wildlife markets in rural areas on which indigenous people rely to feed themselves and their families.</text></paragraph></section><section id="idc60dae43f58a48e7816980409a87d122"><enum>3.</enum><header>Study on risk of wildlife markets on the emergence of novel viral pathogens</header><text display-inline="no-display-inline">Not later than 30 days after the date of the enactment of this Act, the Secretary of Health and Human Services shall seek to enter into an agreement with the National Academies of Sciences, Engineering, and Medicine under which the National Academies of Sciences, Engineering, and Medicine agrees to—</text><paragraph id="id846da537dbb040908860cdde1f38b60e"><enum>(1)</enum><text>conduct a study to evaluate—</text><subparagraph id="id8208867c8d8c453ba3f98647ec70558e"><enum>(A)</enum><text>the impact of physical proximity and consumption of terrestrial wildlife as food or medicine on the emergence of viral and other microbial pathogens;</text></subparagraph><subparagraph id="id5933e092245b41f59c5b7f140d800732"><enum>(B)</enum><text>the impact of consumption of terrestrial wildlife as food or medicine on the transmission of novel viral and other microbial pathogens;</text></subparagraph><subparagraph id="idf344665cea1d46a88872e5e646fade41"><enum>(C)</enum><text>the role consumption of terrestrial wildlife as food or medicine has on the transmission of microbes from animals to humans; and</text></subparagraph><subparagraph id="id820b53f7f9b043ac94bab1f9f7df5a0a"><enum>(D)</enum><text>the conditions at live wildlife markets that lead to transmission of zoonotic diseases; and</text></subparagraph></paragraph><paragraph id="id94b8478910de4cd694b2cac36688bf41"><enum>(2)</enum><text>not later than one year after the date of such agreement, submit a report to the Committee on Health, Education, Labor, and Pensions of the Senate and the Committee on Energy and Commerce of the House of Representatives on the findings of the study described in paragraph (1).</text></paragraph></section><section id="ide086ea447b2b40ba8afd4f3fc1990dd7"><enum>4.</enum><header>International cooperation</header><subsection id="idba0099521c5544fd8f996bed1abff8b6"><enum>(a)</enum><header>Sense of Congress</header><text>It is the sense of Congress that global institutions, including the Food and Agriculture Organization of the United Nations (FAO), the World Organisation for Animal Health (OIE), and the World Health Organization (WHO), together with leading nongovernmental organizations, veterinary colleges, and the United States Agency for International Development (USAID), should promote the paradigm of One Health—the integration of human health, animal health, agriculture, ecosystems, and the environment as an effective and integrated way to address the complexity of emerging disease threats.</text></subsection><subsection id="id647270a223634ee79e01c63cb9dc972d"><enum>(b)</enum><header>Statement of policy</header><text>It is the policy of the United States to facilitate international cooperation by working with international partners and through intergovernmental, international, and nongovernmental organizations such as the United Nations to—</text><paragraph id="idbe48e570da2e46d4a83dbc9634af479b"><enum>(1)</enum><text>lead a resolution at the United Nations Security Council or General Assembly and World Health Assembly outlining the danger to human and animal health from emerging zoonotic infectious diseases, with recommendations for implementing the worldwide closure of wildlife markets and the ending of the associated commercial trade of terrestrial wildlife that feed and supply those markets, except for in such countries or regions where the consumption of wildlife is necessary for local food security or where such actions would significantly disrupt a readily available and irreplaceable food supply;</text></paragraph><paragraph id="id67980edafb294463949e0f13583be513"><enum>(2)</enum><text>work with governments through existing treaties and the United Nations to develop a new protocol or agreement, and amend existing protocols or agreements, regarding stopping deforestation and other ecosystem destruction, closing commercial wildlife markets for human consumption, and end the associated commercial trade of terrestrial wildlife that feed and supply those markets while ensuring full consideration to the needs and rights of indigenous peoples and local communities that are dependent on wildlife for their food security, national sovereignty, and local laws and customs;</text></paragraph><paragraph id="idb861d0d1fa3642918ef84008a48cc529"><enum>(3)</enum><text>disrupt and ultimately end the commercial international trade in terrestrial wildlife associated with wildlife markets and eliminate commercial wildlife markets;</text></paragraph><paragraph id="id8ade7b8d8cc64598a9fc0a2c6ccab0f2"><enum>(4)</enum><text>disrupt and ultimately eliminate wildlife trafficking associated with the operation of wildlife markets;</text></paragraph><paragraph id="idf7051c49df50494f97e4cb2100b544f4"><enum>(5)</enum><text>raise awareness on the dangerous potential of wildlife markets as a source of zoonotic diseases such as the novel coronavirus that causes the disease COVID–19 and reduce demand for the consumption of wildlife through evidence-based behavior change programs while ensuring that existing wildlife habitat is not encroached upon or destroyed as part of this process;</text></paragraph><paragraph id="idec26153420bf40bb917f5a11f176e73e"><enum>(6)</enum><text>encourage and support alternate forms of food production, farming, and shifts to domestic animal- or plant-source foods instead of terrestrial wildlife where able and appropriate, and reduce consumer demand for terrestrial wildlife through enhanced local and national food systems, especially in areas where wildlife markets play a significant role in meeting subsistence needs while ensuring that existing wildlife habitat is not encroached upon or destroyed as part of this process; and</text></paragraph><paragraph id="id832b5d4307e5493b863917fa75e9645e"><enum>(7)</enum><text>strive to increase hygienic standards implemented in markets around the globe, especially those specializing in the sale of products intended for human consumption.</text></paragraph></subsection><subsection id="id0d773bf3ec9d4e0f804be2c709fdacde"><enum>(c)</enum><header>Activities</header><paragraph id="idd0b4450e41da4e37b3e9ca8e7ed582d5"><enum>(1)</enum><header>Global prohibitions and enforcement</header><text>The United States Government, working through the United Nations and its components, as well as international organization such as Interpol and the World Organisation for Animal Health, and in furtherance of the policies described in subsection (b), shall—</text><subparagraph id="id54791ce9fe27406dbf789344fb52de1d"><enum>(A)</enum><text>collaboratively with other member states, issue declarations, statements, and communiques urging a global ban on commercial wildlife markets and trade for human consumption; and</text></subparagraph><subparagraph id="idb3ecbcefd6f74f4d9730aafca0112dac"><enum>(B)</enum><text>urge increased enforcement of existing laws to end wildlife trafficking.</text></subparagraph></paragraph><paragraph id="ide4250fcdfe9740a596e71167b6033bb8"><enum>(2)</enum><header>International coalitions</header><text>The Secretary of State shall seek to build international coalitions focused on ending commercial wildlife markets for human consumption and associated wildlife trade which feeds and supplies said markets, with a focus on the following efforts:</text><subparagraph id="id6a3af1af030544e5b932e18f2ea6a4e1"><enum>(A)</enum><text>Providing assistance and advice to other governments in the adoption of legislation and regulations to close wildlife markets and trade for human consumption.</text></subparagraph><subparagraph id="idb8b537a8fcb74382beed8d6f4e34fe53"><enum>(B)</enum><text>Creating economic pressure on wildlife markets and their supply chains to prevent their operation.</text></subparagraph><subparagraph id="id9c3cf63f739e43248bb2b14d8cedb21b"><enum>(C)</enum><text>Providing assistance and guidance to other governments to prohibit the import, export, and domestic trade of live terrestrial wildlife for the purpose of human consumption.</text></subparagraph><subparagraph id="id478c84c8fa644a6496383f44ab8a5673"><enum>(D)</enum><text>Engaging and receiving guidance from key stakeholders at the ministerial, local government, and civil society level in countries that will be impacted by this Act and where wildlife markets and associated wildlife trafficking is the predominant source of meat or protein, in order to mitigate the impact of any international efforts on local customs, conservation methods, or cultural norms.</text></subparagraph></paragraph><paragraph id="id8ea5cc096687400ab5b5b46c61daf1f5"><enum>(3)</enum><header>Authorization of imposition of sanctions</header><subparagraph id="id9979bc7a1b8b463798c175f52f2d23b6"><enum>(A)</enum><header>Finding and report required</header><clause id="idBBED1F1DAAB24317853EDBA2BD18F5DB"><enum>(i)</enum><header>In general</header><text>The Secretary of State shall submit a report to the President if the Secretary, in consultation with the Secretary of Health and Human Services, the Secretary of the Interior, and the Administrator of the United States Agency for International Development, finds that—</text><subclause id="id8948382ab7d74eb0975e9a48e6ef3e34"><enum>(I)</enum><text>a foreign country—</text><item id="id3fb7bbaf18574b38b1d9b87ae31152d6"><enum>(aa)</enum><text>continues to license or enable commercial wildlife markets; or</text></item><item id="idc6eb6c4fb9354e139ffb6f8801dd0b26"><enum>(bb)</enum><text>does not enact regulations consistent with subsection (b) to ultimately eliminate those markets; or</text></item></subclause><subclause id="id85efe83e57fb4f588e4f4f8e38db52e3"><enum>(II)</enum><text>nationals of a foreign country, based on credible evidence, are trafficking or otherwise moving commercial quantities of wildlife intended for human consumption.</text></subclause></clause><clause id="id8912c5219b104f82aa55ac899762fdad"><enum>(ii)</enum><header>Monitoring and investigations</header><text>In administering this subparagraph, the Secretary of State, in consultation with the Secretary of Health and Human Services, the Secretary of the Interior, and the Administrator of the United States Agency for International Development, shall—</text><subclause id="idc8e8d11d40ec427aa7ab1cb2d13531eb"><enum>(I)</enum><text>periodically monitor the activities of foreign entities described in clause (i);</text></subclause><subclause id="id8bcb6acc42fa45949429968672ef9b5d"><enum>(II)</enum><text>promptly investigate any activity by foreign entities that, in the opinion of the Secretary, may be cause for reporting under clause (i); and</text></subclause><subclause id="id1a9ebecb08cb45f19ce7d1542fabcc78"><enum>(III)</enum><text>promptly conclude, and reach a decision with respect to, any investigation commenced under subclause (II).</text></subclause></clause><clause id="id4295f3d22ac04a95b1081048fe521ae6"><enum>(iii)</enum><header>Transmission to Congress</header><text>Not later than 15 days after submitting a report to the President under clause (i), Secretary of State shall transmit the report to Congress.</text></clause></subparagraph><subparagraph id="ide343c1c8a17c42c4922d40b511a0e543"><enum>(B)</enum><header>Penalties</header><text>After receiving a report under subparagraph (A)(i) with respect to a country, the President may impose such economic, diplomatic, or other penalties as the President considers appropriate with respect to that country or nationals of that country, including the following:</text><clause id="idbe684ab6614f4b559abd5960c7a6d7fa"><enum>(i)</enum><header>Prohibition on importation</header><text>The President may direct the Secretary of the Treasury to prohibit the importation into the United States of any articles from the country for such period of time as the President determines appropriate and to the extent that such prohibition is permitted by the World Trade Organization (as defined in section 2(8) of the Uruguay Round Agreements Act (<external-xref legal-doc="usc" parsable-cite="usc/19/3501">19 U.S.C. 3501(8)</external-xref>)) or pursuant to the multilateral trade agreements (as defined in section 2(4) of the Uruguay Round Agreements Act (<external-xref legal-doc="usc" parsable-cite="usc/19/3501">19 U.S.C. 3501(4)</external-xref>)).</text></clause><clause id="id70266e26cad244709008060686964bc5"><enum>(ii)</enum><header>Exclusion from United States</header><subclause id="ida4da8e9f979540febd1fa29716bdee79"><enum>(I)</enum><header>In general</header><text>The President may direct the Secretary of State to deny a visa to, and the Secretary of Homeland Security to exclude from the United States, any national described in subparagraph (A)(i)(II).</text></subclause><subclause id="id15d0185c83204474a867446ebf865567"><enum>(II)</enum><header>Exception to comply with international obligations and for law enforcement activities</header><text>Subclause (I) shall not apply with respect to an individual if admitting or paroling the individual into the United States is necessary—</text><item id="id7b7c936127f041d395d3659754eabe43"><enum>(aa)</enum><text>to permit the United States to comply with the Agreement regarding the Headquarters of the United Nations, signed at Lake Success June 26, 1947, and entered into force November 21, 1947, between the United Nations and the United States, or other applicable international obligations; or</text></item><item id="id9adbb9982a95435e868b6471f1b1ecf1"><enum>(bb)</enum><text>to carry out or assist law enforcement activity in the United States.</text></item></subclause></clause><clause id="id5d0332eb4a8e47e0bc3afac81584655c"><enum>(iii)</enum><header>Blocking of property</header><text>The President may exercise all of the powers granted to the President under the International Emergency Economic Powers Act (<external-xref legal-doc="usc" parsable-cite="usc/50/1701">50 U.S.C. 1701</external-xref> et seq.) to the extent necessary to block and prohibit all transactions in property and interests in property of any national of the country described in subparagraph (A)(II), if such property and interests in property are in the United States, come within the United States, or are or come within the possession or control of a United States person.</text></clause><clause id="ida697a989b93d42c5bf2434a8ee68b31a"><enum>(iv)</enum><header>Prevention of access to international payment channels</header><text>The President may work with international partners to prevent access to the Society for Worldwide Interbank Financial Telecommunications (commonly known as <quote>SWIFT</quote>) network and other payment channels by any national of the country described in subparagraph (A)(II).</text></clause></subparagraph><subparagraph id="id2c2c480416f54904a35e9c61a988fe8e"><enum>(C)</enum><header>Notification to Congress</header><text>Not later than 60 days after receiving a report under subparagraph (A)(i) with respect to a country—</text><clause id="id20F6F23A9F5B4042BFB40A5792B79D3A"><enum>(i)</enum><text>the President shall notify Congress of any action taken by the President pursuant to the report; and</text></clause><clause id="idDEBE8BB0097C4E64B4387ABD496908DF"><enum>(ii)</enum><text>if the President decides not to direct the Secretary of the Treasury to prohibit the importation of terrestrial wildlife from the country, or directs the Secretary to prohibit the importation of less than all fish, wildlife, or related articles of the country, the President shall include in the notification required by clause (i) a statement of the reasons for that decision.</text></clause></subparagraph><subparagraph id="idde70e2ca840743f282321c7a24c38baa"><enum>(D)</enum><header>Periodic review and termination</header><clause id="idB8E4574C2C6E4FE4889E00AE071F994C"><enum>(i)</enum><header>Periodic review</header><text>After submitting a report to the President under subparagraph (A)(i) with respect to a country, the Secretary of State, in consultation with the Secretary of Health and Human Services, the Secretary of the Interior, and the Administrator of the United States Agency for International Development, shall periodically, but not less frequently than every 2 years, review the actions of the country and nationals of the country to determine if the reasons for the finding of the Secretary under that subparagraph still exist. </text></clause><clause id="id602D9901557E476B8D44F6AA3B02F3AF"><enum>(ii)</enum><header>Termination</header><text>Upon making a determination under clause (i) that the reasons for a finding under subparagraph (A)(i) with respect to a country no longer exist, the Secretary of State shall publish in the Federal Register notice of the determination and a statement of the facts on which the determination is based. </text></clause></subparagraph></paragraph></subsection><subsection id="id0fc2a060b9214d69923711c29478144f"><enum>(d)</enum><header>United States Agency for International Development</header><paragraph id="idbda48b6cb9474126ba12e98dbf65e103"><enum>(1)</enum><header>Sustainable food systems funding</header><subparagraph id="idd58d175c680845bd906f4a6d1e28e0eb"><enum>(A)</enum><header>Authorization of appropriations</header><text>In addition to any other amounts provided for such purposes, there is authorized to be appropriated $300,000,000 for each fiscal year from 2021 through 2030 to the United States Agency for International Development to reduce demand for consumption of wildlife from wildlife markets and support shifts to diversified alternative sources of food and protein in communities that rely upon the consumption of wildlife for food security while ensuring that existing wildlife habitat is not encroached upon or destroyed as part of this process. </text></subparagraph><subparagraph id="id427ad5ce175f405baef8595dd1715e58"><enum>(B)</enum><header>Activities</header><text>The Bureau for Economic Growth, Education, and Environment, the Bureau for Resilience and Food Security, and the Bureau for Global Health of the United States Agency for International Development shall, in partnership with United States institutions of higher education and nongovernmental organizations, co-develop approaches focused on safe, sustainable food systems that support and incentivize the replacement of terrestrial wildlife in diets while ensuring that existing wildlife habitat is not encroached upon or destroyed as part of this process.</text></subparagraph></paragraph><paragraph id="idf4b247c6bf5a4460a1c8cfe82408f676"><enum>(2)</enum><header>Addressing threats and causes of zoonotic disease outbreaks</header><text>The Administrator of the United States Agency for International Development shall increase activities in USAID programs related to biodiversity, wildlife trafficking, sustainable landscape, global health, food security, and resilience in order to address the threats and causes of zoonotic disease outbreaks, including through—</text><subparagraph id="id4ddfb3d7ce5943ba80beecd926e6e3d8"><enum>(A)</enum><text>education;</text></subparagraph><subparagraph id="idca10ff63cf964699a3c0b8beff5b1ded"><enum>(B)</enum><text>capacity building;</text></subparagraph><subparagraph id="id8532fbf2a7a74400ab8752f2597544ea"><enum>(C)</enum><text>strengthening human health surveillance systems for emergence of zoonotic disease, and strengthening cross-sectoral collaboration to align risk reduction approaches;</text></subparagraph><subparagraph id="id2c416e33a3724c5b9266df292a7e6b8f"><enum>(D)</enum><text>improved domestic and wild animal disease surveillance and control at production and market levels;</text></subparagraph><subparagraph id="id3cf62f371aa54399b57bc2c1752a87ae"><enum>(E)</enum><text>development of alternative livelihood opportunities where possible;</text></subparagraph><subparagraph id="idd3947d4b2f9049a3b4aa39700f519dfb"><enum>(F)</enum><text>conservation of intact ecosystems and reduction of fragmentation and conversion of natural habitats to prevent the creation of new pathways for zoonotic disease transmission;</text></subparagraph><subparagraph id="id57ac800294014a528e7d68294030f9e2"><enum>(G)</enum><text>minimizing interactions between domestic livestock and wild animals in markets and captive production; and</text></subparagraph><subparagraph id="idde4a0ed5a046490d8baba7f3b7e6556b"><enum>(H)</enum><text>supporting shifts from wildlife markets to diversified, safe, affordable, and accessible protein such as domestic animal- and plant-source foods through enhanced local and national food systems while ensuring that existing wildlife habitat is not encroached upon or destroyed as part of this process.</text></subparagraph></paragraph><paragraph id="id6391d2b5f84c456990fd8fdf28abdb3b"><enum>(3)</enum><header>Immediate relief funding to stabilize protected areas</header><text>The Administrator of the United States Agency for International Development shall administer immediate relief funding to stabilize protected areas and conservancies.</text></paragraph></subsection><subsection id="id33e63fcdf0904eaba3c59b694fb5bee8"><enum>(e)</enum><header>Staffing requirements</header><paragraph id="idfcf077900e9a4f64abd26242b2e2e69a"><enum>(1)</enum><header>Office of terrorism and financial intelligence</header><text>The Under Secretary of the Treasury for Terrorism and Financial Intelligence is encouraged to hire additional investigators to bolster capacity for investigations and sanctions focused on individuals engaged in the activities described in subsection (c)(3)(A).</text></paragraph><paragraph id="ida2aa26d6012349218fcb89ed6669462a"><enum>(2)</enum><header>United States Agency for International Development</header><text>The Administrator of the United States Agency for International Development, in collaboration with the United States Fish and Wildlife Service, the United States Department of Agriculture Animal and Plant Health Inspection Service, and other Federal entities as appropriate, is authorized to hire additional personnel—</text><subparagraph id="idcff06389a08641ce803fdf16da8f7782"><enum>(A)</enum><text>to undertake programs aimed at reducing the risks of endemic and emerging infectious diseases and exposure to antimicrobial resistant pathogens;</text></subparagraph><subparagraph id="id744732374e6d461e862873466ac2afd1"><enum>(B)</enum><text>to provide administrative support and resources to ensure effective and efficient coordination of funding opportunities and sharing of expertise from relevant USAID bureaus and programs, including emerging pandemic threats;</text></subparagraph><subparagraph id="ida27f17e23c6745ffaa9d059e91deee58"><enum>(C)</enum><text>to award funding to on-the-ground projects;</text></subparagraph><subparagraph id="id5d05a1ef73e54d009c46a750eddda567"><enum>(D)</enum><text>to provide project oversight to ensure accountability and transparency in all phases of the award process; and</text></subparagraph><subparagraph id="id565d39775f3041ca89eaadd544eab370"><enum>(E)</enum><text>to undertake additional activities under this Act.</text></subparagraph></paragraph></subsection><subsection id="idf60ec3ca3f074901abf7aa215321ae51"><enum>(f)</enum><header>Reporting requirements</header><paragraph id="id4e7ffbac71b040408eefb5dc80cd5bf1"><enum>(1)</enum><header>Department of State</header><text>Not later than 180 days after the date of the enactment of this Act, and annually thereafter until 2030, the Secretary of State shall submit to the appropriate congressional committees a report describing—</text><subparagraph id="id51a9d5e9e6a545d5beb0f605187376c8"><enum>(A)</enum><text>the actions taken pursuant to this Act;</text></subparagraph><subparagraph id="id08b4abd378b44920bd740317a0af28c8"><enum>(B)</enum><text>the impact and effectiveness of international cooperation on ending the use and operation of wildlife markets;</text></subparagraph><subparagraph id="id81769fc99ad0403bb4d1638f28ce2e66"><enum>(C)</enum><text>the impact and effectiveness of international cooperation on ending wildlife trafficking associated with wildlife markets; and</text></subparagraph><subparagraph id="idc3d1e0c56fb1457fa6c6969b108581f9"><enum>(D)</enum><text>the impact and effectiveness of international cooperation on ending the international trade in live terrestrial wildlife for human consumption as food or medicine.</text></subparagraph></paragraph><paragraph id="id08c908375c85465ab1e10dd29a7a1d2a"><enum>(2)</enum><header>United States Agency for International Development</header><text>Not later than 180 days after the date of the enactment of this Act, the Administrator of the United States Agency for International Development shall submit to the appropriate congressional committees a report—</text><subparagraph id="id8306e6b09b0d444fbfbe49a4fb1802d4"><enum>(A)</enum><text>describing the actions taken pursuant to this Act;</text></subparagraph><subparagraph id="id085f86bef2224ae1a02052e570ea646d"><enum>(B)</enum><text>describing the impact and effectiveness of reducing demand for consumption of wildlife and associated wildlife markets;</text></subparagraph><subparagraph id="id86f33499fd3a4910afaba3a4c7336638"><enum>(C)</enum><text>summarizing additional personnel hired with funding authorized under this Act, including the number hired in each bureau; and</text></subparagraph><subparagraph id="idfeba06abaa834606b82f8876733ceeed"><enum>(D)</enum><text>describing partnerships developed with other institutions of higher learning and nongovernmental organizations.</text></subparagraph></paragraph></subsection></section><section id="idf92675e2612a41e0a8a314ca22130bf0"><enum>5.</enum><header>Prohibition of import, export, and sale of certain live wild animals for human consumption</header><subsection id="id4B95CE07F6DC4690B7EE59538BA2586B"><enum>(a)</enum><header>Prohibition</header><paragraph id="idAFD004B4CF064005AD3F92EBDE37E3E8"><enum>(1)</enum><header>In general</header><text display-inline="yes-display-inline"><external-xref legal-doc="usc-chapter" parsable-cite="usc-chapter/18/3">Chapter 3</external-xref> of title 18, United States Code, is amended by inserting after <external-xref legal-doc="usc" parsable-cite="usc/18/43">section 43</external-xref> the following:</text><quoted-block style="USC" display-inline="no-display-inline" id="id6169DCBFFBAD45F99CB3C5FCBD19B63B"><section id="idE928FF8994D047F58B26C07FF52E9C67"><enum>44.</enum><header>Prohibition of import, export, and sale of certain live wild animals for human consumption</header><subsection id="id5d1b52ca70d842ff91b661167637aebe"><enum>(a)</enum><header>Definitions</header><text>In this section—</text><paragraph id="id15efec6df95d47daba01eed036c258bc"><enum>(1)</enum><text>the phrase <term>human consumption</term> shall include all consumption as food or medicine except consumption that is incidental to lawful hunting activity.</text></paragraph><paragraph id="idf57a0ad101bd4396966b2aef16d90171"><enum>(2)</enum><text>the term <term>live wild animal</term> means a live wild mammal, bird, reptile, or amphibian, whether or not bred, hatched, or born in captivity with the exception of ruminants; and</text></paragraph><paragraph id="id3ec6ea80d76e47a58c09652ff0444682"><enum>(3)</enum><text>the term <term>wild</term> has the meaning given that term in section 42.</text></paragraph></subsection><subsection id="ide39efe26e35246b999352e4808128f41"><enum>(b)</enum><header>Prohibitions</header><text>It shall be unlawful for any person—</text><paragraph id="id0cd8a17538ab4cd39ea09c05a1559fcc"><enum>(1)</enum><text>to import or export any live wild animal for human consumption as food or medicine;</text></paragraph><paragraph id="id7549585bcfca4cdabbd95c1007012353"><enum>(2)</enum><text>to sell for human consumption as food or medicine a live wild animal, including through sale or purchase at a live animal market; or</text></paragraph><paragraph id="id26067f6e5f104225900c18a4b45068b7"><enum>(3)</enum><text>to attempt to commit any act described in paragraph (1) or (2).</text></paragraph></subsection><subsection id="idb1e3dc4338cc471c93404ce8bf976d5d"><enum>(c)</enum><header>Penalties</header><paragraph id="id4dd5534dfcce40dabaa48478ac90039d"><enum>(1)</enum><header>In general</header><text>Any person who knowingly violates subsection (b) shall be fined not more than $100,000, imprisoned for not more than 5 years, or both.</text></paragraph><paragraph id="idfa18ca36fd7d4a3a969664bd95921dc6"><enum>(2)</enum><header>Multiple violations</header><text>Each violation of subsection (b) shall constitute a separate offense.</text></paragraph><paragraph id="id560c858d80834630b90820e72431570d"><enum>(3)</enum><header>Venue</header><text>A violation of subsection (b) may be prosecuted in the judicial district in which the violation first occurred and any judicial district in which the defendant sold the live wild animal.</text></paragraph></subsection></section><after-quoted-block>.</after-quoted-block></quoted-block></paragraph><paragraph id="id2b4e81eea57d455ead16820bcae2a039"><enum>(2)</enum><header>Conforming amendment</header><text>The table of sections for <external-xref legal-doc="usc-chapter" parsable-cite="usc-chapter/18/3">chapter 3</external-xref> of title 18, United States Code, is amended by inserting after the item relating to <external-xref legal-doc="usc" parsable-cite="usc/18/43">section 43</external-xref> the following:</text><quoted-block style="USC" id="ida5e1815a-4501-4e85-b47c-1651af1ee0d1"><toc><toc-entry level="section" idref="idE928FF8994D047F58B26C07FF52E9C67">44. Prohibition of import, export, and sale of certain live wild animals for human consumption.</toc-entry></toc><after-quoted-block>.</after-quoted-block></quoted-block></paragraph></subsection><subsection id="idb2c5496ac7de4bb4b9cfc7c2171cf3ae"><enum>(b)</enum><header>Funding</header><text>There is authorized to be appropriated to carry out section 44 of title 18, United States Code, as added by subsection (a), $35,000,000 for each of fiscal years 2021 through 2030.</text></subsection></section><section id="id23b47f7a643244d9965adbc2ff9b50f0"><enum>6.</enum><header>Law enforcement attache deployment</header><subsection id="id9b718ebebdc2473c9d2476a7ec90b72e"><enum>(a)</enum><header>In general</header><text>Beginning in fiscal year 2021, the Secretary of the Interior, acting through the Director of the United States Fish and Wildlife Service, in consultation with the Secretary of State, shall require the Chief of Law Enforcement of the United States Fish and Wildlife Service to hire, train, and deploy not fewer than 50 new United States Fish and Wildlife Service law enforcement attaches, and appropriate additional support staff, at one or more United States embassies, consulates, commands, or other facilities—</text><paragraph id="idc0e0c934b40246f896d51dc19bdaad53"><enum>(1)</enum><text>in one or more countries designated as a focus country or a country of concern in the most recent report submitted under section 201 of the Eliminate, Neutralize, and Disrupt Wildlife Trafficking Act of 2016 (<external-xref legal-doc="usc" parsable-cite="usc/16/7621">16 U.S.C. 7621</external-xref>); and</text></paragraph><paragraph id="id405e8431e25c4a00bfa662bcc630d938"><enum>(2)</enum><text>in such additional countries or regions, as determined by the Secretary of Interior, that are known or suspected to be a source of illegal trade of species listed—</text><subparagraph id="id49f8810d32cf42959fdfb775f57bcee9"><enum>(A)</enum><text>as threatened species or endangered species under the Endangered Species Act of 1973 (<external-xref legal-doc="usc" parsable-cite="usc/16/1531">16 U.S.C. 1531</external-xref> et seq.); or</text></subparagraph><subparagraph id="id6716f8f4879e45538b3fa0fff2e9ee8c"><enum>(B)</enum><text>under appendix I of the Convention on International Trade in Endangered Species of Wild Fauna and Flora, done at Washington March 3, 1973 (27 UST 1087; TIAS 8249). </text></subparagraph></paragraph></subsection><subsection id="idbcda80f862814201b7d925654c0a3f9b" commented="no" display-inline="no-display-inline"><enum>(b)</enum><header>Funding</header><text>There is authorized to be appropriated to carry out this section $150,000,000 for each of fiscal years 2021 through 2030.</text></subsection></section></legis-body></bill> 

