<?xml version="1.0"?>
<?xml-stylesheet type="text/xsl" href="billres.xsl"?>
<!DOCTYPE bill PUBLIC "-//US Congress//DTDs/bill.dtd//EN" "bill.dtd">
<bill bill-type="olc" bill-stage="Introduced-in-Senate" dms-id="A1" public-private="public" slc-id="S1-HEN21288-4TJ-7V-JGT"><metadata xmlns:dc="http://purl.org/dc/elements/1.1/">
<dublinCore>
<dc:title>117 S318 IS: Presidential Pardon Transparency Act of 2021</dc:title>
<dc:publisher>U.S. Senate</dc:publisher>
<dc:date>2021-02-12</dc:date>
<dc:format>text/xml</dc:format>
<dc:language>EN</dc:language>
<dc:rights>Pursuant to Title 17 Section 105 of the United States Code, this file is not subject to copyright protection and is in the public domain.</dc:rights>
</dublinCore>
</metadata>
<form>
<distribution-code display="yes">II</distribution-code><congress>117th CONGRESS</congress><session>1st Session</session><legis-num>S. 318</legis-num><current-chamber>IN THE SENATE OF THE UNITED STATES</current-chamber><action><action-date date="20210212">February 12, 2021</action-date><action-desc><sponsor name-id="S322">Mr. Merkley</sponsor> (for himself, <cosponsor name-id="S247">Mr. Wyden</cosponsor>, <cosponsor name-id="S361">Ms. Hirono</cosponsor>, and <cosponsor name-id="S341">Mr. Blumenthal</cosponsor>) introduced the following bill; which was read twice and referred to the <committee-name committee-id="SSJU00">Committee on the Judiciary</committee-name></action-desc></action><legis-type>A BILL</legis-type><official-title>To require the publication of the name of any person pardoned by the President, and for other purposes.</official-title></form><legis-body style="OLC" display-enacting-clause="yes-display-enacting-clause" id="H0583227888B7454C82BB93155E8D4DFF"><section section-type="section-one" id="H1478073FCBE44CE7ACC4CD25BA2A9BCD"><enum>1.</enum><header>Short title</header><text display-inline="no-display-inline">This Act may be cited as the <quote><short-title>Presidential Pardon Transparency Act of 2021</short-title></quote>.</text></section><section id="H6838B5109C4C4D21B389B2EA2A11577A"><enum>2.</enum><header>Publication of pardons</header><text display-inline="no-display-inline">Not later than 3 days after the date on which the President grants any reprieve or pardon for an offense against the United States, the Attorney General shall publish in the Federal Register and on the official website of the President the following:</text><paragraph id="HE2BF3DDF2FA143199AF0497824618397"><enum>(1)</enum><text>The name of the person.</text></paragraph><paragraph id="H543E80730EBB443DB86BDFE1D939CCF2"><enum>(2)</enum><text>The date on which the reprieve or pardon was issued.</text></paragraph><paragraph id="H5C6AC6CDD5934B528A630C695E9A188E"><enum>(3)</enum><text>The full text of the reprieve or pardon.</text></paragraph></section></legis-body></bill> 

