<?xml version="1.0"?>
<?xml-stylesheet type="text/xsl" href="billres.xsl"?>
<!DOCTYPE bill PUBLIC "-//US Congress//DTDs/bill.dtd//EN" "bill.dtd">
<bill bill-stage="Introduced-in-Senate" dms-id="A1" public-private="public" slc-id="S1-FLO21030-8XG-30-75S"><metadata xmlns:dc="http://purl.org/dc/elements/1.1/">
<dublinCore>
<dc:title>117 S22 IS: To designate the mountain at the Devils Tower National Monument, Wyoming, as Devils Tower, and for other purposes.</dc:title>
<dc:publisher>U.S. Senate</dc:publisher>
<dc:date></dc:date>
<dc:format>text/xml</dc:format>
<dc:language>EN</dc:language>
<dc:rights>Pursuant to Title 17 Section 105 of the United States Code, this file is not subject to copyright protection and is in the public domain.</dc:rights>
</dublinCore>
</metadata>
<form>
<distribution-code display="yes">II</distribution-code><congress>117th CONGRESS</congress><session>1st Session</session><legis-num>S. 22</legis-num><current-chamber>IN THE SENATE OF THE UNITED STATES</current-chamber><action><action-date>January 22, 2021</action-date><action-desc><sponsor name-id="S410">Ms. Lummis</sponsor> (for herself and <cosponsor name-id="S317">Mr. Barrasso</cosponsor>) introduced the following bill; which was read twice and referred to the <committee-name committee-id="SSEG00">Committee on Energy and Natural Resources</committee-name></action-desc></action><legis-type>A BILL</legis-type><official-title>To designate the mountain at the Devils Tower National Monument, Wyoming, as Devils Tower, and for other purposes.</official-title></form><legis-body display-enacting-clause="yes-display-enacting-clause"><section section-type="section-one" id="id53C26D061BAE461D981712C3017FAE89"><enum>1.</enum><header>Designation of Devils Tower</header><subsection id="id9f130ae26c834e0b8e689c256aa66e90"><enum>(a)</enum><header>In general</header><text>The mountain at the Devils Tower National Monument, Wyoming, located at 44°35′26″N, by 104°42′55″W, and the area located at 44°35′21″N, by 104°41′48″W, shall be known and designated as <quote>Devils Tower</quote>.</text></subsection><subsection id="id640a823a8c1e40089ce724616a729277"><enum>(b)</enum><header>References</header><text>Any reference in any law, map, regulation, order, document, paper, or other record of the United States to the mountain and area described in subsection (a) shall be deemed to be a reference to <quote>Devils Tower</quote>.</text></subsection></section></legis-body></bill>


