<?xml version="1.0"?>
<?xml-stylesheet type="text/xsl" href="billres.xsl"?>
<!DOCTYPE bill PUBLIC "-//US Congress//DTDs/bill.dtd//EN" "bill.dtd">
<bill bill-type="olc" bill-stage="Introduced-in-Senate" dms-id="A1" public-private="public" slc-id="S1-RYA21137-814-09-4HL"><metadata xmlns:dc="http://purl.org/dc/elements/1.1/">
<dublinCore>
<dc:title>117 S276 IS: Saving America’s Vulnerable and Endangered Species Act</dc:title>
<dc:publisher>U.S. Senate</dc:publisher>
<dc:date>2021-02-08</dc:date>
<dc:format>text/xml</dc:format>
<dc:language>EN</dc:language>
<dc:rights>Pursuant to Title 17 Section 105 of the United States Code, this file is not subject to copyright protection and is in the public domain.</dc:rights>
</dublinCore>
</metadata>
<form>
<distribution-code display="yes">II</distribution-code><congress>117th CONGRESS</congress><session>1st Session</session><legis-num>S. 276</legis-num><current-chamber>IN THE SENATE OF THE UNITED STATES</current-chamber><action><action-date date="20210208">February 8, 2021</action-date><action-desc><sponsor name-id="S355">Mr. Cruz</sponsor> (for himself and <cosponsor name-id="S348">Mr. Paul</cosponsor>) introduced the following bill; which was read twice and referred to the <committee-name committee-id="SSEV00">Committee on Environment and Public Works</committee-name></action-desc></action><legis-type>A BILL</legis-type><official-title>To amend the Endangered Species Act of 1973 to include a prohibition on the listing of a living nonnative species as a threatened species or an endangered species, and for other purposes.</official-title></form><legis-body style="OLC" display-enacting-clause="yes-display-enacting-clause" id="H4F7D0ABDF6BD45F68CBFD36DE59AB38B"><section section-type="section-one" id="H0CA982D5933D442C96FBCF0DC32015FC"><enum>1.</enum><header>Short title</header><text display-inline="no-display-inline">This Act may be cited as the <quote><short-title>Saving America’s Vulnerable and Endangered Species Act</short-title></quote> or the <quote><short-title>SAVES Act</short-title></quote> .</text></section><section section-type="subsequent-section" id="HE795D58E4E86478EBF308BF9EEFAB178"><enum>2.</enum><header>Prohibition on listing of living nonnative species as threatened species or endangered species</header><subsection id="H31A8AD88160C4BA7A7A7C5615B69A7C3"><enum>(a)</enum><header>Limitation</header><text display-inline="yes-display-inline">The <act-name parsable-cite="ESA">Endangered Species Act of 1973</act-name> (<external-xref legal-doc="usc" parsable-cite="usc/16/1531">16 U.S.C. 1531</external-xref> et seq.) is amended by adding at the end the following:</text><quoted-block style="OLC" display-inline="no-display-inline" id="id27E9A67B70A648439435F47F7C4F5469"><section id="id88B4FB6284D74E5AAD3737A3B1371853"><enum>19.</enum><header>Prohibition on listing of living nonnative species as threatened species or endangered species</header><text display-inline="no-display-inline">Notwithstanding any other provision of law, the Secretary shall not list under section 4(c) any living nonnative species.</text></section><after-quoted-block>.</after-quoted-block></quoted-block></subsection><subsection id="H0BC4D5A9B9574471ADD4C0B99EB0B5F5"><enum>(b)</enum><header>Conforming amendment</header><text>The table of contents for the <act-name parsable-cite="ESA">Endangered Species Act of 1973</act-name> (16 U.S.C. prec. 1531) is amended by inserting after the item relating to section 17 the following:</text><quoted-block style="OLC" display-inline="no-display-inline" id="idA755051A31364A0885517EC5EEC6C022"><toc regeneration="no-regeneration"><toc-entry bold="off" level="section">Sec. 18. Annual cost analysis by the Fish and Wildlife Service.</toc-entry><toc-entry level="section">Sec. 19. Prohibition on listing of living nonnative species as threatened species or endangered
			 species.</toc-entry></toc><after-quoted-block>.</after-quoted-block></quoted-block></subsection></section></legis-body></bill>


