<?xml version="1.0"?>
<?xml-stylesheet type="text/xsl" href="billres.xsl"?>
<!DOCTYPE bill PUBLIC "-//US Congress//DTDs/bill.dtd//EN" "bill.dtd">
<bill bill-stage="Introduced-in-Senate" dms-id="A1" public-private="public" slc-id="S1-DAV21260-FD6-C3-J01"><metadata xmlns:dc="http://purl.org/dc/elements/1.1/">
<dublinCore>
<dc:title>117 S434 IS: Iran Diplomacy Act of 2021</dc:title>
<dc:publisher>U.S. Senate</dc:publisher>
<dc:date>2021-02-24</dc:date>
<dc:format>text/xml</dc:format>
<dc:language>EN</dc:language>
<dc:rights>Pursuant to Title 17 Section 105 of the United States Code, this file is not subject to copyright protection and is in the public domain.</dc:rights>
</dublinCore>
</metadata>
<form>
<distribution-code display="yes">II</distribution-code><congress>117th CONGRESS</congress><session>1st Session</session><legis-num>S. 434</legis-num><current-chamber>IN THE SENATE OF THE UNITED STATES</current-chamber><action><action-date date="20210224">February 24, 2021</action-date><action-desc><sponsor name-id="S369">Mr. Markey</sponsor> (for himself, <cosponsor name-id="S366">Ms. Warren</cosponsor>, <cosponsor name-id="S313">Mr. Sanders</cosponsor>, <cosponsor name-id="S386">Ms. Duckworth</cosponsor>, <cosponsor name-id="S057">Mr. Leahy</cosponsor>, <cosponsor name-id="S221">Mrs. Feinstein</cosponsor>, <cosponsor name-id="S364">Mr. Murphy</cosponsor>, <cosponsor name-id="S354">Ms. Baldwin</cosponsor>, <cosponsor name-id="S229">Mrs. Murray</cosponsor>, <cosponsor name-id="S390">Mr. Van Hollen</cosponsor>, and <cosponsor name-id="S322">Mr. Merkley</cosponsor>) introduced the following bill; which was read twice and referred to the <committee-name committee-id="SSFR00">Committee on Foreign Relations</committee-name></action-desc></action><legis-type>A BILL</legis-type><official-title>To seek a diplomatic resolution to Iran's nuclear program, and for other purposes.</official-title></form><legis-body display-enacting-clause="yes-display-enacting-clause"><section section-type="section-one" id="S1"><enum>1.</enum><header>Short title</header><text display-inline="no-display-inline">This Act may be cited as the <quote><short-title>Iran Diplomacy Act of 2021</short-title></quote>.</text></section><section id="ide93fc36c99a8414abe0fe497639a4084"><enum>2.</enum><header>Findings</header><text display-inline="no-display-inline">Congress makes the following findings:</text><paragraph id="id8c8694992c924fb2aa7cde69f66bf26c"><enum>(1)</enum><text>On July 14, 2015, the People's Republic of China, France, Germany, Russia, the United Kingdom, the United States, the European Union, and Iran agreed to the Joint Comprehensive Plan of Action (JCPOA).</text></paragraph><paragraph id="id64878bec71d84eb5ad2f619805a96782"><enum>(2)</enum><text>When all parties fully implemented the JCPOA, it had increased the amount of time it would take Iran to acquire enough fissile material for one nuclear weapon, from approximately two to three months to at least one year, if Iran made the political decision to take such an action.</text></paragraph><paragraph id="id859ccb94bce64e4f89720dae77bbb6cb"><enum>(3)</enum><text>The JCPOA blocked Iran’s uranium, plutonium, and covert pathways to a nuclear weapon, in the period when all sides had fully implemented their commitments, in part by—</text><subparagraph id="id14b3d5e2375a4fbfb2a7951534b6516a"><enum>(A)</enum><text>imposing verifiable limits on Iran’s uranium enrichment and plutonium production capabilities;</text></subparagraph><subparagraph id="id983c5253abb94f63a4c27280b0d09c10"><enum>(B)</enum><text>reducing the number of Iran’s installed centrifuges by two-thirds; and</text></subparagraph><subparagraph id="iddd7945ae029243a2993700c8ecbcaee4"><enum>(C)</enum><text>permitting the International Atomic Energy Agency (IAEA) to monitor and verify all stages of Iran’s nuclear fuel cycle to include requesting short-notice access to <quote>verify the non-diversion of declared material</quote> and <quote>absence of undeclared nuclear material and activities</quote> in Iran, consistent with its provisional implementation of the Additional Protocol to its IAEA Comprehensive Safeguards Agreement.</text></subparagraph></paragraph><paragraph id="idbfc9c0e407d147a0827b550dcaa9588e"><enum>(4)</enum><text>The 2018 Department of State Compliance Report concluded, <quote>Tehran’s adherence to these commitments will hinder its ability to produce a nuclear weapon even after the time-bound provisions of the deal expire, helping to ensure that its nuclear program remains exclusively peaceful in nature</quote>.</text></paragraph><paragraph id="id64174a5ff4cb41f6a1be58a79dfec2fd"><enum>(5)</enum><text>On January 29, 2019, Director of the Central Intelligence Agency (CIA) Gina Haspel, testified before the Select Committee on Intelligence of the Senate that <quote>at the moment, technically they [Iran] are in compliance,</quote> with the JCPOA.</text></paragraph><paragraph id="id72924d0f057a4107aa45f4d2a843caab"><enum>(6)</enum><text>On January 29, 2019, Director of National Intelligence Dan Coats issued a worldwide threat assessment, which observed that the United States <quote>[does] not believe that Iran is currently undertaking the key activities we judge necessary to produce a nuclear device</quote> and <quote>Iran’s continued implementation of the JCPOA has extended the amount of time Iran would need to produce enough fissile material for a nuclear weapon from a few months to about one year</quote>.</text></paragraph><paragraph id="id32184afb8cdc47a4b10dfc06de77401e"><enum>(7)</enum><text>On May 8, 2018, President Donald J. Trump announced the United States unilateral abrogation of the JCPOA, and announced that the United States would re-impose all of its sanctions that it had lifted after Iran verifiably met its nuclear-related commitments under the agreement on its implementation day of January 16, 2016.</text></paragraph><paragraph id="idf09b412ac5a54ea4a6575a5353a334d3"><enum>(8)</enum><text>The United States abrogation of the JCPOA is a violation of its commitments under the agreement and threatened United States relations with European allies, whose cooperation is necessary to counter Iran’s malign influence in the Middle East. </text></paragraph><paragraph id="id0756e37f76a84fd9871b8cf09adc8428"><enum>(9)</enum><text>Prior to Iran’s first breach of the JCPOA on May 8, 2019, quarterly reports from the IAEA Board of Governors Reports found that since <quote>implementation day,</quote> on January 16, 2016, Iran’s nuclear program was consistent with the JCPOA's restrictions.</text></paragraph><paragraph id="id925a39742ecb4149be7cf8caea5b1b94"><enum>(10)</enum><text>Following the removal of nearly all remaining waivers to United States nuclear-related sanctions on May 2, 2019, the Government of Iran committed a series of concerning, but reversible, breaches of its commitments under the JCPOA, including by—</text><subparagraph id="idbad16fdf59bc4e1e84bd1e2eccca8d69"><enum>(A)</enum><text>exceeding the allowable stock of low-enriched uranium and heavy water;</text></subparagraph><subparagraph id="ide8cfab4becff40bb8ba65082c698d8b8"><enum>(B)</enum><text>exceeding the allowable number of installed centrifuges at its Pilot Fuel Enrichment Plant;</text></subparagraph><subparagraph id="id8a4ad7eb00b047aabb993095f9b5fff4"><enum>(C)</enum><text>enriching uranium at the Fordow Fuel Enrichment Plant;</text></subparagraph><subparagraph id="id3FB78C3A13224BB5B374FC8FCCCCEC65"><enum>(D)</enum><text>exceeding the permitted Low Enriched Uranium (LEU) enrichment level of 3.67 percent of the Uranium U–235 isotope and by enriching up to 20 percent; and</text></subparagraph><subparagraph id="id87bb2c5599ce42e993d465c833463bb7"><enum>(E)</enum><text>beginning production of uranium metal;</text></subparagraph></paragraph><paragraph id="idb14275fa30f14fb9a85e609311348015"><enum>(11)</enum><text>Since the full re-imposition of United States nuclear-related sanctions in 2019, the Government of Iran has also engaged in a series of escalatory actions outside its nuclear program that have put the United States Armed Forces, diplomats, and strategic partners at risk and have heightened the threat of an armed conflict with Iran.</text></paragraph><paragraph id="id06f5beb45cd5417fa1ac2f96b223ea79"><enum>(12)</enum><text>Tensions with Iran reached a high-point following the unauthorized United States strike against Iranian General Qassem Soleimani on January 3, 2020, and an Iranian ballistic missile strike on January 7, 2020, on two United States bases in Iraq, which left 110 United States service members with traumatic brain injuries. </text></paragraph><paragraph id="idd8cdee59dca1448fb3ee9a31aa7e9586"><enum>(13)</enum><text>On January 5, 2020, Iran announced that it would no longer comply with the limits of the JCPOA, while also noting that it would not take the escalatory step of withdrawing from the Treaty on the Non-Proliferation of Nuclear Weapons, done at Washington, London, and Moscow, July 1, 1968 (NPT), which commits Iran to IAEA safeguards and obligates it to not obtain a nuclear weapon.</text></paragraph><paragraph id="id922F600B20C24CF4835277752BF7DC10"><enum>(14)</enum><text>On December 21, 2020, the foreign ministers of each of the remaining parties to the JCPOA affirmed their continued <quote>commitment to preserve the agreement,</quote> and called for the <quote>full and effective implementation of the JCPOA</quote> by all parties, heralding it as <quote>significant achievement of multilateral diplomacy that contributes to regional and international security</quote>.</text></paragraph><paragraph id="id1e75f0ad38304e5097e05070f6936327"><enum>(15)</enum><text>Congressional review of the JCPOA under the Iran Nuclear Agreement Review Act of 2015 (<external-xref legal-doc="public-law" parsable-cite="pl/114/17">Public Law 114–17</external-xref>; 129 Stat. 201) is already complete, and that Act still provides a meaningful role for congressional oversight of the JCPOA through its reporting requirements that assess Iran’s ongoing compliance with the agreement.</text></paragraph><paragraph id="id2901fc9b77a2447f8cde6a7a7ba68ccc"><enum>(16)</enum><text>During Secretary of State Antony Blinken’s January 19, 2021, nomination hearing before the Committee on Foreign Relations of the Senate, he testified that President Joseph R. Biden’s position is that <quote>if Iran returns to compliance with the JCPOA, we would do the same thing and then use that as a platform, working with our allies and partners to build a longer and stronger agreement to also capture some of the other issues that need to be dealt with regard to missiles, with regard to Iran's activities and destabilizing activities in the region</quote>.</text></paragraph></section><section id="id870974a6ec16453a8cc7aabe23a64f72"><enum>3.</enum><header>Statement of policy</header><text display-inline="no-display-inline">It is the policy of the United States as follows:</text><paragraph id="idfbdba369bf5744f2add2a0ee4da203b7"><enum>(1)</enum><text>Full implementation of the Joint Comprehensive Plan of Action (JCPOA) would represent a meaningful step to both preventing an Iranian nuclear weapon and a costly future armed conflict.</text></paragraph><paragraph id="id6461cfc4092841048bba58eaa37cc78b"><enum>(2)</enum><text>The United States and Iran should promptly return to full compliance with all of their commitments under the JCPOA.</text></paragraph><paragraph id="idC79C2765A52C4388848243A2FE226126"><enum>(3)</enum><text>After such time that all sides return to their commitments under the JCPOA, the United States should lead international efforts to—</text><subparagraph id="id20f278d061dc4b08814ac590fe20c25a"><enum>(A)</enum><text>strengthen the restrictions Iran’s on ballistic missile program and counter the proliferation of such technology to other countries and actors;</text></subparagraph><subparagraph id="ida5ef23ed0b6f466c84cc53eccdc1f3c7"><enum>(B)</enum><text>address the sunset of select provisions of the JCPOA and other elements of the agreement that merit strengthening; and</text></subparagraph><subparagraph id="id08162b186c4542eab62c3f1b0f2a1623"><enum>(C)</enum><text>advance any other diplomatic measures that promote United States, regional, and international security.</text></subparagraph></paragraph><paragraph id="id3e24ba007b21434eaf74dab32f463c54"><enum>(4)</enum><text>The United States should reaffirm its commitment to United Nations Security Resolution 2231 (2015).</text></paragraph><paragraph id="idae23f092742647e685d8a48184d981ad"><enum>(5)</enum><text>Through implementation of the President’s January 21, 2021, National Security Memorandum -1, and other steps, the United States will better foster an environment in which financial institutions and entities can make practical use of existing exemptions and mechanisms <quote>allowing for the sale of agricultural commodities, food, medicine, and medical devices to Iran,</quote> and help Iran battle the COVID–19 pandemic. </text></paragraph></section></legis-body></bill> 

