<?xml version="1.0"?>
<?xml-stylesheet type="text/xsl" href="billres.xsl"?>
<!DOCTYPE bill PUBLIC "-//US Congress//DTDs/bill.dtd//EN" "bill.dtd">
<bill bill-type="olc" bill-stage="Introduced-in-Senate" dms-id="A1" public-private="public" slc-id="S1-MCG21081-01F-VS-D5L"><metadata xmlns:dc="http://purl.org/dc/elements/1.1/">
<dublinCore>
<dc:title>117 S480 IS: Main Street Tax Certainty Act</dc:title>
<dc:publisher>U.S. Senate</dc:publisher>
<dc:date>2021-02-25</dc:date>
<dc:format>text/xml</dc:format>
<dc:language>EN</dc:language>
<dc:rights>Pursuant to Title 17 Section 105 of the United States Code, this file is not subject to copyright protection and is in the public domain.</dc:rights>
</dublinCore>
</metadata>
<form>
<distribution-code display="yes">II</distribution-code><congress>117th CONGRESS</congress><session>1st Session</session><legis-num>S. 480</legis-num><current-chamber>IN THE SENATE OF THE UNITED STATES</current-chamber><action><action-date date="20210225">February 25, 2021</action-date><action-desc><sponsor name-id="S375">Mr. Daines</sponsor> (for himself, <cosponsor name-id="S373">Mr. Cassidy</cosponsor>, <cosponsor name-id="S365">Mr. Scott of South Carolina</cosponsor>, and <cosponsor name-id="S349">Mr. Portman</cosponsor>) introduced the following bill; which was read twice and referred to the <committee-name committee-id="SSFI00">Committee on Finance</committee-name></action-desc></action><legis-type>A BILL</legis-type><official-title>To amend the Internal Revenue Code of 1986 to make permanent the deduction for qualified business income.</official-title></form><legis-body style="OLC" display-enacting-clause="yes-display-enacting-clause" id="HB28D6398EC09445992FFF9017A7D6D98"><section section-type="section-one" id="HB6586844E85640FFAD7AECFFFC3895C9"><enum>1.</enum><header>Short title</header><text display-inline="no-display-inline">This Act may be cited as the <quote><short-title>Main Street Tax Certainty Act</short-title></quote>.</text></section><section id="H60B6551896294768B94607DC0A4A06AA"><enum>2.</enum><header>Deduction for qualified business income made permanent</header><text display-inline="no-display-inline"><external-xref legal-doc="usc" parsable-cite="usc/26/199A">Section 199A</external-xref> of the Internal Revenue Code of 1986 is amended by striking subsection (i).</text></section></legis-body></bill> 

