<?xml version="1.0"?>
<?xml-stylesheet type="text/xsl" href="billres.xsl"?>
<!DOCTYPE bill PUBLIC "-//US Congress//DTDs/bill.dtd//EN" "bill.dtd">
<bill bill-stage="Introduced-in-Senate" dms-id="A1" public-private="public" slc-id="S1-OTT21136-5MJ-CC-LJG"><metadata xmlns:dc="http://purl.org/dc/elements/1.1/">
<dublinCore>
<dc:title>117 S234 IS: Americans Giving Care to Elders (AGE) Act of 2021</dc:title>
<dc:publisher>U.S. Senate</dc:publisher>
<dc:date>2021-02-04</dc:date>
<dc:format>text/xml</dc:format>
<dc:language>EN</dc:language>
<dc:rights>Pursuant to Title 17 Section 105 of the United States Code, this file is not subject to copyright protection and is in the public domain.</dc:rights>
</dublinCore>
</metadata>
<form>
<distribution-code display="yes">II</distribution-code><congress>117th CONGRESS</congress><session>1st Session</session><legis-num>S. 234</legis-num><current-chamber>IN THE SENATE OF THE UNITED STATES</current-chamber><action><action-date date="20210204">February 4, 2021</action-date><action-desc><sponsor name-id="S311">Ms. Klobuchar</sponsor> (for herself, <cosponsor name-id="S221">Mrs. Feinstein</cosponsor>, and <cosponsor name-id="S394">Ms. Smith</cosponsor>) introduced the following bill; which was read twice and referred to the <committee-name committee-id="SSFI00">Committee on Finance</committee-name></action-desc></action><legis-type>A BILL</legis-type><official-title>To amend the Internal Revenue Code of 1986 to provide an income tax credit for eldercare expenses.</official-title></form><legis-body style="OLC" display-enacting-clause="yes-display-enacting-clause"><section commented="no" display-inline="no-display-inline" section-type="section-one" id="idC80138AED15A421888E698DF796FAA2B"><enum>1.</enum><header display-inline="yes-display-inline">Short title</header><text display-inline="no-display-inline">This Act may be cited as the <quote><short-title>Americans Giving Care to Elders (AGE) Act of 2021</short-title></quote>.</text></section><section commented="no" display-inline="no-display-inline" section-type="subsequent-section" id="id8A7C4D916A2F49898ABE40544BFD37AF"><enum>2.</enum><header display-inline="yes-display-inline">Credit for eldercare expenses</header><subsection commented="no" display-inline="no-display-inline" id="id2444C60F84474C7E9E4DF8EF9CBE5FC8"><enum>(a)</enum><header display-inline="yes-display-inline">In general</header><text display-inline="yes-display-inline">Subpart A of part IV of subchapter A of <external-xref legal-doc="usc-chapter" parsable-cite="usc-chapter/26/1">chapter 1</external-xref> of the Internal Revenue Code of 1986 is amended by inserting after section 25D the following new section:</text><quoted-block style="OLC" display-inline="no-display-inline" act-name="" id="idCB797552FBE54C70956BB7B2150A3DEA"><section commented="no" display-inline="no-display-inline" section-type="subsequent-section" id="id5D93C8EC210C4C21AFFE0AA8E8B8AB42"><enum>25E.</enum><header display-inline="yes-display-inline">Expenses for eldercare</header><subsection commented="no" display-inline="no-display-inline" id="idE3DE0726380F46DBB2A9B679CC6E0733"><enum>(a)</enum><header display-inline="yes-display-inline">Allowance of credit</header><paragraph commented="no" display-inline="no-display-inline" id="id61051857F5A34018AC68B6AD48B4C81E"><enum>(1)</enum><header display-inline="yes-display-inline">In general</header><text display-inline="yes-display-inline">In the case of an individual for which there are 1 or more qualifying individuals with respect to such individual, there shall be allowed as a credit against the tax imposed by this chapter for the taxable year an amount equal to the applicable percentage of the eldercare expenses paid by such individual during the taxable year.</text></paragraph><paragraph commented="no" display-inline="no-display-inline" id="id327D806A861746E49C81B30365B5C627"><enum>(2)</enum><header display-inline="yes-display-inline">Applicable percentage</header><text display-inline="yes-display-inline">For purposes of paragraph (1), the term <term>applicable percentage</term> means 20 percent, reduced (but not below zero) by 1 percentage point for each $4,000 (or fraction thereof) by which the taxpayer's adjusted gross income for the taxable year exceeds $120,000.</text></paragraph></subsection><subsection commented="no" display-inline="no-display-inline" id="id58970DFEF83047ACBA3875A5F6CAA5CA"><enum>(b)</enum><header display-inline="yes-display-inline">Definitions</header><text display-inline="yes-display-inline">For purposes of this section—</text><paragraph commented="no" display-inline="no-display-inline" id="id3167D0BB487440B0BFC99C6965A96EE7"><enum>(1)</enum><header display-inline="yes-display-inline">Qualifying individual</header><text display-inline="yes-display-inline">The term <term>qualifying individual</term> means an individual—</text><subparagraph commented="no" display-inline="no-display-inline" id="id9EEA05A7AAA14B57984CB6E9CFAD0B4C"><enum>(A)</enum><text>who has attained age 65,</text></subparagraph><subparagraph commented="no" display-inline="no-display-inline" id="id6902854CDFE9484EBDE9AEB63F0614E0"><enum>(B)</enum><text display-inline="yes-display-inline">who requires assistance with activities of daily living, and</text></subparagraph><subparagraph commented="no" display-inline="no-display-inline" id="idEA676D98571D47CF9AD3168AB808CCB0"><enum>(C)</enum><text display-inline="yes-display-inline">who is, with respect to the taxpayer or the taxpayer's spouse—</text><clause commented="no" display-inline="no-display-inline" id="id682E468377A242299572650A6DC2AEFE"><enum>(i)</enum><text display-inline="yes-display-inline">the father or mother or an ancestor of such father or mother,</text></clause><clause commented="no" display-inline="no-display-inline" id="id9C32BA0C0DEF4EC78695B6462BD6E7CB"><enum>(ii)</enum><text>the father-in-law or mother-in-law or an ancestor of such father-in-law or mother-in-law,</text></clause><clause commented="no" display-inline="no-display-inline" id="idB86E5636312B4B57ABD30EFA6034D443"><enum>(iii)</enum><text>the stepfather or stepmother or an ancestor of such stepfather or stepmother, or</text></clause><clause commented="no" display-inline="no-display-inline" id="id478AB6FFB4E24F7D86F76F45444DD175"><enum>(iv)</enum><text>any other person who, for the taxable year, has the same principal place of abode as the taxpayer and is a member of the household of the taxpayer.</text></clause></subparagraph></paragraph><paragraph commented="no" display-inline="no-display-inline" id="idD487AA13242B478B855A4089A4D1D861"><enum>(2)</enum><header display-inline="yes-display-inline">Eldercare expenses</header><subparagraph commented="no" display-inline="no-display-inline" id="id4FE86A5C04454988BD4BFBAE02AC8817"><enum>(A)</enum><header display-inline="yes-display-inline">In general</header><text display-inline="yes-display-inline">The term <term>eldercare expenses</term> means the following amounts paid for expenses relating to the care of a qualifying individual:</text><clause id="idad2e315de747483986773e5a1d300759"><enum>(i)</enum><text>Medical care (as defined in section 213(d)(1), without regard to subparagraph D thereof).</text></clause><clause id="id8633d11e695b44bb81461d508bd7b21b"><enum>(ii)</enum><text>Lodging away from home in accordance with section 213(d)(2).</text></clause><clause id="id4718eb24e9aa4bd39f50a5e4f796fd38"><enum>(iii)</enum><text>Adult day services.</text></clause><clause id="id5a43e108e601488ab24052a8961df199"><enum>(iv)</enum><text>Personal care.</text></clause><clause id="id0d258fd5e253423b8e2f23dad9e4d371"><enum>(v)</enum><text>Respite care.</text></clause><clause id="id7e4667cfbf2846cfa98fd77bd257db9e"><enum>(vi)</enum><text>Assistive technologies and devices (including remote health monitoring).</text></clause><clause id="id063f94bde6bd4ceaaedbcdb8a4c3817b"><enum>(vii)</enum><text>Environmental modifications (including home modifications).</text></clause><clause id="id67564f101fac478ca8b300da92c2be99"><enum>(viii)</enum><text>Counseling or training for a caregiver.</text></clause></subparagraph><subparagraph id="id06FF4B5388354BA6B92E201A9B87A68B"><enum>(B)</enum><header>Definitions</header><text>For purposes of subparagraph (A)—</text><clause id="idF764BFCE48F84468BBC0DD3D8077A735"><enum>(i)</enum><header>Adult day services</header><text>The term <term>adult day services</term> means care provided for adults with functional or cognitive impairments through a structured, community-based group program which provides health, social, and other related support services on a less than 24-hour basis.</text></clause><clause id="idEECBF81CB126470FB2DA9BBD16159A50"><enum>(ii)</enum><header>Personal care</header><text>The term <term>personal care</term> means reasonable personal care services provided to assist with daily living which do not require the skills of qualified technical or professional personnel.</text></clause><clause id="id00A19EC5D0E84C6499659A9A672B4E64"><enum>(iii)</enum><header>Respite care</header><text>The term <term>respite care</term> means planned or emergency care intended to provide temporary relief to a caregiver.</text></clause></subparagraph><subparagraph commented="no" display-inline="no-display-inline" id="idFABD9D39DFCE4BEDAAF36F16ABF751E9"><enum>(C)</enum><header display-inline="yes-display-inline">Care centers</header><clause commented="no" display-inline="no-display-inline" id="id74F52FC75AC940CE97B8CC67DDE11ADD"><enum>(i)</enum><header>In general</header><text display-inline="yes-display-inline">Eldercare expenses described in subparagraph (A) which are incurred for services provided outside the taxpayer's household by a care center shall be taken into account only if such center complies with all applicable laws and regulations of a State or unit of local government.</text></clause><clause commented="no" display-inline="no-display-inline" id="idB420F07ED3054EB99F013E50A122FC5C"><enum>(ii)</enum><header display-inline="yes-display-inline">Care center</header><text display-inline="yes-display-inline">For purposes of this subparagraph, the term <term>care center</term> means any facility which—</text><subclause commented="no" display-inline="no-display-inline" id="id5E745EDE3D964B839ED63D0A105559EF"><enum>(I)</enum><text display-inline="yes-display-inline">provides care for more than 6 individuals, and</text></subclause><subclause commented="no" display-inline="no-display-inline" id="idBD9C9484456D4A3A83FED3DA7970EE56"><enum>(II)</enum><text display-inline="yes-display-inline">receives a fee, payment, or grant for providing services for any of the individuals (regardless of whether such facility is operated for profit).</text></subclause></clause></subparagraph></paragraph></subsection><subsection commented="no" display-inline="no-display-inline" id="idCAE9BB59359346A78D8C24F080698C89"><enum>(c)</enum><header display-inline="yes-display-inline">Dollar limitation</header><paragraph commented="no" display-inline="no-display-inline" id="id2FD71461DDD84A9BBB957A68CF5D8E2A"><enum>(1)</enum><header display-inline="yes-display-inline">In general</header><text display-inline="yes-display-inline">The amount of the eldercare expenses incurred during any taxable year which may be taken into account under subsection (a) shall not exceed $6,000.</text></paragraph><paragraph commented="no" display-inline="no-display-inline" id="id77E1175E3FB347B887719CA9CE66EE22"><enum>(2)</enum><header display-inline="yes-display-inline">Coordination with dependent care assistance
 exclusion</header><text display-inline="yes-display-inline">The dollar amount in paragraph (1) shall be reduced by the aggregate amount excluded from gross income under section 129 for the taxable year, if any.</text></paragraph></subsection><subsection commented="no" display-inline="no-display-inline" id="idF74D264625F64F2BBE11D37FF6FB8B3B"><enum>(d)</enum><header display-inline="yes-display-inline">Special rules</header><text display-inline="yes-display-inline">For purposes of this section—</text><paragraph commented="no" display-inline="no-display-inline" id="idF5FC08C6B46F4F82989CE716E65F75AB"><enum>(1)</enum><header display-inline="yes-display-inline">Payments to related individuals</header><text display-inline="yes-display-inline">No credit shall be allowed under subsection (a) for any amount paid to an individual with respect to whom, for the taxable year, a deduction under section 151(c) is allowable either to the taxpayer or the taxpayer's spouse. For purposes of this paragraph, the term <term>taxable year</term> means the taxable year of the taxpayer in which the service is performed.</text></paragraph><paragraph commented="no" display-inline="no-display-inline" id="idB33C4182B3F848029C7D4F6F3E3C0CF2"><enum>(2)</enum><header display-inline="yes-display-inline">Identifying information required with
 respect to service provider</header><text display-inline="yes-display-inline">No credit shall be allowed under subsection (a) for any amount paid to any person unless—</text><subparagraph commented="no" display-inline="no-display-inline" id="id7A505F9FE5164910B354EAD8D628698E"><enum>(A)</enum><text display-inline="yes-display-inline">the name, address, and taxpayer identification number of such person are included on the return claiming the credit, or</text></subparagraph><subparagraph commented="no" display-inline="no-display-inline" id="id6E0C82F2981446D3A0F5CC7CAD0E29E7"><enum>(B)</enum><text display-inline="yes-display-inline">if such person is an organization described in section 501(c)(3) and exempt from tax under section 501(a), the name and address of such person are included on the return claiming the credit.</text></subparagraph><continuation-text commented="no" continuation-text-level="paragraph">In the case of a failure to provide
				the information required under the preceding sentence, the
			 preceding sentence
				shall not apply if it is shown that the taxpayer exercised due
			 diligence in
				attempting to provide the information so required.</continuation-text></paragraph><paragraph commented="no" display-inline="no-display-inline" id="id81465F9D57684BFBB340F1328CC25410"><enum>(3)</enum><header display-inline="yes-display-inline">Identifying information required with
 respect to qualifying individuals</header><text display-inline="yes-display-inline">No credit shall be allowed under subsection (a) with respect to any qualifying individual unless the taxpayer identification number of such individual is included on the return claiming the credit.</text></paragraph></subsection><subsection commented="no" display-inline="no-display-inline" id="id2CCCF22D42234D51A18F3C5519255995"><enum>(e)</enum><header display-inline="yes-display-inline">Denial of double benefit</header><text display-inline="yes-display-inline">No credit shall be allowed under subsection (a) for any amount with respect to which a credit is allowed under section 21.</text></subsection><subsection commented="no" display-inline="no-display-inline" id="id7D8C09E004AA4CF8B7C91C650D45B4E8"><enum>(f)</enum><header display-inline="yes-display-inline">Regulations</header><text display-inline="yes-display-inline">The Secretary shall prescribe such regulations as may be necessary to carry out the purposes of this section.</text></subsection></section><after-quoted-block>.</after-quoted-block></quoted-block></subsection><subsection commented="no" display-inline="no-display-inline" id="idB0C4A690F28A4A218B0A90EB2EC0A8A1"><enum>(b)</enum><header display-inline="yes-display-inline">Clerical amendment</header><text display-inline="yes-display-inline">The table of sections for subpart A of part IV of subchapter A of <external-xref legal-doc="usc-chapter" parsable-cite="usc-chapter/26/1">chapter 1</external-xref> of the Internal Revenue Code of 1986 is amended by inserting after the item relating to section 25D the following new item:</text><toc><toc-entry bold="off" level="section"><quote>Sec. 25E. Expenses for
 eldercare.</quote>.</toc-entry></toc></subsection><subsection commented="no" display-inline="no-display-inline" id="idA59516CD2CB84B05A1892C8975FDE4E4"><enum>(c)</enum><header display-inline="yes-display-inline">Conforming amendments</header><paragraph commented="no" display-inline="no-display-inline" id="idAC5B80BBE4024B52A26EAA7373535B49"><enum>(1)</enum><text display-inline="yes-display-inline"><external-xref legal-doc="usc" parsable-cite="usc/26/213">Section 213(e)</external-xref> of the Internal Revenue Code of 1986 is amended—</text><subparagraph commented="no" display-inline="no-display-inline" id="idE3865257DF3444AEA84D6EF6125ED00E"><enum>(A)</enum><text display-inline="yes-display-inline">by inserting <quote>or section 25E</quote> after <quote>section 21</quote>, and</text></subparagraph><subparagraph commented="no" display-inline="no-display-inline" id="id60F2BE1EDA5C4592BB2B030A7CCECBBC"><enum>(B)</enum><text display-inline="yes-display-inline">by inserting <quote><header-in-text level="subsection" style="OLC">and elders</header-in-text></quote> after <quote><header-in-text level="subsection" style="OLC">certain dependents</header-in-text></quote> in the heading.</text></subparagraph></paragraph><paragraph commented="no" display-inline="no-display-inline" id="id23D61684B03845AAB7A64E7DD9B0921D"><enum>(2)</enum><text display-inline="yes-display-inline">Section 6213(g)(2) of such Code is amended—</text><subparagraph commented="no" display-inline="no-display-inline" id="id0B7654D882CB4724902360D9A568C505"><enum>(A)</enum><text display-inline="yes-display-inline">by inserting <quote>, section 25E (relating to expenses for care of elders),</quote> after <quote>(relating to expenses for household and dependent care services necessary for gainful employment)</quote> in subparagraph (H), and</text></subparagraph><subparagraph commented="no" display-inline="no-display-inline" id="id1F3B67FD8861455582AC43265A5936A8"><enum>(B)</enum><text display-inline="yes-display-inline">by inserting <quote>, 25E</quote> after <quote>24</quote> in subparagraph (L).</text></subparagraph></paragraph></subsection><subsection commented="no" display-inline="no-display-inline" id="id99E4D9E0A4E2425C8523D41C767FB72B"><enum>(d)</enum><header display-inline="yes-display-inline">Effective
 date</header><text display-inline="yes-display-inline">The amendments made by this section shall apply to taxable years beginning after the date of the enactment of this Act.</text></subsection></section></legis-body></bill>


