<?xml version="1.0"?>
<?xml-stylesheet type="text/xsl" href="billres.xsl"?>
<!DOCTYPE bill PUBLIC "-//US Congress//DTDs/bill.dtd//EN" "bill.dtd">
<bill bill-stage="Introduced-in-Senate" dms-id="A1" public-private="public" slc-id="S1-EHF21058-R7F-40-KFN"><metadata xmlns:dc="http://purl.org/dc/elements/1.1/">
<dublinCore>
<dc:title>117 S64 IS: Ushering Progress by Leveraging Innovation and Future Technology Act of 2021</dc:title>
<dc:publisher>U.S. Senate</dc:publisher>
<dc:date>2021-01-27</dc:date>
<dc:format>text/xml</dc:format>
<dc:language>EN</dc:language>
<dc:rights>Pursuant to Title 17 Section 105 of the United States Code, this file is not subject to copyright protection and is in the public domain.</dc:rights>
</dublinCore>
</metadata>
<form>
<distribution-code display="yes">II</distribution-code><congress>117th CONGRESS</congress><session>1st Session</session><legis-num>S. 64</legis-num><current-chamber>IN THE SENATE OF THE UNITED STATES</current-chamber><action><action-date date="20210127">January 27, 2021</action-date><action-desc><sponsor name-id="S308">Mr. Cardin</sponsor> (for himself and <cosponsor name-id="S361">Ms. Hirono</cosponsor>) introduced the following bill; which was read twice and referred to the <committee-name committee-id="SSSB00">Committee on Small Business and Entrepreneurship</committee-name></action-desc></action><legis-type>A BILL</legis-type><official-title>To amend the Small Business Act to spur entrepreneurial ecosystems in underserved communities.</official-title></form><legis-body display-enacting-clause="yes-display-enacting-clause"><section section-type="section-one" id="S1"><enum>1.</enum><header>Short title</header><text display-inline="no-display-inline">This Act may be cited as the <quote><short-title>Ushering Progress by Leveraging Innovation and Future Technology Act of 2021</short-title></quote> or the <quote><short-title>UPLIFT Act of 2021</short-title></quote>.</text></section><section id="id7334064b54f1484d942d5377154926a9"><enum>2.</enum><header>Findings</header><text display-inline="no-display-inline">Congress finds the following:</text><paragraph id="id16c513f2e00047919b30dd8795228034"><enum>(1)</enum><text>Studies have found that incubators, accelerators, and other similar models are effective at increasing revenues, the number of employees, and the likelihood that the business venture will be successful for participants.</text></paragraph><paragraph id="idf87e1e12540b4ee28c4d7cf43baa0dba"><enum>(2)</enum><text>According to the Kauffman Foundation—</text><subparagraph id="id4AF12F9E1AB84619921EBA248F7A1C00"><enum>(A)</enum><text>minority-owned and women-owned businesses are half as likely to employ people than nonminority-owned and men-owned businesses; and</text></subparagraph><subparagraph id="id3DC565BF4B524072809E31F84C204A79"><enum>(B)</enum><text>if minorities started businesses at the same rate as nonminorities, approximately 9,500,000 jobs would be added to the economy of the United States.</text></subparagraph></paragraph><paragraph id="iddb43ce08f2b549488e08cde18507c140"><enum>(3)</enum><text>The Kauffman Foundation also found that the percentage of startups in rural communities has dropped from 20 percent in the 1980s to 12.2 percent.</text></paragraph><paragraph id="id1f8f60c783134babada1d4dca21baacb"><enum>(4)</enum><text>According to the Martin Prosperity Institute, less than 1 percent of all venture capital funding goes to businesses located in rural areas.</text></paragraph><paragraph id="id5fcf798271c745f0a441ec13f28c4e4a"><enum>(5)</enum><text>According to PitchBook, around 2 percent of all venture capital funding goes to businesses with women founders.</text></paragraph><paragraph id="id8bb66eec39684b12bf6ea85452d9095c"><enum>(6)</enum><text>According to Crunchbase, less than 3 percent of all venture capital funding goes to businesses with Black and Hispanic founders.</text></paragraph><paragraph id="id8fc2b8b3525f46758d5c581f5fa1142e"><enum>(7)</enum><text>Historically Black colleges and universities, minority-serving institutions, and community colleges are anchor institutions that serve populations that tend to be underrepresented in entrepreneurship, particularly in high-growth sectors.</text></paragraph></section><section id="id77ef2cff566f42c1ac450e95b931988b"><enum>3.</enum><header>Purposes</header><text display-inline="no-display-inline">The purposes of the Innovation Centers Program established under section 49 of the Small Business Act, as added by this Act, are to—</text><paragraph id="id8d807ecac58f4cdabe23c1b1b2c64b75"><enum>(1)</enum><text>spur economic growth in underserved communities by creating good paying jobs and pathways to prosperity;</text></paragraph><paragraph id="idbaf9be73bd034a0db130d2a09b33a6ef"><enum>(2)</enum><text>increase prospects for success for small business concerns in underserved communities, which often suffer from higher business failure rates than the national average;</text></paragraph><paragraph id="id4c6ae83935dc4e95acf531e41aec90a2"><enum>(3)</enum><text>help create a pipeline for small business concerns in underserved and rural markets into high-growth sectors, where they are generally underrepresented;</text></paragraph><paragraph id="id7737308013584D7EA15CE9C510C96AD5"><enum>(4)</enum><text>help address the multi-decade decline in the rate of new business creation;</text></paragraph><paragraph id="id35dfb025ff0643e9bbce26e5c581d3c2"><enum>(5)</enum><text>close the gaps that underserved small business concerns often have in terms of revenue and number of employees, which represent lost opportunity for the economy of the United States; and</text></paragraph><paragraph id="idb05643774e71448e8cc36d961da6f1f7"><enum>(6)</enum><text>encourage collaboration between the Small Business Administration and institutions of higher learning that serve low-income and minority communities.</text></paragraph></section><section id="id6b17d34b669f4c55a82bea76deee1d77"><enum>4.</enum><header>Innovation Centers Program</header><subsection id="id37FF701A47C34F76B56FD131E839C356"><enum>(a)</enum><header>In general</header><text display-inline="yes-display-inline">The Small Business Act (<external-xref legal-doc="usc" parsable-cite="usc/15/631">15 U.S.C. 631</external-xref> et seq.) is amended—</text><paragraph id="id5f559d9c9fdd4ea0acb33efc30d8579b"><enum>(1)</enum><text>by redesignating section 49 as section 50; and</text></paragraph><paragraph id="id250245a3ddcd4363bc36773b293ff3ee"><enum>(2)</enum><text>by inserting after section 48 the following:</text><quoted-block style="OLC" display-inline="no-display-inline" id="id8691325bae434516b62ee363b1d58bca"><section id="id25cd69a927c342d3b4bc1dd2bf676e88"><enum>49.</enum><header>Innovation Centers Program</header><subsection id="id4F098851A38D42F39B3BCC811949907E"><enum>(a)</enum><header>Definitions</header><text display-inline="yes-display-inline">In this section:</text><paragraph id="id2BFBD956685B4752977E0EB8DECFB817"><enum>(1)</enum><header>Accelerator</header><text display-inline="yes-display-inline">The term <term>accelerator</term> means an organization—</text><subparagraph id="ida1759011435342c89050964bfde6a6ba"><enum>(A)</enum><text>that—</text><clause id="id22FE967504584953BBFE60260AB34E97"><enum>(i)</enum><text>works with a startup or growing small business concern for a predetermined period; and</text></clause><clause id="id6864411fc1a24da4a813b416a721776b"><enum>(ii)</enum><text>provides mentorship and instruction to scale businesses; and</text></clause></subparagraph><subparagraph id="idC1A21D68CEAF415EBFD5D7CE1A250BDA"><enum>(B)</enum><text>that may—</text><clause id="id5e1af90a06eb489e8025ebaadcd93727"><enum>(i)</enum><text>provide, but is not exclusively designed to provide, seed investment in exchange for a small amount of equity; and</text></clause><clause id="idb1720fff96a74c11a68219cf47cab46c"><enum>(ii)</enum><text>offer startup capital or the opportunity to raise capital from outside investors.</text></clause></subparagraph></paragraph><paragraph id="idf2e018f76be44b9b91a8b9755b8c6f4b"><enum>(2)</enum><header>Federally recognized area of economic distress</header><text>The term <term>federally recognized area of economic distress</term> means—</text><subparagraph id="id148b1d35e7434e2381187ac6baafad0c"><enum>(A)</enum><text>a HUBZone, as that term is defined in section 31(b); or</text></subparagraph><subparagraph id="id0a60e6c1184d4fabb59c0034c301ecc1"><enum>(B)</enum><text>an area that has been designated as—</text><clause id="idbf9965cf67454c9db7f345044b9a0f3f"><enum>(i)</enum><text>an empowerment zone under <external-xref legal-doc="usc" parsable-cite="usc/26/1391">section 1391</external-xref> of the Internal Revenue Code of 1986;</text></clause><clause id="idb9623e697c584dc599bc8b10429d0a02"><enum>(ii)</enum><text>a Promise Zone by the Secretary of Housing and Urban Development; or</text></clause><clause id="idc933f3f544d34739a42e651350e718d1"><enum>(iii)</enum><text>a low-income neighborhood or moderate-income neighborhood for purposes of the Community Reinvestment Act of 1977 (<external-xref legal-doc="usc" parsable-cite="usc/12/2901">12 U.S.C. 2901</external-xref> et seq.).</text></clause></subparagraph></paragraph><paragraph id="idAA2CA88DA4C546569FC0AE569CC31719"><enum>(3)</enum><header>Growing; newly established; startup</header><text>The terms <term>growing</term>, <term>newly established</term>, and <term>startup</term>, with respect to a small business concern, mean growing, newly established, and startup, respectively, within the meaning given those terms under section 7(m).</text></paragraph><paragraph id="id7775f5bc880b49a3b7f2cf1c20dc3e4f"><enum>(4)</enum><header>Incubator</header><text>The term <term>incubator</term> means an organization—</text><subparagraph id="idE4BAB64D1C104CBE97F9B1F81E74BBA8"><enum>(A)</enum><text>that—</text><clause id="id008c7545208948849c1debb93f323309"><enum>(i)</enum><text>tends to work with startup and newly established small business concerns; and</text></clause><clause id="idFE3180CC73B64E65A75CE35B57703AC2"><enum>(ii)</enum><text>provides mentorship to startup and newly established small business concerns; and</text></clause></subparagraph><subparagraph id="id38E090E6B892448EA3C18C069443C816"><enum>(B)</enum><text>that may—</text><clause id="iddae1fa9c006648928b3b5925be25fd5a"><enum>(i)</enum><text>provide a co-working environment or a month-to-month lease program; and</text></clause><clause id="idf10e808383dd4fb3895bb9cb054b9277"><enum>(ii)</enum><text>work with a startup or newly established small business concern for a predetermined period or an open-ended period.</text></clause></subparagraph></paragraph><paragraph id="id8bd12445ac3b4796bebed5cd24bd42d0"><enum>(5)</enum><header>Individuals with a disability</header><text>The term <term>individuals with a disability</term> means more than 1 individual with a disability, as defined in section 3 of the Americans with Disabilities Act of 1990 (<external-xref legal-doc="usc" parsable-cite="usc/42/12102">42 U.S.C. 12102</external-xref>).</text></paragraph><paragraph id="id54D8A287938B47E69C881093DDCBB50E"><enum>(6)</enum><header>Eligible entity</header><text>The term <term>eligible entity</term> means—</text><subparagraph id="idC36447FE423C4E11B4BB417D98BB29B9"><enum>(A)</enum><text>an institution described in any of paragraphs (1) through (7) of section 371(a) of the Higher Education Act of 1965 (<external-xref legal-doc="usc" parsable-cite="usc/20/1067q">20 U.S.C. 1067q(a)</external-xref>); or</text></subparagraph><subparagraph id="idD22146F86C2E431B990FC7BFAC0BF14E"><enum>(B)</enum><text>a junior or community college, as defined in section 312 of the Higher Education Act of 1965 (<external-xref legal-doc="usc" parsable-cite="usc/20/1058">20 U.S.C. 1058</external-xref>).</text></subparagraph></paragraph><paragraph id="id1615806852E14041B5777142457FC44B"><enum>(7)</enum><header>Rural area</header><text>The term <term>rural area</term> has the meaning given the term in section 7(m)(11).</text></paragraph><paragraph id="id78b44c57188a47789a58d15a9a24535a"><enum>(8)</enum><header>Socially and economically disadvantaged individuals</header><text>The term <term>socially and economically disadvantaged individual</term> means a socially and economically disadvantaged individual within the meaning given that term in section 8(d)(3)(C).</text></paragraph></subsection><subsection id="id1a1d85ac987a4deb9b4d88ebff4d6f07"><enum>(b)</enum><header>Establishment</header><text>Not later than 1 year after the date of enactment of the <short-title>Ushering Progress by Leveraging Innovation and Future Technology Act of 2021</short-title>, the Administrator shall develop and begin implementing a program (to be known as the <quote>Innovation Centers Program</quote>) to enter into cooperative agreements with eligible entities under this section.</text></subsection><subsection id="id1ee51f099f1c4e3392c0596325b6592e"><enum>(c)</enum><header>Authority</header><paragraph id="idC1FB091629E64C5698B07C7088192EBB"><enum>(1)</enum><header>In general</header><text>The Administrator may—</text><subparagraph id="id8C13019A26EB49F79A823F5161004BFC"><enum>(A)</enum><text>enter into cooperative agreements to provide financial assistance to eligible entities to conduct 5-year projects for the benefit of startup, newly established, or growing small business concerns; and</text></subparagraph><subparagraph id="id3F25ED7762344A6180644F33988015AA"><enum>(B)</enum><text>renew a cooperative agreement entered into under this section for additional 3-year periods, in accordance with paragraph (3).</text></subparagraph></paragraph><paragraph id="idCC7737319B7B427897136D95077B3814"><enum>(2)</enum><header>Project requirements</header><text>A project conducted under a cooperative agreement under this section shall—</text><subparagraph id="idc5cfd8d94e7e4b94bb73a456b58ec1b2"><enum>(A)</enum><text>include operating as an accelerator, an incubator, or any other small business innovation-focused project as the Administrator approves;</text></subparagraph><subparagraph id="id9c194805a35a4201838dc0dc87fe2cc2"><enum>(B)</enum><text>be carried out in such locations as to provide maximum accessibility and benefits to the small business concerns that the project is intended to serve;</text></subparagraph><subparagraph id="idC404D7E1DD4C457FA501B70A7B005030"><enum>(C)</enum><text>have a full-time staff, including a full-time director who shall—</text><clause id="idB559F3F566E8482FBED0AAFFFADECD56"><enum>(i)</enum><text>have the authority to make expenditures under the budget of the project; and</text></clause><clause id="id97BE818CD4FC4B7FABE7969F7911D6D3"><enum>(ii)</enum><text>manage the activities carried out under the project;</text></clause></subparagraph><subparagraph id="id83a08e42a9794cb6b5cac6a36c51b4a3"><enum>(D)</enum><text>include the joint provision of programs and services by the eligible entity and the Administration, which—</text><clause id="id5DAC04610587464C81747D4F89E2D140"><enum>(i)</enum><text>shall be jointly developed, negotiated, and agreed upon, with full participation of both parties, pursuant to an executed cooperative agreement between the eligible entity and the Administration; and</text></clause><clause id="id787652D810184F5BAD8197DD3BC0E50B"><enum>(ii)</enum><text>shall include—</text><subclause id="id67c566fd167d42d586ff1d4450ac85ba"><enum>(I)</enum><text>one-to-one individual counseling, as described in section 21(c)(3)(A); and</text></subclause><subclause id="id036233506e464dd39d1561c01d985258"><enum>(II)</enum><text>a formal, structured mentorship program;</text></subclause></clause></subparagraph><subparagraph id="id973be87cd2a841c5b62ba098625f3acc"><enum>(E)</enum><text>incorporate continuous upgrades and modifications to the services and programs offered under the project, as needed to meet the changing and evolving needs of the business community;</text></subparagraph><subparagraph id="id3dd52f5cf97c44afaf369a8057f4b981"><enum>(F)</enum><text>involve working with underserved groups, which include—</text><clause id="id17db1125c11c4609882991d8a4547801"><enum>(i)</enum><text>women;</text></clause><clause id="idd5f84757354545dd8bf19480b941d089"><enum>(ii)</enum><text>socially and economically disadvantaged individuals;</text></clause><clause id="id8d5b10df5ff04999828fdbc1c41531a1"><enum>(iii)</enum><text>veterans;</text></clause><clause id="idc6ba7655d0e64916972bc39ecee38737"><enum>(iv)</enum><text>individuals with disabilities; or</text></clause><clause id="id9988cf8c74c24717be0461cb3853e7d3"><enum>(v)</enum><text>startup, newly established, or growing small business concerns located in rural areas;</text></clause></subparagraph><subparagraph id="id668e5cac8813448a963a84cc709b14ad"><enum>(G)</enum><text>not impose or otherwise collect a fee or other compensation in connection with participation in the programs and services described in subparagraph (D)(ii); and</text></subparagraph><subparagraph id="id230F6213D6EA4512A0CCEE505EB041D9"><enum>(H)</enum><text>ensure that small business concerns participating in the project have access, including through resource partners, to information concerning Federal, State, and local regulations that affect small business concerns.</text></subparagraph></paragraph><paragraph commented="no" display-inline="no-display-inline" id="ID54990A015A554B06BF6E9B5311E40E40"><enum>(3)</enum><header display-inline="yes-display-inline">Continued funding</header><subparagraph commented="no" display-inline="no-display-inline" id="ID9A779605AD454BC088112DE8BDDFF211"><enum>(A)</enum><header>In general</header><text>An eligible entity that enters into an initial cooperative agreement or a renewal of a cooperative under paragraph (1) may submit an application for a 3-year renewal of the cooperative agreement at such time, in such manner, and accompanied by such information as the Administrator may establish.</text></subparagraph><subparagraph commented="no" display-inline="no-display-inline" id="ID8F52C84DD0184CE082C22C6849B9C2CD"><enum>(B)</enum><header>Application and approval criteria</header><clause id="ID188A8BDD139A4C95AD283866D5F0B032"><enum>(i)</enum><header>Criteria</header><text>The Administrator shall develop and publish criteria for the consideration and approval of applications for renewals by eligible entities under this paragraph, which shall take into account the structure and the stated goals of the project.</text></clause><clause id="ID9E440921B27144C8B3692CCCE55CD4AB"><enum>(ii)</enum><header>Notification</header><text>Not later than 60 days after the date of the deadline to submit applications for each fiscal year, the Administrator shall approve or deny any application under this paragraph and notify the applicant for each such application.</text></clause></subparagraph><subparagraph id="ID6B5A2BB11DC548AEB2B590F339A0E326"><enum>(C)</enum><header>Priority</header><text>In allocating funds made available for cooperative agreements under this section, the Administrator shall give applications under this paragraph priority over first-time applications for cooperative agreements under paragraph (1)(A).</text></subparagraph></paragraph><paragraph id="idf3d70160c22d4647b94781fdf3744385"><enum>(4)</enum><header>Limit on use of funds</header><text>Amounts received by an eligible entity under a cooperative agreement under this section may not be used to provide capital to a participant in the project carried out under the cooperative agreement.</text></paragraph><paragraph id="id282FC70C0CDD454498C8A2F6CCF4B1BE"><enum>(5)</enum><header>Scope of authority</header><subparagraph id="id9FD9F8A34F574AA195F8068118C3C8B8"><enum>(A)</enum><header>Subject to appropriations</header><text>The authority of the Administrator to enter into cooperative agreements under this section shall be in effect for each fiscal year only to the extent and in the amounts as are provided in advance in appropriations Acts.</text></subparagraph><subparagraph id="idE02BE696471A4D3F94724243084C5981"><enum>(B)</enum><header>Suspension, termination, and failure to renew or extend</header><text>After the Administrator has entered into a cooperative agreement with an eligible entity under this section, the Administrator may not suspend, terminate, or fail to renew or extend the cooperative agreement unless the Administrator provides the eligible entity with written notification setting forth the reasons therefore and affords the eligible entity an opportunity for a hearing, appeal, or other administrative proceeding under <external-xref legal-doc="usc-chapter" parsable-cite="usc-chapter/5/5">chapter 5</external-xref> of title 5, United States Code.</text></subparagraph></paragraph></subsection><subsection id="id901c8fd88be44a509ceb158d7c46a5db"><enum>(d)</enum><header>Criteria</header><paragraph id="idb93eee6c2d6c4b158eff88b1260de881"><enum>(1)</enum><header>In general</header><text>The Administrator shall—</text><subparagraph id="id41bc71493342400ba81e3f6af945d5af"><enum>(A)</enum><text>establish and rank in terms of relative importance the criteria the Administrator shall use in awarding cooperative agreements under this section, which shall include—</text><clause id="id8a6ed6a6b9864b22adf361c8bb52aed3"><enum>(i)</enum><text>whether the proposed project will be located in—</text><subclause id="id7d83b76c810d4cc59678ae061cfbd907"><enum>(I)</enum><text>a federally recognized area of economic distress;</text></subclause><subclause id="id15cd5d4fa60d401680aad5007f1b1de5"><enum>(II)</enum><text>a rural area; or</text></subclause><subclause id="id03442a324a10497c85a4701060c40b24"><enum>(III)</enum><text>an area lacking sufficient entrepreneurial development resources, as determined by the Administrator; and</text></subclause></clause><clause id="id7c646384e3eb489cb9cff3e857bee95c"><enum>(ii)</enum><text>whether the proposed project demonstrates a commitment to partner with core stakeholders working with small business concerns in the relevant area, including—</text><subclause id="ida157c4fc017a4bbd994b2df238954477"><enum>(I)</enum><text>investment and lending organizations;</text></subclause><subclause id="id67b34789b62c4c2abb57b20cdd9c248a"><enum>(II)</enum><text>nongovernmental organizations;</text></subclause><subclause id="id9a2480d9e84b4be286cd8f37a0e817c1"><enum>(III)</enum><text>programs of State and local governments that are concerned with aiding small business concerns;</text></subclause><subclause id="idbcaeffd5f4be4aac9e0997b9439f5063"><enum>(IV)</enum><text>Federal agencies; and</text></subclause><subclause id="idfe61fb2a8611410f947e488fde7532e8"><enum>(V)</enum><text>for-profit organizations with an expertise in small business innovation;</text></subclause></clause></subparagraph><subparagraph id="id5e1998c922d342bfa45fe4fbc1bbadb6"><enum>(B)</enum><text>make publicly available, including on the website of the Administration, and state in each solicitation for applications for cooperative agreements under this section, the selection criteria and ranking established under subparagraph (A); and</text></subparagraph><subparagraph id="idca341ddd9b7e4ff8ba4e3aa22f8520fb"><enum>(C)</enum><text>evaluate and rank applicants for cooperative agreements under this section in accordance with the selection criteria and ranking established under subparagraph (A).</text></subparagraph></paragraph><paragraph id="id760e9295d1904060a8b557b0eecde545"><enum>(2)</enum><header>Contents</header><text>The criteria established under paragraph (1)(A)—</text><subparagraph id="id44ee4ca7c4554267a4a97249c6d63da8"><enum>(A)</enum><text>for eligible entities that have in operation an accelerator, incubator, or other small business innovation-focused project shall include the record of the eligible entity in assisting growing, newly established, and startup small business concerns, including, for each of the 3 full years before the date on which the eligible entity applies for a cooperative agreement under this section, or if the accelerator, incubator, or other small business innovation-focused project has been in operation for less than 3 years, for the most recent full year the accelerator, incubator, or other small business innovation-focused project was in operation—</text><clause id="ida7479548de3a41d8a57d653c271389f3"><enum>(i)</enum><text>the number and retention rate of growing, newly established, and startup business concerns in the program of the eligible entity;</text></clause><clause id="id1c005c26da364c859305c9ba53a4bb36"><enum>(ii)</enum><text>the average period of participation by growing, newly established, and startup small business concerns in the program of the eligible entity;</text></clause><clause id="id736083b9f2ca4b54a4f80f63eb130216"><enum>(iii)</enum><text>the total and median capital raised by growing, newly established, and startup small business concerns participating in the program of the eligible entity;</text></clause><clause id="ida7051abe68b74da3958a7c3a98a30d71"><enum>(iv)</enum><text>the number of investments or loans received by growing, newly established, and startup small business concerns participating in the program of the eligible entity; and</text></clause><clause id="id0b8ab6a5427041df8ffa8bb6e62d3afa"><enum>(v)</enum><text>the total and median number of employees of growing, newly established, and startup small business concerns participating in the program of the eligible entity; and</text></clause></subparagraph><subparagraph id="idefb033ef1cd14414b5a62f8af47eade7"><enum>(B)</enum><text>for all eligible entities—</text><clause id="ide3f0b23d73c94a22b08efba619396d37"><enum>(i)</enum><text>shall include whether the eligible entity—</text><subclause id="idf9a270ecec73463c8b3080c2c802cb8b"><enum>(I)</enum><text>indicates the structure and goals of the project;</text></subclause><subclause id="id6b1b177a8de945849ad48a8c1ed4dea2"><enum>(II)</enum><text>demonstrates ties to the business community;</text></subclause><subclause id="id9bd4a0ceb71e4ad2a3a23de93ca658b5"><enum>(III)</enum><text>identifies the resources available for the project;</text></subclause><subclause id="id66b7e8b9fed64ddf924fe125de3681d3"><enum>(IV)</enum><text>describes the capabilities of the project, including coordination with local resource partners and local or national lending partners of the Administration;</text></subclause><subclause id="id8113e1c288d14570a9c09499284f5710"><enum>(V)</enum><text>addresses the unique business and economic challenges faced by the community in which the eligible entity is located and businesses in that community; or</text></subclause><subclause id="id625ee4b90a7545939e28960f88699894"><enum>(VI)</enum><text>provides a proposed budget and plan for use of funds; and</text></subclause></clause><clause id="id72c2b6ec51184097ba7e6800abd14037"><enum>(ii)</enum><text>may include any other criteria determined appropriate by the Administrator.</text></clause></subparagraph></paragraph></subsection><subsection id="id9dd787f7dafe452db958ca1709f92d47"><enum>(e)</enum><header>Program examination</header><paragraph id="idbc3dd306248c41e6a407c2403900cd18"><enum>(1)</enum><header>In general</header><text>The Administrator shall—</text><subparagraph id="id7fcd3bddb278464c8122e5a0e59589df"><enum>(A)</enum><text>develop and implement an annual programmatic and financial examination of each project conducted under this section, under which each eligible entity entering into a cooperative agreement under this section shall provide to the Administrator—</text><clause id="id2c64eb2c97d846ed8eae3d324c42cc06"><enum>(i)</enum><text>an itemized cost breakdown of actual expenditures for costs incurred during the preceding year; and</text></clause><clause id="ida94826a8b9c14b8c92650519bf6f7b81"><enum>(ii)</enum><text>documentation regarding—</text><subclause id="ida1f6d155a5104993acd0cd26553b4a3a"><enum>(I)</enum><text>the amount of matching assistance from non-Federal sources obtained and expended by the eligible entity during the preceding year in order to meet the matching requirement; and</text></subclause><subclause id="id356c935915c74506950b0c5398503f2b"><enum>(II)</enum><text>with respect to any in-kind contributions that were used to satisfy the matching requirement, verification of the existence and valuation of those contributions; and</text></subclause></clause></subparagraph><subparagraph id="id8944488cce6e437897382716cda25f48"><enum>(B)</enum><text>analyze the results of each examination conducted under subparagraph (A) and, based on that analysis, make a determination regarding the programmatic and financial viability of each eligible entity.</text></subparagraph></paragraph><paragraph id="id36591ee75f704e67b2ebc47ec6f153c3"><enum>(2)</enum><header>Conditions for continued funding</header><text>In determining whether to continue or renew a cooperative agreement under this section, the Administrator—</text><subparagraph id="id9d2e1a91ac0e47668fa314ab7fda0010"><enum>(A)</enum><text>shall consider the results of the most recent examination of the project under paragraph (1); and</text></subparagraph><subparagraph id="id149dbd20dd2341de86024c88661175a0"><enum>(B)</enum><text>may terminate or not renew a cooperative agreement, if the Administrator determines that the eligible entity has failed to provide any information required to be provided (including information provide for purpose of the annual report by the Administrator under subsection (m)) or the information provided by the eligible entity is inadequate.</text></subparagraph></paragraph></subsection><subsection id="ide87be3e321a34e49a9fe5be24b66428e"><enum>(f)</enum><header>Training and technical assistance</header><text>The Administrator—</text><paragraph id="idf2f5dfd97c02475593205c1f7885de17"><enum>(1)</enum><text>shall provide in person or online training and technical assistance to each eligible entity entering into a cooperative agreement under this section at the beginning of the participation of the eligible entity in the Innovation Centers Program in order to build the capacity of the eligible entity and ensure compliance with procedures established by the Administrator;</text></paragraph><paragraph id="id1cf1a66034c54030990e57e0fb7f8ef1"><enum>(2)</enum><text>shall ensure that the training and technical assistance described in paragraph (1) is provided at no cost or at a low cost; and</text></paragraph><paragraph id="idc7552264741d40f282969164d74c29ca"><enum>(3)</enum><text>may enter into a contract to provide the training or technical assistance described in paragraph (1) with 1 or more organizations with expertise in the entrepreneurial development programs of the Administration, innovation, and entrepreneurial development.</text></paragraph></subsection><subsection id="id2a884d72c4fb49b08d4d10668c6ec3b2"><enum>(g)</enum><header>Coordination</header><text>In carrying out a project under this section, an eligible entity may coordinate with—</text><paragraph id="id8F5EEE676A654915B6079A84A77E7585"><enum>(1)</enum><text>resource and lending partners of the Administration;</text></paragraph><paragraph id="id5D98C32F5C894DEF800A78D138D1BC7F"><enum>(2)</enum><text>programs of State and local governments that are concerned with aiding small business concerns; and</text></paragraph><paragraph id="id41959AD3479C474890BBFC01494BEF67"><enum>(3)</enum><text>other Federal agencies, including to provide services to and assist small business concerns in participating in the SBIR and STTR programs, as defined in section 9(e).</text></paragraph></subsection><subsection id="id1512b4d498e24094b617d284ec414456"><enum>(h)</enum><header>Funding limit</header><text>The amount of financial assistance provided to an eligible entity under a cooperative agreement entered into under this section shall be not more than $400,000 during each year.</text></subsection><subsection id="id56ddfdcb62374fab9da2ddc03b5ab26c"><enum>(i)</enum><header>Matching requirement</header><paragraph id="id4036C641BFF64554A4E1340EC35E7961"><enum>(1)</enum><header>In general</header><text>An eligible entity shall contribute toward the cost of the project carried out under the cooperative agreement under this section an amount equal to 50 percent of the amount received under the cooperative agreement.</text></paragraph><paragraph id="id0DB7BFD529A04618B7C8BC13F7FDD0F9"><enum>(2)</enum><header>In-kind contributions</header><text>Not more than 50 percent of the contribution of an eligible entity under paragraph (1) may be in the form of in-kind contributions.</text></paragraph><paragraph id="id2537f968d4824c8fa6f10543fec725a1"><enum>(3)</enum><header>Waiver</header><subparagraph id="id171071068DED43369CE122C60FF24B3A"><enum>(A)</enum><header>In general</header><text>If the Administrator determines that an eligible entity is unable to meet the contribution requirement under paragraph (1), the Administrator may reduce the required contribution.</text></subparagraph><subparagraph id="id4ad4f01b7a774b6e84056bee96ebb240"><enum>(B)</enum><header>Presumption</header><text>An eligible entity shall be presumed to be unable to meet the contribution requirement under paragraph (1) if the eligible entity has—</text><clause id="id577ba1153ba3486fad22dc30b3f321f9"><enum>(i)</enum><text>long-term debt in an amount that is less than $10,000,000;</text></clause><clause id="id55e4e6b1daa5476ca431afea341dcfc7"><enum>(ii)</enum><text>an invested market endowment in an amount that is less than $15,000,000; or</text></clause><clause id="idb2a649fdcd3f44b6bd536301a170e0b7"><enum>(iii)</enum><text>total net liquid assets in an amount that is less than $15,000,000.</text></clause></subparagraph></paragraph><paragraph id="id0c6441e1916648829639323f37aa085a"><enum>(4)</enum><header>Failure to obtain non-federal funding</header><text>If an eligible entity fails to obtain the required non-Federal contribution during any project, or the reduced non-Federal contribution as determined by the Administrator—</text><subparagraph id="id55737AB2FC2A4968936B275A36E0DC72"><enum>(A)</enum><text>the eligible entity shall not be eligible thereafter for any other project for which it is or may be funded by the Administration; and</text></subparagraph><subparagraph id="idFE2931C090BB46D4BE8A2401E5EA782E"><enum>(B)</enum><text>before approving assistance for the eligible entity for any other projects, the Administrator shall specifically determine whether the Administrator believes that the eligible entity will be able to obtain the requisite non-Federal funding and enter a written finding setting the forth the reasons for making that determination.</text></subparagraph></paragraph><paragraph id="id4BFAEC5FC0C3459F9D5C5E915496EEC5"><enum>(5)</enum><header>Rule of construction</header><text>The demonstrated inability of an eligible entity to meet the contribution requirement under paragraph (1) shall not disqualify the eligible entity from entering into a cooperative agreement under this section.</text></paragraph></subsection><subsection id="id79281119a6da48a48eb09935952b6564"><enum>(j)</enum><header>Contract authority</header><paragraph id="idC154FFF3EE28412A90753233BFA1F7E2"><enum>(1)</enum><header>In general</header><text>An eligible entity may enter into a contract with a Federal department or agency to provide specific assistance to startup, newly established, or growing small business concerns.</text></paragraph><paragraph id="idD913B35C0306485EA67432D86697F804"><enum>(2)</enum><header>Performance</header><text>Performance of a contract entered into under paragraph (1) may not hinder the eligible entity in carrying out the terms of the cooperative agreement under this section.</text></paragraph><paragraph id="id18ADEFC29870469687016D5017B64CDA"><enum>(3)</enum><header>Exemption from matching requirement</header><text>A contract entered into under paragraph (1) shall not be subject to the matching requirement under subsection (i).</text></paragraph><paragraph id="id48F1318AA4A0420992700DC00940928F"><enum>(4)</enum><header>Additional provision</header><text>Notwithstanding any other provision of law, a contract for assistance under paragraph (1) shall not be applied to any Federal department or agency's small business, woman-owned business, or socially and economically disadvantaged business contracting goal under section 15(g).</text></paragraph></subsection><subsection commented="no" display-inline="no-display-inline" id="IDAEC8F09C15254375A4E05CFD06F4C671"><enum>(k)</enum><header display-inline="yes-display-inline">Privacy requirements</header><paragraph commented="no" display-inline="no-display-inline" id="ID28EF1D8595074A3993C8A44C649EDB1A"><enum>(1)</enum><header>In general</header><text>An eligible entity may not disclose the name, address, or telephone number of any individual or small business concern receiving assistance under this section without the consent of such individual or small business concern, unless—</text><subparagraph id="ID359176C92A1F415BBADFAD16594EA857"><enum>(A)</enum><text>the Administrator is ordered to make such a disclosure by a court in any civil or criminal enforcement action initiated by a Federal or State agency; or</text></subparagraph><subparagraph id="ID5D8884CF04994E04BA2688B064718F8E"><enum>(B)</enum><text>the Administrator considers such a disclosure to be necessary for the purpose of conducting a financial audit of an eligible entity, but a disclosure under this subparagraph shall be limited to the information necessary for such audit.</text></subparagraph></paragraph><paragraph commented="no" display-inline="no-display-inline" id="IDE13A6BDCFB7F484AB73FC3D16CAB4860"><enum>(2)</enum><header>Administration use of information</header><text>This subsection shall not—</text><subparagraph id="ID2A4FB561D8E24BBDAB2F927774DFCFC9"><enum>(A)</enum><text>restrict Administration access to program activity data; or</text></subparagraph><subparagraph id="ID586068F6398B467DB3B6056A182A44D9"><enum>(B)</enum><text>prevent the Administration from using client information (other than the information described in subparagraph (A)) to conduct client surveys.</text></subparagraph></paragraph><paragraph commented="no" display-inline="no-display-inline" id="ID04998642AE654DD59A8A2A1855005850"><enum>(3)</enum><header>Regulations</header><text>The Administrator shall issue regulations to establish standards for requiring disclosures during a financial audit under paragraph (1)(B).</text></paragraph></subsection><subsection id="idee0b51c9406841698c8fd77704287590"><enum>(l)</enum><header>Publication of information</header><text>The Administrator shall—</text><paragraph id="id1202394ff4f34cf09e737d1ba069d5e1"><enum>(1)</enum><text>publish information about the program under this section online, including—</text><subparagraph id="id7fe6809072fc4ddaab1911fe0b2f172c"><enum>(A)</enum><text>on the website of the Administration; and</text></subparagraph><subparagraph id="idcb67f0a6b0744fe28e452f4a29967f1e"><enum>(B)</enum><text>on the social media of the Administration; and</text></subparagraph></paragraph><paragraph id="idc02eb426e8524b0eac04c0e99434276c"><enum>(2)</enum><text>request that the resource and lending partners of the Administration and the district offices of the Administration publicize the program.</text></paragraph></subsection><subsection id="idbfffc47ddda8424189ead08604d504c5"><enum>(m)</enum><header>Annual reporting</header><text>Not later than 1 year after the date on which the Administrator establishes the program under this section, and annually thereafter, the Administrator shall submit to Congress a report on the activities under the program, including—</text><paragraph id="id410e0405ee534d75add9af797c6cfaec"><enum>(1)</enum><text>the number of startup, newly established, and growing small business concerns participating in the project carried out by each eligible entity under a cooperative agreement under this section (in this paragraph referred to as <quote>participants</quote>), including a breakdown of the owners of the participants by race, gender, veteran status, and urban versus rural location;</text></paragraph><paragraph id="id2bba88f98dd94c9a823cea94850aa1ba"><enum>(2)</enum><text>the retention rate for participants;</text></paragraph><paragraph id="id8c7cafacf41a49b8aa70b7c358af2b6e"><enum>(3)</enum><text>the total and median amount of capital accessed by participants, including the type of capital accessed;</text></paragraph><paragraph id="idfd2e98bcc9e84dbb8e2ee56c5c9c49b8"><enum>(4)</enum><text>the total and median number of employees of participants;</text></paragraph><paragraph id="id9153be8c026142139610ec42b034e430"><enum>(5)</enum><text>the number and median wage of jobs created by participants;</text></paragraph><paragraph id="idd2d3f9cace5e41d2b84266290145f7ba"><enum>(6)</enum><text>the number of jobs sustained by participants; and</text></paragraph><paragraph id="id390e5de087e14d7bbe80afcb7f09f210"><enum>(7)</enum><text>information regarding such other metrics as the Administrator determines appropriate.</text></paragraph></subsection><subsection id="idb5af700db7264e08a17210c73d3e0232"><enum>(n)</enum><header>Funding</header><paragraph id="idF3EF1B9502174560959F205B86D45D95"><enum>(1)</enum><header>Authorization of appropriations</header><text>There are authorized to be appropriated such sums as may be necessary to carry out this section.</text></paragraph><paragraph commented="no" display-inline="no-display-inline" id="id4A5E02BA1D1F48A3985687BFE3C804F1"><enum>(2)</enum><header>Administrative expenses</header><text display-inline="yes-display-inline">Of the amount made available to carry out this section for any fiscal year, not more than 10 percent may be used by the Administrator for administrative expenses.</text></paragraph></subsection></section><after-quoted-block>.</after-quoted-block></quoted-block></paragraph></subsection><subsection id="idE07A564DDBA946CC99329A016E7943CC"><enum>(b)</enum><header>Regulations</header><text>The Administrator of the Small Business Administration shall promulgate regulations to carry out section 49 of the Small Business Act, as added by subsection (a).</text></subsection></section></legis-body></bill>


