<?xml version="1.0"?>
<?xml-stylesheet type="text/xsl" href="billres.xsl"?>
<!DOCTYPE bill PUBLIC "-//US Congress//DTDs/bill.dtd//EN" "bill.dtd">
<bill bill-stage="Engrossed-in-Senate" dms-id="A1" public-private="public" star-print="no-star-print" bill-type="olc" stage-count="1" public-print="no"><metadata xmlns:dc="http://purl.org/dc/elements/1.1/">
<dublinCore>
<dc:title>117 S35 ES: Officer Eugene Goodman Congressional Gold Medal Act</dc:title>
<dc:publisher>U.S. Senate</dc:publisher>
<dc:date></dc:date>
<dc:format>text/xml</dc:format>
<dc:language>EN</dc:language>
<dc:rights>Pursuant to Title 17 Section 105 of the United States Code, this file is not subject to copyright protection and is in the public domain.</dc:rights>
</dublinCore>
</metadata>
<form display="yes">
<congress display="yes">117th CONGRESS</congress><session display="yes">1st Session</session><legis-num display="yes">S. 35</legis-num><current-chamber display="no">IN THE SENATE OF THE UNITED STATES</current-chamber><legis-type display="yes">AN ACT</legis-type><official-title display="yes">To award a Congressional Gold Medal to Officer Eugene Goodman. </official-title></form><legis-body style="OLC" display-enacting-clause="yes-display-enacting-clause"><section id="S1" section-type="section-one" commented="no" display-inline="no-display-inline"><enum>1.</enum><header display-inline="yes-display-inline">Short title</header><text display-inline="no-display-inline">This Act may be cited as the <quote><short-title>Officer Eugene Goodman Congressional Gold Medal Act</short-title></quote>.</text></section><section id="ideae09993da164b97a7f6661d3e4ee73b" commented="no" display-inline="no-display-inline" section-type="subsequent-section"><enum>2.</enum><header display-inline="yes-display-inline">Findings</header><text display-inline="no-display-inline">The Congress finds the following:</text><paragraph commented="no" display-inline="no-display-inline" id="id35e6edc8154c45d08ea822e12dd3a092"><enum>(1)</enum><text display-inline="yes-display-inline">On January 6, 2021, the United States Capitol Building was attacked by armed insurrectionists.</text></paragraph><paragraph id="idb8183671a39640909e6e6786a2c7c2cb" commented="no" display-inline="no-display-inline"><enum>(2)</enum><text display-inline="yes-display-inline">Members of the United States Capitol Police force were overrun and insurrectionists breached the Capitol at multiple points.</text></paragraph><paragraph id="idcacdf874250942029ab6cb502ba970fb" commented="no" display-inline="no-display-inline"><enum>(3)</enum><text display-inline="yes-display-inline">Around 2:14 in the afternoon, United States Capitol Police Officer Eugene Goodman confronted an angry group of insurrectionists who unlawfully entered the Capitol, according to video footage taken by Igor Bobic, a reporter with the Huffington Post.</text></paragraph><paragraph id="idaf2c34a7697d44f9b80d99d7cb82acb8" commented="no" display-inline="no-display-inline"><enum>(4)</enum><text display-inline="yes-display-inline">Officer Goodman, alone, delayed the mob’s advance towards the United States Senate Chamber and alerted his fellow officers to the location of the insurrectionists.</text></paragraph><paragraph id="id65b84b44857f45e39459dc4174111b40" commented="no" display-inline="no-display-inline"><enum>(5)</enum><text display-inline="yes-display-inline">Upon reaching a second floor corridor, Officer Goodman noticed the entrance to the Senate Chamber was unguarded.</text></paragraph><paragraph id="idb9a98347cbb541ca99a3815e14371994" commented="no" display-inline="no-display-inline"><enum>(6)</enum><text display-inline="yes-display-inline">As the mob approached, Officer Goodman intentionally diverted attention away from the Senate entrance and led the mob to an alternate location and additional awaiting officers.</text></paragraph><paragraph id="id6e724853ed944fe0a71d031531fc16ab" commented="no" display-inline="no-display-inline"><enum>(7)</enum><text display-inline="yes-display-inline">At 2:15 in the afternoon, a Washington Post reporter from inside the Senate Chamber noted <quote>Senate sealed</quote> with Senators, staff, and members of the press inside.</text></paragraph><paragraph id="idc67c41abfd784d80bac6bf0820f3e766" commented="no" display-inline="no-display-inline"><enum>(8)</enum><text display-inline="yes-display-inline">Officer Eugene Goodman’s selfless and quick-thinking actions doubtlessly saved lives and bought security personnel precious time to secure and ultimately evacuate the Senate before the armed mob breached the Chamber.</text></paragraph><paragraph id="id5f905a7f6ec54cc9b101b37e2b331719" commented="no" display-inline="no-display-inline"><enum>(9)</enum><text display-inline="yes-display-inline">Amidst a shocking, unpatriotic attack on the Capitol, Officer Goodman’s heroism is recognized not only by Members of Congress and staff but also by the people of the United States they represent.</text></paragraph><paragraph id="idd6715be4ec6b4d648bd624e9a2a54ce6" commented="no" display-inline="no-display-inline"><enum>(10)</enum><text display-inline="yes-display-inline">By putting his own life on the line and successfully, single-handedly leading insurrectionists away from the floor of the Senate Chamber, Officer Eugene Goodman performed his duty to protect the Congress with distinction, and by his actions, Officer Goodman left an indelible mark on American history. </text></paragraph><paragraph id="id7306bad5aece44a9a575dc06a7e5638e" commented="no" display-inline="no-display-inline"><enum>(11)</enum><text display-inline="yes-display-inline">Officer Goodman's actions exemplify the heroism of the many men and women who risked their lives to defend the Capitol on January 6, 2021.</text></paragraph></section><section id="id411bd93d4a654ee4b6300fd36a822196" commented="no" display-inline="no-display-inline" section-type="subsequent-section"><enum>3.</enum><header display-inline="yes-display-inline">Congressional Gold Medal</header><subsection id="id7dbb64429ac844f3a1c2c0cb40f03285" commented="no" display-inline="no-display-inline"><enum>(a)</enum><header display-inline="yes-display-inline">Presentation authorized</header><text display-inline="yes-display-inline">The Speaker of the House of Representatives and the President pro tempore of the Senate shall make appropriate arrangements for the presentation, on behalf of the Congress, of a gold medal of appropriate design to Officer Eugene Goodman.</text></subsection><subsection id="id5a31afc377d547e1a9308699d6d69480" commented="no" display-inline="no-display-inline"><enum>(b)</enum><header display-inline="yes-display-inline">Design and striking</header><paragraph id="idECF4E815D5E746E8A434B0A582590A0E" commented="no" display-inline="no-display-inline"><enum>(1)</enum><header display-inline="yes-display-inline">In general</header><text display-inline="yes-display-inline">For the purposes of the presentation referred to in subsection (a), the Secretary of the Treasury (referred to in this Act as the <quote>Secretary</quote>) shall strike the gold medal with suitable emblems, devices, and inscriptions, to be determined by the Secretary.</text></paragraph><paragraph id="id30BAD4E876DB439F804C476D60A6B8AD" commented="no" display-inline="no-display-inline"><enum>(2)</enum><header display-inline="yes-display-inline">Image and name</header><text display-inline="yes-display-inline">The design shall bear an image of, and inscription of the name of, Officer Eugene Goodman.</text></paragraph></subsection></section><section id="id3732fae10f114dc5ac937b038593edd0" commented="no" display-inline="no-display-inline" section-type="subsequent-section"><enum>4.</enum><header display-inline="yes-display-inline">Duplicate medals</header><text display-inline="no-display-inline">The Secretary may strike and sell duplicates in bronze of the gold medal struck pursuant to section 3 under such regulations as the Secretary may prescribe, at a price sufficient to cover the cost thereof, including labor, materials, dies, use of machinery, and overhead expenses.</text></section><section id="id33dcce427d484a87964248743dd950dc" commented="no" display-inline="no-display-inline" section-type="subsequent-section"><enum>5.</enum><header display-inline="yes-display-inline">Status of medals</header><subsection id="id8647bc1dd4b34f1aabd5287de96a3e96" commented="no" display-inline="no-display-inline"><enum>(a)</enum><header display-inline="yes-display-inline">National medals</header><text display-inline="yes-display-inline">The medals struck pursuant to this Act are national medals for purposes of <external-xref legal-doc="usc-chapter" parsable-cite="usc-chapter/31/51">chapter 51</external-xref> of title 31, United States Code.</text></subsection><subsection id="id9c49780768f54bbba402d0d65d03554c" commented="no" display-inline="no-display-inline"><enum>(b)</enum><header display-inline="yes-display-inline">Numismatic items</header><text display-inline="yes-display-inline">For purposes of section 5134 of title 31, United States Code, all medals struck under this Act shall be considered to be numismatic items. </text></subsection></section></legis-body><attestation><attestation-group><attestation-date date="20210212" chamber="Senate">Passed the Senate February 12, 2021.</attestation-date><attestor display="no"></attestor><role>Secretary</role></attestation-group></attestation><endorsement display="yes"></endorsement></bill> 

