<?xml version="1.0"?>
<?xml-stylesheet type="text/xsl" href="billres.xsl"?>
<!DOCTYPE bill PUBLIC "-//US Congress//DTDs/bill.dtd//EN" "bill.dtd">
<bill bill-type="olc" bill-stage="Introduced-in-Senate" dms-id="A1" public-private="public" slc-id="S1-DAV21237-YXN-XX-L6F"><metadata xmlns:dc="http://purl.org/dc/elements/1.1/">
<dublinCore>
<dc:title>117 S363 IS: Make It in America Act</dc:title>
<dc:publisher>U.S. Senate</dc:publisher>
<dc:date>2021-02-23</dc:date>
<dc:format>text/xml</dc:format>
<dc:language>EN</dc:language>
<dc:rights>Pursuant to Title 17 Section 105 of the United States Code, this file is not subject to copyright protection and is in the public domain.</dc:rights>
</dublinCore>
</metadata>
<form>
<distribution-code display="yes">II</distribution-code><congress>117th CONGRESS</congress><session>1st Session</session><legis-num>S. 363</legis-num><current-chamber>IN THE SENATE OF THE UNITED STATES</current-chamber><action><action-date date="20210223">February 23, 2021</action-date><action-desc><sponsor name-id="S284">Ms. Stabenow</sponsor> (for herself, <cosponsor name-id="S397">Mr. Braun</cosponsor>, <cosponsor name-id="S380">Mr. Peters</cosponsor>, <cosponsor name-id="S349">Mr. Portman</cosponsor>, and <cosponsor name-id="S354">Ms. Baldwin</cosponsor>) introduced the following bill; which was read twice and referred to the <committee-name committee-id="SSGA00">Committee on Homeland Security and Governmental Affairs</committee-name></action-desc></action><legis-type>A BILL</legis-type><official-title>To amend <external-xref legal-doc="usc-chapter" parsable-cite="usc-chapter/41/83">chapter 83</external-xref> of title 41, United States Code, to increase the requirement for American-made content, to strengthen the waiver provisions, and for other purposes.</official-title></form><legis-body style="OLC" display-enacting-clause="yes-display-enacting-clause" id="HF6D989505F684F7F9556BD7A336F7ABA"><section section-type="section-one" id="HD18D01AD8F184D0692305926FBB277AB"><enum>1.</enum><header>Short title; table of contents</header><subsection id="HC0796EC2F60F49DE9F116C8966E6AEA7"><enum>(a)</enum><header>Short title</header><text display-inline="yes-display-inline">This Act may be cited as the <quote><short-title>Make It in America Act</short-title></quote>.</text></subsection><subsection id="H1B8B42DD09B344A99228727B941CCA8A"><enum>(b)</enum><header>Table of contents</header><text>The table of contents for this Act is as follows:</text><toc><toc-entry level="section" idref="HD18D01AD8F184D0692305926FBB277AB">Sec. 1. Short title; table of contents.</toc-entry><toc-entry level="section" idref="H067E0A9BB77C4F52B61FFFF471C68B58">Sec. 2. Regulations relating to Buy American Act.</toc-entry><toc-entry level="section" idref="H6B3F2CAA78E04FB4AFF3E20F9923E158">Sec. 3. Amendments relating to Buy American Act.</toc-entry><toc-entry level="section" idref="id2364076FCCFD4AFA9B0BD15900986AE6">Sec. 4. Made in America Office.</toc-entry><toc-entry level="section" idref="id104F62819F2E4B139E917EF03B751FCA">Sec. 5. Department of Transportation Buy America provisions.</toc-entry><toc-entry level="section" idref="idCBAC050945654FCA8AB8FEBDB395ADF5">Sec. 6. Hollings Manufacturing Extension Partnership activities.</toc-entry><toc-entry level="section" idref="HCBD20EE9B44A48FB81CC02C3B1DE8880">Sec. 7. United States obligations under international agreements.</toc-entry><toc-entry level="section" idref="H2631F68BB9344195BE4E1CCD2547465B">Sec. 8. Definitions.</toc-entry></toc></subsection></section><section id="H067E0A9BB77C4F52B61FFFF471C68B58"><enum>2.</enum><header>Regulations relating to Buy American Act</header><subsection id="id13f69f8194394f0f972fc700f298d0fc"><enum>(a)</enum><header>In general</header><text>Not later than 1 year after the date of the enactment of this Act, the Director of the Office of Management and Budget (<quote>Director</quote>), acting through the Administrator for Federal Procurement Policy and, in consultation with the Federal Acquisition Regulatory Council, shall promulgate final regulations to standardize and simplify how Federal agencies comply with, report on, and enforce the Buy American Act. The regulations shall include, at a minimum, the following:</text><paragraph id="H93415E16E935499480FC3F30FB23C49B"><enum>(1)</enum><text>Guidelines for Federal agencies to determine, for the purposes of applying sections 8302(a) and 8303(b)(3) of title 41, United States Code, the circumstances under which the acquisition of articles, materials, or supplies mined, produced, or manufactured in the United States is inconsistent with the public interest.</text></paragraph><paragraph commented="no" id="H0E02D66A20A743649B40FA9D8CFC25E3"><enum>(2)</enum><text display-inline="yes-display-inline">Uniform procedures for each Federal agency to make publicly available, in an easily identifiable location on the website of the agency, and within the following time periods, the following information:</text><subparagraph commented="no" id="H08DE3B4C58FD48D9B431F37B06D2934A"><enum>(A)</enum><text>A written description of the circumstances in which the head of the agency may waive the requirements of the Buy American Act.</text></subparagraph><subparagraph commented="no" id="H3191E0E103F64064A7950095338F0C46"><enum>(B)</enum><text>Each waiver made by the head of the agency within 30 days after making such waiver, including a detailed justification for the waiver.</text></subparagraph></paragraph><paragraph id="H010D14A2F0BA4C0AA68FA425C2C1362F"><enum>(3)</enum><text>Guidelines for Federal agencies to ensure that a project is not disaggregated for purposes of avoiding the applicability of the requirements under the Buy American Act.</text></paragraph><paragraph id="id85c14aaec8ca41df9a5fd4e6c7da67f7"><enum>(4)</enum><text>Increasing the price preferences for domestic end products and domestic construction materials.</text></paragraph><paragraph id="idFC2E6A08F78A4829973885997CB943DD"><enum>(5)</enum><text>Amending the definitions of <quote>domestic end product</quote> and <quote>domestic construction material</quote> to ensure that iron and steel products are, to the greatest extent possible, made with domestic components.</text></paragraph></subsection><subsection id="idaf0bdd5a8a3e4a4f91e89e1561c9a615"><enum>(b)</enum><header>Guidelines relating to waivers</header><paragraph id="id26CFC310554D4F38849D7D33241B75F4"><enum>(1)</enum><header>Inconsistency with public interest</header><subparagraph id="id4DF596E8F13B41DEB701E106D466F8FB"><enum>(A)</enum><header>In general</header><text>With respect to the guidelines developed under subsection (a)(1), the Administrator shall seek to minimize waivers related to contract awards that—</text><clause id="idF945B7B8BD2D4DCF88655DC9E2844EBA"><enum>(i)</enum><text>result in a decrease in employment in the United States, which shall be considered to be inconsistent with the public interest, including employment among entities that manufacture the articles, materials, or supplies; or</text></clause><clause id="id35B5B3DAF1694CFAAB90123B3F314891"><enum>(ii)</enum><text>result in not awarding a contract that would boost domestic employment.</text></clause></subparagraph><subparagraph id="id1D22CE56D547412AAD2FD964C02C3DDE"><enum>(B)</enum><header>Covered employment</header><text>For purposes of subparagraph (A), employment refers to positions directly involved in the manufacture of articles, materials, or supplies, and does not include positions related to management, research and development, or engineering and design.</text></subparagraph></paragraph><paragraph id="id26158310fa3546f5ba4db5b804d7c664"><enum>(2)</enum><header>Assessment on use of dumped or subsidized foreign products</header><subparagraph id="id3EDB5AD72693450CBF21DD6B4F89DD66"><enum>(A)</enum><header>In general</header><text>To the extent otherwise permitted by law, before granting a waiver in the public interest to the guidelines developed under subsection (a)(1) with respect to a product sourced from a foreign country, a Federal agency shall assess whether a significant portion of the cost advantage of the product is the result of the use of dumped steel, iron, or manufactured goods or the use of injuriously subsidized steel, iron, or manufactured goods.</text></subparagraph><subparagraph id="id8E6EE502D74743489FCD4C6E154103F4"><enum>(B)</enum><header>Consultation</header><text>The Federal agency conducting the assessment under subparagraph (A) shall consult with the International Trade Administration in making the assessment if the agency considers such consultation to be helpful.</text></subparagraph><subparagraph id="idE7E62C40009342E38B63330DB1E3E1B3"><enum>(C)</enum><header>Use of findings</header><text>The Federal agency conducting the assessment under subparagraph (A) shall integrate any findings from the assessment into its waiver determination. </text></subparagraph></paragraph></subsection><subsection id="id2FB28FBD8C5B4E368695A7694FF7411C"><enum>(c)</enum><header>Definition of end product manufactured in the United States</header><text>Not later than 1 year after the date of the enactment of this Act, the Federal Acquisition Regulatory Council shall amend part 25 of the Federal Acquisition Regulation to provide a definition for <quote>end product manufactured in the United States,</quote> including guidelines to ensure that manufacturing processes involved in production of the end product occur domestically. </text></subsection></section><section id="H6B3F2CAA78E04FB4AFF3E20F9923E158"><enum>3.</enum><header>Amendments relating to Buy American Act</header><subsection id="HB67DF586A1C94B888B222D2F2D6D2DA6"><enum>(a)</enum><header>Special rules relating to American materials required for public use</header><text display-inline="yes-display-inline">Section 8302 of title 41, United States Code, is amended by adding at the end the following new subsection:</text><quoted-block style="USC" display-inline="no-display-inline" id="H23D266E4E28D4401A5DBAFF41146DA99"><subsection id="H32F0A5A84D784D22A6B02E611FE296F1"><enum>(c)</enum><header>Special rules</header><text display-inline="yes-display-inline">The following rules apply in carrying out the provisions of subsection (a):</text><paragraph id="H576C3217CB974E2CA6F07A52601C8E57"><enum>(1)</enum><header>Iron and steel manufactured in the United States</header><text>For purposes of this section, manufactured articles, materials, and supplies of iron and steel are deemed manufactured in the United States only if all manufacturing processes involved in the production of such iron and steel, from the initial melting stage through the application of coatings, occurs in the United States. </text></paragraph><paragraph id="idF7930F245630412396CA22178B1BF98D"><enum>(2)</enum><header>Limitation on exception for commercially available off-the-shelf items</header><text>Notwithstanding any law or regulation to the contrary, including section 1907 of this title and the Federal Acquisition Regulation, the requirements of this section apply to all iron and steel articles, materials, and supplies. </text></paragraph><paragraph id="HC119ACDA1F0746B39299F6D83C1E0CBC"><enum>(3)</enum><header>Use outside the United States</header><subparagraph id="H5F0AFA7A02A04290A6B7E73938258928"><enum>(A)</enum><header>In general</header><text display-inline="yes-display-inline">Notwithstanding the exception described in subsection (a)(2)(A), subsection (a)(1) shall apply to articles, materials, or supplies for use outside the United States if such articles, materials, or supplies are not needed on an urgent basis or are acquired on a regular basis.</text></subparagraph><subparagraph id="H34E6F6B23F07490E92DE7A7891788F38"><enum>(B)</enum><header>Cost analysis</header><text display-inline="yes-display-inline">In any case in which articles, materials, or supplies are to be acquired for use outside the United States and are not needed on an urgent basis or are acquired on a regular basis, before entering into a contract, an analysis shall be made of the difference in the cost of acquiring such articles, materials, or supplies from a company mining, producing, or manufacturing the articles, materials, or supplies in the United States (excluding the cost of shipping) and the cost of acquiring such articles, materials, or supplies from a company mining, producing, or manufacturing the articles, materials, or supplies outside the United States (including the cost of shipping).</text></subparagraph></paragraph><paragraph id="H162384459B4B4E6A95A7C7A0CA447D4D"><enum>(4)</enum><header>Domestic availability</header><text>The head of a Federal agency may not determine that an article, material, or supply is not mined, produced, or manufactured in the United States in sufficient and reasonably available commercial quantities and of a satisfactory quality under subsection (a)(1) unless the head of the agency first determines that—</text><subparagraph id="HD5FD0308655941788542EE47F5D22341"><enum>(A)</enum><text>domestic production cannot be initiated without delaying the project for which the article, material, or supply is to be acquired; and</text></subparagraph><subparagraph id="HA2AF073766E2471BB3D692194B780185"><enum>(B)</enum><text>a substitutable article, material, or supply is not mined, produced, or manufactured in the United States in sufficient and reasonably available commercial quantities and of a satisfactory quality.</text></subparagraph></paragraph></subsection><after-quoted-block>.</after-quoted-block></quoted-block></subsection><subsection id="id4C9E0C9227EC45F0A7D71F6C58ACB60B"><enum>(b)</enum><header>Production of iron and steel for purposes of contracts for public works</header><text>Section 8303 of title 41, United States Code, is amended—</text><paragraph id="id3BE281360BD645B6982ED6EEE9720E95"><enum>(1)</enum><text>by redesignating subsection (c) as subsection (d); and</text></paragraph><paragraph id="idD4C3BE3C96EC4C3D998434768611D21F"><enum>(2)</enum><text>by inserting after subsection (b) the following new subsection:</text><quoted-block id="id931FE8D55DC34ADFAECE386D4D99DFE6" style="OLC" act-name=""><subsection id="idF4FF428216C9465F8763270DAB697836"><enum>(c)</enum><header>Special rules</header><paragraph id="idC2EFE5CB0BBC43B89B16862F2BCE1B57"><enum>(1)</enum><header>Production of iron and steel</header><text>For purposes of this section, manufactured articles, materials, and supplies of iron and steel are deemed manufactured in the United States only if all manufacturing processes involved in the production of such iron and steel, from the initial melting stage through the application of coatings, occurs in the United States.</text></paragraph><paragraph id="idDD0028EA06224FBFB50F385850027F66"><enum>(2)</enum><header>Limitation on exception for commercially available off-the-shelf items</header><text>Notwithstanding any law or regulation to the contrary, including section 1907 of this title and the Federal Acquisition Regulation, the requirements of this section apply to all iron and steel articles, materials, and supplies used in contracts described in subsection (a).</text></paragraph></subsection><after-quoted-block>.</after-quoted-block></quoted-block></paragraph></subsection><subsection id="H3F8F0BAA69C944E897AE28B707C1BDED"><enum>(c)</enum><header>Annual report</header><text>Subsection (b) of section 8302 of title 41, United States Code, is amended to read as follows:</text><quoted-block style="OLC" id="HC33BA2D64D244E12A7E853AC983DA77C"><subsection id="H518B1DC093A244E384E0C043BAE56468"><enum>(b)</enum><header>Reports</header><paragraph id="H1815C35878324E519A36CF951AA0D713"><enum>(1)</enum><header>In general</header><text display-inline="yes-display-inline">Not later than 180 days after the end of the fiscal year during which the <short-title>Make It in America Act</short-title> is enacted, and annually thereafter for 4 years, the Director of the Office of Management and Budget, in consultation with the Administrator of General Services, shall submit to the Committee on Oversight and Government Reform of the House of Representatives and the Committee on Homeland Security and Governmental Affairs of the Senate a report on the total amount of acquisitions made by Federal agencies in the relevant fiscal year of articles, materials, or supplies acquired from entities that mine, produce, or manufacture the articles, materials, or supplies outside the United States.</text></paragraph><paragraph id="HC2DF6939FC234792A950A2E6AD43533D"><enum>(2)</enum><header>Additional content</header><text>Each report required under paragraph (1) shall separately include, for the fiscal year covered by the report—</text><subparagraph id="HC89D977456D54241A800906E204D5BAD"><enum>(A)</enum><text>the dollar value of any articles, materials, or supplies that were mined, produced, or manufactured outside the United States, in the aggregate and by country;</text></subparagraph><subparagraph id="H78E3334C15DC44B7A0F581CD39EB7BD8"><enum>(B)</enum><text>an itemized list of all waivers made under this chapter with respect to articles, materials, or supplies and the country where such articles, materials, or supplies were mined, produced, or manufactured;</text></subparagraph><subparagraph id="H4B345E79AA0640A187617F370A06BD05"><enum>(C)</enum><text>if any articles, materials, or supplies were acquired from entities that mine, produce, or manufacture such articles, materials, or supplies outside the United States due to an exception (that is not the micro-purchase threshold exception described under subsection (a)(2)(C)), the specific exception that was used to purchase such articles, materials, or supplies;</text></subparagraph><subparagraph id="HBA7432F9842042CC9B70305157C220CF"><enum>(D)</enum><text>if any articles, materials, or supplies were acquired from entities that mine, produce, or manufacture such articles, materials, or supplies outside the United States pursuant to a reciprocal defense procurement memorandum of understanding (as described in section 8304), or a trade agreement or least developed country designation described in subpart 25.400 of the Federal Acquisition Regulation, a citation to such memorandum of understanding, trade agreement, or designation; and</text></subparagraph><subparagraph id="HAE7C3B9844944730ADD1D130FADE86DA"><enum>(E)</enum><text>a summary of—</text><clause id="H73B289BED15E48C389FFC58CF91B5E59"><enum>(i)</enum><text display-inline="yes-display-inline">the total procurement funds expended on articles, materials, and supplies mined, produced, or manufactured inside the United States;</text></clause><clause id="H4DE7BE6F0014451295A07D0F4B298C3F"><enum>(ii)</enum><text display-inline="yes-display-inline">the total procurement funds expended on articles, materials, and supplies mined, produced, or manufactured outside the United States; and</text></clause><clause id="H2D636E93E49844EFA9F5136E33FFB4AD"><enum>(iii)</enum><text display-inline="yes-display-inline">the total procurement funds expended on articles, materials, and supplies mined, produced, or manufactured outside the United States per country that mined, produced, or manufactured such articles, materials, and supplies.</text></clause></subparagraph></paragraph><paragraph id="H33337531E13842EEA7E48948AB8E7794"><enum>(3)</enum><header>Public availability</header><text display-inline="yes-display-inline">Not later than 180 days after the end of the fiscal year during which the <short-title>Make It in America Act</short-title> is enacted, and annually thereafter for 4 years, the Director of the Office of Management and Budget shall make the relevant report required under paragraph (1) publicly available on a website.</text></paragraph><paragraph id="HC0CDF1E3F0AD4904B37FCFDBA42ED023"><enum>(4)</enum><header>Exception for intelligence community</header><text>This subsection does not apply to acquisitions made by an agency, or component of an agency, that is an element of the intelligence community as specified in, or designated under, section 3 of the National Security Act of 1947 (<external-xref legal-doc="usc" parsable-cite="usc/50/3003">50 U.S.C. 3003</external-xref>).</text></paragraph></subsection><after-quoted-block>.</after-quoted-block></quoted-block></subsection><subsection id="H485D40A126AE44CDAABE6BF36F5663B4"><enum>(d)</enum><header>Definitions</header><text display-inline="yes-display-inline">Section 8301 of title 41, United States Code, is amended by adding at the end the following new paragraphs:</text><quoted-block style="OLC" id="HDA2ECED64DDC4C88A4D1F8BEE0C779B2"><paragraph id="H7EE37BCEC4614E3FB33CF196D69CA667"><enum>(3)</enum><header>Federal agency</header><text>The term <term>Federal agency</term> has the meaning given the term <quote>executive agency</quote> in section 133 of this title.</text></paragraph><paragraph commented="no" id="H4064CEB9057A4703BFA3CB4B105EBA01"><enum>(4)</enum><header>Substantially all</header><text>The term <term>substantially all</term>, with respect to articles, materials, or supplies mined, produced, or manufactured in the United States, means that—</text><subparagraph commented="no" id="id300FB22CA8A24C609C3BF0279E33727D"><enum>(A)</enum><text>the cost of the domestic components of such articles, materials, or supplies exceeds 75 percent of the total cost of all components of such articles, materials, or supplies; or</text></subparagraph><subparagraph commented="no" id="id1306B86B60BA4F9AB27E304C1DB4AE91"><enum>(B)</enum><text>in the event that a Federal agency does not receive an offer on a contract that meets such threshold, the cost of the domestic components of such articles, materials, or supplies exceeds 60 percent of the total cost of all components of such articles, materials, or supplies.</text></subparagraph></paragraph><paragraph commented="no" display-inline="no-display-inline" id="HDBEE45C8959F43548A934DFBECDE95C7"><enum>(5)</enum><header>Waiver</header><text>The term <term>waiver</term>, with respect to the acquisition of an article, material, or supply for public use, means the inapplicability of this chapter to the acquisition by reason of any of the following determinations under section 8302(a)(1) or 8303(b)(3) of this title:</text><subparagraph commented="no" id="H7B98AFCC48154F04BE21C95226EFC65D"><enum>(A)</enum><text>A written determination by the head of the Federal agency concerned that the acquisition is inconsistent with the public interest.</text></subparagraph><subparagraph commented="no" id="H247CDE9D954B4149AF25B29178C5A1D7"><enum>(B)</enum><text>A written determination by the head of the Federal agency concerned that the cost of the acquisition is unreasonable.</text></subparagraph><subparagraph commented="no" id="HF8C3436C681B47E9B580CFAFF82A8807"><enum>(C)</enum><text>A written determination by the head of the Federal agency concerned that the article, material, or supply is not mined, produced, or manufactured in the United States in sufficient and reasonably available commercial quantities of a satisfactory quality.</text></subparagraph></paragraph><after-quoted-block>.</after-quoted-block></quoted-block></subsection><subsection id="H53F55B373F004FE9818495ACBC1D21CE"><enum>(e)</enum><header>Conforming amendments</header><text>Title 41, United States Code, is amended—</text><paragraph id="HB8849A94A62E4AD59271E1084112930B"><enum>(1)</enum><text>in section 8302(a)—</text><subparagraph id="H2D6F0417A02C4DF896135EC8CEE6244C"><enum>(A)</enum><text>in paragraph (1)—</text><clause id="HC504C83CC8684AE190F4ED39B2B979AB"><enum>(i)</enum><text>by striking <quote>department or independent establishment</quote> and inserting <quote>Federal agency</quote>; and</text></clause><clause id="H17C34F5CAA16451E94C86B8C20A0BA0F"><enum>(ii)</enum><text>by striking <quote>their acquisition to be inconsistent with the public interest or their cost to be unreasonable</quote> and inserting <quote>their acquisition to be inconsistent with the public interest, their cost to be unreasonable, or that the articles, materials, or supplies of the class or kind to be used, or the articles, materials, or supplies from which they are manufactured, are not mined, produced, or manufactured in the United States in sufficient and reasonably available commercial quantities and of a satisfactory quality</quote>; and</text></clause></subparagraph><subparagraph id="H47683EB20A86468D8179DC2825D0F15B"><enum>(B)</enum><text>in paragraph (2)—</text><clause id="H5E4B9D45B4844D51BE8636ED2DD6AA80"><enum>(i)</enum><text>in subparagraph (A), by inserting <quote>subject to subsection (c)(2)(A),</quote> before <quote>to articles, materials, or supplies</quote>; and</text></clause><clause id="H9B8187CBB54D479184F8A46D10FB68A0"><enum>(ii)</enum><text>by amending subparagraph (B) to read as follows:</text><quoted-block style="OLC" display-inline="no-display-inline" id="H82A148E1C73249868D03310171CDB7B9"><subparagraph id="H9559B6F95A0F41ED947468ABBA37A005"><enum>(B)</enum><text display-inline="yes-display-inline">to any articles, materials, or supplies procured pursuant to a reciprocal defense procurement memorandum of understanding (as described in section 8304 of this title), or a trade agreement or least developed country designation described in subpart 25.400 of the Federal Acquisition Regulation; and</text></subparagraph><after-quoted-block>; and</after-quoted-block></quoted-block></clause></subparagraph></paragraph><paragraph id="H667848BDE2B74BA59E1FD0516845FE20"><enum>(2)</enum><text>in section 8303—</text><subparagraph id="H68294B2A5DF3434F9BA5F26BD4A86765"><enum>(A)</enum><text>in subsection (b)—</text><clause id="H82AB92ADAD7B4D58B04225C3BC12FD86"><enum>(i)</enum><text>by striking <quote>department or independent establishment</quote> each place it appears and inserting <quote>Federal agency</quote>;</text></clause><clause id="HB98266B39FE6456482909B7B2D98725A"><enum>(ii)</enum><text>by amending subparagraph (B) of paragraph (1) to read as follows:</text><quoted-block style="OLC" display-inline="no-display-inline" id="HB5663E6548744A75B4B4F7FD4949FC24"><subparagraph id="H6DA9442323E54615B9D6F1F369817EBA"><enum>(B)</enum><text display-inline="yes-display-inline">to any articles, materials, or supplies procured pursuant to a reciprocal defense procurement memorandum of understanding (as described in section 8304), or a trade agreement or least developed country designation described in subpart 25.400 of the Federal Acquisition Regulation; and</text></subparagraph><after-quoted-block>; and</after-quoted-block></quoted-block></clause><clause id="H7BC1E9DC9DEF43BD9DE606F33600EA0F"><enum>(iii)</enum><text>in paragraph (3)—</text><subclause id="HB87A5D9BE19744C3868DFD59789BE903"><enum>(I)</enum><text>in the heading, by striking <quote><header-in-text level="paragraph" style="USC">Inconsistent with public interest</header-in-text></quote> and inserting <quote><header-in-text level="paragraph" style="USC">Waiver Authority</header-in-text></quote>; and</text></subclause><subclause id="HEAC2F49326EE46F7A7161B0FEFA7D2EA"><enum>(II)</enum><text display-inline="yes-display-inline">by striking <quote>their purchase to be inconsistent with the public interest or their cost to be unreasonable</quote> and inserting <quote>their acquisition to be inconsistent with the public interest, their cost to be unreasonable, or that the articles, materials, or supplies of the class or kind to be used, or the articles, materials, or supplies from which they are manufactured, are not mined, produced, or manufactured in the United States in sufficient and reasonably available commercial quantities and of a satisfactory quality</quote>; and</text></subclause></clause></subparagraph><subparagraph id="H0587388A6D30490E9FE2878D186022AA"><enum>(B)</enum><text>in subsection (c), by striking <quote>department, bureau, agency, or independent establishment</quote> each place it appears and inserting <quote>Federal agency</quote>.</text></subparagraph></paragraph></subsection><subsection id="HCD5A4D291D104B508DF04FDEBADE4150"><enum>(f)</enum><header>Exclusion from inflation adjustment of acquisition-Related dollar thresholds</header><text>Subparagraph (A) of section 1908(b)(2) of title 41, United States Code, is amended by striking <quote>chapter 67</quote> and inserting <quote>chapters 67 and 83</quote>.</text></subsection></section><section id="id2364076FCCFD4AFA9B0BD15900986AE6"><enum>4.</enum><header>Made in America Office</header><subsection id="idb9398d9a588c4559b02916c239c9771e"><enum>(a)</enum><header>Establishment</header><text>The Director of the Office of Management and Budget shall establish within the Office of Management and Budget an office to be known as the <quote>Made in America Office</quote>. The head of the office shall be appointed by the Director of the Office of Management and Budget (in this section referred to as the <quote>Made in America Director</quote>).</text></subsection><subsection id="idE2391C7B489E45CF9CF6D77C9D1F8793"><enum>(b)</enum><header>Duties</header><text>The Made in America Director shall have the following duties:</text><paragraph id="id518883EDFF87402586778277FDD81544"><enum>(1)</enum><text>Maximize and enforce compliance with domestic preference statutes.</text></paragraph><paragraph id="idA6BD3179479648E6A00E24BD0F57371A"><enum>(2)</enum><text>Develop and implement procedures to review waiver requests or inapplicability requests related to domestic preference statutes under subsection (c).</text></paragraph><paragraph id="id8BF421D5FB174A98B0A611F4A9F6743E"><enum>(3)</enum><text>Prepare the reports required under subsection (d) and (f).</text></paragraph><paragraph id="idB42D6DA1FD3F42F18D8226EB7EC5E234"><enum>(4)</enum><text>Ensure that contracting personnel at each Federal agency annually complete training on obligations under the Buy American Act and other agency-specific domestic preference statutes.</text></paragraph><paragraph id="id6803C1FAF66E49B3B0928D540C1175B5"><enum>(5)</enum><text>Conduct the review of reciprocal defense agreements required under subsection (e).</text></paragraph><paragraph id="id6453d7a2dac8440d9a029528cd29a92b"><enum>(6)</enum><text>Ensure that Federal agencies and the Hollings Manufacturing Extension Partnership partner with each other to promote compliance with domestic preference statutes.</text></paragraph><paragraph id="ida8f6cbcededc49f882e609a05a6d79dd"><enum>(7)</enum><text>Ensure the development of a domestic supply base to meet Federal procurement requirements.</text></paragraph></subsection><subsection id="id5154B551941B45DDA7CDB17FCA53B9FB"><enum>(c)</enum><header>Review of waiver requests and inapplicability requests</header><paragraph id="idBC77E18F844D44B5B79C395D5FE59942"><enum>(1)</enum><header>Required review</header><text>Before a Federal agency grants a waiver or determines the inapplicability of a domestic preference statute, the head of the Federal agency shall transmit a written request for such waiver to the Made in America Director for review, together with a detailed justification for the request.</text></paragraph><paragraph id="id8830440A996148BB9EE4F7331F5A458C"><enum>(2)</enum><header>Notification of determination</header><text>The Made in America Director, in consultation with the Administrator for Federal Procurement Policy and the Federal Acquisition Regulatory Council, shall review the waiver request or request to determine the inapplicability of domestic preference statutes and provide to the requesting agency a written notification approving or denying the request.</text></paragraph><paragraph id="id17408A585FB8472B81DEDCDBE62E572D"><enum>(3)</enum><header>Disagreements</header><subparagraph id="id1DA684E10D30483183CAF2EE8DB0EBD5"><enum>(A)</enum><header>Notification</header><text>If the head of the requesting agency disagrees with some or all of the bases for the Made in America Director's determination under paragraph (2), the head of the agency shall inform the Made in America Director in writing.</text></subparagraph><subparagraph id="id99980139E6C24AC8AAB267ECBC9EAB4E"><enum>(B)</enum><header>Resolution</header><text>To the extent permitted by law, disagreements or conflicts between the Made in America Director and the agency head shall be resolved in accordance with procedures that parallel those set forth in section 7 of Executive Order No. 12866, dated September 30, 1993 (related to regulatory planning and review), with respect to the Director of the Office of Information and Regulatory Affairs within the Office of Management and Budget.</text></subparagraph></paragraph><paragraph id="id530DE37B997D43E1B5BE431F321E030E"><enum>(4)</enum><header>Notification of special circumstances</header><text>If a Federal agency is obligated by law to act more quickly than otherwise provided for in accordance with the review procedures established under this section, the head of the agency shall notify the Made in America Director of the circumstances as soon as possible.</text></paragraph></subsection><subsection id="idC8B80E2CD3D149349D9E574C712F46D1"><enum>(d)</enum><header>Office of Management and Budget report</header><text>Not later than 1 year after the date of the enactment of this Act, the Director of the Office of Management and Budget, working through the Made in America Director, shall report to Congress on the extent to which, in each of fiscal years 2018, 2019, and 2020 articles, materials, or supplies acquired by the Federal Government were mined, produced, or manufactured outside the United States. Such report shall include for each Federal agency the following:</text><paragraph commented="no" id="H586FB4912F804AAC96E9161B86D0D6D6"><enum>(1)</enum><text>A summary of total procurement funds expended on articles, materials, and supplies mined, produced, or manufactured—</text><subparagraph commented="no" id="H8A3027CE908D45ED9C541BAAE221DCE9"><enum>(A)</enum><text>inside the United States;</text></subparagraph><subparagraph commented="no" id="HDF8250081FA14FA59236471083BA3BF4"><enum>(B)</enum><text>outside the United States; and</text></subparagraph><subparagraph commented="no" id="H5AF9428EF81B4645A48D7AE83527BFA7"><enum>(C)</enum><text>outside the United States—</text><clause commented="no" id="H61DD63DBD7374BE98466E663BE10BBAE"><enum>(i)</enum><text>under each category of waiver under the Buy American Act;</text></clause><clause commented="no" id="H0AF71CEA900D44D4ACCAFA172E6E1F63"><enum>(ii)</enum><text>under each category of exception under such chapter; and</text></clause><clause commented="no" id="H48F9FF2BB9474B61802F4E0F353DB526"><enum>(iii)</enum><text>for each country that mined, produced, or manufactured such articles, materials, and supplies.</text></clause></subparagraph></paragraph><paragraph id="id582E738B03D74A5BA16B0548E0C83332"><enum>(2)</enum><text>For each fiscal year covered by the report—</text><subparagraph id="id10AD2BFBA9164F2083B59BD11EC02597"><enum>(A)</enum><text>the dollar value of any articles, materials, or supplies that were mined, produced, or manufactured outside the United States, in the aggregate and by country;</text></subparagraph><subparagraph id="idAB3CF4E9A6CF491CA85131220F0552D3"><enum>(B)</enum><text>an itemized list of all waivers made under the Buy American Act with respect to articles, materials, or supplies and the country where such articles, materials, or supplies were mined, produced, or manufactured;</text></subparagraph><subparagraph id="id24DBDB4AC87B4DDDBD90C968A173AB58"><enum>(C)</enum><text>if any articles, materials, or supplies were acquired from entities that mine, produce, or manufacture such articles, materials, or supplies outside the United States due to an exception (that is not the micro-purchase threshold exception described under section 8302(a)(2)(C) of title 41, United States Code), the specific exception that was used to purchase such articles, materials, or supplies; and</text></subparagraph><subparagraph id="idC5D780F0F2EF41E8A3555B27B77ECC74"><enum>(D)</enum><text>if any articles, materials, or supplies were acquired from entities that mine, produce, or manufacture such articles, materials, or supplies outside the United States pursuant to a reciprocal defense procurement memorandum of understanding (as described in section 8304 of title 41, United States Code), or a trade agreement or least developed country designation described in subpart 25.400 of the Federal Acquisition Regulation, a citation to such memorandum of understanding, trade agreement, or designation.</text></subparagraph></paragraph><paragraph commented="no" display-inline="no-display-inline" id="idCF7ADE24B3D040B5806BFA0D6235A16D"><enum>(3)</enum><text>A description of the methods used by each Federal agency to calculate the percentage domestic content of articles, materials, and supplies mined, produced, or manufactured in the United States. </text></paragraph></subsection><subsection commented="no" display-inline="no-display-inline" id="idCEA8347D144A4CBE9AE541C7353B0F21"><enum>(e)</enum><header>Review of reciprocal defense agreements</header><paragraph commented="no" display-inline="no-display-inline" id="idF76E5640A1024944B3467009E71C8947"><enum>(1)</enum><header>Review of process</header><text>Not later than 180 days after the date of the enactment of this Act, the Made in America Director shall review the Department of Defense’s use of reciprocal defense agreements to determine if domestic entities have equal and proportional access.</text></paragraph><paragraph commented="no" display-inline="no-display-inline" id="idF45846C2D67A4A6BA813AD12CA181C51"><enum>(2)</enum><header>Review of reciprocal procurement memoranda of understanding</header><text>The Made in America Director shall review and be responsible for approving reciprocal procurement memoranda of understanding entered into after the date of the enactment of this Act between the Department of Defense and its counterparts in foreign governments. </text></paragraph></subsection><subsection display-inline="no-display-inline" commented="no" id="id18CA65D3017B454A91DC04E62A10359E"><enum>(f)</enum><header>Report on use of Made in America Laws</header><text>Not later than 90 days after the date of the enactment of this Act, the Made in America Director shall submit to Congress each report on the use of Made in America Laws received by the Made in America Director pursuant to section 11 of Executive Order No. 14005, dated January 25, 2021 (relating to ensuring the future is made in all of America by all of America’s workers). </text></subsection><subsection display-inline="no-display-inline" commented="no" id="id3D4AA0FE04914F13BA3E5B1FF98ED3F2"><enum>(g)</enum><header>Domestic preference statute defined</header><text>In this section, the term <term>domestic preference statute</term> means any of the following:</text><paragraph id="id0fb8608dcc68475dab46587662b0eb98"><enum>(1)</enum><text>the Buy American Act;</text></paragraph><paragraph id="idDC8BE19B21D84751A2D0F8E0AFBF46DD"><enum>(2)</enum><text>a Buy America law (as that term is defined in section 5(a));</text></paragraph><paragraph id="idF7598B410F974A969A3C381B1B02781F"><enum>(3)</enum><text>the Berry Amendment;</text></paragraph><paragraph id="id5B01C966E86F4743903297DB2E3C0AA4"><enum>(4)</enum><text>section 604 of the American Recovery and Reinvestment Act of 2009 (<external-xref legal-doc="usc" parsable-cite="usc/6/453b">6 U.S.C. 453b</external-xref>) (commonly referred to as the <quote>Kissell amendment</quote>);</text></paragraph><paragraph id="id7F3897B59AA340CAB926E50BC8DE1EA4"><enum>(5)</enum><text>section 2533b of title 10 (commonly referred to as the <quote>specialty metals clause</quote>); and</text></paragraph><paragraph id="id884E79A70C1F42A6AAFB1E1B45BE6CB6"><enum>(6)</enum><text>any other law, regulation, rule, or executive order relating to Federal financial assistance awards or Federal procurement, that requires, or provides a preference for, the purchase or acquisition of goods, products, or materials produced in the United States, including iron, steel, and manufactured goods offered in the United States. </text></paragraph></subsection></section><section id="id104F62819F2E4B139E917EF03B751FCA"><enum>5.</enum><header>Department of Transportation Buy America provisions</header><subsection id="idE50C318CA9274072BE5D2EE91B71C830"><enum>(a)</enum><header>Definitions</header><text>In this section:</text><paragraph id="idCB6AF085A6A947CD8AFF47E6BB2C0F47"><enum>(1)</enum><header>Buy America law</header><text>The term <term>Buy America law</term> means any of the following:</text><subparagraph id="idC4DAB33EFA4848F780936392D9F3DCC0"><enum>(A)</enum><text>Section 313 of title 23, United States Code. </text></subparagraph><subparagraph id="idB5A8C66A26B740A29132A11811C61B47"><enum>(B)</enum><text>Section 5323(j) of title 49, United States Code. </text></subparagraph><subparagraph id="idEAA6B7768EF44034A65B80E983C50074"><enum>(C)</enum><text>Section 22905(a) of title 49, United States Code. </text></subparagraph><subparagraph id="idCEE190C871194CDCA1FAC09CCF1862EB"><enum>(D)</enum><text>Section 50101 of title 49, United States Code. </text></subparagraph></paragraph><paragraph id="idF01B70D9F11E47079B23E43FBFF41DDB"><enum>(2)</enum><header>Secretary</header><text>The term <term>Secretary</term> means the Secretary of Transportation.</text></paragraph></subsection><subsection id="id14D031DF167B4209B10BA01B2AF80472"><enum>(b)</enum><header>Technical assistance partnership</header><text>Not later than 90 days after the date of the enactment of this Act, the Secretary shall enter into a technical assistance partnership with the Secretary of Commerce, acting through the Director of the National Institute of Standards and Technology—</text><paragraph id="idA76007606B4945A5BC74CB9413C5591D"><enum>(1)</enum><text>to ensure the development of a domestic supply base to support intermodal transportation in the United States, such as intercity high speed rail transportation, public transportation systems, highway construction or reconstruction, or airport improvement projects;</text></paragraph><paragraph id="id4547260E18EA4ED89C026EADADAFE3BE"><enum>(2)</enum><text>to ensure compliance with Buy America laws that apply to a project that receives assistance from the Federal Highway Administration, the Federal Transit Administration, the Federal Railroad Administration, the Federal Aviation Administration, or another office or modal administration of the Secretary of Transportation; </text></paragraph><paragraph id="id2F5C129C614E456387C897CB8222AC81"><enum>(3)</enum><text>to encourage technologies developed with the support of and resources from the Secretary to be transitioned into commercial market and applications; and </text></paragraph><paragraph id="id4B75DD09DB2F457286E7BAAB794D35DD"><enum>(4)</enum><text>to establish procedures for consultation under subsection (c). </text></paragraph></subsection><subsection id="id6C3567DD3F6446BC84FC10F789A085B1"><enum>(c)</enum><header>Consultation</header><text>Before granting a written waiver under a Buy America law, the Secretary shall consult with the Director of the Hollings Manufacturing Extension Partnership regarding whether there is a domestic entity that could provide the iron, steel, or manufactured good or product that is the subject of the proposed waiver. </text></subsection><subsection id="id7f407b554db546f79ff63bdfa071670f"><enum>(d)</enum><header>Annual report</header><text>Not later than 1 year after the date of enactment of this Act, and annually thereafter, the Secretary shall submit to Congress a report that includes—</text><paragraph id="idcd58fdeb57d747799c959e3aac77ce87"><enum>(1)</enum><text>a detailed description of the consultation procedures developed under subsection (b)(4);</text></paragraph><paragraph id="id28bf561f36f3412891e901a461946e61"><enum>(2)</enum><text>a detailed description of each waiver requested under a Buy America law in the preceding year that was subject to consultation under subsection (c), and the results of the consultation;</text></paragraph><paragraph id="id760ff2dd35a746aaa2e40ac616746e7e"><enum>(3)</enum><text>a detailed description of each waiver granted under a Buy America law in the preceding year, including the type of waiver and the reasoning for granting the waiver; and</text></paragraph><paragraph id="id065ab89056bd46fdba47f925670b3820"><enum>(4)</enum><text>an update on challenges and gaps in the domestic supply base identified in carrying out subsection (b)(1), including a list of actions and policy changes the Secretary recommends be taken to address those challenges and gaps. </text></paragraph></subsection></section><section id="idCBAC050945654FCA8AB8FEBDB395ADF5"><enum>6.</enum><header>Hollings Manufacturing Extension Partnership activities</header><subsection id="idaf7ed01fccaf4ed1ab17864869462a50"><enum>(a)</enum><header>Use of hollings manufacturing extension partnership To refer new businesses to contracting opportunities</header><text>The head of each Federal agency shall ensure that businesses participating in the Hollings Manufacturing Extension Partnership are made aware of Federal contracting opportunities.</text></subsection><subsection id="idae9f00e47c894bc193c465fa08da005e"><enum>(b)</enum><header>Automatic enrollment in GSA Advantage!</header><text>The Administrator of the General Services Administration and the Secretary of Commerce, acting through the Under Secretary of Commerce for Standards and Technology, shall jointly ensure that each business that participates in the Hollings Manufacturing Extension Partnership is automatically enrolled in General Services Administration Advantage!.</text></subsection></section><section id="HCBD20EE9B44A48FB81CC02C3B1DE8880"><enum>7.</enum><header>United States obligations under international agreements</header><text display-inline="no-display-inline">This Act, and the amendments made by this Act, shall be applied in a manner consistent with United States obligations under international agreements.</text></section><section commented="no" id="H2631F68BB9344195BE4E1CCD2547465B"><enum>8.</enum><header>Definitions</header><text display-inline="no-display-inline">In this Act:</text><paragraph commented="no" id="id5B45121C58E34BD586FC23B7CFC93AC1"><enum>(1)</enum><header>Berry Amendment</header><text>The term <term>Berry Amendment</term> means section 4862 of title 10, United States Code, as redesignated by section 1870(c)(2) of the William M. (Mac) Thornberry National Defense Authorization Act for Fiscal Year 2021.</text></paragraph><paragraph commented="no" id="idDB6412CD2AE64A8AACD2878087E612DE"><enum>(2)</enum><header>Buy American Act</header><text>The term <term>Buy American Act</term> means <external-xref legal-doc="usc-chapter" parsable-cite="usc-chapter/41/83">chapter 83</external-xref> of title 41, United States Code.</text></paragraph><paragraph commented="no" id="H2F060B687EBE42258836A7FF1BA3C706"><enum>(3)</enum><header>Federal agency</header><text display-inline="yes-display-inline">The term <term>Federal agency</term> has the meaning given the term <term>executive agency</term> in section 133 of title 41, United States Code.</text></paragraph><paragraph commented="no" id="H70EDCBA8AD3342D2927C17E700906298"><enum>(4)</enum><header>Waiver</header><text>The term <term>waiver</term>, with respect to the acquisition of an article, material, or supply for public use, means, other than for purposes of section 5, the inapplicability of <external-xref legal-doc="usc-chapter" parsable-cite="usc-chapter/41/83">chapter 83</external-xref> of title 41, United States Code, to the acquisition by reason of any of the following determinations under section 8302(a)(1) or 8303(b)(3) of such title:</text><subparagraph commented="no" id="HC8EC30903EC84DC49E584B64CBA2584E"><enum>(A)</enum><text>A determination by the head of the Federal agency concerned that the acquisition is inconsistent with the public interest.</text></subparagraph><subparagraph commented="no" id="H0680A7718AD3493DAA76B5C3F22FC902"><enum>(B)</enum><text>A determination by the head of the Federal agency concerned that the cost of the acquisition is unreasonable.</text></subparagraph><subparagraph commented="no" id="HA061B9494D4F439B83BA1C27B44AE220"><enum>(C)</enum><text>A determination by the head of the Federal agency concerned that the article, material, or supply is not mined, produced, or manufactured in the United States in sufficient and reasonably available commercial quantities of a satisfactory quality.</text></subparagraph></paragraph></section></legis-body></bill> 

