<?xml version="1.0"?>
<?xml-stylesheet type="text/xsl" href="billres.xsl"?>
<!DOCTYPE bill PUBLIC "-//US Congress//DTDs/bill.dtd//EN" "bill.dtd">
<bill bill-type="olc" bill-stage="Introduced-in-Senate" dms-id="A1" public-private="public" slc-id="S1-KEL21122-7D4-6R-0CW"><metadata xmlns:dc="http://purl.org/dc/elements/1.1/">
<dublinCore>
<dc:title>117 S150 IS: Ensuring Parity in MA for Audio-Only Telehealth Act of 2021</dc:title>
<dc:publisher>U.S. Senate</dc:publisher>
<dc:date>2021-02-02</dc:date>
<dc:format>text/xml</dc:format>
<dc:language>EN</dc:language>
<dc:rights>Pursuant to Title 17 Section 105 of the United States Code, this file is not subject to copyright protection and is in the public domain.</dc:rights>
</dublinCore>
</metadata>
<form>
<distribution-code display="yes">II</distribution-code><congress>117th CONGRESS</congress><session>1st Session</session><legis-num>S. 150</legis-num><current-chamber>IN THE SENATE OF THE UNITED STATES</current-chamber><action><action-date date="20210202">February 2, 2021</action-date><action-desc><sponsor name-id="S385">Ms. Cortez Masto</sponsor> (for herself and <cosponsor name-id="S365">Mr. Scott of South Carolina</cosponsor>) introduced the following bill; which was read twice and referred to the <committee-name committee-id="SSFI00">Committee on Finance</committee-name></action-desc></action><legis-type>A BILL</legis-type><official-title>To amend title XVIII of the Social Security Act to require the inclusion of certain audio-only diagnoses in the determination of risk adjustment for Medicare Advantage plans, and for other purposes.</official-title></form><legis-body style="OLC" display-enacting-clause="yes-display-enacting-clause" id="HD59C9668CA0C46AA838BEA3FA167DFD9"><section section-type="section-one" id="H150E6682061B44CAB2EEB63AE3FB7ADE"><enum>1.</enum><header>Short title</header><text display-inline="no-display-inline">This Act may be cited as the <quote><short-title>Ensuring Parity in MA for Audio-Only Telehealth Act of 2021</short-title></quote>.</text></section><section id="HEEF82B1EB9E44A3EA4FABA029777092F"><enum>2.</enum><header>Requiring the inclusion of certain audio-only diagnoses in the determination of risk adjustment for Medicare Advantage plans</header><text display-inline="no-display-inline">Section 1853(a)(1) of the Social Security Act (<external-xref legal-doc="usc" parsable-cite="usc/42/1395w-23">42 U.S.C. 1395w–23(a)(1)</external-xref>) is amended by adding at the end the following new subparagraph:</text><quoted-block style="OLC" display-inline="no-display-inline" id="HB6F6322573E9415C98DDFDBEF8CD6162"><subparagraph id="H2FBDC555C0EF44728A03D8BBA4EB1828"><enum>(J)</enum><header>Inclusion of certain audio-only diagnoses for purposes of risk adjustment</header><clause id="HBBAC8AE7C3ED4FA89B884677A22DCCEC"><enum>(i)</enum><header>In general</header><text display-inline="yes-display-inline">For purposes of determining the appropriate adjustment for health status under subparagraph (C)(i) for plan years 2020 and 2021 (and for such other plan years determined appropriate by the Secretary), the Secretary, in determining the diseases or conditions of an individual, shall take into account diagnoses obtained through a telehealth encounter, and in the case of a qualified diagnosis (as defined in clause (ii)) made with respect to such individual by a qualified provider (as so defined), shall not require the use of video communications with respect to such telehealth encounter. </text></clause><clause id="H23492D15C69B4AF5B2F170D1A0513F2B"><enum>(ii)</enum><header>Definitions</header><text display-inline="yes-display-inline">For purposes of this subparagraph:</text><subclause id="H4B41971DDB734751A968F81B8E964958"><enum>(I)</enum><header>Qualified diagnosis</header><text>The term <quote>qualified diagnosis</quote> means a diagnosis made with respect to a chronic disease or condition of an individual during a plan year if such diagnosis was also made with respect to such individual in one of the last of the 3 plan years preceding such plan year.</text></subclause><subclause id="H13E70FE581E3440DADD1B9B61C4AA151"><enum>(II)</enum><header>Qualified provider</header><text>The term <quote>qualified provider</quote> means, with respect to a qualified diagnosis made with respect to an individual during a plan year, a provider of services, clinician or supplier that—</text><item id="H4C9EF5AFC12742E781CF8367C0512864"><enum>(aa)</enum><text display-inline="yes-display-inline">furnished an item or service to such individual during the 3-year period ending on the date such diagnosis was so made; or</text></item><item id="H719FFEB29E79422C9D8D49415A8C02E5"><enum>(bb)</enum><text display-inline="yes-display-inline">is in the same practice (as determined by tax identification number) of a provider of services or supplier who furnished such an item or service to such individual during such period.</text></item></subclause></clause></subparagraph><after-quoted-block>.</after-quoted-block></quoted-block></section><section id="HA1F6F1BE39EC48E7A5FB64770FDDCD11"><enum>3.</enum><header>Requiring parity in telehealth payments during the COVID–19 emergency</header><text display-inline="no-display-inline">Section 1834(m) of the Social Security Act (<external-xref legal-doc="usc" parsable-cite="usc/42/1395m">42 U.S.C. 1395m(m)</external-xref>) is amended by adding at the end the following new paragraph:</text><quoted-block style="OLC" display-inline="no-display-inline" id="H91573A3AC23B46B0B76D8A50095F1C1D"><paragraph id="H1D76A191094446D1AD54CDA48662360C"><enum>(9)</enum><header>Special rule for telehealth payment parity during the COVID–19 emergency</header><text display-inline="yes-display-inline">In the case of a telehealth service furnished during the emergency period described in section 1135(g)(1)(B) for which payment may be made under this subsection (including any service for which payment may be so made due to application of a waiver made under section 1135(b)), the amount of such payment shall be equal to the amount that would have been paid for such service had such service been furnished in-person.</text></paragraph><after-quoted-block>.</after-quoted-block></quoted-block></section></legis-body></bill> 

