<?xml version="1.0"?>
<?xml-stylesheet type="text/xsl" href="billres.xsl"?>
<!DOCTYPE bill PUBLIC "-//US Congress//DTDs/bill.dtd//EN" "bill.dtd">
<bill bill-stage="Introduced-in-Senate" dms-id="A1" public-private="public" slc-id="S1-KEN21022-G64-D9-LKL"><metadata xmlns:dc="http://purl.org/dc/elements/1.1/">
<dublinCore>
<dc:title>117 S69 IS: Conservation Funding Protection Act</dc:title>
<dc:publisher>U.S. Senate</dc:publisher>
<dc:date>2021-01-27</dc:date>
<dc:format>text/xml</dc:format>
<dc:language>EN</dc:language>
<dc:rights>Pursuant to Title 17 Section 105 of the United States Code, this file is not subject to copyright protection and is in the public domain.</dc:rights>
</dublinCore>
</metadata>
<form>
<distribution-code display="yes">II</distribution-code><congress>117th CONGRESS</congress><session>1st Session</session><legis-num>S. 69</legis-num><current-chamber>IN THE SENATE OF THE UNITED STATES</current-chamber><action><action-date date="20210127">January 27, 2021</action-date><action-desc><sponsor name-id="S389">Mr. Kennedy</sponsor> (for himself, <cosponsor name-id="S395">Mrs. Hyde-Smith</cosponsor>, <cosponsor name-id="S373">Mr. Cassidy</cosponsor>, <cosponsor name-id="S355">Mr. Cruz</cosponsor>, <cosponsor name-id="S375">Mr. Daines</cosponsor>, <cosponsor name-id="S287">Mr. Cornyn</cosponsor>, <cosponsor name-id="S318">Mr. Wicker</cosponsor>, and <cosponsor name-id="S410">Ms. Lummis</cosponsor>) introduced the following bill; which was read twice and referred to the <committee-name committee-id="SSEG00">Committee on Energy and Natural Resources</committee-name></action-desc></action><legis-type>A BILL</legis-type><official-title>To amend the Outer Continental Shelf Lands Act to require annual lease sales in the Gulf of Mexico region of the outer Continental Shelf, and for other purposes.</official-title></form><legis-body display-enacting-clause="yes-display-enacting-clause"><section section-type="section-one" id="S1"><enum>1.</enum><header>Short title</header><text display-inline="no-display-inline">This Act may be cited as the <quote><short-title>Conservation Funding Protection Act</short-title></quote>.</text></section><section section-type="subsequent-section" id="id7BC9D2917F5F4C928C201E7A2CF87032"><enum>2.</enum><header>Annual lease sales in Gulf of Mexico region</header><text display-inline="no-display-inline">Section 18 of the Outer Continental Shelf Lands Act (<external-xref legal-doc="usc" parsable-cite="usc/43/1344">43 U.S.C. 1344</external-xref>) is amended by adding at the end the following:</text><quoted-block style="OLC" display-inline="no-display-inline" id="idBAC997F2734046E483D2198888D52EFF"><subsection id="idC0DD5E964325412590870D79CB9C4E95"><enum>(i)</enum><header>Annual lease sales in Gulf of Mexico Region</header><paragraph id="id54183865F35B455D8BAD2E8B2A65CC49"><enum>(1)</enum><header>Definitions</header><text>In this subsection:</text><subparagraph id="id3E8F65DF686F4A8BAC719022DC19D64F"><enum>(A)</enum><header>Central Gulf of Mexico Planning Area</header><text>The term <term>Central Gulf of Mexico Planning Area</term> has the meaning given the term <term>Central Planning Area</term> in section 102 of the Gulf of Mexico Energy Security Act of 2006 (<external-xref legal-doc="usc" parsable-cite="usc/43/1331">43 U.S.C. 1331</external-xref> note; <external-xref legal-doc="public-law" parsable-cite="pl/109/432">Public Law 109–432</external-xref>).</text></subparagraph><subparagraph id="id8B5F7A71A10C4470B282A1CCF41823EE"><enum>(B)</enum><header>Western Gulf of Mexico Planning Area</header><text>The term <term>Western Gulf of Mexico Planning Area</term> means the Western Gulf of Mexico Planning Area of the outer Continental Shelf, as designated in the document entitled <quote>Draft Proposed Program Outer Continental Shelf Oil and Gas Leasing Program 2007–2012</quote> and dated February 2006.</text></subparagraph></paragraph><paragraph id="id0254E857CBCF4DD2AAD3CDAB6F40CDE2"><enum>(2)</enum><header>Annual lease sales</header><text>Notwithstanding any other provision of law, beginning in fiscal year 2022, the Secretary shall hold a minimum of 2 region-wide lease sales annually in the Gulf of Mexico pursuant to this Act, each of which shall include areas in—</text><subparagraph id="idEDDAF2257AB8457DBFEF6F127775BE51"><enum>(A)</enum><text>the Central Gulf of Mexico Planning Area; and </text></subparagraph><subparagraph id="idD475109E13144B319F84F16A17C62A19"><enum>(B)</enum><text>the Western Gulf of Mexico Planning Area.</text></subparagraph></paragraph><paragraph id="id2043F372B1D0483C9A7089E6E56DB64C"><enum>(3)</enum><header>Requirements</header><subparagraph id="id173A81243D904E6AAB83201C69BF7857"><enum>(A)</enum><header>In general</header><text>In carrying out the lease sales under paragraph (2), the Secretary shall issue leases to the highest responsible qualified bidder or bidders. </text></subparagraph><subparagraph id="idBA24B352B2764C85955A81D58F7BDF92"><enum>(B)</enum><header>Areas included in lease sales</header><text>In carrying out the lease sales under paragraph (2), the Secretary shall include in each lease sale all unleased areas that are not subject to restrictions as of the date of the lease sale.</text></subparagraph></paragraph><paragraph id="id33090242e16d46fc8b7b14e2919664e4"><enum>(4)</enum><header>Environmental review</header><subparagraph id="id2E2CA1E2A1BD42CE9216EAB428DDD244"><enum>(A)</enum><header>In general</header><text>With respect to each lease sale required under paragraph (2), the Secretary shall conduct any environmental reviews required by the <act-name parsable-cite="NEPA69">National Environmental Policy Act of 1969</act-name> (<external-xref legal-doc="usc" parsable-cite="usc/42/4321">42 U.S.C. 4321</external-xref> et seq.).</text></subparagraph><subparagraph id="id79aa203363bd4c718fc8e5462f90988d"><enum>(B)</enum><header>Deadline</header><clause id="id6424ecd2eaf84458a937f217e2065872"><enum>(i)</enum><header>Individual review</header><text>If the Secretary conducts environmental reviews with respect to a lease sale under subparagraph (A) for each individual lease included in the lease sale, the Secretary shall complete all environmental reviews for the lease sale, including by issuing a finding of no significant impact or a record of decision, if applicable, in less than 365 calendar days.</text></clause><clause id="id9eed9074335e44a3a7e1ab5f4b1391c6"><enum>(ii)</enum><header>Programmatic review</header><text>If the Secretary conducts a programmatic environmental review with respect to a lease sale under subparagraph (A) for all leases under the lease sale, the Secretary shall complete the programmatic environmental review, including by issuing a finding of no significant impact or a record of decision, if applicable, in less than 180 calendar days.</text></clause></subparagraph></paragraph></subsection><subsection commented="no" display-inline="no-display-inline" id="id608adf288eea4215a580d8ea4f018c3e"><enum>(j)</enum><header>Permitting</header><paragraph commented="no" display-inline="no-display-inline" id="idA2FB25C2C9DF415BB69803557D34FD2C"><enum>(1)</enum><header>In general</header><text>Pursuant to sovereign contracting rights and obligations, the Secretary shall review and grant or deny in accordance with paragraph (2) any application for a permit or other approval for offshore oil and natural gas exploration, development, and production activities under a lease issued pursuant to this Act by not later than the earlier of—</text><subparagraph commented="no" display-inline="no-display-inline" id="idB325F1EABDB44BFE8CADC5C49BFFE33D"><enum>(A)</enum><text>75 calendar days after the date on which the application is received by the Bureau of Ocean Energy Management or the Bureau of Safety and Environmental Enforcement; or</text></subparagraph><subparagraph commented="no" display-inline="no-display-inline" id="id524B25F5E0B647F18FA1EB16DBF4A072"><enum>(B)</enum><text>any other applicable deadline required by law.</text></subparagraph></paragraph><paragraph commented="no" display-inline="no-display-inline" id="id5F72265A15D84BC9AAFC5C7438750386"><enum>(2)</enum><header>Approval or denial</header><subparagraph commented="no" display-inline="no-display-inline" id="id8EDA0613C5FE4F49A81A3D000A63A9A0"><enum>(A)</enum><header>In general</header><text>Absent clear grounds for denial of an application for a permit or other approval described in paragraph (1), the Secretary shall grant the permit or approval.</text></subparagraph><subparagraph commented="no" display-inline="no-display-inline" id="idF91FC785251A4C7CAF1B65013834D506"><enum>(B)</enum><header>Requirement</header><text>If the Secretary denies an application for a permit or other approval under subparagraph (A), the Secretary shall provide to the applicant written notice explaining the grounds for the denial.</text></subparagraph></paragraph></subsection><after-quoted-block>.</after-quoted-block></quoted-block></section></legis-body></bill> 

