<?xml version="1.0"?>
<?xml-stylesheet type="text/xsl" href="billres.xsl"?>
<!DOCTYPE bill PUBLIC "-//US Congress//DTDs/bill.dtd//EN" "bill.dtd">
<bill bill-stage="Considered-and-Passed-Senate" dms-id="A1" public-private="public" slc-id="S1-LYN21091-8S9-40-Y98"><metadata xmlns:dc="http://purl.org/dc/elements/1.1/">
<dublinCore>
<dc:title>116 S579 : To make a technical correction to the ALS Disability Insurance Access Act of 2019.</dc:title>
<dc:publisher>U.S. Senate</dc:publisher>
<dc:date></dc:date>
<dc:format>text/xml</dc:format>
<dc:language>EN</dc:language>
<dc:rights>Pursuant to Title 17 Section 105 of the United States Code, this file is not subject to copyright protection and is in the public domain.</dc:rights>
</dublinCore>
</metadata>
<form>
<distribution-code display="yes">II</distribution-code><congress>117th CONGRESS</congress><session>1st Session</session><legis-num>S. 579</legis-num><current-chamber>IN THE SENATE OF THE UNITED STATES</current-chamber><action><action-date>March 3, 2021</action-date><action-desc><sponsor name-id="S397">Mr. Braun</sponsor> (for himself, <cosponsor name-id="S337">Mr. Coons</cosponsor>, <cosponsor name-id="S374">Mr. Cotton</cosponsor>, and <cosponsor name-id="S316">Mr. Whitehouse</cosponsor>) introduced the following bill; which was read twice, considered, read the third time, and passed</action-desc></action><legis-type>A BILL</legis-type><official-title>To make a technical correction to the ALS Disability Insurance Access Act of 2019.</official-title></form><legis-body><section id="idD81BE3E224704145B96503389351DBA8" section-type="section-one"><enum>1.</enum><header>Retroactive access to social security disability benefits individuals with amyotrophic lateral sclerosis (ALS)</header><subsection id="id716E27646FDD4084A95B064FF1D64D59"><enum>(a)</enum><header>In general</header><text display-inline="yes-display-inline">Section 2(b) of the ALS Disability Insurance Access Act of 2019 (<external-xref legal-doc="public-law" parsable-cite="pl/116/250">Public Law 116–250</external-xref>) is amended by striking <quote>applications for disability insurance benefits filed after the date of enactment of this Act</quote> and inserting <quote>applications for disability insurance benefits approved after the date that is 5 months before the date of enactment of this Act</quote>.</text></subsection><subsection id="id5C6C239C96C74EEF8644FED752202F94"><enum>(b)</enum><header>Effective date</header><text>The amendment made by this section shall take effect as if included in the enactment of the ALS Disability Insurance Access Act of 2019 (<external-xref legal-doc="public-law" parsable-cite="pl/116/250">Public Law 116–250</external-xref>).</text></subsection></section></legis-body></bill> 

