<?xml version="1.0"?>
<?xml-stylesheet type="text/xsl" href="billres.xsl"?>
<!DOCTYPE bill PUBLIC "-//US Congress//DTDs/bill.dtd//EN" "bill.dtd">
<bill bill-stage="Introduced-in-Senate" dms-id="A1" public-private="public" slc-id="S1-ALB21063-RRG-LP-6KC"><metadata xmlns:dc="http://purl.org/dc/elements/1.1/">
<dublinCore>
<dc:title>117 S353 IS: End Police Use of Chokeholds Act of 2021</dc:title>
<dc:publisher>U.S. Senate</dc:publisher>
<dc:date>2021-02-22</dc:date>
<dc:format>text/xml</dc:format>
<dc:language>EN</dc:language>
<dc:rights>Pursuant to Title 17 Section 105 of the United States Code, this file is not subject to copyright protection and is in the public domain.</dc:rights>
</dublinCore>
</metadata>
<form>
<distribution-code display="yes">II</distribution-code><congress>117th CONGRESS</congress><session>1st Session</session><legis-num>S. 353</legis-num><current-chamber>IN THE SENATE OF THE UNITED STATES</current-chamber><action><action-date date="20210222">February 22, 2021</action-date><action-desc><sponsor name-id="S311">Ms. Klobuchar</sponsor> (for herself, <cosponsor name-id="S394">Ms. Smith</cosponsor>, and <cosponsor name-id="S331">Mrs. Gillibrand</cosponsor>) introduced the following bill; which was read twice and referred to the <committee-name committee-id="SSJU00">Committee on the Judiciary</committee-name></action-desc></action><legis-type>A BILL</legis-type><official-title>To incentivize banning of chokeholds and carotid holds, and for other purposes.</official-title></form><legis-body display-enacting-clause="yes-display-enacting-clause"><section section-type="section-one" id="S1"><enum>1.</enum><header>Short title</header><text display-inline="no-display-inline">This Act may be cited as the <quote><short-title>End Police Use of Chokeholds Act of 2021</short-title></quote>.</text></section><section id="idC1E4433043FD43F1804D203FD9614C02"><enum>2.</enum><header>Incentivizing banning of chokeholds and carotid holds</header><subsection id="id882c6268f9834811a6348077bc86c3a6"><enum>(a)</enum><header>Definitions</header><text>In this section:</text><paragraph display-inline="no-display-inline" id="idC1E2AA33238F4196AAC670952B6F7B72"><enum>(1)</enum><header>Byrne grant program</header><text>The term <term>Byrne grant program</term> means any grant program under subpart 1 of part E of title I of the Omnibus Crime Control and Safe Streets Act of 1968 (<external-xref legal-doc="usc" parsable-cite="usc/34/10151">34 U.S.C. 10151</external-xref> et seq.), without regard to whether the funds are characterized as being made available under the Edward Byrne Memorial State and Local Law Enforcement Assistance Programs, the Local Government Law Enforcement Block Grants Program, the Edward Byrne Memorial Justice Assistance Grant Program, or otherwise. </text></paragraph><paragraph id="id212FEB2375024F67A30367F610556EFE"><enum>(2)</enum><header>Chokehold or carotid hold</header><text>The term <term>chokehold or carotid hold</term> means the application of any pressure to the throat or windpipe, the use of maneuvers that restrict blood or oxygen flow to the brain, or carotid artery restraints that prevent or hinder breathing or reduce intake of air of an individual.</text></paragraph><paragraph commented="no" display-inline="no-display-inline" id="id3FD223C0AAF44EF6A60A8249D8B308E9"><enum>(3)</enum><header>COPS grant program</header><text>The term <term>COPS grant program</term> means the grant program authorized under section 1701 of title I of the Omnibus Crime Control and Safe Streets Act of 1968 (<external-xref legal-doc="usc" parsable-cite="usc/34/10381">34 U.S.C. 10381</external-xref>). </text></paragraph></subsection><subsection id="id491880c6ea70470b808729a8c383ec82"><enum>(b)</enum><header>Limitation on eligibility for funds</header><text>Beginning in the first fiscal year beginning after the date of enactment of this Act, a State or local jurisdiction may not receive funds under the Byrne grant program or the COPS grant program for a fiscal year if, on the day before the first day of the fiscal year, the State or other jurisdiction does not have in effect a law that prohibits law enforcement officers in the State or other jurisdiction from using a chokehold or carotid hold.</text></subsection></section></legis-body></bill> 

