<?xml version="1.0"?>
<?xml-stylesheet type="text/xsl" href="billres.xsl"?>
<!DOCTYPE bill PUBLIC "-//US Congress//DTDs/bill.dtd//EN" "bill.dtd">
<bill bill-type="olc" bill-stage="Introduced-in-Senate" dms-id="A1" public-private="public" slc-id="S1-CAN21121-1C0-31-WDW"><metadata xmlns:dc="http://purl.org/dc/elements/1.1/">
<dublinCore>
<dc:title>117 S444 IS: Advancing Uniform Transportation Opportunities for Veterans Act</dc:title>
<dc:publisher>U.S. Senate</dc:publisher>
<dc:date>2021-02-25</dc:date>
<dc:format>text/xml</dc:format>
<dc:language>EN</dc:language>
<dc:rights>Pursuant to Title 17 Section 105 of the United States Code, this file is not subject to copyright protection and is in the public domain.</dc:rights>
</dublinCore>
</metadata>
<form>
<distribution-code display="yes">II</distribution-code><congress>117th CONGRESS</congress><session>1st Session</session><legis-num>S. 444</legis-num><current-chamber>IN THE SENATE OF THE UNITED STATES</current-chamber><action><action-date date="20210225">February 25, 2021</action-date><action-desc><sponsor name-id="S252">Ms. Collins</sponsor> (for herself, <cosponsor name-id="S338">Mr. Manchin</cosponsor>, <cosponsor name-id="S343">Mr. Boozman</cosponsor>, <cosponsor name-id="S342">Mr. Blunt</cosponsor>, and <cosponsor name-id="S388">Ms. Hassan</cosponsor>) introduced the following bill; which was read twice and referred to the <committee-name committee-id="SSVA00">Committee on Veterans' Affairs</committee-name></action-desc></action><legis-type>A BILL</legis-type><official-title>To amend title 38, United States Code, to authorize the Secretary of Veterans Affairs to provide or assist in providing an additional vehicle adapted for operation by disabled individuals to certain eligible persons.</official-title></form><legis-body style="OLC" display-enacting-clause="yes-display-enacting-clause" id="HDD3EC515DC274934BAAB255035EC7B17"><section section-type="section-one" id="H99EE87988CDE4884958717CED66F06F7"><enum>1.</enum><header>Short title</header><text display-inline="no-display-inline">This Act may be cited as the <quote><short-title>Advancing Uniform Transportation Opportunities for Veterans Act</short-title></quote> or the <quote><short-title>AUTO for Veterans Act</short-title></quote> .</text></section><section section-type="subsequent-section" id="H04AC7443238145069CC5463DA684C259"><enum>2.</enum><header>Authority of the Secretary of Veterans Affairs to provide or assist in providing additional vehicles adapted for operation by disabled individuals to certain eligible persons</header><subsection id="H5AB5277F4CB946C9BC1F9B0254BF5D2D"><enum>(a)</enum><header>In general</header><text display-inline="yes-display-inline">Section 3903(a) of title 38, United States Code, is amended—</text><paragraph id="H64AEB127A5CE4C9A89A07159EE7A91AB"><enum>(1)</enum><text display-inline="yes-display-inline">in paragraph (1), by striking <quote>paragraph (2)</quote> and inserting <quote>paragraphs (2) and (3)</quote>; and</text></paragraph><paragraph id="H6EC96AFDBCD74D7AA7A5AD6D974EDDFA"><enum>(2)</enum><text>by adding at the end the following new paragraph:</text><quoted-block style="USC" display-inline="no-display-inline" id="HC9A284C4BE1E4D4CA583B04FA7223287"><paragraph id="H6F9F0AC92D0D499BB06C9192468E17AF" indent="up1"><enum>(3)</enum><text display-inline="yes-display-inline">The Secretary may provide or assist in providing an eligible person with an additional automobile or other conveyance under this chapter if 10 years have elapsed since the date on which the eligible person received the immediately previous such automobile, other conveyance, or assistance under this chapter.</text></paragraph><after-quoted-block>.</after-quoted-block></quoted-block></paragraph></subsection><subsection id="H673AAF684B13475996EA9A616AD1C163"><enum>(b)</enum><header>Effective date</header><text display-inline="yes-display-inline">Paragraph (3) of subsection (a) of section 3903 of title 38, United States Code, shall apply with respect to the provision of an additional automobile or other conveyance that occurs on or after October 1, 2021.</text></subsection></section></legis-body></bill>


