<?xml version="1.0"?>
<?xml-stylesheet type="text/xsl" href="billres.xsl"?>
<!DOCTYPE bill PUBLIC "-//US Congress//DTDs/bill.dtd//EN" "bill.dtd">
<bill bill-stage="Introduced-in-Senate" dms-id="A1" public-private="public" slc-id="S1-SIL21191-6C1-2K-F3X"><metadata xmlns:dc="http://purl.org/dc/elements/1.1/">
<dublinCore>
<dc:title>117 S225 IS: Competition and Antitrust Law Enforcement Reform Act of 2021</dc:title>
<dc:publisher>U.S. Senate</dc:publisher>
<dc:date>2021-02-04</dc:date>
<dc:format>text/xml</dc:format>
<dc:language>EN</dc:language>
<dc:rights>Pursuant to Title 17 Section 105 of the United States Code, this file is not subject to copyright protection and is in the public domain.</dc:rights>
</dublinCore>
</metadata>
<form>
<distribution-code display="yes">II</distribution-code><congress>117th CONGRESS</congress><session>1st Session</session><legis-num>S. 225</legis-num><current-chamber>IN THE SENATE OF THE UNITED STATES</current-chamber><action><action-date date="20210204">February 4, 2021</action-date><action-desc><sponsor name-id="S311">Ms. Klobuchar</sponsor> (for herself, <cosponsor name-id="S341">Mr. Blumenthal</cosponsor>, <cosponsor name-id="S370">Mr. Booker</cosponsor>, <cosponsor name-id="S369">Mr. Markey</cosponsor>, and <cosponsor name-id="S353">Mr. Schatz</cosponsor>) introduced the following bill; which was read twice and referred to the <committee-name committee-id="SSJU00">Committee on the Judiciary</committee-name></action-desc></action><legis-type>A BILL</legis-type><official-title>To reform the antitrust laws to better protect competition in the American economy, to amend the Clayton Act to modify the standard for an unlawful acquisition, to deter anticompetitive exclusionary conduct that harms competition and consumers, to enhance the ability of the Department of Justice and the Federal Trade Commission to enforce the antitrust laws, and for other purposes.</official-title></form><legis-body><section id="idE66046FD9D9A4624BAE8DAA2B814CC70" section-type="section-one"><enum>1.</enum><header>Short title</header><text display-inline="no-display-inline">This Act may be cited as the <quote><short-title>Competition and Antitrust Law Enforcement Reform Act of 2021</short-title></quote>.</text></section><section id="id205a858d3d13459498bc6b41adea8f8c"><enum>2.</enum><header>Findings and purposes</header><subsection id="id2b4f1668182f4288bcd9189c261728e4"><enum>(a)</enum><header>Findings</header><text>Congress finds that—</text><paragraph id="idbe26350e31b54ebeb3255983b13bad78"><enum>(1)</enum><text>competitive markets, in which multiple firms compete to buy and sell products and services, are critical to ensuring economic opportunity for all people in the United States and providing resilience to the economy during unpredictable times;</text></paragraph><paragraph id="id283ce05d419b43109e7f2c24419e1ca9"><enum>(2)</enum><text>when companies compete, businesses offer the highest quality and choice of goods and services for the lowest possible prices to consumers and other businesses;</text></paragraph><paragraph id="id4658189c45f44fdca423e9aca0b81d36"><enum>(3)</enum><text>competition fosters small business growth, reduces economic inequality, and spurs innovation and job creation;</text></paragraph><paragraph id="idff855a666e7744da98fcb775685c0791"><enum>(4)</enum><text>in the United States economy today, the presence and exercise of market power is substantial and growing;</text></paragraph><paragraph id="id0552274fdea84e958c0de6cc1f49458e"><enum>(5)</enum><text>the presence and exercise of market power makes it more difficult for people in the United States to start their own businesses, depresses wages, and increases economic inequality, with particularly damaging effects on historically disadvantaged communities;</text></paragraph><paragraph id="idd329fba5038447608d49d8e5e939bc34"><enum>(6)</enum><text>market power and undue market concentration contribute to the consolidation of political power, undermining the health of democracy in the United States;</text></paragraph><paragraph id="ida787d2fefa7d47358693f6f13ed84e44"><enum>(7)</enum><text>the anticompetitive effects of monopoly power or buyer market power include higher prices, lower quality, lessened choice, reduced innovation, foreclosure of competitors, and increased entry barriers;</text></paragraph><paragraph id="ide11245bd5ac04cfca667ef9a6692d03d"><enum>(8)</enum><text>monopsony power or seller market power allows a firm to force suppliers of goods or services to accept below market prices or to force workers to accept below market wages, resulting in lower quality products and services, reduced opportunities for suppliers and workers, reduced availability of products and services for consumers, reduced innovation, foreclosure of competitors, and increased entry barriers;</text></paragraph><paragraph id="id1ed1ee2eda0d41968ca99c91aa415bc6"><enum>(9)</enum><text>horizontal consolidation, vertical consolidation, and conglomerate mergers all have potential to increase market power and cause anticompetitive harm;</text></paragraph><paragraph id="id4aa9c5388dd54729b17b2da058899ab7"><enum>(10)</enum><text>extensive consolidation is reducing competition and threatens to place the American dream further out of reach for many consumers in the United States;</text></paragraph><paragraph id="idb1d8c093c45a4fcfaad4137d482c03f7"><enum>(11)</enum><text>since 2008, firms in the United States have engaged in over $10,000,000,000,000 in mergers and acquisitions;</text></paragraph><paragraph id="idd927f842ce8044a995e038d935977d08"><enum>(12)</enum><text>the acquisition of nascent or potential rivals by dominant firms can present significant long-term threats to competition and innovation;</text></paragraph><paragraph id="idfdcfeadd0a204ea48dbe92a64f0de3e4"><enum>(13)</enum><text>the acquisition, by one of its competitors, of a maverick firm that plays a disruptive role in the market—by using an innovative business model or technology, offering lower prices or new, different products or services products, or by other means that benefit consumers—can present a threat to competition;</text></paragraph><paragraph id="ida9ebb410cd784187a508ae9e5b146683"><enum>(14)</enum><text>section 7 of the Clayton Act (<external-xref legal-doc="usc" parsable-cite="usc/15/18">15 U.S.C. 18</external-xref>), is the primary line of defense against anticompetitive mergers;</text></paragraph><paragraph id="id012df206b1b9481384b98f4d468637b4"><enum>(15)</enum><text>in recent years, some court decisions and enforcement policies have limited the vitality of the Clayton Act to prevent harmful consolidation by—</text><subparagraph id="id5b8a7d6dc7054d6fbfae39de0f710587"><enum>(A)</enum><text>discounting previously accepted presumptions that certain acquisitions are anticompetitive;</text></subparagraph><subparagraph id="id51120029f22d4fcf9d577379a06dadab"><enum>(B)</enum><text>focusing inordinately on the effect of an acquisition on price in the short term, to the exclusion of other potential anticompetitive effects;</text></subparagraph><subparagraph id="id09db3ae45cdf422fab8300008c0812bf"><enum>(C)</enum><text>underestimating the dangers that horizontal, vertical, and conglomerate mergers will lower quality, reduce choice, impede innovation, exclude competitors, increase entry barriers, or create buyer power, including monopsony power; and</text></subparagraph><subparagraph id="id4a8dd1e034354e17a6d4fb5e58a1c5e0"><enum>(D)</enum><text>requiring the government to prove harmful effects of a proposed merger to a near certainty;</text></subparagraph></paragraph><paragraph id="idf52225f08a9a4a31941e3cb1941192f9"><enum>(16)</enum><text>anticompetitive exclusionary conduct constitutes a particularly harmful exercise of market power and a substantial threat to the United States economy;</text></paragraph><paragraph id="id0f2d0a77a8d344fbbf4ce85f982eb634"><enum>(17)</enum><text>when dominant sellers exercise market power, they harm buyers by overcharging them, reducing product or service quality, limiting their choices, and impairing innovation;</text></paragraph><paragraph id="idf0d4b8107970477185dc441b07887ab8"><enum>(18)</enum><text>when dominant buyers exercise market power, they harm suppliers by underpaying them, limiting their business opportunities, and impairing innovation;</text></paragraph><paragraph id="id74c88ac7c818400da14fb8b719c71b2d"><enum>(19)</enum><text>when dominant employers exercise market power, they harm workers by paying them low wages, reducing their benefits, and limiting their future employment opportunities;</text></paragraph><paragraph id="id16aab33e44fd4a9d8d93a9536af68f11"><enum>(20)</enum><text>nascent or potential rivals—even those that are unprofitable or inefficient—can be an important source of competitive discipline for dominant firms;</text></paragraph><paragraph id="idc1b08c6561d249d19cbc24ea9b1e21bf"><enum>(21)</enum><text>antitrust enforcement against anticompetitive exclusionary conduct has been impeded when courts have declined to rigorously examine the facts in favor of relying on inaccurate economic assumptions that are inconsistent with contemporary economic learning, such as presuming that market power is not durable and can be expected to self-correct, that monopolies can drive as much or more innovation than a competitive market, that above-cost pricing cannot harm competition, and other flawed assumptions;</text></paragraph><paragraph id="id3b10b1b9830347518adc4009433bc2eb"><enum>(22)</enum><text>the courts of the United States have improperly implied immunity from the antitrust laws based on Federal regulatory statutes, even limiting the application of statutory antitrust savings clauses passed by Congress;</text></paragraph><paragraph id="iddccdaa7c308e4c8581ff84abfaf51676"><enum>(23)</enum><text>the civil remedies currently available to cure violations of the Sherman Antitrust Act, including injunctions, equitable monetary relief, and private damages, have not proven sufficient, on their own, to deter anticompetitive conduct;</text></paragraph><paragraph id="id8af93318448a499da53e05ebf71974d8"><enum>(24)</enum><text>in some cases, effective deterrence requires the imposition of civil penalties, alone or in combination with existing remedies, including structural relief, behavioral relief, private damages, and equitable monetary relief, including disgorgement and restitution; and</text></paragraph><paragraph id="id2554ad64fbd34bebb78532264b5fee31"><enum>(25)</enum><text>Federal antitrust enforcement budgets have failed to keep pace with the growth of the economy and increasing demands on agency resources, significantly undermining the ability of the Federal antitrust agencies to fulfill their law enforcement missions and contributing to the rise of market power in the American economy.</text></paragraph></subsection><subsection id="id72fdb7c38e934ec38d0501dd0a63aded"><enum>(b)</enum><header>Purposes</header><text>The purposes of this Act are to—</text><paragraph id="id9d6a624aea66423ab94f6397eade22d4"><enum>(1)</enum><text>enhance competition throughout the American economy by strengthening antitrust enforcement by the Department of Justice, the Federal Trade Commission, the State enforcement agencies, and private parties;</text></paragraph><paragraph id="id21b0962ed062403b9a90ecc65e1aebbf"><enum>(2)</enum><text>revise the legal standard under section 7 of the Clayton Act to better enable enforcers to arrest the likely anticompetitive effects of harmful mergers in their incipiency, as Congress intended, by clarifying that the potential effects that may justify prohibiting a merger under the Clayton Act include lower quality, reduced choice, reduced innovation, the exclusion of competitors, or increased entry barriers, in addition to increased price to buyers or reduced price to sellers;</text></paragraph><paragraph id="idb49b27b438cd4129aec59bc84ec91e17"><enum>(3)</enum><text>amend the Clayton Act to clarify that an acquisition that tends to create a monopsony violates the Clayton Act;</text></paragraph><paragraph id="id926690e24c82408cbd64cd2ed07b9e92"><enum>(4)</enum><text>establish simple, cost-effective decision rules that require the parties to certain acquisitions that either significantly increase concentration or are extremely large bear the burden of establishing that the acquisition will not materially harm competition;</text></paragraph><paragraph id="id71ed86c07b8246cf85c56938ab10d3b9"><enum>(5)</enum><text>prohibit and deter exclusionary conduct that harms competition, particularly by dominant firms;</text></paragraph><paragraph id="idc1924f4c351442d0ad79652a88a1dca1"><enum>(6)</enum><text>enable the Department of Justice and the Federal Trade Commission to seek civil monetary penalties, in addition to existing remedies, for violations of the Sherman Act; </text></paragraph><paragraph id="ideea6a75c7a0446f1a7b66851eb9d5fe6"><enum>(7)</enum><text>give the Department of Justice and the Federal Trade Commission additional financial resources and enforcement tools to craft remedies for individual violations that are effective to deter future unlawful conduct and proportionate to the gravity of the violation;</text></paragraph><paragraph id="id9984379db9984addba27fb33fca96829"><enum>(8)</enum><text>provide further protections for those who provide evidence of anticompetitive conduct to government enforcers and potential financial rewards for whistleblowers who provide information to the government that leads to a criminal fine; and</text></paragraph><paragraph id="id93df7e45dfed49b2bd9e9989b4685c43"><enum>(9)</enum><text>grant successful antitrust plaintiffs the right to obtain prejudgment interest on damages awards to further deter anticompetitive conduct and more fully compensate injured parties. </text></paragraph></subsection></section><section id="id7364affd5c044031aa3531d5d170c5e2"><enum>3.</enum><header>Definition</header><text display-inline="no-display-inline">In this Act the term <term>antitrust laws</term>—</text><paragraph id="idb276e91aea4d4d0ea971beafcc8e6316"><enum>(1)</enum><text>has the meaning given the term in the first section of the Clayton Act (<external-xref legal-doc="usc" parsable-cite="usc/15/12">15 U.S.C. 12</external-xref>); and</text></paragraph><paragraph id="idd6ac545cb2b7422da9d5f0b1a6935f49"><enum>(2)</enum><text>includes—</text><subparagraph id="idf941230402c94a70a32b305c19bd240b"><enum>(A)</enum><text>section 5 of the Federal Trade Commission Act (<external-xref legal-doc="usc" parsable-cite="usc/15/45">15 U.S.C. 45</external-xref>) to the extent that such section applies to unfair methods of competition; and</text></subparagraph><subparagraph id="id328d7addd7c344f78dad2ccb5132c97b"><enum>(B)</enum><text>this Act and the amendments made by this Act.</text></subparagraph></paragraph></section><section id="id0b79337cd4d447f49e0fbdbaf82a008f"><enum>4.</enum><header>Unlawful acquisitions</header><subsection id="id27B0741776F54D04A76D14750760E2B5"><enum>(a)</enum><header>Market power</header><text>Section 1(a) of the Clayton Act (<external-xref legal-doc="usc" parsable-cite="usc/15/12">15 U.S.C. 12(a)</external-xref>) is amended by adding at the end the following: </text><quoted-block style="OLC" display-inline="no-display-inline" id="idaa8f7c925ae94c20baf2ffba629e7ecc"><paragraph id="idd17100b7f3a24bcc8f9ac67d1fe3c899" commented="no"><enum/><text>the term <term>market power</term> in this Act means the ability of a person, or a group of persons acting in concert, to profitably impose terms or conditions on counterparties, including terms regarding price, quantity, product or service quality, or other terms affecting the value of consideration exchanged in the transaction, that are more favorable to the person or group of persons imposing them than what the person or group of persons could obtain in a competitive market.</text></paragraph><after-quoted-block>.</after-quoted-block></quoted-block></subsection><subsection id="id65CC0977747A44A181D930A4DF25F3C6"><enum>(b)</enum><header>Unlawful acquisitions</header><text display-inline="yes-display-inline">Section 7 of the Clayton Act (<external-xref legal-doc="usc" parsable-cite="usc/15/18">15 U.S.C. 18</external-xref>) is amended—</text><paragraph id="id05222d1ea01b4a7a9e198a774789c7e3"><enum>(1)</enum><text>in the first and second undesignated paragraphs, by striking <quote>substantially to lessen</quote> each place that term appears and inserting <quote>to create an appreciable risk of materially lessening</quote>;</text></paragraph><paragraph id="idaa2c11c72383450080d00cd79d187b7b"><enum>(2)</enum><text>by inserting <quote>or a monopsony</quote> after <quote>monopoly</quote> each place that term appears; and</text></paragraph><paragraph id="idf7f58a59bb634c388156811d9fbbf2be"><enum>(3)</enum><text>by adding at the end the following:</text><quoted-block style="OLC" display-inline="no-display-inline" id="id7D3DEDCEBDE64B7A827652E5F53A41BA"><paragraph id="id678571ac97de47379d9a9e32692de777" indent="up1" commented="no"><enum/><text>In a case brought by the United States, the Federal Trade Commission, or a State attorney general, a court shall determine that the effect of an acquisition described in this section may be to create an appreciable risk of materially lessening competition or to tend to create a monopoly or a monopsony, in or affecting commerce, if—</text></paragraph><paragraph id="id3469FB3F4F2944A3830D5BC338AAB5DF" commented="no"><enum>(1)</enum><text>the acquisition would lead to a significant increase in market concentration in any relevant market;</text></paragraph><paragraph id="id023ec5d13af449e18605ee253ae901f7"><enum>(2)</enum><subparagraph commented="no" display-inline="yes-display-inline" id="id96A1E2C058584AA0A9896E37DE6D7BC3"><enum>(A)</enum><text>the acquiring person has a market share of greater than 50 percent or otherwise has significant market power, as a seller or a buyer, in any relevant market, and as a result of the acquisition, the acquiring person would obtain control over entities or assets that compete or have a reasonable probability of competing with the acquiring person in the same relevant market; or</text></subparagraph><subparagraph id="id9464c5c414a94f77889ae9b5d7b09e49" indent="up1"><enum>(B)</enum><text>as a result of the acquisition, the acquiring person would obtain control over entities or assets that have a market share of greater than 50 percent or otherwise have significant market power, as a seller or a buyer, in any relevant market, and the acquiring person competes or has a reasonable probability of competing with the entities or assets over which it would obtain control, as result of the acquisition, in the same relevant market;</text></subparagraph></paragraph><paragraph id="id261a72e5573d4a4c85fca84dca7a5f57"><enum>(3)</enum><text>the acquisition would lead to the combination of entities or assets that compete or have a reasonable probability of competing in a relevant market, and either the acquiring person or the entities or assets over which it would obtain control prevents, limits, or disrupts coordinated interaction among competitors in a relevant market or has a reasonable probability of doing so;</text></paragraph><paragraph id="id377579431ed64d559421387aeb4d1e22"><enum>(4)</enum><text>the acquisition—</text><subparagraph id="id3ca78b4d7ddb4171bae20fb8d62f18fb"><enum>(A)</enum><text>would likely enable the acquiring person to unilaterally and profitably exercise market power or materially increase its ability to do so; or</text></subparagraph><subparagraph id="ideb8707badf884e7381cf7fb3e86ebe24"><enum>(B)</enum><text>would materially increase the probability of coordinated interaction among competitors in any relevant market; or </text></subparagraph></paragraph><paragraph id="idab7491ed532b47f0ac4be7f53b608ad9"><enum>(5)</enum><subparagraph commented="no" display-inline="yes-display-inline" id="idbb948884350346e7928e11de97a1f46f"><enum>(A)</enum><text>the acquisition is not a transaction that is described in section 7A(c); and</text></subparagraph><subparagraph id="id8c434ba137444b38983e603a42324a59" indent="up1"><enum>(B)</enum><clause commented="no" display-inline="yes-display-inline" id="idb8adaa5cc63f46e48ce0153fce262a72"><enum>(i)</enum><text>as a result of such acquisition, the acquiring person would hold an aggregate total amount of the voting securities and assets of the acquired person in excess of $5,000,000,000 (as adjusted and published for each fiscal year beginning after September 30, 2022, in the same manner as provided in section 8(a)(5) to reflect the percentage change in the gross national product for such fiscal year compared to the gross national product for the year ending September 30, 2021); or</text></clause><clause id="id6d960861ec4a4357a8ff1d66cac85f8b" indent="up1"><enum>(ii)</enum><subclause commented="no" display-inline="yes-display-inline" id="id1c503ba63768475bbbc5e0442ed4325e"><enum>(I)</enum><text>the person acquiring or the person being acquired has assets, net annual sales, or a market capitalization greater than $100,000,000,000 (as so adjusted and published); and</text></subclause><subclause id="id305f3f804b69425283c25c46273e72d6" indent="up1"><enum>(II)</enum><text>as a result of such acquisition, the acquiring person would hold an aggregate total amount of the voting securities and assets of the acquired person in excess of $50,000,000 (as so adjusted and published),</text></subclause></clause></subparagraph><continuation-text continuation-text-level="paragraph">unless the acquiring or acquired person establish, by a preponderance of the evidence, that the effect of the acquisition will not be to create an appreciable risk of materially lessening competition or tend to create a monopoly or a monopsony. In this paragraph, the term <term>materially</term> means more than a de minimis amount.</continuation-text></paragraph><after-quoted-block>.</after-quoted-block></quoted-block></paragraph></subsection></section><section id="id8e2e5ea4917446f8a984005f774335b4"><enum>5.</enum><header>Post-settlement data</header><text display-inline="no-display-inline">Section 7A of the Clayton Act (<external-xref legal-doc="usc" parsable-cite="usc/15/18a">15 U.S.C. 18a</external-xref>) is amended by adding at the end the following:</text><quoted-block style="OLC" display-inline="no-display-inline" id="id15b528aff7594921aef85f683e18de39"><subsection id="ideacf70dd4294430eb383d6eebd0c0740"><enum>(l)</enum><paragraph commented="no" display-inline="yes-display-inline" id="idb192f310415946fc84c32e3b83606038"><enum>(1)</enum><text>Each person who enters into an agreement with the Federal Trade Commission or the United States to resolve a proceeding brought under the antitrust laws or under the Federal Trade Commission Act (<external-xref legal-doc="usc" parsable-cite="usc/15/41">15 U.S.C. 41</external-xref> et seq.) regarding an acquisition with respect to which notification is required under this section shall, on an annual basis during the 5-year period beginning on the date on which the agreement is entered into, submit to the Federal Trade Commission or the Assistant Attorney General, as applicable, information sufficient for the Federal Trade Commission or the United States, as applicable, to assess the competitive impact of the acquisition, including—</text><subparagraph id="idab461faf37f9498d8362349d8eb3ddd1" indent="up1"><enum>(A)</enum><text>the pricing, availability, and quality of any product or service, or inputs thereto, in any market, that was covered by the agreement;</text></subparagraph><subparagraph id="id1f4d6700f812489297b9eca5c6c2e67e" indent="up1"><enum>(B)</enum><text>the source, and the resulting magnitude and extent, of any cost-saving efficiencies or any benefits to consumers or trading partners that were claimed as a benefit of the acquisition and the extent to which any cost savings were passed on to consumers or trading partners; and</text></subparagraph><subparagraph id="idd6f6dbb78ee44aeaaf426d1a738a7939" indent="up1"><enum>(C)</enum><text>the effectiveness of any divestitures or any conditions placed on the acquisition in fully restoring competition.</text></subparagraph></paragraph><paragraph id="id7526d6da9e634a268efa69c741366b52" indent="up1"><enum>(2)</enum><text>The requirement to provide the information described in paragraph (1) shall be included in an agreement described in that paragraph.</text></paragraph><paragraph id="id9f7968d20bad451484499824e2ba13c1" indent="up1"><enum>(3)</enum><text>The Federal Trade Commission, with the concurrence of the Assistant Attorney General, by rule in accordance with section 553 of title 5, United States Code, and consistent with the purposes of this section—</text><subparagraph id="id98381ec40f2f4916a4f62c6ec2a6e097"><enum>(A)</enum><text>shall require that the information described in paragraph (1) be in such form and contain such documentary material and information relevant to an acquisition as is necessary and appropriate to enable the Federal Trade Commission and the Assistant Attorney General to assess the competitive impact of the acquisition under paragraph (1); and</text></subparagraph><subparagraph id="idc08bf50a520f4d13991e7b5ce2137ee3"><enum>(B)</enum><text>may—</text><clause id="ide0ef5624489f4a13a536c5497ea644a2"><enum>(i)</enum><text>define the terms used in this subsection;</text></clause><clause id="ida12b9a747d3b46d7a03269c5fc2434ef"><enum>(ii)</enum><text>exempt, from the requirements of this section, information not relevant in assessing the competitive impact of the acquisition under paragraph (1); and</text></clause><clause id="idc3eed3a28db64e17ad8c163e4a73cf62"><enum>(iii)</enum><text>prescribe such other rules as may be necessary and appropriate to carry out the purposes of this section.</text></clause></subparagraph></paragraph></subsection><after-quoted-block>.</after-quoted-block></quoted-block></section><section id="id9f46548e071046fbaa78dcbb18ffa04b"><enum>6.</enum><header>Federal Trade Commission study</header><text display-inline="no-display-inline">Not later than 2 years after the date of enactment of this Act, the Federal Trade Commission, in consultation with the Securities and Exchange Commission, shall conduct and publish a study, using any compulsory process necessary, relying on public data and information if available and sufficient, and incorporating public comment on—</text><paragraph id="id563cabe4f53a4501ae317fe03cce3e74"><enum>(1)</enum><text>the extent to which an institutional investor or related institutional investors have ownership or control interests in competitors in moderately concentrated or concentrated markets;</text></paragraph><paragraph id="idb05528b7422145c0925c16be9e428b09"><enum>(2)</enum><text>the economic impacts of such overlapping ownership or control; and</text></paragraph><paragraph id="id6b591bc567c64f89bc985ac50f8742f1"><enum>(3)</enum><text>the mechanisms by which an institutional investor could affect competition among the companies in which it invests and whether such mechanisms are prevalent.</text></paragraph></section><section id="id0a89f3f68e5b41fc80715427a9a5f5ea"><enum>7.</enum><header>GAO studies</header><subsection id="idcee1eb9dd97848cd9e195c42011c425a"><enum>(a)</enum><header>In general</header><text>Not later than 18 months after the date of enactment of this Act, the Comptroller General of the United States shall—</text><paragraph id="id9b8fe7a8671c42c19866eea0cef7863f"><enum>(1)</enum><text>conduct a study to assess the success of merger remedies required by the Department of Justice or the Federal Trade Commission in consent decrees entered into since 6 years prior to the date of enactment of this Act, including the impact on maintaining competition, a comparison of structural and conduct remedies, and the viability of divested assets; and</text></paragraph><paragraph id="id8212a473af7947bf9f6a88d6f13b419f"><enum>(2)</enum><text>conduct a study on the impact of mergers and acquisitions on wages, employment, innovation, and new business formation.</text></paragraph></subsection><subsection id="idcb825ad808a247848b9d119429b6e1b7"><enum>(b)</enum><header>Update</header><text>The Comptroller General of the United States shall—</text><paragraph id="id25b4a677d964485db7b0a79f33a0d42a"><enum>(1)</enum><text>update the study under paragraph (1) 3 years and 6 years after the date of enactment of this Act based on the information provided under section 7A(l) of the Clayton Act, as added by section 5 of this Act; and</text></paragraph><paragraph id="id6edf7991e28e44c1b22a8013ebe8c517"><enum>(2)</enum><text>identify specific remedies or alleged merger benefits that require additional information or research.</text></paragraph></subsection></section><section id="id0691a57486dd49afa7154e8a5008ecc3"><enum>8.</enum><header>Office of Competition Advocate</header><subsection id="ida09e3deba400482da5f752ae8d3714a5"><enum>(a)</enum><header>Definitions</header><text>In this section—</text><paragraph id="id5c8281d4752d4a2fb7cc7abd7be28b9f"><enum>(1)</enum><text>the term <term>agency</term> has the meaning given the term in section 551 of title 5, United States Code;</text></paragraph><paragraph id="id95937c12b7944f04a6bcd73b93ec9e14"><enum>(2)</enum><text>the term <term>covered company</term> means any company that has, at any time, been required to make a filing under section 7A of the Clayton Act (<external-xref legal-doc="usc" parsable-cite="usc/15/18a">15 U.S.C. 18a</external-xref>);</text></paragraph><paragraph id="id6302105502974045900a31cb86dfb3bd"><enum>(3)</enum><text>the term <term>Office</term> means the Office of the Competition Advocate established under subsection (b);</text></paragraph><paragraph id="id83e35d3f688541a8bd666c4edd39f580"><enum>(4)</enum><text>the term <term>Chairman</term> means the Chairman of the Commission; and</text></paragraph><paragraph id="idd5393c7109b7420399f2f3f1b8b4fed9"><enum>(5)</enum><text>the term <term>Commission</term> means the Federal Trade Commission.</text></paragraph></subsection><subsection id="idaa05d9bbe33f432fbd2ef4bbd2a467e2"><enum>(b)</enum><header>Establishment</header><text>There is established within the Federal Trade Commission the Office of the Competition Advocate.</text></subsection><subsection id="id06c788eb4dba44f3bf42b45dabd4b9ed"><enum>(c)</enum><header>Competition advocate</header><paragraph id="id6bec103730904377930be6c0d0e5d770"><enum>(1)</enum><header>In general</header><text>The head of the Office shall be the Competition Advocate, who shall—</text><subparagraph id="idaa2590118e8a4fecbad260a0d9210d49"><enum>(A)</enum><text>report directly to the Chairman; and</text></subparagraph><subparagraph id="id3fb4bf60c63c453e9e52b2436d00f809"><enum>(B)</enum><text>be appointed by the Chairman, with the concurrence of a majority of the Commission, including at least 1 Commissioner who is not a member of the same political party of the majority members of the Commission, from among individuals having experience in advocating for the promotion of competition.</text></subparagraph></paragraph><paragraph id="id9d76ff63b8a04237aae94e05f67cdcf1"><enum>(2)</enum><header>Compensation</header><text>The annual rate of pay for the Competition Advocate shall be equal to the highest rate of annual pay for other senior executives who report to the Chairman of the Commission.</text></paragraph><paragraph id="idedbf3cc31bfa4fb09ad4cd1ada2d2d58"><enum>(3)</enum><header>Limitation on service</header><text>An individual who serves as the Competition Advocate may not be employed by the Commission—</text><subparagraph id="idc08f1cccac42454692f5063777ef3966"><enum>(A)</enum><text>during the 2-year period ending on the date of appointment as Competition Advocate; or</text></subparagraph><subparagraph id="id3367b3b63c2f41f9a30123f73a8272a5"><enum>(B)</enum><text>during the 5-year period beginning on the date on which the person ceases to serve as the Competition Advocate.</text></subparagraph></paragraph></subsection><subsection id="idd1b585f5de9d4e339ae72e584e0a4a9d"><enum>(d)</enum><header>Staff of office</header><text>The Competition Advocate, after consultation with the Chairman of the Commission, shall retain or employ independent counsel, research staff, and service staff, as the Competition Advocate determines is necessary to carry out the functions, powers, and duties of the Office.</text></subsection><subsection id="idbaa11dd2fcee40c292a1c1444c6f8ee9"><enum>(e)</enum><header>Duties and powers</header><text>The Competition Advocate shall—</text><paragraph id="id95eac65bd5dd4ce6b25eb94b48b45859"><enum>(1)</enum><text>recommend processes or procedures that will allow the Federal Trade Commission and the Antitrust Division of the Department of Justice to improve the ability of each agency to solicit reports from consumers, small businesses, and employees about possible anticompetitive practices or adverse effects of concentration;</text></paragraph><paragraph id="id2ff681faffba4b4d9dafe15532479f40"><enum>(2)</enum><text>publicly provide recommendations to other Federal agencies about administrative actions that may have anticompetitive effects and the potential harm to competition if those actions are carried out;</text></paragraph><paragraph id="id7dcf01eb99214088a753a021da44f621"><enum>(3)</enum><text>provide recommendations to other Federal agencies about administrative actions that may have procompetitive effects and the potential benefit to competition if those actions are carried out;</text></paragraph><paragraph id="id78b30ca9a28f45a29ba4623cf836a850"><enum>(4)</enum><text>publish periodic reports on—</text><subparagraph id="id5ea5c5cfce7549d2822fc12ab2997590"><enum>(A)</enum><text>market competition and its impact on the United States, local geographic areas, and different demographic and socioeconomic groups; and</text></subparagraph><subparagraph id="id60ef624a6593444fb8387b49cdae27b5"><enum>(B)</enum><text>the success of remedies required by the Department of Justice or the Federal Trade Commission in consent decrees;</text></subparagraph></paragraph><paragraph id="id9c2097770e7e4d05b16641f6d553f955"><enum>(5)</enum><text>collect data regarding concentration levels across industries and the impact and degree of antitrust enforcement; and</text></paragraph><paragraph id="id61022fd2dcaa4dae976f49f7e37a1779"><enum>(6)</enum><text>standardize the types and formats of data reported and collected.</text></paragraph></subsection><subsection id="id383e0ffe81a749e88e3e792ba8157f47"><enum>(f)</enum><header>Subpoena authority</header><paragraph id="ide081c6fbf0ae46708e64926a94da1a84"><enum>(1)</enum><header>In general</header><text>The Competition Advocate may either require the submission of or accept voluntary submissions of periodic and other reports from any covered company for the purpose of assessing competition and its impact on the United States, local geographic areas, and different demographic and socioeconomic groups.</text></paragraph><paragraph id="idf54ff36e55ef4f96b227fc2fca647b71"><enum>(2)</enum><header>Written finding</header><text>Before issuing a subpoena to collect the information described in paragraph (1), the Competition Advocate shall make a written finding that—</text><subparagraph id="idaa82764dba2c4dae976bd1a5ea8bd0c7"><enum>(A)</enum><text>the data is required to carry out the functions of the Competition Advocate; and</text></subparagraph><subparagraph id="id4f86799f09d14548a28cdb7a8c8f867d"><enum>(B)</enum><text>the information is not available from a public source or another agency.</text></subparagraph></paragraph><paragraph id="idfab4c2a42f114b9dbb59d4c0e50b616e"><enum>(3)</enum><header>Mitigation of report burden</header><text>Before requiring the submission of a report from any company required to make a filing under section 7A of the Clayton Act (<external-xref legal-doc="usc" parsable-cite="usc/15/18a">15 U.S.C. 18a</external-xref>), the Competition Advocate shall—</text><subparagraph id="ideed3722a05aa485a82d8ae89efe06391"><enum>(A)</enum><text>coordinate with other agencies or authority; and</text></subparagraph><subparagraph id="id450b00fb5fa5499e8b8a32dd98179297"><enum>(B)</enum><text>whenever possible, rely on information available from such agencies or authority.</text></subparagraph></paragraph></subsection><subsection id="id8193018181cf44d082f039b5aa2f12ad"><enum>(g)</enum><header>Data center</header><paragraph id="id283aafd775264ba099e2493451dff9a1"><enum>(1)</enum><header>Establishment</header><text>There is established within the Office the Data Center.</text></paragraph><paragraph id="idb566d766b580480ab990c01cab5d82e1"><enum>(2)</enum><header>Duties</header><text>The Data Center shall—</text><subparagraph id="id5ae87282d6654667bcc81bfed934819e"><enum>(A)</enum><text>collect, validate, and maintain data obtained from agencies, as defined in section 551 of title 5, United States Code, commercial data providers, publicly available data sources, and any covered company; and</text></subparagraph><subparagraph id="idac23e04ba69e4e359fa501ee0e552b8f"><enum>(B)</enum><text>prepare and publish, in a manner that is easily accessible to the public—</text><clause id="id32250447bd464bc8b312d824dbe12ba1"><enum>(i)</enum><text>a concentration database;</text></clause><clause id="id2b443e21b2d44f8a855b73e26907035d"><enum>(ii)</enum><text>a merger enforcement database;</text></clause><clause id="id1891e901bb974341a8ec9287159a7abe"><enum>(iii)</enum><text>any other database that the Competition Advocate determines is necessary to carry out the duties of the Office; and</text></clause><clause id="ida9fdd63193ed4530a5859f8deddcd952"><enum>(iv)</enum><text>the format and standards for Office data, including standards for reporting financial transaction and position data to the Office.</text></clause></subparagraph></paragraph><paragraph id="id9e526dfa6ec54e578e90d91798586dcd"><enum>(3)</enum><header>Regulations</header><text>The Competition Advocate shall promulgate regulations relating to the collection and standardizing of data under paragraph (2).</text></paragraph><paragraph id="id712c6e89b3684cf0897fb4c3ecafd439"><enum>(4)</enum><header>Confidentiality</header><subparagraph id="id262fe629292b4113b5a9b730c16275a3"><enum>(A)</enum><header>In general</header><text>The Data Center may not disclose any confidential data collected under paragraph (2).</text></subparagraph><subparagraph id="id868ea8a746874db0849666fa953c8a96"><enum>(B)</enum><header>Requirements</header><text>Data obtained from an agency shall be subject to the same confidentiality requirements and protection as the agency providing the data.</text></subparagraph><subparagraph id="id2c7f469886e54885bcd95280882aff3b"><enum>(C)</enum><header>Information security</header><text>The Competition Advocate shall ensure that data collected and maintained by the Data Center are kept secure and protected against unauthorized disclosure.</text></subparagraph></paragraph></subsection><subsection id="ida690059c91f0421f91155a45dea9ca69"><enum>(h)</enum><header>Division of market analysis</header><paragraph id="ida6c70d3fcbaf477d9b1fc77eda6b01ee"><enum>(1)</enum><header>Establishment</header><text>There is established within the Office the Division of Market Analysis.</text></paragraph><paragraph id="idfe88ca3afe064209bd3fb5cb2c0ee2c7"><enum>(2)</enum><header>Leadership</header><text>The head of the Division of Market Analysis shall be the Director of Market Analysis, who shall—</text><subparagraph id="id5b58e88ccc81491b8357851dd498ae3e"><enum>(A)</enum><text>report directly to the Competition Advocate; and</text></subparagraph><subparagraph id="idfc95712b9af442aab8a285fcede7d44d"><enum>(B)</enum><text>be appointed by the Competition Advocate, with the concurrence of a majority of the Commission, including at least one Commissioner who is not a member of the same political party of the majority members of the Commission.</text></subparagraph></paragraph><paragraph id="id98342729b2fd4ab2ac499274d590ffcc"><enum>(3)</enum><header>Division staff</header><text>The Division of Market Analysis shall retain or employ independent legal, economic, research, and service staff sufficient to carry out the functions, powers, and duties of the Division.</text></paragraph><paragraph id="idc3edf3af6b27462dbf274a247abce846"><enum>(4)</enum><header>Duties and powers</header><text>The Division of Market Analysis—</text><subparagraph id="id6d1b9dbb046d4f31afb1917b4fca0862"><enum>(A)</enum><text>shall, at the direction of the Competition Advocate or the Commission, conduct investigations of markets or industry sectors to analyze the competitive conditions and dynamics affecting such markets or industry sectors, including the effects that market concentration, mergers and acquisitions, certain types of agreements, and other forms of business conduct have on competition, consumers, workers and innovation, and shall publish reports on the results of such investigations;</text></subparagraph><subparagraph id="id45850525c83c43db94390a9823bfed64"><enum>(B)</enum><text>shall, at the direction of the Competition Advocate or the Commission, conduct investigations concerning the competitive effects of acquisitions that have been consummated no less than 2 years prior to the start of the investigation, which shall include recommendations concerning appropriate enforcement action to remedy any anticompetitive effects discovered and may include assessments of—</text><clause id="id0A8C303153B84B25A3DD473318B30E26"><enum>(i)</enum><text>the conditions of the relevant markets affected by the acquisition, over the period since the acquisition was consummated, including, but not limited to, the potential impact that the acquisition has had on—</text><subclause id="id5792f7f96f7b4b2d8e797a67195e1a4e"><enum>(I)</enum><text>the prices of goods or services, including wages in any affected labor markets;</text></subclause><subclause id="id186546a15d294ee985fbeb9044c3d7cc"><enum>(II)</enum><text>the output and quality of goods and services;</text></subclause><subclause id="id3a432e917def425dbc2a85893433ab6c"><enum>(III)</enum><text>the entry or exit of competitors;</text></subclause><subclause id="id5275e5262a8b45ffa9a7e04dc5b0f5cb"><enum>(IV)</enum><text>innovation;</text></subclause><subclause id="id148482d594cc4406b8ca493c84bf0be1"><enum>(V)</enum><text>consumer choice and product variety;</text></subclause><subclause id="idb68e475de8f048c594252241f5523446"><enum>(VI)</enum><text>the opportunity of suppliers and works to sell their product or services; </text></subclause><subclause id="id6cd21b8cea5244fb871bed65212a93f8"><enum>(VII)</enum><text>coordinated interaction between competitors; and</text></subclause><subclause id="id2da2689017824d0c896afdde1737bb4e"><enum>(VIII)</enum><text>subsequent mergers and acquisitions activity;</text></subclause></clause><clause id="id04A06F54FC5D498F83354BABAB8B8B9F"><enum>(ii)</enum><text>whether the acquiring person or its successors in interest—</text><subclause id="idb2f8424474854dc58be6d7b15e101b4b"><enum>(I)</enum><text>complied with all obligations under any agreement with the Federal Trade Commission, the United States, or State law enforcement authorities to resolve a proceeding brought under the antitrust laws; and</text></subclause><subclause id="id3fbb2975e8e943b198588172d6e9df66"><enum>(II)</enum><text>achieved measurable, transaction-specific efficiencies, which did not arise from anticompetitive reductions of output, as a result of the acquisition; and</text></subclause></clause><clause id="id6cd9ec18c0b2469cb32cbb1d92935ac3"><enum>(iii)</enum><text>whether any agreements with the Federal Trade Commission or the United States to resolve a proceeding brought under the antitrust laws regarding the acquisition was effective in mitigating the anticompetitive effects from the acquisition;</text></clause></subparagraph><subparagraph id="id2433e8c14fb64aa08130fb688e9760fa"><enum>(C)</enum><text>shall rely on public data and information, public comment, information from other Federal agencies, information from the Data Center, information obtained pursuant to the Competition Advocate’s subpoena authority under subsection (f) of this section and may use compulsory process under section 6(b) of the Federal Trade Commission Act (<external-xref legal-doc="usc" parsable-cite="usc/15/46">15 U.S.C. 46(b)</external-xref>) as necessary to carry out the functions set forth in subsections (h)(3)(A) and (h)(3)(B) of this section; and</text></subparagraph><subparagraph id="id01302ce7b72d4f07a8cd3e2a01825eb2"><enum>(D)</enum><text>shall report any evidence it obtains that any person, partnership, or corporation has engaged in transactions or conduct that may constitute of a violation of the antitrust law to the Commission, which may institute further investigation, initiate enforcement proceedings, or refer such evidence to the Attorney General.</text></subparagraph></paragraph></subsection></section><section id="idd795801cb23a4c75a74e2148683d60b0"><enum>9.</enum><header>Exclusionary conduct</header><subsection id="ida2fafc1ac6344874a50073171695cc15"><enum>(a)</enum><header>In general</header><text>The Clayton Act (<external-xref legal-doc="usc" parsable-cite="usc/15/12">15 U.S.C. 12</external-xref> et seq.) is amended by inserting after section 26 (<external-xref legal-doc="usc" parsable-cite="usc/15/26a">15 U.S.C. 26a</external-xref>) the following:</text><quoted-block style="OLC" display-inline="no-display-inline" id="id2f2997d6e07c4c8dbe844bd60acf1ba4"><section id="id96b30cf7119a47c1bbd885333fc35809"><enum>26A.</enum><header>Exclusionary conduct</header><subsection id="id6253f84cb0e24c398d77fda8fdf6aa6d"><enum>(a)</enum><header>Definitions</header><text>In this section:</text><paragraph id="id5b912c7780c94e4f913036de44f183e9"><enum>(1)</enum><header>Exclusionary conduct</header><subparagraph id="id67c23e5c80ed46f0b6a38aa46ead50f9"><enum>(A)</enum><header>In general</header><text>The term <term>exclusionary conduct</term> means conduct that—</text><clause id="ide76ca64c7a9c4e888c46e0b2538fbb26"><enum>(i)</enum><text>materially disadvantages 1 or more actual or potential competitors; or</text></clause><clause id="id34d880ff09634e6982519864e1301275"><enum>(ii)</enum><text>tends to foreclose or limit the ability or incentive of 1 or more actual or potential competitors to compete.</text></clause></subparagraph><subparagraph id="id6f2d6c35edb74158ba8dc76372fa0a75"><enum>(B)</enum><header>Limitations</header><clause id="id9c31aa0f45c741458f02a85f951e8a04"><enum>(i)</enum><text>Applying for or enforcing a patent, trademark, or copyright, unless such applications or enforcement actions are baseless or made in bad faith or in violation of a legal obligation, shall not alone constitute exclusionary conduct, but such actions may be considered as part of a course of conduct that constitutes exclusionary conduct.</text></clause><clause id="id26c8ab5395314bee96d5e10e089c6c33"><enum>(ii)</enum><text>Conduct that is necessary to comply with Federal or State law shall not alone constitute exclusionary conduct, but such actions may be considered as part of a course of conduct that constitutes exclusionary conduct.</text></clause></subparagraph></paragraph><paragraph id="id133a70dbb74e48378be14ccb36aaa6ca"><enum>(2)</enum><header>Market power</header><text>The term <term>market power</term> means the ability of a person, or a group of persons acting in concert, to profitably impose terms or conditions on counterparties, including terms regarding price, quantity, product or service quality, or other terms affecting the value of consideration exchanged in the transaction, that are more favorable to the person or group of persons imposing them than what the person or group of persons could obtain in a competitive market.</text></paragraph></subsection><subsection id="iddffb87abcf8d48e28906ed0203dba5d3"><enum>(b)</enum><header>Violation</header><paragraph id="id4ac7d94cdc144a18a53d8c40ebb78cda"><enum>(1)</enum><header>In general</header><text>It shall be unlawful for a person, acting alone or in concert with other persons, to engage in exclusionary conduct that presents an appreciable risk of harming competition.</text></paragraph><paragraph id="idbc2c193bd387475893efd1a188bd7891"><enum>(2)</enum><header>Unfair method of competition</header><text>A violation of paragraph (1) shall also constitute an unfair method of competition under section 5 of the Federal Trade Commission Act (<external-xref legal-doc="usc" parsable-cite="usc/15/45">15 U.S.C. 45</external-xref>).</text></paragraph></subsection><subsection id="id0a467ca64b034237ad56e681f1c8ecf0"><enum>(c)</enum><header>Presumption</header><paragraph id="id14A52427A3E64925BF7019E79DE3DFE2"><enum>(1)</enum><header>In general</header><text>Except as provided in paragraph (2), exclusionary conduct shall be presumed to present an appreciable risk of harming competition and shall be a violation of subsection (b)(1) if the exclusionary conduct is undertaken, with respect to a relevant market, by a person or by a group of more than 1 person acting in concert that—</text><subparagraph id="id270b237d8a594cb1a5ebfc99f5a681a6"><enum>(A)</enum><text>has a market share of greater than 50 percent as a seller or a buyer in the relevant market; or</text></subparagraph><subparagraph id="id2f3ae90cdf434560a75b6cbeb5a3930e"><enum>(B)</enum><text>otherwise has significant market power in the relevant market.</text></subparagraph></paragraph><paragraph id="id9DFFAEB6C70E4732AF0D8848CD57EB27"><enum>(2)</enum><header>Exception</header><text>Paragraph (1) shall not apply if the defendant establishes, by a preponderance of the evidence, that—</text><subparagraph id="id750048592b994e129384626e18907988"><enum>(A)</enum><text>distinct procompetitive benefits of the exclusionary conduct in the relevant market eliminate the risk of harming competition presented by the exclusionary conduct;</text></subparagraph><subparagraph id="id18e4994c652a4e778ea97130beb916ff"><enum>(B)</enum><text>1 or more persons, not including any person participating in or facilitating the exclusionary conduct, have entered or expanded their presence in the market with the effect of eliminating the risk of harming competition posed by the exclusionary conduct; or</text></subparagraph><subparagraph id="id18e73b006a164773a38182931c4bd5bb"><enum>(C)</enum><text>the exclusionary conduct does not present an appreciable risk of harming competition.</text></subparagraph></paragraph></subsection><subsection id="id16f0af76125d4a99afec8108565433ba"><enum>(d)</enum><header>Considerations</header><text>If the presumption in subsection (c) does not apply, the determination of whether exclusionary conduct presents an appreciable risk of harming competition shall be based on the totality of the circumstances, which may include consideration of—</text><paragraph id="iddfb067b034374f65babffa724ebce69c"><enum>(1)</enum><text>the extent to which any distinct procompetitive benefits of the exclusionary conduct substantially eliminate the risk of harming competition presented by the exclusionary conduct; and</text></paragraph><paragraph id="id80b6714ce42b476180c8b0bcec2b8aae"><enum>(2)</enum><text>whether 1 or more persons, not including any person participating in or facilitating the exclusionary conduct, have entered or expanded their presence in the market, substantially eliminating the risk of harming competition presented by the exclusionary conduct.</text></paragraph></subsection><subsection id="id2c2418cb5772428e943818764386f809"><enum>(e)</enum><header>Limitations</header><text>Although the following circumstances may constitute evidence of a violation of subsection (b)(1), such violation does not require finding—</text><paragraph id="id796015ec444446e4bc6bb98d0763222d"><enum>(1)</enum><text>that the unilateral conduct of the defendant altered or terminated a prior course of dealing between the defendant and a person subject to the exclusionary conduct;</text></paragraph><paragraph id="ida1ec5d6e8c184793b94a650a089015cd"><enum>(2)</enum><text>that the defendant treated persons subject to the exclusionary conduct differently than the defendant treated other persons;</text></paragraph><paragraph id="id6041707447a44b14917d769c71d536f9"><enum>(3)</enum><text>that any price of the defendant for a product or service was below any measure of the costs to the defendant of providing the product or service;</text></paragraph><paragraph id="id473d298f859c4e6f9f3621d5de3344d9"><enum>(4)</enum><text>that a defendant with significant market power in a relevant market has recouped or is likely to recoup the losses it incurred or incurs from below-cost pricing for products or services in the relevant market;</text></paragraph><paragraph id="id7751ae1bee5f4fdd9ad0fcea659a2cf9"><enum>(5)</enum><text>that the conduct of the defendant makes no economic sense apart from its tendency to harm competition;</text></paragraph><paragraph id="id0e0a4893d5104acc85758e694d30798b"><enum>(6)</enum><text>that the risk of harming competition presented by the conduct of the defendant or any resulting actual harm to competition have been quantified or proven with quantitative evidence; or</text></paragraph><paragraph id="id13d3e6833306492797791e67c5e9e783"><enum>(7)</enum><text>that when a defendant operates a multi-sided platform business, the conduct of the defendant presents an appreciable risk of harming competition on more than 1 side of the multi-sided platform.</text></paragraph></subsection><subsection id="id8ed8cd6063004430968fe314e3fe21f1"><enum>(f)</enum><header>Civil penalties</header><text>Any person who violates subsection (b)(1) shall be liable to the United States for a civil penalty, which may be recovered in a civil action brought by the Attorney General of the United States, of not more than the greater of—</text><paragraph id="id9d70d5d570e74f44ab3cdfe8b5c04a25"><enum>(1)</enum><text>15 percent of the total United States revenues of the person for the previous calendar year; or</text></paragraph><paragraph id="id8b816c27ae8941f0bf4582a9e1cd311e"><enum>(2)</enum><text>30 percent of the United States revenues of the person in any line of commerce affected or targeted by the unlawful conduct during the period of the unlawful conduct.</text></paragraph></subsection></section><after-quoted-block>.</after-quoted-block></quoted-block></subsection><subsection id="idc768bdf0a39a431d89a89d7854b90cd2"><enum>(b)</enum><header>Federal trade commission act</header><paragraph id="idc8df5bcf07fa408fb07797ddb5ae4eb8"><enum>(1)</enum><header>Civil penalties</header><text>Section 5 of the Federal Trade Commission Act (<external-xref legal-doc="usc" parsable-cite="usc/15/45">15 U.S.C. 45</external-xref>) is amended by adding at the end the following:</text><quoted-block style="OLC" display-inline="no-display-inline" id="id69ce29ad9ab24474ab3ffd2632a76eb2"><subsection id="idd3cb533112cf4f06b3fa5f1d313cc74a"><enum>(p)</enum><header>Civil penalty for violation of section <enum-in-header>26A</enum-in-header> of the clayton act</header><text>The Commission may commence a civil action in a district court of the United States against any person, partnership, or corporation who violates subsection (a)(1) respecting an unfair method of competition that constitutes a violation of section 26A of the Clayton Act to recover a civil penalty, which shall accrue to the United States, in an amount not more than the greater of—</text><paragraph id="id116d5e2490324823a1522529d4dc44f7"><enum>(1)</enum><text>15 percent of the total United States revenues of the person, partnership, or corporation for the previous calendar year; or</text></paragraph><paragraph id="id5b1b5f6d0dd744898086ca80076ef826"><enum>(2)</enum><text>30 percent of the United States revenues of the person, partnership, or corporation in any line of commerce affected or targeted by the unlawful conduct during the period of the unlawful conduct.</text></paragraph></subsection><after-quoted-block>.</after-quoted-block></quoted-block></paragraph><paragraph id="idc0c9c2c4d05c4f2b8052c20899c9b475"><enum>(2)</enum><header>Commission litigation authority</header><text>Section 16(a)(2) of the Federal Trade Commission Act (<external-xref legal-doc="usc" parsable-cite="usc/15/56">15 U.S.C. 56(a)(2)</external-xref>) is amended—</text><subparagraph id="id50e41468ad4a45138992d789dc240d4f"><enum>(A)</enum><text>in subparagraph (D), by striking <quote>or</quote> after the semicolon;</text></subparagraph><subparagraph id="idee7544cf9a67456fb8de6a7134215230"><enum>(B)</enum><text>in subparagraph (E)—</text><clause id="id0339c7db784a4b2ca19cad8f94b158be"><enum>(i)</enum><text>by moving the margins 2 ems to the left; and</text></clause><clause id="id8655130e65d34c66864b99d44495db49"><enum>(ii)</enum><text>by inserting <quote>or</quote> after the semicolon; and</text></clause></subparagraph><subparagraph id="id2c23e126c67a449392a7cd64a3f6cd81"><enum>(C)</enum><text>by inserting after subparagraph (E) the following:</text><quoted-block style="OLC" display-inline="no-display-inline" id="idffafd28ebdb748438cddcb6ac34bed83"><subparagraph id="idac8efc4d1b8f4fb19e03d1da1a8b8250"><enum>(F)</enum><text>to recover civil penalties under section 5(p) of this Act;</text></subparagraph><after-quoted-block>.</after-quoted-block></quoted-block></subparagraph></paragraph></subsection><subsection id="id663c4aaf42014c48925c86ac67ff14c5"><enum>(c)</enum><header>Enforcement guidelines</header><paragraph id="id0d74d9d08fd846019eca4060b8cd80f5"><enum>(1)</enum><header>In general</header><text>Not later than 1 year after the date of enactment of this Act, the Attorney General and the Federal Trade Commission shall issue joint guidelines outlining policies, practices, and analytical techniques relating to agency enforcement under section 26A of the Clayton Act, as added by section 4 of this Act, with the goal of promoting transparency and deterring violations of section 26A of the Clayton Act.</text></paragraph><paragraph id="id0cbdf98537564eb7ba676737cef5726c"><enum>(2)</enum><header>Updates</header><text>The Attorney General and the Federal Trade Commission shall update the joint guidelines issued under subsection (a), as needed to reflect current agency policies and practices, but not less frequently than once every 5 years beginning on the date of enactment of this Act.</text></paragraph><paragraph id="id042be88fc0d34f21a10e2d95f07781e9"><enum>(3)</enum><header>Public notice and comment</header><subparagraph id="ide27c4171f56242dca7f5062d5903d745"><enum>(A)</enum><header>Guidelines</header><text>Before issuing guidelines under subsection (c)(1) or (c)(2), the Attorney General and the Federal Trade Commission shall publish proposed guidelines in draft form and provide public notice and opportunity for comment for not less than 60 days after the date on which the guidelines are published.</text></subparagraph><subparagraph id="id5b084170b6f54a7eb8bfde5f299d6ad0"><enum>(B)</enum><header>Inapplicability of rulemaking provisions</header><text>The provisions of section 553 of title 5, United States Code, shall not apply to the guidelines issued under this section.</text></subparagraph></paragraph></subsection></section><section id="idcac11d0d5cff43dea3b10b9eca24b152"><enum>10.</enum><header>Civil penalties for Sherman Act violations</header><subsection id="id33541292c9e042b28ee821e3e6ebe11c"><enum>(a)</enum><header>Civil penalty amendments</header><paragraph id="id17d9134275474c829e35f8147bf7af5e"><enum>(1)</enum><header>Section 1 of the sherman act</header><text>Section 1 of the Sherman Antitrust Act (<external-xref legal-doc="usc" parsable-cite="usc/15/1">15 U.S.C. 1</external-xref>) is amended—</text><subparagraph id="id36e6008c847e4e2cae9df632f69665ea"><enum>(A)</enum><text>by striking <quote>Every</quote> and inserting <quote>(a) Every</quote>; and</text></subparagraph><subparagraph id="id3154bbc04b7541b39d9929e77fbcbb9d"><enum>(B)</enum><text>by adding at the end the following</text><quoted-block style="OLC" display-inline="no-display-inline" id="id67f4ced90d6a4a9dbca7efce2832015e"><subsection id="idf2d2fa85c5c7420a933228fa578c90e8"><enum>(b)</enum><paragraph commented="no" display-inline="yes-display-inline" id="iddab4f25f53764961a317c64282391a85"><enum>(1)</enum><text>Every person who violates this section shall be liable to the United States for a civil penalty of not more than the greater of—</text><subparagraph id="id8189549d8d3b413ba2fdd8201e128b72" indent="up1"><enum>(A)</enum><text>15 percent of the total United States revenues of the person for the previous calendar year; or</text></subparagraph><subparagraph id="idd20ef602006d40dfbbd7e619e3f07e23" indent="up1"><enum>(B)</enum><text>30 percent of the United States revenues of the person in any part of the trade or commerce related to or targeted by the unlawful conduct under this section during the period of the unlawful conduct.</text></subparagraph></paragraph><paragraph id="id79d7b5b58865413eafe4ea4849639fcf" indent="up1"><enum>(2)</enum><text>A civil penalty under this section may be recovered in a civil action brought by the United States.</text></paragraph></subsection><after-quoted-block>.</after-quoted-block></quoted-block></subparagraph></paragraph><paragraph id="idc0e7ebfbfe5147df91a2ef2f4c56ddea"><enum>(2)</enum><header>Section 2 of the sherman act</header><text>Section 2 of the Sherman Antitrust Act (<external-xref legal-doc="usc" parsable-cite="usc/15/2">15 U.S.C. 2</external-xref>) is amended—</text><subparagraph id="id52a4d506611d493e9d46e020db7153b1"><enum>(A)</enum><text>by striking <quote>Every</quote> and inserting <quote>(a) Every</quote>; and</text></subparagraph><subparagraph id="id0503daaa4e884ce5a7c7e6170ad9b50e"><enum>(B)</enum><text>by adding at the end the following</text><quoted-block style="OLC" display-inline="no-display-inline" id="id26b00866f747488092251eee0d6fd317"><subsection id="id06db7e76728a453a957e719f87ff9826"><enum>(b)</enum><paragraph commented="no" display-inline="yes-display-inline" id="idf50f507b07f34e6c9dcb6c1073529a25"><enum>(1)</enum><text>Every person who violates this section shall be liable to the United States for a civil penalty of not more than the greater of—</text><subparagraph id="id573ffc33c78042c7a30d08264135a85b" indent="up1"><enum>(A)</enum><text>15 percent of the total United States revenues of the person for the previous calendar year; or</text></subparagraph><subparagraph id="id903a40cff69c4ef382952842103d781f" indent="up1"><enum>(B)</enum><text>30 percent of the United States revenues of the person in any part of the trade or commerce related to or targeted by the unlawful conduct under this section during the period of the unlawful conduct.</text></subparagraph></paragraph><paragraph id="iddad021c1f5d045e99615f8578998cfbe" indent="up1"><enum>(2)</enum><text>A civil penalty under this section may be recovered in a civil action brought by the United States.</text></paragraph></subsection><after-quoted-block>.</after-quoted-block></quoted-block></subparagraph></paragraph><paragraph id="ida8d35fdb3f284337895c38df905bda51"><enum>(3)</enum><header>Federal trade commission act</header><text>Section 5 of the Federal Trade Commission Act (<external-xref legal-doc="usc" parsable-cite="usc/15/45">15 U.S.C. 45</external-xref>) is amended by adding at the end the following:</text><quoted-block style="OLC" display-inline="no-display-inline" id="id0c3848d8826a4ad2b4a9f76c87f2606a"><subsection id="id5bdb57ca42ee4d2782d21cd02c56634c"><enum>(o)</enum><paragraph commented="no" display-inline="yes-display-inline" id="idccb983e24f964eb3839a83fc81a3493f"><enum>(1)</enum><text>The Commission may commence a civil action in a district court of the United States against any person, partnership, or corporation for a violation of subsection (a)(1) respecting an unfair method of competition that constitutes a violation of sections 1 or 2 of the Sherman Act (<external-xref legal-doc="usc" parsable-cite="usc/15/1">15 U.S.C. 1</external-xref>, 2) and to recover a civil penalty for such violation.</text></paragraph><paragraph id="id3c1f1de6f5e641e995eaa99ee614e15d" indent="up1"><enum>(2)</enum><text>In an action under paragraph (1), any person, partnership, or corporation found to have violated subsection (a)(1) respecting an unfair method of competition that constitutes a violation of section 1 or 2 of the Sherman Act (<external-xref legal-doc="usc" parsable-cite="usc/15/1">15 U.S.C. 1</external-xref>, 2) shall be liable for a civil penalty of not more than the greater of—</text><subparagraph id="id4bdfbb6a0d644e038629cd7e0823ac84"><enum>(A)</enum><text>15 percent of the total United States revenues of the person, partnership, or corporation for the previous calendar year; or</text></subparagraph><subparagraph id="id1424f70d66af4dacba95bd09bd6fe692"><enum>(B)</enum><text>30 percent of the United States revenues of the person, partnership, or corporation in any line of commerce related to or targeted by the unlawful conduct described in paragraph (1) during the period of the unlawful conduct.</text></subparagraph></paragraph></subsection><after-quoted-block>.</after-quoted-block></quoted-block></paragraph></subsection><subsection id="id1ec962b7f29b4406bf6188bdfcf659b5"><enum>(b)</enum><header>Rule of construction</header><paragraph id="id40bec0aaed4c4e65bd85763ebc43cd4b"><enum>(1)</enum><header>Civil penalties</header><text>The civil penalties provided in subsection (b) of section 1 of the Sherman Act (<external-xref legal-doc="usc" parsable-cite="usc/15/1">15 U.S.C. 1</external-xref>), subsection (b) of section 2 of the Sherman Act (<external-xref legal-doc="usc" parsable-cite="usc/15/2">15 U.S.C. 2</external-xref>), and subsection (o) of section 5 of the Federal Trade Commission Act (<external-xref legal-doc="usc" parsable-cite="usc/15/45">15 U.S.C. 45</external-xref>), as added by subsection (a) of this section, are in addition to, and not in lieu of, any other remedy provided by Federal law, including under—</text><subparagraph id="id71dc7bd18e454a8987739184df756319"><enum>(A)</enum><text>section 4 or 16 of the Clayton Act (<external-xref legal-doc="usc" parsable-cite="usc/15/15">15 U.S.C. 15</external-xref>, 26); or</text></subparagraph><subparagraph id="id15889283e4334a1e874538ee9d0fcf8c"><enum>(B)</enum><text>section 13(b) of the Federal Trade Commission Act (<external-xref legal-doc="usc" parsable-cite="usc/15/53">15 U.S.C. 53(b)</external-xref>).</text></subparagraph></paragraph><paragraph id="id36609ac4ace24bc49a2fa84c0254ca27"><enum>(2)</enum><header>Authorities</header><text>Nothing in this paragraph may be construed to affect any authority of the Attorney General or the Federal Trade Commission under any other provision of law.</text></paragraph></subsection></section><section id="idd47f4b3310f14d6ca965e1ace74acff2"><enum>11.</enum><header>Joint civil penalty guidelines</header><subsection id="id0b40df522cdd46c694f92f233f77925a"><enum>(a)</enum><header>In general</header><text>Not later than 1 year after the date of enactment of this Act, the Attorney General and the Federal Trade Commission shall issue joint guidelines reflecting agency policies for determining the appropriate amount of a civil penalty to be sought under sections 1(b) and 2(b) of the Sherman Act (<external-xref legal-doc="usc" parsable-cite="usc/15/1">15 U.S.C. 1</external-xref>, 2), section 26A(f) of the Clayton Act, and sections 5(o) and 5(p) of the Federal Trade Commission Act (<external-xref legal-doc="usc" parsable-cite="usc/15/45">15 U.S.C. 45</external-xref>), as added by of this Act, with the goal of promoting transparency and crafting remedies for individual violations that are effective in deterring future unlawful conduct and proportionate to the gravity of the violation.</text></subsection><subsection id="id88244ddae7ef41ebbc3968678f2f4e79"><enum>(b)</enum><header>Considerations</header><text>In establishing the guidelines described in subsection (a), the Attorney General and the Federal Trade Commission shall consider the relevant factors to be used for calculating an appropriate civil penalty for a particular violation, including—</text><paragraph id="id670a6c8c32b44f7ca90e4059b9ce7e79"><enum>(1)</enum><text>the volume of commerce affected;</text></paragraph><paragraph id="ide533c11add1045788948221818daa36d"><enum>(2)</enum><text>the duration and severity of the unlawful conduct;</text></paragraph><paragraph id="id61f60c7e1ae44498822344135218ebee"><enum>(3)</enum><text>the intent of the person undertaking the unlawful conduct;</text></paragraph><paragraph id="id65b602d9c4ed40b79bb707d08967c951"><enum>(4)</enum><text>the extent to which the unlawful conduct was egregious or a clear violation of the law;</text></paragraph><paragraph id="id6e6565785f864a33bce54e3e5faa999c"><enum>(5)</enum><text>whether the civil penalty is to be applied in combination with other remedies, including—</text><subparagraph id="idd2c3989bab084fedb879d3edb0c9b902"><enum>(A)</enum><text>structural remedies, behavioral conditions, or equitable disgorgement; or</text></subparagraph><subparagraph id="idfde5e6b22e4740eda118eb42a5d4b044"><enum>(B)</enum><text>other remedies available under section 4, 4A, 15, or 16 of the Clayton Act (<external-xref legal-doc="usc" parsable-cite="usc/15/15">15 U.S.C. 15</external-xref>, 15a, 25, 26) or section 13(b) of the Federal Trade Commission Act (<external-xref legal-doc="usc" parsable-cite="usc/15/53">15 U.S.C. 53(b)</external-xref>);</text></subparagraph></paragraph><paragraph id="id8d83040fef604c93b4b2b1943815f87f"><enum>(6)</enum><text>whether the person has previously engaged in the same or similar anticompetitive conduct; and</text></paragraph><paragraph id="ida26db145b90c4e04a08c38c6b00c5f98"><enum>(7)</enum><text>whether the person undertook the conduct in violation of a preexisting consent decree or court order.</text></paragraph></subsection><subsection id="id263d100e9d564828b292a8ab31f554f9"><enum>(c)</enum><header>Updates</header><text>The Attorney General and the Federal Trade Commission shall update the joint guidelines issued under subsection (a), as needed to reflect current agency policies and practices, but not less frequently than once every 5 years beginning on the date of enactment of this Act.</text></subsection><subsection id="id20e7b49f1dc34d7b8b57c8b1e2ecdfa0"><enum>(d)</enum><header>Public notice and comment</header><paragraph id="id95c365ece948493390b34b7eacba29fc"><enum>(1)</enum><header>Guidelines</header><text>Before issuing guidelines under subsection (a) or subsection (c), the Attorney General and the Federal Trade Commission shall publish proposed guidelines in draft form and provide public notice and opportunity for comment for not less than 60 days after the date on which the guidelines are published.</text></paragraph><paragraph id="idb9de5b7ce9d54aea9cb46fece33bb4a3"><enum>(2)</enum><header>Inapplicability of rulemaking provisions</header><text>The provisions of section 553 of title 5, United States Code, shall not apply to the guidelines issued under this section.</text></paragraph></subsection></section><section id="idebc959f1d7434d0f8a87e55b1c78ebf8"><enum>12.</enum><header>Federal Trade Commission litigation authority</header><text display-inline="no-display-inline">Section 16(a)(2) of the Federal Trade Commission Act (<external-xref legal-doc="usc" parsable-cite="usc/15/56">15 U.S.C. 56(a)(2)</external-xref>) is amended—</text><paragraph id="ida754086bc1a4427db07c21031930bd83"><enum>(1)</enum><text>in subparagraph (D), by striking <quote>or</quote> at the end;</text></paragraph><paragraph id="id040ded85153d42fc9a42450e69347338"><enum>(2)</enum><text>in subparagraph (E)—</text><subparagraph id="id654dd1bb6fb34e2c98ade702561fb518"><enum>(A)</enum><text>by moving the margins 2 ems to the left; and</text></subparagraph><subparagraph id="idc9d844d9a4994823b75fcc80010ec0b4"><enum>(B)</enum><text>by striking the semicolon and inserting <quote>; or</quote>; and</text></subparagraph></paragraph><paragraph id="ideba1ffd68053407da2341920276a24cd"><enum>(3)</enum><text>by inserting after subparagraph (E) the following:</text><quoted-block style="OLC" display-inline="no-display-inline" id="id8998aac5318147408705f81cf35e43ee"><subparagraph id="id35b943136c854add8753be9f993c5656"><enum>(F)</enum><text>to recover civil penalties under section 5(o) of this Act;</text></subparagraph><after-quoted-block>.</after-quoted-block></quoted-block></paragraph></section><section id="id2c13ea08226e47c89b19e27eef7f0544"><enum>13.</enum><header>Market definition</header><subsection id="id6bf3c9e4cb384b05b3afca4b9f58e487"><enum>(a)</enum><header>In general</header><text>Establishing liability under the antitrust laws does not require the definition of a relevant market, except when the definition of a relevant market is required, to establish a presumption or to resolve a claim, under a statutory provision that explicitly references the terms <term>relevant market</term>, <term>market concentration</term>, or <term>market share</term>. Statutory references to the term <term>line of commerce</term> shall not constitute an exception to the foregoing rule that establishing liability under the antitrust laws does not require the definition of a relevant market.</text></subsection><subsection id="iddfbce099e5204f61a354408c0230a278"><enum>(b)</enum><header>Direct evidence</header><text>If direct evidence in the record is sufficient to prove actual or likely harm to competition, an appreciable risk to competition sufficient to satisfy the applicable statutory standard, or that the effect of an acquisition subject to section 7 of the Clayton Act (<external-xref legal-doc="usc" parsable-cite="usc/15/18">15 U.S.C. 18</external-xref>) may be to create an appreciable risk of materially lessening competition or to tend to create a monopoly or a monopsony, neither a court nor the Federal Trade Commission shall require definition of a relevant market in order to evaluate the evidence, to find liability, or to find that a claim has been stated under the antitrust laws.</text></subsection><subsection id="id198c1177ed4745eba8b66ddb4833216f"><enum>(c)</enum><header>Rule of construction</header><text>Nothing in this section may be construed to prevent a court or the Federal Trade Commission from considering evidence relating to the definition of proposed relevant markets to evaluate the merits of a claim under the antitrust laws.</text></subsection></section><section id="id279f0f8e119049878c8e5b7f388d7673"><enum>14.</enum><header>Limitations on implied immunity from the antitrust laws</header><subsection id="id20d1b81a12a6450393b319cca932a06e"><enum>(a)</enum><header>In general</header><text>In any action or proceeding to enforce the antitrust laws with respect to conduct that is regulated under Federal statute, no court or adjudicatory body may find that the Federal statute, or any rule or regulation promulgated in accordance with the Federal statute, implicitly precludes application of the antitrust laws to the conduct unless—</text><paragraph id="ide6cfa0766ca2488498f342e49ab5f49b"><enum>(1)</enum><text>a Federal agency or department actively regulates the conduct under the Federal statute;</text></paragraph><paragraph id="id6560d33e1bc74f808b146b1ea7ce56f0"><enum>(2)</enum><text>the Federal statute does not include any provision preserving the rights, claims, or remedies under the applicable antitrust laws or under any area of law that includes the antitrust laws; and</text></paragraph><paragraph id="ida83bd94862794c7ea440793826fc23b0"><enum>(3)</enum><text>Federal agency or department rules or regulations, adopted by rulemaking or adjudication, explicitly require or authorize the defendant to undertake the conduct.</text></paragraph></subsection><subsection id="idf65614e1faa74aa4a7e59f5220af92e4"><enum>(b)</enum><header>Existing federal regulation</header><text>In any action or proceeding described in subsection (a), the antitrust laws shall be applied fully and without qualification or limitation, and the scope of the antitrust laws shall not be defined more narrowly on account of the existence of Federal rules, regulations, or regulatory agencies or departments, unless application of the antitrust laws is precluded or limited by—</text><paragraph id="id80e61d3e01504177a4437aeeb3c8a0c1"><enum>(1)</enum><text>an explicit exemption from the antitrust laws under a Federal statute; or</text></paragraph><paragraph id="id7a57071847674cbaa24887c38e147f38"><enum>(2)</enum><text>an implied immunity that satisfies the requirements under subsection (a).</text></paragraph></subsection></section><section id="idbb88ba507a634eefb7fe9868eb06e441"><enum>15.</enum><header>Authorization of appropriations</header><text display-inline="no-display-inline">There is authorized to be appropriated for fiscal year 2022—</text><paragraph id="idca736a1b17334eee908000dabd3eb085"><enum>(1)</enum><text>$484,500,000 for the Antitrust Division of the Department of Justice; and</text></paragraph><paragraph id="idb49915f72db142abbfb04c350491ff75"><enum>(2)</enum><text>$651,000,000 for the Federal Trade Commission.</text></paragraph></section><section id="id00f4de83f2e54ba39073377f88cb9f1f"><enum>16.</enum><header>Whistleblower protections</header><subsection id="id29f95e4bf6314f9bba098c4db6baaa13"><enum>(a)</enum><header>Protections for civil whistleblowers</header><text>The Clayton Act (<external-xref legal-doc="usc" parsable-cite="usc/15/12">15 U.S.C. 12</external-xref> et seq.) is amended by inserting after section 27 (<external-xref legal-doc="usc" parsable-cite="usc/15/26b">15 U.S.C. 26b</external-xref>) the following:</text><quoted-block style="OLC" display-inline="no-display-inline" id="id613869ca8b5a409980fde0682e272a13"><section id="id4630db0b902e4f38ae572db0324b20ca"><enum>27A.</enum><header>Anti-retaliation protection for civil whistleblowers</header><subsection id="id9d88f162a6e84fe19b8fdccde7a043c2"><enum>(a)</enum><header>Whistleblower protections for employees, contractors, subcontractors, and agents</header><paragraph id="idd0f57085fc81466abad6f520e7101f09"><enum>(1)</enum><header>In general</header><text>No employer may discharge, demote, suspend, threaten, harass, or in any other manner discriminate against a covered individual in the terms and conditions of employment of the covered individual because of any lawful act done by the covered individual—</text><subparagraph id="id729bd9bd6bf8443fb64b588e5c89d33f"><enum>(A)</enum><text>to provide or cause to be provided to the Federal Government or a person with supervisory authority over the covered individual (or such other person working for the employer who has the authority to investigate, discover, or terminate misconduct) information relating to any violation of, or any act or omission the covered individual reasonably believes to be a violation of, the applicable antitrust laws; or</text></subparagraph><subparagraph id="id2c45c587b1794a4eb28a198f661e483c"><enum>(B)</enum><text>to cause to be filed, testify in, participate in, or otherwise assist a Federal Government investigation or a Federal Government proceeding filed or about to be filed (with any knowledge of the employer) relating to any violation of, or any act or omission the covered individual reasonably believes to be a violation of, the applicable antitrust laws.</text></subparagraph></paragraph><paragraph id="id65fbdc34a8ce4a6b9fbf5766228a160b"><enum>(2)</enum><header>Limitation on protections</header><text>Paragraph (1) shall not apply to any covered individual if—</text><subparagraph id="idbdf83f1694b34a18bd384674793964ce"><enum>(A)</enum><text>the covered individual planned and initiated a violation or attempted violation of the applicable antitrust laws;</text></subparagraph><subparagraph id="id504194a0101b40ecb1f2b6e574fcbab9"><enum>(B)</enum><text>the covered individual planned and initiated a violation or attempted violation of a criminal law in conjunction with a violation or attempted violation of the applicable antitrust laws; or</text></subparagraph><subparagraph id="idaf9d6d2738c940a78ea068c8ed661c55"><enum>(C)</enum><text>the covered individual planned and initiated an obstruction or attempted obstruction of an investigation by the Federal Government of a violation of the applicable antitrust laws.</text></subparagraph></paragraph><paragraph id="id99d3ab848ae84318a50bbdb0a3fc0ad3"><enum>(3)</enum><header>Definitions</header><text>In this section:</text><subparagraph id="idc8fb9df7f0014c0db9546fbc358e9c2e"><enum>(A)</enum><header>Applicable antitrust laws</header><text>The term <term>applicable antitrust laws</term> means section 1, 2, or 3 of the Sherman Act (<external-xref legal-doc="usc" parsable-cite="usc/15/1">15 U.S.C. 1</external-xref>, 2, and 3) or section 5 of the Federal Trade Commission Act (<external-xref legal-doc="usc" parsable-cite="usc/15/45">15 U.S.C. 45</external-xref>) to the extent that such section applies to unfair methods of competition.</text></subparagraph><subparagraph id="id064abd3ef0554f23bcee8b3650268ff7"><enum>(B)</enum><header>Covered individual</header><text>The term <term>covered individual</term> means an employee, contractor, subcontractor, or agent of an employer.</text></subparagraph><subparagraph id="id4f9f5a4228b041e4bca5d522cb3c4fe9"><enum>(C)</enum><header>Employer</header><text>The term <term>employer</term> means a person, or any officer, employee, contractor, subcontractor, or agent of such person.</text></subparagraph><subparagraph id="id430e0bdb2db24e15a79261a74e2699ff"><enum>(D)</enum><header>Federal government</header><text>The term <term>Federal Government</term> means—</text><clause id="id16515fbb64d541dab948ca5a2c5a7e68"><enum>(i)</enum><text>a Federal regulatory or law enforcement agency; or</text></clause><clause id="id56aaea7716cb47108021453af1a65bc6"><enum>(ii)</enum><text>any Member of Congress or committee of Congress.</text></clause></subparagraph><subparagraph id="id3e175ed67221450384dad9084a65e2a1"><enum>(E)</enum><header>Person</header><text>The term <term>person</term> has the same meaning as in subsection (a) of the first section of the Clayton Act (<external-xref legal-doc="usc" parsable-cite="usc/15/12">15 U.S.C. 12(a)</external-xref>).</text></subparagraph></paragraph></subsection><subsection id="id9d1b8273f86b40d88d75ef461a7efc0d"><enum>(b)</enum><header>Enforcement action</header><paragraph id="idfa7d2d2188584a26b515f70840d83bf9"><enum>(1)</enum><header>In general</header><text>A covered individual who alleges discharge or other discrimination by any employer in violation of subsection (a) may seek relief under subsection (c) by—</text><subparagraph id="id836939b26e824997893e39e1fa9be3a8"><enum>(A)</enum><text>filing a complaint with the Secretary of Labor; or</text></subparagraph><subparagraph id="id5ba331a5977e4e65857a8d961200dcb1"><enum>(B)</enum><text>if the Secretary of Labor has not issued a final decision within 180 days of the filing of the complaint and there is no showing that such delay is due to the bad faith of the claimant, bringing an action at law or equity for de novo review in the appropriate district court of the United States, which shall have jurisdiction over such an action without regard to the amount in controversy.</text></subparagraph></paragraph><paragraph id="idd31691ada16c4ff38a065ab7a1228d58"><enum>(2)</enum><header>Procedure</header><subparagraph id="id42a299d79f764f059daf67bfc1acc2fe"><enum>(A)</enum><header>In general</header><text>A complaint filed with the Secretary of Labor under paragraph (1)(A) shall be governed under the rules and procedures set forth in section 42121(b) of title 49, United States Code.</text></subparagraph><subparagraph id="id94163dcf824e46d79283abdb628602dc"><enum>(B)</enum><header>Exception</header><text>Notification made under section 42121(b)(1) of title 49, United States Code, shall be made to any individual named in the complaint and to the employer.</text></subparagraph><subparagraph id="id4553d881638a4962abd1d33f548c715f"><enum>(C)</enum><header>Burdens of proof</header><text>An action brought under paragraph (1)(B) shall be governed by the legal burdens of proof set forth in section 42121(b) of title 49, United States Code.</text></subparagraph><subparagraph id="idd7e3d22a6a404c659a97e6a948fd8b7a"><enum>(D)</enum><header>Statute of limitations</header><text>A complaint under paragraph (1)(A) shall be filed with the Secretary of Labor not later than 180 days after the date on which the violation of this section occurs.</text></subparagraph><subparagraph id="id632b94038814469097163de585d24164"><enum>(E)</enum><header>Civil actions to enforce</header><text>If a person fails to comply with an order or preliminary order issued by the Secretary of Labor pursuant to the procedures set forth in section 42121(b) of title 49, United States Code, the Secretary of Labor or the person on whose behalf the order was issued may bring a civil action to enforce the order in the district court of the United States for the judicial district in which the violation occurred.</text></subparagraph></paragraph></subsection><subsection id="idfacc90897799449d8ceb5c2579b14de9"><enum>(c)</enum><header>Remedies</header><paragraph id="id0d849ab0301f4182a120f579d30d1a5e"><enum>(1)</enum><header>In general</header><text>A covered individual prevailing in any action under subsection (b)(1) shall be entitled to all relief necessary to make the covered individual whole.</text></paragraph><paragraph id="ida436acec78b24ab89ea360a9f851191f"><enum>(2)</enum><header>Compensatory damages</header><text>Relief for any action under paragraph (1) shall include—</text><subparagraph id="idf80130313efc4bd5a6f744f90cc82b12"><enum>(A)</enum><text>reinstatement with the same seniority status that the covered individual would have had, but for the discrimination;</text></subparagraph><subparagraph id="id7add59cf894a4f28a2c9352f52924208"><enum>(B)</enum><text>the amount of back pay, with interest; and</text></subparagraph><subparagraph id="id1859f12ca4cb47d0af4f810cd28d3899"><enum>(C)</enum><text>compensation for any special damages sustained as a result of the discrimination including litigation costs, expert witness fees, and reasonable attorney’s fees.</text></subparagraph></paragraph></subsection><subsection id="id00eb475b351e45ccb8f2cc2299f79598"><enum>(d)</enum><header>Rights retained by whistleblowers</header><text>Nothing in this section shall be deemed to diminish the rights, privileges, or remedies of any covered individual under any Federal or State law, or under any collective bargaining agreement.</text></subsection></section><after-quoted-block>.</after-quoted-block></quoted-block></subsection><subsection id="id6ad0cee6e2df4906b1ac19eb978976c2"><enum>(b)</enum><header>Whistleblower reward</header><text>The Antitrust Criminal Penalty Enhancement and Reform Act of 2004 (<external-xref legal-doc="usc" parsable-cite="usc/15/1">15 U.S.C. 1</external-xref> note) is amended by inserting after section 216 the following:</text><quoted-block style="OLC" display-inline="no-display-inline" id="id77e713c68b55421a957780ff0b24a038"><section id="idaae69367539244a18b3e2a992bf023f3"><enum>217.</enum><header>Criminal antitrust whistleblower incentives</header><subsection id="ide4b9ff60425a4ed8a2356e479a2859ee"><enum>(a)</enum><header>Definitions</header><text>In this section the following definitions shall apply:</text><paragraph id="ide7e116c90ad945eeab1657e906d1e3e1"><enum>(1)</enum><header>Antitrust laws</header><text>The term <term>antitrust laws</term> means section 1 or 3 of the Sherman Act (<external-xref legal-doc="usc" parsable-cite="usc/15/1">15 U.S.C. 1</external-xref> and 3).</text></paragraph><paragraph id="id0f73ce3e0cde4b9584492ed2d4875b5c"><enum>(2)</enum><header>Covered enforcement action</header><text>The term <term>covered enforcement action</term> means any criminal action brought by the Attorney General under the antitrust laws that results in criminal fines exceeding $1,000,000.</text></paragraph><paragraph id="id8c7b089846f940959d62fbde25209474"><enum>(3)</enum><header>Original information</header><text>The term <term>original information</term> means information that—</text><subparagraph id="id5a0a5eec9b5e4b649ec894fa7a21ff5d"><enum>(A)</enum><text>is derived from the independent knowledge or analysis of a whistleblower;</text></subparagraph><subparagraph id="id1afc2c97b2b24cbe957c74244d532080"><enum>(B)</enum><text>is not known to the Attorney General or the Department of Justice from any other source, unless the whistleblower is the original source of the information; and</text></subparagraph><subparagraph id="idafdb4fb4ad6f4e3dbc393fa792ee8629"><enum>(C)</enum><text>is not exclusively derived from an allegation made in a judicial or administrative hearing, in a governmental report, hearing, audit, or investigation, or from the news media, unless the whistleblower is a source of the information.</text></subparagraph></paragraph><paragraph id="id637a5b82aa17475fa99f5d3431b49b2f"><enum>(4)</enum><header>Whistleblower</header><text>The term <term>whistleblower</term> means any individual who provides, or 2 or more individuals acting jointly who provide, information relating to a violation of the antitrust laws to the Department of Justice, in a manner established by the Department of Justice.</text></paragraph></subsection><subsection id="idef8581f547114df8bde8a7bde969cc47"><enum>(b)</enum><header>Awards</header><paragraph id="id31ed49946c3a488099ffaa6c2f270c40"><enum>(1)</enum><header>In general</header><text>In a covered enforcement action, the Attorney General, subject to subsection (c), may pay an award or awards to 1 or more whistleblowers who voluntarily provided original information to the Department of Justice that led to the successful enforcement of the covered enforcement action, in an amount equal to not more than 30 percent, in total, of what has been collected of the criminal fine imposed in the covered enforcement action under the antitrust laws.</text></paragraph><paragraph id="ida97fbdce3f444208aaa3c186296a20f1"><enum>(2)</enum><header>Payment</header><text>Any amount paid under paragraph (1) shall be paid from the criminal fine collected in the covered enforcement action.</text></paragraph></subsection><subsection id="id7a5e971ccfb34347b3e72dccb3238866"><enum>(c)</enum><header>Determination of amount of award; denial of award</header><paragraph id="id85fa33d596e843959fd4315d7f1a193c"><enum>(1)</enum><header>Determination of amount of award</header><subparagraph id="ida5670cd6aeed47c58c58387f7ceb9a51"><enum>(A)</enum><header>Discretion</header><text>The determination of the amount of an award made under subsection (b) shall be in the discretion of the Attorney General.</text></subparagraph><subparagraph id="id37011008a5d54606b12828ca7f30b8be"><enum>(B)</enum><header>Criteria</header><text>In determining the amount of an award made under subsection (b), the Attorney General shall take into consideration—</text><clause id="idd98b4db5a0b04862891c04998802e848"><enum>(i)</enum><text>the significance of the information provided by the whistleblower to the success of the covered enforcement action;</text></clause><clause id="idbf58e926a8f94996a55427887808df7e"><enum>(ii)</enum><text>the degree of assistance and cooperation provided by the whistleblower in a covered enforcement action;</text></clause><clause id="id673c1f1acee94de9b697a3ce053ffb5e"><enum>(iii)</enum><text>the interest of the Department of Justice in deterring criminal violations of the antitrust laws by making awards to whistleblowers who provide information that lead to the successful covered enforcement actions; and</text></clause><clause id="id29d35cdda4be4e6c9f75c244d97b8271"><enum>(iv)</enum><text>such additional relevant factors as the Attorney General may establish.</text></clause></subparagraph></paragraph><paragraph id="id4a4aaf143d1c455ba702c73ce3b17008"><enum>(2)</enum><header>Denial of award</header><text>No award under subsection (b) shall be made—</text><subparagraph id="id40f05f9cd3834af1957d7b4be6e7a453"><enum>(A)</enum><text>to any whistleblower who is, or was at the time the whistleblower acquired the original information submitted to the Commission, a member, officer, or employee of—</text><clause id="iddcda1c71aa1d40e7adfcdc1f8b1a8871"><enum>(i)</enum><text>any branch, agency, or instrumentality of the Federal Government; or</text></clause><clause id="idba3e85195d7c4df1a6a7a5f2daf8f6e6"><enum>(ii)</enum><text>any law enforcement organization;</text></clause></subparagraph><subparagraph id="id62c8718f9fda4d8b92d3d90665e0213d"><enum>(B)</enum><text>to any whistleblower who is convicted of a criminal violation related to the covered enforcement action for which the whistleblower otherwise could receive an award under this section;</text></subparagraph><subparagraph id="id3311eec21b2c4f7e8f837501026c8a24"><enum>(C)</enum><text>to any whistleblower who was an originator or leader of or who coerced any other party to participate in the activity giving rise to liability under the antitrust laws in the covered enforcement action for which the whistleblower otherwise could receive an award under this section;</text></subparagraph><subparagraph id="id42ebf7cb7d734540a94284c795ec6834"><enum>(D)</enum><text>to any whistleblower who fails to respond fully and truthfully to all inquiries of the Department of Justice relating to the original information or intentionally withholds information relating to the original information;</text></subparagraph><subparagraph id="id34ca75d178af4b0f960ea623b4e5478c"><enum>(E)</enum><text>to any whistleblower who commits, participates in, or attempts to commit or participate in any crimes after disclosing the original information to the Department of Justice; or</text></subparagraph><subparagraph id="id6f7463feb2874cf190474359d444a7bb"><enum>(F)</enum><text>to any whistleblower who fails to submit information to the Department of Justice in such form as the Department may require.</text></subparagraph></paragraph></subsection><subsection id="idbeece27076ae4b3199230136c149f4bf"><enum>(d)</enum><header>Representation</header><paragraph id="id594a2e977ce5435280091deac59a70ef"><enum>(1)</enum><header>Permitted representation</header><text>Any whistleblower who makes a claim for an award under subsection (b) may be represented by counsel.</text></paragraph><paragraph id="id3dfcd9d4c4ac484c9eab8c7d779a534f"><enum>(2)</enum><header>Required representation</header><text>Any whistleblower who makes a claim for an award under subsection (b) may be represented by counsel.</text><subparagraph id="id65da5d209651453f81cf4dd3b6f059ee"><enum>(A)</enum><header>In general</header><text>Any whistleblower who anonymously makes a claim for an award under subsection (b) shall be represented by counsel if the whistleblower anonymously submits the information upon which the claim is based.</text></subparagraph><subparagraph id="idf94b8969379f4bf995be59c682a4fe5f"><enum>(B)</enum><header>Disclosure of identity</header><text>Prior to the payment of an award, a whistleblower shall disclose the identity of the whistleblower and provide such other information as the Attorney General or the Department of Justice may require, directly or through counsel for the whistleblower.</text></subparagraph></paragraph></subsection><subsection id="id4b0c73619e70479c933fae46b8a9d74e"><enum>(e)</enum><header>Appeals</header><text>Any determination made under this section, including whether, to whom, or in what amount to make awards, shall be in the discretion of the Attorney General. Any such determination, except the determination of the amount of an award if the award was made in accordance with subsection (b), may be appealed to the appropriate court of appeals of the United States not more than 30 days after the determination is issued by the Attorney General. The court shall review the determination made by the Attorney General in accordance with section 706 of title 5.</text></subsection></section><after-quoted-block>.</after-quoted-block></quoted-block></subsection></section><section id="id60247de8be6a464394a064f53fc0cbe0"><enum>17.</enum><header>Prejudgment interest</header><text display-inline="no-display-inline">Section 4 of the Clayton Act (<external-xref legal-doc="usc" parsable-cite="usc/15/15">15 U.S.C. 15</external-xref>) is amended by striking subsection (a) and inserting the following:</text><quoted-block style="OLC" display-inline="no-display-inline" id="id2E51985EC6744D159BD480A7503C076A"><subsection id="id0E0C766F27764A2098D7F61567EFA5B3"><enum>(a)</enum><text>Except as provided in subsection (b), any person who shall be injured in his business or property by reason of anything forbidden in the antitrust laws may sue therefor in any district court of the United States in the district in which the defendant resides or is found or has an agent, without respect to the amount in controversy, and shall recover threefold the damages by him sustained, the cost of suit, including a reasonable attorney’s fee, and simple interest on threefold the damages by him sustained for the period beginning on the date of service of such person’s pleading setting forth a claim under the antitrust laws and ending on the date of judgment.</text></subsection><after-quoted-block>.</after-quoted-block></quoted-block></section><section id="id61a976c1a1ad47ecba01c40a070c8efe"><enum>18.</enum><header>Additional remedies; rules of construction</header><subsection id="idce7a40554e6e4a33b706a1999a469529"><enum>(a)</enum><header>Additional remedies</header><text>The rights and remedies provided under this Act are in addition to, not in lieu of, any other rights and remedies provided by Federal law, including under section 4, 4A, 15, or 16 of the Clayton Act (<external-xref legal-doc="usc" parsable-cite="usc/15/15">15 U.S.C. 15</external-xref>, 15a, 25, 26) or section 13(b) of the Federal Trade Commission Act (<external-xref legal-doc="usc" parsable-cite="usc/15/53">15 U.S.C. 53(b)</external-xref>).</text></subsection><subsection id="idcbac301a3fdc4e47b45bfde08000812f"><enum>(b)</enum><header>Rules of construction</header><text>Nothing in this Act may be construed to—</text><paragraph id="id68fe211752e24bdba95522b6202e21e4"><enum>(1)</enum><text>impair or limit the applicability of any of the antitrust laws; and</text></paragraph><paragraph id="idad43e1b481b24167a641f4038f573586"><enum>(2)</enum><text>prohibit any other remedy provided by Federal law.</text></paragraph></subsection></section></legis-body></bill> 

