<?xml version="1.0"?>
<?xml-stylesheet type="text/xsl" href="billres.xsl"?>
<!DOCTYPE bill PUBLIC "-//US Congress//DTDs/bill.dtd//EN" "bill.dtd">
<bill bill-stage="Introduced-in-Senate" dms-id="A1" public-private="public" slc-id="S1-MDM21109-DP2-6H-DKV"><metadata xmlns:dc="http://purl.org/dc/elements/1.1/">
<dublinCore>
<dc:title>117 S233 IS: Donna M. Doss Memorial Act of 2021</dc:title>
<dc:publisher>U.S. Senate</dc:publisher>
<dc:date>2021-02-04</dc:date>
<dc:format>text/xml</dc:format>
<dc:language>EN</dc:language>
<dc:rights>Pursuant to Title 17 Section 105 of the United States Code, this file is not subject to copyright protection and is in the public domain.</dc:rights>
</dublinCore>
</metadata>
<form>
<distribution-code display="yes">II</distribution-code><congress>117th CONGRESS</congress><session>1st Session</session><legis-num>S. 233</legis-num><current-chamber>IN THE SENATE OF THE UNITED STATES</current-chamber><action><action-date date="20210204">February 4, 2021</action-date><action-desc><sponsor name-id="S287">Mr. Cornyn</sponsor> (for himself, <cosponsor name-id="S403">Ms. Sinema</cosponsor>, <cosponsor name-id="S355">Mr. Cruz</cosponsor>, and <cosponsor name-id="S314">Mr. Tester</cosponsor>) introduced the following bill; which was read twice and referred to the <committee-name committee-id="SSEV00">Committee on Environment and Public Works</committee-name></action-desc></action><legis-type>A BILL</legis-type><official-title>To designate the Rocksprings Station of the U.S. Border Patrol located on West Main Street in Rocksprings, Texas, as the <quote>Donna M. Doss Border Patrol Station</quote>.</official-title></form><legis-body display-enacting-clause="yes-display-enacting-clause"><section section-type="section-one" id="S1"><enum>1.</enum><header>Short title</header><text display-inline="no-display-inline">This Act may be cited as the <quote><short-title>Donna M. Doss Memorial Act of 2021</short-title></quote>.</text></section><section id="idb76cfb24d62145478904316ce58647e4"><enum>2.</enum><header>Findings</header><text display-inline="no-display-inline">Congress finds the following:</text><paragraph id="id272bd104935b47938db0c04a93347623"><enum>(1)</enum><text>A native of the State of Washington, Agent Donna Marie Doss—</text><subparagraph id="idC66E534D25334963897D540BA0C3FA7F"><enum>(A)</enum><text>proudly and honorably served her country as an Agent of the U.S. Border Patrol for more than 15 years;</text></subparagraph><subparagraph id="id089DA2CF101A4CD8BA0F99E7FB87D553"><enum>(B)</enum><text>began her service with the U.S. Border Patrol in 2003; and </text></subparagraph><subparagraph id="id733B4D611FF64A3BB6AFDB2AD6481006"><enum>(C)</enum><text>graduated as part of the 569th Session of the Border Patrol Academy with Class 584 on June 6, 2005.</text></subparagraph></paragraph><paragraph id="id491ed8f1134e4dcd8894a288d8e9896b"><enum>(2)</enum><text>Agent Doss—</text><subparagraph id="id95D3C4C005844969BE7F841FCC573B1E"><enum>(A)</enum><text>served on a Drug Enforcement Administration Task Force on the southern border for 3 years before being assigned to the northern border;</text></subparagraph><subparagraph id="id8AE66B538CC34566A2CC02F006AC24E3"><enum>(B)</enum><text>was promoted to Supervisory Border Patrol Agent in Laredo Border Patrol Sector, where she was named an Operations Officer in 2016; and</text></subparagraph><subparagraph id="id03E8B2B1F0034300888853704BF28547"><enum>(C)</enum><text>relocated to Abilene, Texas in 2017, where she served as a Resident Agent.</text></subparagraph></paragraph><paragraph id="id0876f6e8d91c430a931199930dd20c6d"><enum>(3)</enum><text>On February 2, 2019, Agent Doss responded to a call for assistance from the Texas Department of Public Safety near Interstate 20 in Tye, Texas. While on scene, Agent Doss was struck and killed by a passing vehicle.</text></paragraph><paragraph id="idff53a10a21964f41915a3232edf00f19"><enum>(4)</enum><text>Agent Doss is survived by her husband, father, mother, 2 stepchildren, a sister and a brother.</text></paragraph></section><section id="id5b089ef3f2d64fbe99b74a9eda9dd7c8"><enum>3.</enum><header>Designation</header><text display-inline="no-display-inline">The Rocksprings station of the U.S. Border Patrol located on West Main Street in Rocksprings, Texas, shall be known and designated as the <quote>Donna M. Doss Border Patrol Station</quote>.</text></section><section id="idf4add69e1aec49b2843a0eb8309d18cc"><enum>4.</enum><header>References</header><text display-inline="no-display-inline">Any reference in a law, map, regulation, document, paper, or other record of the United States to the station described in section 3 shall be deemed to be a reference to the <quote>Donna M. Doss Border Patrol Station</quote>.</text></section></legis-body></bill> 

