<?xml version="1.0"?>
<?xml-stylesheet type="text/xsl" href="billres.xsl"?>
<!DOCTYPE bill PUBLIC "-//US Congress//DTDs/bill.dtd//EN" "bill.dtd">
<bill bill-stage="Introduced-in-Senate" dms-id="A1" public-private="public" slc-id="S1-ARM21046-NFC-WW-XH1"><metadata xmlns:dc="http://purl.org/dc/elements/1.1/">
<dublinCore>
<dc:title>117 S70 IS: National Guard Cybersecurity Support Act</dc:title>
<dc:publisher>U.S. Senate</dc:publisher>
<dc:date>2021-01-27</dc:date>
<dc:format>text/xml</dc:format>
<dc:language>EN</dc:language>
<dc:rights>Pursuant to Title 17 Section 105 of the United States Code, this file is not subject to copyright protection and is in the public domain.</dc:rights>
</dublinCore>
</metadata>
<form>
<distribution-code display="yes">II</distribution-code><congress>117th CONGRESS</congress><session>1st Session</session><legis-num>S. 70</legis-num><current-chamber>IN THE SENATE OF THE UNITED STATES</current-chamber><action><action-date date="20210127">January 27, 2021</action-date><action-desc><sponsor name-id="S388">Ms. Hassan</sponsor> (for herself and <cosponsor name-id="S287">Mr. Cornyn</cosponsor>) introduced the following bill; which was read twice and referred to the <committee-name committee-id="SSAS00">Committee on Armed Services</committee-name></action-desc></action><legis-type>A BILL</legis-type><official-title>To amend title 32, United States Code, to authorize cybersecurity operations and missions to protect critical infrastructure by members of the National Guard in connection with training or other duty. </official-title></form><legis-body><section id="id171DA5F2E694453A9CB120DB84643643" section-type="section-one"><enum>1.</enum><header>Short title</header><text display-inline="no-display-inline">This Act may be cited as the <quote><short-title>National Guard Cybersecurity Support Act</short-title></quote>.</text></section><section section-type="subsequent-section" id="id3DBAAC71E1444933942466BC3E41626D"><enum>2.</enum><header>Cybersecurity operations and missions to protect critical infrastructure by members of the National Guard in connection with training or other duty</header><text display-inline="no-display-inline">Section 502(f)(1) of title 32, United States Code, is amended by adding after the flush matter at the end the following new sentence: <quote>Such training or other duty may include cybersecurity operations or missions undertaken by the member's unit at the request of the Governor of the State concerned to protect critical infrastructure (as that term is defined in the Critical Infrastructures Protection Act of 2001 (<external-xref legal-doc="usc" parsable-cite="usc/42/5195c">42 U.S.C. 5195c</external-xref>)).</quote>.</text></section></legis-body></bill> 

