<?xml version="1.0"?>
<?xml-stylesheet type="text/xsl" href="billres.xsl"?>
<!DOCTYPE bill PUBLIC "-//US Congress//DTDs/bill.dtd//EN" "bill.dtd">
<bill bill-stage="Introduced-in-Senate" dms-id="A1" public-private="public" slc-id="S1-OTT21188-L13-71-VDK"><metadata xmlns:dc="http://purl.org/dc/elements/1.1/">
<dublinCore>
<dc:title>116 S477 IS: Hospitality and Commerce Job Recovery Act of 2021</dc:title>
<dc:publisher>U.S. Senate</dc:publisher>
<dc:date>2021-02-25</dc:date>
<dc:format>text/xml</dc:format>
<dc:language>EN</dc:language>
<dc:rights>Pursuant to Title 17 Section 105 of the United States Code, this file is not subject to copyright protection and is in the public domain.</dc:rights>
</dublinCore>
</metadata>
<form>
<distribution-code display="yes">II</distribution-code><congress>117th CONGRESS</congress><session>1st Session</session><legis-num>S. 477</legis-num><current-chamber>IN THE SENATE OF THE UNITED STATES</current-chamber><action><action-date date="20210225">February 25, 2021</action-date><action-desc><sponsor name-id="S385">Ms. Cortez Masto</sponsor> (for herself and <cosponsor name-id="S398">Mr. Cramer</cosponsor>) introduced the following bill; which was read twice and referred to the <committee-name committee-id="SSFI00">Committee on Finance</committee-name></action-desc></action><legis-type>A BILL</legis-type><official-title>To amend the Internal Revenue Code of 1986 to create a refundable tax credit for travel expenditures, and for other purposes.</official-title></form><legis-body display-enacting-clause="yes-display-enacting-clause" id="H65A2532684EB47278CB59EE7377A2547"><section section-type="section-one" id="S1"><enum>1.</enum><header>Short title</header><text display-inline="no-display-inline">This Act may be cited as the <quote><short-title>Hospitality and Commerce Job Recovery Act of 2021</short-title></quote>.</text></section><section id="id47E8A8B222344DB8BBA1CA03A8944D2D"><enum>2.</enum><header>Establishment of tax credit to support the convention and trade show industry</header><subsection id="id1F3223542DBA484C8640A9A620CFC2B8"><enum>(a)</enum><header>In general</header><text>For purposes of <external-xref legal-doc="usc" parsable-cite="usc/26/38">section 38</external-xref> of the Internal Revenue Code of 1986, the convention and trade show restart credit shall be treated as a credit listed at the end of subsection (b) of such section. For purposes of this section, the convention and trade show restart credit for any taxable year is an amount equal to the sum of—</text><paragraph id="id4C3BA3F747B8476981C06F8E7B30B57E"><enum>(1)</enum><text>50 percent of the qualified participation costs paid or incurred by a taxpayer during such taxable year, and</text></paragraph><paragraph id="id72B56B19B56D45A296B2236EFB0A1323"><enum>(2)</enum><text>in the case of an eligible provider, 100 percent of the qualified restart costs paid or incurred by such provider during such taxable year.</text></paragraph></subsection><subsection id="idBC1B3F26707A47558E907CC3F40BA3FA"><enum>(b)</enum><header>Qualified participation costs</header><text>For purposes of this section, the term <term>qualified participation costs</term> means any costs or expenses paid or incurred by the taxpayer after December 31, 2020, for any employee or officer of the taxpayer to attend or participate in a qualified event, including registration fees, lodging, and costs with respect to carrying out an exhibition relating to the taxpayer. Such term shall not include any costs which are not necessary for the attendance or participation of such employee or officer at such event.</text></subsection><subsection id="id54D66DB445A54DDC9FB20C1EC35D08A4"><enum>(c)</enum><header>Eligible provider; qualified restart costs</header><text>In this section—</text><paragraph id="idEA2602D385CA4014BD380985CDC9E13F"><enum>(1)</enum><header>Eligible provider</header><text>The term <term>eligible provider</term> means any person which—</text><subparagraph id="id802A40E9621341C39638C2A99D344672"><enum>(A)</enum><text>provides facilities at which a qualified event may be held, or</text></subparagraph><subparagraph id="id073759C1769E47558DBBF2E08E11F330"><enum>(B)</enum><text>sponsors, operates, or is otherwise responsible for the administration of a qualified event.</text></subparagraph></paragraph><paragraph id="id335122DD53BE4A86AD01156225A19E26"><enum>(2)</enum><header>Qualified restart costs</header><text>The term <term>qualified restart costs</term> means any costs paid or incurred by an eligible provider after December 31, 2020, in reopening after such date a facility described in paragraph (1)(A) which was closed or forced to reduce services due to the virus SARS–CoV–2 or coronavirus disease 2019 (referred to in this section as <quote>COVID–19</quote>), including—</text><subparagraph id="idD1B127765B554A15814781C423A7446A"><enum>(A)</enum><text>any renovation, remediation, personal protective equipment, cleaning, or additional labor and rental costs related to preventing individuals present in such facility from contracting COVID–19, and</text></subparagraph><subparagraph id="idF713B9E11D1742BC81503C50FE8173F4"><enum>(B)</enum><text>any testing of employees of the taxpayer or guests of such facility for symptoms of COVID–19.</text></subparagraph></paragraph></subsection><subsection id="id15B829705FF94FA3B695FB0CB59E6C19"><enum>(d)</enum><header>Qualified event</header><paragraph id="idF11E0555F8994F46A6B8D3F733775B9A"><enum>(1)</enum><header>In general</header><text>In this section, the term <term>qualified event</term> means—</text><subparagraph id="id081739AA8D1A4D4591D015E6F1232858"><enum>(A)</enum><text>a convention, seminar, or similar meeting (as such terms are used in <external-xref legal-doc="usc" parsable-cite="usc/26/274">section 274</external-xref> of the Internal Revenue Code of 1986),</text></subparagraph><subparagraph id="idE05A06601ED046718418D9F4D5063929"><enum>(B)</enum><text>a business meeting (as such term is used in such section), or</text></subparagraph><subparagraph id="id4C8489B46CDA44208D70B9D39660EF0E"><enum>(C)</enum><text>a trade show,</text></subparagraph><continuation-text continuation-text-level="paragraph">which takes place after December 31, 2021.</continuation-text></paragraph><paragraph id="idBE35AF6B2B434FCBB5B67C503617A3E6"><enum>(2)</enum><header>Trade show</header><text>For purposes of this subsection, the term <term>trade show</term> means any exhibition at which different businesses within a particular industry promote their products and services.</text></paragraph></subsection><subsection commented="no" id="id24E6A5C4E72A49679E2266C48C93F5A1"><enum>(e)</enum><header>Denial of double benefit</header><text>No deduction shall be allowed under any provision of <external-xref legal-doc="usc-chapter" parsable-cite="usc-chapter/26/1">chapter 1</external-xref> of the Internal Revenue Code of 1986 with respect to any amount taken in account in determining the credit allowed to a taxpayer under this section.</text></subsection><subsection id="id3FBE097E711F43DC865D9EAEF7A90E79"><enum>(f)</enum><header>Location requirement</header><text>No credit shall be allowed under this section with respect to any qualified event unless such event is held within the United States (including any territory or possession of the United States).</text></subsection><subsection id="id02108f422fd547949b22378f8cf5379c"><enum>(g)</enum><header>Payroll credit for nonprofit employers</header><paragraph id="id0ed9f83268cc4f0aa47fcd437943e0ac"><enum>(1)</enum><header>In general</header><text>In the case of an organization which is described in <external-xref legal-doc="usc" parsable-cite="usc/26/501">section 501(c)</external-xref> of the Internal Revenue Code of 1986 and exempt from tax under section 501(a) of such Code, the credit determined under this section shall be allowed as a credit against applicable employment taxes paid by such organization for calendar quarters in the taxable year, and not treated as a credit listed at the end of section 38(b) of such Code. </text></paragraph><paragraph id="ide1fee161f9a742908744c37d396a2ddf"><enum>(2)</enum><header>Limitations and refundability</header><subparagraph id="id4028c7bd55af44cb8c91429a6436e54f"><enum>(A)</enum><header>Credit limited to employment taxes</header><text>The credit allowed by paragraph (1) with respect to calendar quarters in any taxable year shall not exceed the applicable employment taxes (reduced by any credits allowed under subsections (e) and (f) of <external-xref legal-doc="usc" parsable-cite="usc/26/3111">section 3111</external-xref> of the Internal Revenue Code of 1986 and sections 7001 and 7003 of the Families First Coronavirus Response Act) on the wages paid with respect to the employment of all the employees of the organization for such taxable year.</text></subparagraph><subparagraph id="id433f442c87ae4f6888ca1d6f16cf573a"><enum>(B)</enum><header>Refundability of excess credit</header><clause id="id80f59b1bddd74a8bb8d4c031a13ef31a"><enum>(i)</enum><header>In general</header><text>If the amount of the credit under paragraph (1) exceeds the limitation of subparagraph (A) for any calendar quarter, such excess shall be treated as an overpayment that shall be refunded under sections 6402(a) and 6413(b) of the Internal Revenue Code of 1986.</text></clause><clause id="id858b33d8ead247f2a83c5c5c6aa6edf5"><enum>(ii)</enum><header>Treatment of payments</header><text>For purposes of section 1324 of title 31, United States Code, any amounts due to the employer under this paragraph shall be treated in the same manner as a refund due from a credit provision referred to in subsection (b)(2) of such section.</text></clause></subparagraph></paragraph><paragraph id="idd6fd6d50ee5d4484a04a7b19b87abd40"><enum>(3)</enum><header>Applicable employment taxes</header><text>For purposes of this subsection, the term <term>applicable employment taxes</term> means the following:</text><subparagraph id="id6a90a73a5974457d8c1cadd5c8113a3d"><enum>(A)</enum><text>The taxes imposed under <external-xref legal-doc="usc" parsable-cite="usc/26/3111">section 3111(a)</external-xref> of the Internal Revenue Code of 1986.</text></subparagraph><subparagraph id="id70f5437f3dc54cb6abaed5431bac44d4"><enum>(B)</enum><text>So much of the taxes imposed under section 3221(a) of such Code as are attributable to the rate in effect under section 3111(a) of such Code. </text></subparagraph></paragraph></subsection><subsection id="idD48FAD158183402893A0D5A1BDF9A54D"><enum>(h)</enum><header>Regulations and guidance</header><text>The Secretary of the Treasury (or the Secretary's delegate) may prescribe such regulations and other guidance as may be appropriate or necessary to carry out the purposes of this section.</text></subsection><subsection commented="no" display-inline="no-display-inline" id="idC710041592A04756A60335C13C9DC3C9"><enum>(i)</enum><header>Termination</header><text>This section shall not apply to any costs paid or incurred in taxable years beginning after December 31, 2024. </text></subsection></section><section id="idE289D5B650B64A46835061F37188D31F"><enum>3.</enum><header>Extension of employee retention tax credit</header><subsection id="id29a37d8b2bf646439f1140891e8a7f06"><enum>(a)</enum><header>In general</header><text>Section 2301(m) of the CARES Act (<external-xref legal-doc="public-law" parsable-cite="pl/116/136">Public Law 116–136</external-xref>) is amended by striking <quote>July 1, 2021</quote> and inserting <quote>January 1, 2022</quote>.</text></subsection><subsection id="idd608dfc689ac44e29338cd1ab2d1fafc"><enum>(b)</enum><header>Effective date</header><text>The amendments made by this section shall apply to calendar quarters beginning after June 30, 2021.</text></subsection></section><section id="id9C4C9535BEB643999494AAB216518D3A"><enum>4.</enum><header>Suspension of limitation on entertainment, etc. expenses related to trade or business</header><subsection id="idC7D939AAD8234CEAA549402A6B823D4E"><enum>(a)</enum><header>In general</header><text><external-xref legal-doc="usc" parsable-cite="usc/26/274">Section 274</external-xref> of the Internal Revenue Code of 1986 is amended by adding at the end the following new subsection:</text><quoted-block style="OLC" display-inline="no-display-inline" id="idA91336AF9EF74D1F90F0BE66A088271C"><subsection id="id2367E3CFEC3E408584F982DD7B19F7D7"><enum>(q)</enum><header>Special rules for taxable years 2021 through 2022</header><text>In the case of a taxable year beginning after December 31, 2020, and before January 1, 2023—</text><paragraph id="idF18EBA766651434F97549FD34C82EA63"><enum>(1)</enum><text>subsection (a)(1)(A) shall not apply to any expense if the taxpayer establishes that the item was directly related to, or, in the case of an item directly preceding or following a substantial and bona fide business discussion (including business meetings at a convention or otherwise), that such item was associated with, the active conduct of the taxpayer's trade or business, except that the deduction under this section with respect to any such expense shall in no event exceed the portion of such expense with respect to which the taxpayer so establishes,</text></paragraph><paragraph id="idC6C94D79DDFB4A189E708D35649759D7"><enum>(2)</enum><text>in the case of a club, subsection (a)(1)(B) shall not apply if the taxpayer establishes that the facility was used primarily for the furtherance of the taxpayer's trade or business and that the item was directly related to the active conduct of such trade or business,</text></paragraph><paragraph id="idE582390A9AFE4F2D80809FEB38A80DE6"><enum>(3)</enum><text>no deduction or credit shall be allowed for any item (not including any qualified nonpersonal use vehicle (as defined in subsection (i)) with respect to an activity which is of a type generally considered to constitute entertainment, amusement, or recreation, or with respect to a facility used in connection with such an activity, unless the taxpayer substantiates by adequate records or by sufficient evidence corroborating the taxpayer's own statement—</text><subparagraph id="id267E14F92E58468FA0CE46F5F8DF0295"><enum>(A)</enum><text>the amount of such expense or other item,</text></subparagraph><subparagraph id="id817060F9D05F4C93964FF167ADB17444"><enum>(B)</enum><text>the time and place of the entertainment, amusement, recreation, or use of the facility or property,</text></subparagraph><subparagraph id="id0BCCFFCA30E1474697C09D295FE4E9BA"><enum>(C)</enum><text>the business purpose of the expense or other item, and</text></subparagraph><subparagraph id="id04354CDAC58A4DF8AE1242D475F1E0D3"><enum>(D)</enum><text>the business relationship to the taxpayer of the persons entertained or using the facility or property,</text></subparagraph><continuation-text continuation-text-level="paragraph">except as the Secretary may by regulations provide in the case of an expense which does not exceed an amount prescribed pursuant to such regulations,</continuation-text></paragraph><paragraph id="id543AD7D7E3244C89AEC49E9D966FF662"><enum>(4)</enum><text>in determining the amount allowable as a deduction under this chapter for any ticket for any activity or facility described in paragraph (3), the amount taken into account shall not exceed the face value of such ticket, except that—</text><subparagraph id="id2b7587e4b6574a51813a15d7457a2210"><enum>(A)</enum><text>this paragraph shall not apply to any ticket for any sports event—</text><clause id="idc0dd7acf870844f9be19addcc6302d02"><enum>(i)</enum><text>which is organized for the primary purpose of benefiting an organization which is described in section 501(c)(3) and exempt from tax under section 501(a),</text></clause><clause id="iddb3d963cd67c48bea43f8fdcb0a84694"><enum>(ii)</enum><text>all of the net proceeds of which are contributed to such organization, and</text></clause><clause id="id036bcfff23d84356a32f29196f8ceaf0"><enum>(iii)</enum><text>which utilizes volunteers for substantially all of the work performed in carrying out such event, and</text></clause></subparagraph><subparagraph id="id99302abc8f6748788ba545e22422e84f"><enum>(B)</enum><text>in the case of a skybox or other private luxury box leased for more than 1 event, the amount allowable as a deduction under this chapter with respect to such events shall not exceed the sum of the face value of non-luxury box seat tickets for the seats in such box covered by the lease (determined by treating 2 or more related leases as 1 lease),</text></subparagraph></paragraph><paragraph id="id2703e00b9fe1480e976f55dcfa29e370"><enum>(5)</enum><text>the amount allowable as a deduction under this chapter for any item with respect to an activity which is of a type generally considered to constitute entertainment, amusement, or recreation, or with respect to a facility used in connection with such activity, shall not exceed 50 percent of the amount of such expense or item which would (but for this paragraph) be allowable as a deduction under this chapter, and</text></paragraph><paragraph id="id975238B5CA764EDFB406AEB637DED396"><enum>(6)</enum><text>paragraph (5) shall not apply to any expense if—</text><subparagraph id="id57c9c620f5aa4ea1813acf00c6b82904"><enum>(A)</enum><text>such expense is described in paragraph (2), (3), (4), (7), (8), or (9) of subsection (e),</text></subparagraph><subparagraph id="ide029bdaf6cbf4ae7b60045709139c55d"><enum>(B)</enum><text>such expense is excludable from the gross income of the recipient under section 132 by reason of subsection (e) thereof (relating to de minimis fringes), or</text></subparagraph><subparagraph id="idecfdb55445cb4b5893065ca623b8a86d"><enum>(C)</enum><text>such expense is covered by a package involving a ticket described in paragraph (4)(A).</text></subparagraph></paragraph></subsection><after-quoted-block>.</after-quoted-block></quoted-block></subsection><subsection id="idACF083E4F1C749FC86D8A099C22FE0EA"><enum>(b)</enum><header>Effective date</header><text>The amendment made by this section shall apply to taxable years beginning after December 31, 2020.</text></subsection></section><section id="id9983AE34D07A4A38B7308CD9FD196961"><enum>5.</enum><header>Establishment of tax credit to support the restaurant industry</header><subsection id="id3AE331820DF640E190D85FDD033074C7"><enum>(a)</enum><header>In general</header><text>For purposes of <external-xref legal-doc="usc" parsable-cite="usc/26/38">section 38</external-xref> of the Internal Revenue Code of 1986, in the case of an eligible taxpayer, the restaurant and dining restart credit shall be treated as a credit listed at the end of subsection (b) of such section. For purposes of this section, the restaurant and dining restart credit for any taxable year is an amount equal to the qualified restart costs paid or incurred by the eligible taxpayer during the taxable year.</text></subsection><subsection id="id8160EC774B164DEDA75794594B4A4053"><enum>(b)</enum><header>Eligible taxpayer</header><text>For purposes of this section, the term <term>eligible taxpayer</term> means a taxpayer—</text><paragraph id="idE187D9BC63184915AA586698B7DF1E8C"><enum>(1)</enum><text>which owns a trade or business devoted to preparation of food and beverages for on-premises consumption or carry out (not including a trade or business which sells items other than prepared food and beverages), or</text></paragraph><paragraph id="id7BB14B24F9FB421CBBEDF7151B38DC29"><enum>(2)</enum><text>which owns property on which such a trade or business operates, if more than 50 percent of the square footage of such property is devoted to preparation of, and seating for on-premises consumption of, prepared meals.</text></paragraph></subsection><subsection id="id505140E123194DE4AF54C1C9D7CA339A"><enum>(c)</enum><header>Qualified restart costs</header><text>For purposes of this section, the term <term>qualified restart costs</term> means any costs paid or incurred by an eligible taxpayer on or after the date of the enactment of this Act in reopening a trade or business or property described in subsection (b), or increasing meal and beverage services provided by such trade or business or at such property, which was closed or forced to reduce services due to the virus SARS–CoV–2 or coronavirus disease 2019 (referred to in this section as <quote>COVID–19</quote>), including—</text><paragraph id="idFE1F8541583147298FD7E1B674820094"><enum>(1)</enum><text>any renovation, remediation, or additional labor and rental costs related to preventing individuals present at such trade or business or on such property from contracting COVID–19, and</text></paragraph><paragraph id="idDC37126C416948748623AA7ACA60AAA6"><enum>(2)</enum><text>any testing of employees of the eligible taxpayer or guests of such trade or business or such property for symptoms of COVID–19.</text></paragraph><continuation-text continuation-text-level="subsection">For purposes of the preceding sentence, a trade or business shall be treated as having reduced services if such trade or business reduced hours of operation, number of employees or employee hours, or capacity of seating areas, closed seating areas, or took any other measures which reduced services provided or operations of the trade or business as determined by the Secretary of the Treasury.</continuation-text></subsection><subsection commented="no" id="idDB16B9BF284E4932AB9FC266893E1C3A"><enum>(d)</enum><header>Denial of double benefit</header><text>No deduction shall be allowed under any provision of <external-xref legal-doc="usc-chapter" parsable-cite="usc-chapter/26/1">chapter 1</external-xref> of the Internal Revenue Code of 1986 with respect to any amount taken in account in determining the credit allowed to a taxpayer under this section.</text></subsection><subsection id="id6E505377A7264687AC02768E9A1DFE56"><enum>(e)</enum><header>Regulations and guidance</header><text>The Secretary of the Treasury (or the Secretary's delegate) may prescribe such regulations and other guidance as may be appropriate or necessary to carry out the purposes of this section.</text></subsection><subsection commented="no" display-inline="no-display-inline" id="idDF373E993ECB45F8BED3F5B426302BBE"><enum>(f)</enum><header>Termination</header><text>This section shall not apply to any costs paid or incurred in taxable years beginning after December 31, 2022. </text></subsection></section><section id="id5F0AEC20000D424293A5921261466629"><enum>6.</enum><header>Credit for travel expenditures</header><subsection id="id18DCE878765D4C049369DABA19239982"><enum>(a)</enum><header>In general</header><text>Subpart C of part IV of subchapter A of <external-xref legal-doc="usc-chapter" parsable-cite="usc-chapter/26/1">chapter 1</external-xref> of the Internal Revenue Code of 1986 is amended by inserting after section 36 the following new section:</text><quoted-block style="OLC" display-inline="no-display-inline" id="idCFED226658BD49709D0F60DFB153EB9E"><section id="idD147C2900CE944F29E688CD110922CBF"><enum>36A.</enum><header>Credit for travel expenditures</header><subsection id="id862e8838a73b4886a98c063cce8a8569"><enum>(a)</enum><header>Allowance of credit</header><text>In the case of an individual who pays or incurs any qualified travel expenses during a taxable year, there shall be allowed as a credit against the tax imposed by this subtitle for such taxable year an amount equal to 50 percent of such expenses.</text></subsection><subsection id="id443d5c10fec14bfea687b20d33058498"><enum>(b)</enum><header>Limitations</header><paragraph id="id1DC4C7C232E14935A6490EC4C0388F9E"><enum>(1)</enum><header>Dollar limitation</header><text>The credit allowed under subsection (a) for any taxable year shall not exceed the sum of—</text><subparagraph id="id5B3B763179DE44C1A80A8D2790D03BDA"><enum>(A)</enum><text>$1,500 ($750 in the case of a married individual filing a separate return), plus</text></subparagraph><subparagraph id="idF2F168EB61F549F696A48056796AEC71"><enum>(B)</enum><text>$500 for each qualifying child (as defined in section 152(c)) of the individual, but not to exceed $1,500.</text></subparagraph></paragraph><paragraph id="id06B69DB1D4304CC39A513C15D7C93E73"><enum>(2)</enum><header>Limitation based on adjusted gross income</header><subparagraph id="id15BFBD1EF73142FAB763EBF4B243D1A0"><enum>(A)</enum><header>In general</header><text>The amount allowable as a credit under subsection (a) (after the application of paragraph (1) and determined without regard to this paragraph) for the taxable year shall be reduced (but not below zero) by $2 for every $50 by which the taxpayer’s modified adjusted gross income for such taxable year exceeds $75,000 ($150,000 in the case of a joint return).</text></subparagraph><subparagraph id="id6fd9795651fd4c8c8e82c60390e4c367"><enum>(B)</enum><header>Modified adjusted gross income</header><text>The term <term>modified adjusted gross income</term> means the adjusted gross income of the taxpayer for the taxable year increased by any amount excluded from gross income under section 911, 931, or 933. </text></subparagraph></paragraph></subsection><subsection id="idE218DCAA1C4C4AB58AA4B9100063AD9C"><enum>(c)</enum><header>Qualified travel expense</header><text>For purposes of this section—</text><paragraph id="id366763980B3943D1A1FF0CA9B80260CB"><enum>(1)</enum><header>In general</header><text>The term <term>qualified travel expense</term> means any amount paid or incurred for travel within the United States which is at least 50 miles from the individual's home and includes an overnight stay, including amounts paid or incurred for food and beverages, lodging, recreation, transportation, amusement or entertainment, including live entertainment and sporting events, and gasoline.</text></paragraph><paragraph id="id2560D9A1B1FD43B591866DD40D0557EA"><enum>(2)</enum><header>Minimum amount</header><text>Any expense (determined by treating all items on a single receipt as 1 expense) which is less than $25 shall not be taken into account under paragraph (1).</text></paragraph><paragraph id="idFDDF07681E6346D4956375A41535ED16"><enum>(3)</enum><header>United States</header><text>The term <term>United States</term> includes the territories and possessions of the United States.</text></paragraph><paragraph id="idBF617CAA9D904348977D7828DC809A8B"><enum>(4)</enum><header>Exception</header><text>For purposes of paragraph (1), amounts paid with respect to a residence or other lodging owned by the individual shall not be treated as qualified travel expenses.</text></paragraph></subsection><subsection id="idFC47C28B304F4AFBA8EB915BF14FF680"><enum>(d)</enum><header>Election To carry credit to preceding year</header><text>At the election of the taxpayer, any credit allowable under this section for a taxable year may be carried back (in its entirety) to the preceding taxable year and treated as a credit allowed under this subpart for such year.</text></subsection><subsection id="ide89d79a294924e70b03525c285be438f"><enum>(e)</enum><header>Restrictions</header><text>No credit shall be allowed to an individual under subsection (a) with respect to a qualified travel expense if—</text><paragraph id="id8f5b0aa8d4eb4ff5a91bd110efe6210a"><enum>(1)</enum><text>the individual receives a refund or reimbursement from any person for the expense,</text></paragraph><paragraph id="id982048218304436fb186a8e3ff58b33f"><enum>(2)</enum><text>a deduction is allowed under section 162 with respect to the expense,</text></paragraph><paragraph id="id58B220AA56294561A952A1C0FE1D8993"><enum>(3)</enum><text>a deduction under section 151 with respect to individual is allowable to another taxpayer for such taxable year, or</text></paragraph><paragraph id="idd2fcce72ecef4b2f8b36a282d96aa15c"><enum>(4)</enum><text>the individual does not attach sufficient evidence of the expense, as prescribed by the Secretary, to the return of tax for such taxable year.</text></paragraph></subsection><subsection id="id9E263F6132FD4B45A9A7CA5591A476E9"><enum>(f)</enum><header>Termination</header><text>This section shall not apply to any qualified travel expenses paid or incurred after December 31, 2023.</text></subsection></section><after-quoted-block>.</after-quoted-block></quoted-block></subsection><subsection id="idA43E6AD45A194AC9830436274DBAA587"><enum>(b)</enum><header>Clerical amendment</header><text>The table of sections for subpart C of part IV of subchapter A of <external-xref legal-doc="usc-chapter" parsable-cite="usc-chapter/26/1">chapter 1</external-xref> of the Internal Revenue Code of 1986 is amended by inserting after the item relating to section 36 the following new item:</text></subsection><subsection id="id678E3BF5A18F48119903DD14C9D88606"><enum>(c)</enum><header>Conforming amendment</header><text><external-xref legal-doc="usc" parsable-cite="usc/26/6211">Section 6211(b)(4)(A)</external-xref> of the Internal Revenue Code of 1986 is amended by inserting <quote>, 36A</quote> after <quote>36</quote>.</text></subsection><subsection commented="no" display-inline="no-display-inline" id="id5CE3CD3D68894C42840E90BB760DB77F"><enum>(d)</enum><header>Effective date</header><text>The amendments made by this section shall apply to amounts paid or incurred after December 31, 2020. </text></subsection></section><section section-type="subsequent-section" id="id4E6D6A804B13406F92C6C9FE83DFAB07"><enum>7.</enum><header>Establishment of temporary tax credit for unmerchantable inventory</header><subsection id="id36BBDC2598444D34BB1EC56568040197"><enum>(a)</enum><header>In general</header><text>For purposes of <external-xref legal-doc="usc" parsable-cite="usc/26/38">section 38</external-xref> of the Internal Revenue Code of 1986, in the case of an eligible taxpayer, the unmerchantable inventory credit shall be treated as a credit listed at the end of subsection (b) of such section. For purposes of this subsection, the unmerchantable inventory credit for any taxable year beginning after December 31, 2019, and ending before April 1, 2021, shall be equal to 90 percent of the qualified unmerchantable inventory costs incurred by the eligible taxpayer during such taxable year.</text></subsection><subsection id="idCF8CAF7C26E14A76BFF8B3BF872941FE"><enum>(b)</enum><header>Eligible taxpayer</header><text>For purposes of this section, the term <term>eligible taxpayer</term> means any taxpayer which—</text><paragraph id="id7760446BA0D8424E90DFC9492405F9BE"><enum>(1)</enum><text>on March 13, 2020, was engaged in an active trade or business of selling food or beverage inventory as a manufacturer, importer, wholesale distributor, or retailer, and</text></paragraph><paragraph id="idDBFB270E45784B10B0FB0388CC227FB5"><enum>(2)</enum><text>with respect to such trade or business—</text><subparagraph id="idC5257CAF66A24E0CBA61BED2D321FA2E"><enum>(A)</enum><text>on or after March 13, 2020, held qualified unmerchantable inventory, or</text></subparagraph><subparagraph id="id7D824B68360B42D0842971DA5831ECB8"><enum>(B)</enum><text>incurred costs described in subsection (c)(1)(A)(i).</text></subparagraph></paragraph></subsection><subsection id="idB681BE52CB1E4E65833980CC64D93536"><enum>(c)</enum><header>Qualified unmerchantable inventory costs</header><paragraph id="id12480E34134740FFABC0712AAF3DE888"><enum>(1)</enum><header>In general</header><text>For purposes of this section, the qualified unmerchantable inventory costs incurred by an eligible taxpayer during any taxable year shall be equal to—</text><subparagraph id="idB92F1FF2A51346519C88A6FED15ADB0A"><enum>(A)</enum><text>an amount equal to the sum of—</text><clause id="id95C89ED933324DB1B6E5DA24E1D54583"><enum>(i)</enum><text>any costs described in <external-xref legal-doc="usc" parsable-cite="usc/26/263A">section 263A(a)(2)</external-xref> of the Internal Revenue Code of 1986 with respect to the purchase or acquisition of any qualified unmerchantable inventory during such taxable year,</text></clause><clause id="id38C819FE0A3E4D36A559287A67248FED"><enum>(ii)</enum><text>any costs relating to disposal or destruction of any qualified un­mer­chant­able inventory during such taxable year, and</text></clause><clause id="idAC42AB74B68B4A11AFB8A962EE78FB13"><enum>(iii)</enum><text>any amount paid or credited by such eligible taxpayer during such taxable year to any other person for purposes of apportioning or sharing costs relating to products which, in the hands of such eligible taxpayer, would be deemed to be qualified unmerchantable inventory, minus</text></clause></subparagraph><subparagraph id="id59C79C7A4AB7450B9F44551D88A47256"><enum>(B)</enum><text>an amount equal to the sum of—</text><clause id="id1C0C95A0B55045049340D036D5BEACAF"><enum>(i)</enum><text>any amount received by such eligible taxpayer during such taxable year from any other person for purposes of apportioning or sharing costs with respect to qualified unmerchantable inventory,</text></clause><clause id="idC39C8213362B410ABF9C5D27928A2359"><enum>(ii)</enum><text>any amounts compensated by insurance for any loss sustained by such eligible taxpayer during such taxable year with respect to qualified unmerchantable inventory, and</text></clause><clause id="idE29886CEAB844A5AACB1EC6B538D7CC4"><enum>(iii)</enum><text>any amounts received under the Coronavirus Food Assistance Program under part 9 of title 7, Code of Federal Regulations (or successor regulations).</text></clause></subparagraph></paragraph><paragraph id="id88E518D6607D48358505E017348C9581"><enum>(2)</enum><header>Direct costs for manufacturers</header><text>In the case of a manufacturer, the costs described in paragraph (1)(A)(i) shall include any transportation costs which would not otherwise have been capitalized pursuant to <external-xref legal-doc="usc" parsable-cite="usc/26/263A">section 263A</external-xref> of the Internal Revenue Code of 1986.</text></paragraph></subsection><subsection id="idE2AFEE4A9A314B83B89047EA29D46244"><enum>(d)</enum><header>Qualified unmerchantable inventory</header><paragraph id="id6F954EA4C649497CAB4EC4F4B9D90336"><enum>(1)</enum><header>In general</header><text>For purposes of this section, the term <term>qualified unmerchantable inventory</term> means any food or beverage inventory which—</text><subparagraph id="idED23677F6515408EB6674F479D13D1CC"><enum>(A)</enum><text>was manufactured or acquired by the eligible taxpayer, and</text></subparagraph><subparagraph id="id4DCE1F811F6B4F7588D13EE304AABCD2"><enum>(B)</enum><text>became unmerchantable during the period beginning on March 13, 2020, and ending on September 30, 2020.</text></subparagraph></paragraph><paragraph id="idBE6F6D0361544F239DB53E1F8F5AE806"><enum>(2)</enum><header>Unmerchantable</header><text>For purposes of this subsection, the term <term>unmerchantable</term> shall include any food or beverage products which cannot be sold due to—</text><subparagraph id="id485D69C0F0384764A82CE2C19BB6EABA"><enum>(A)</enum><text>spoilage, </text></subparagraph><subparagraph id="id188004EBD6DE43C699F12D5DB2785354"><enum>(B)</enum><text>expiration pursuant to the manufacturer code date or applicable industry freshness standards, or</text></subparagraph><subparagraph id="id993313BECD1D425AA4FC2761991676EF"><enum>(C)</enum><text>a change or limitation in market conditions resulting in the lack of a customary and reasonable market for such products.</text></subparagraph></paragraph></subsection><subsection id="id3119196926AE4383ACB3B2DA812BC789" commented="no"><enum>(e)</enum><header>Election To have credit not apply</header><paragraph commented="no" id="idA8233308FA5C418597A6F063ACB6B10A"><enum>(1)</enum><header>In general</header><text>A taxpayer may elect to have this section not apply for any taxable year.</text></paragraph><paragraph commented="no" id="idB1366366E66A4343A49105A58A90BA47"><enum>(2)</enum><header>Time for making election</header><text>An election under paragraph (1) for any taxable year may be made (or revoked) at any time before the expiration of the 3-year period beginning on the last date prescribed by law for filing the return for such taxable year (determined without regard to extensions).</text></paragraph><paragraph commented="no" id="id595CBE9855A34708910FA2DB91B4AA1B"><enum>(3)</enum><header>Manner of making election</header><text>An election under paragraph (1) (or revocation thereof) shall be made in such manner as the Secretary of the Treasury, or the Secretary's delegate, may by regulations prescribe.</text></paragraph></subsection><subsection id="id6E3DA0AF4700418498218E5105617178" commented="no" display-inline="no-display-inline"><enum>(f)</enum><header>Denial of double benefit</header><text>No deduction shall be allowed under any provision of <external-xref legal-doc="usc-chapter" parsable-cite="usc-chapter/26/1">chapter 1</external-xref> of the Internal Revenue Code of 1986 with respect to any amount taken in account in determining the credit allowed to a taxpayer under this section. </text></subsection></section></legis-body></bill> 

