<?xml version="1.0"?>
<?xml-stylesheet type="text/xsl" href="billres.xsl"?>
<!DOCTYPE bill PUBLIC "-//US Congress//DTDs/bill.dtd//EN" "bill.dtd">
<bill bill-stage="Introduced-in-Senate" dms-id="A1" public-private="public" slc-id="S1-AEG21055-MMP-JY-KL6">
<metadata xmlns:dc="http://purl.org/dc/elements/1.1/">
<dublinCore>
<dc:title>117 S72 IS: Keep Our Promise to America’s Children and Teachers Act</dc:title>
<dc:publisher>U.S. Senate</dc:publisher>
<dc:date>2021-01-27</dc:date>
<dc:format>text/xml</dc:format>
<dc:language>EN</dc:language>
<dc:rights>Pursuant to Title 17 Section 105 of the United States Code, this file is not subject to copyright protection and is in the public domain.</dc:rights>
</dublinCore>
</metadata>
<form>
<distribution-code display="yes">II</distribution-code>
<congress>117th CONGRESS</congress><session>1st Session</session>
<legis-num>S. 72</legis-num>
<current-chamber>IN THE SENATE OF THE UNITED STATES</current-chamber>
<action>
<action-date date="20210127">January 27, 2021</action-date>
<action-desc><sponsor name-id="S390">Mr. Van Hollen</sponsor> (for himself, <cosponsor name-id="S322">Mr. Merkley</cosponsor>, <cosponsor name-id="S259">Mr. Reed</cosponsor>, <cosponsor name-id="S369">Mr. Markey</cosponsor>, <cosponsor name-id="S308">Mr. Cardin</cosponsor>, <cosponsor name-id="S394">Ms. Smith</cosponsor>, <cosponsor name-id="S341">Mr. Blumenthal</cosponsor>, <cosponsor name-id="S307">Mr. Brown</cosponsor>, <cosponsor name-id="S253">Mr. Durbin</cosponsor>, <cosponsor name-id="S370">Mr. Booker</cosponsor>, <cosponsor name-id="S364">Mr. Murphy</cosponsor>, <cosponsor name-id="S311">Ms. Klobuchar</cosponsor>, <cosponsor name-id="S409">Mr. Luján</cosponsor>, <cosponsor name-id="S314">Mr. Tester</cosponsor>, <cosponsor name-id="S366">Ms. Warren</cosponsor>, <cosponsor name-id="S354">Ms. Baldwin</cosponsor>, <cosponsor name-id="S402">Ms. Rosen</cosponsor>, <cosponsor name-id="S331">Mrs. Gillibrand</cosponsor>, and <cosponsor name-id="S386">Ms. Duckworth</cosponsor>) introduced the following bill; which was read twice and referred to the <committee-name committee-id="SSHR00">Committee on Health, Education, Labor, and Pensions</committee-name></action-desc>
</action>
<legis-type>A BILL</legis-type>
<official-title>To require full funding of part A of title I of the Elementary and Secondary Education Act of 1965 and the Individuals with Disabilities Education Act.</official-title>
</form>
<legis-body display-enacting-clause="yes-display-enacting-clause" id="HADF81F47FC9B4A599884AC07ED683C2B">
<section section-type="section-one" id="S1"><enum>1.</enum><header>Short title</header><text display-inline="no-display-inline">This Act may be cited as the <quote><short-title>Keep Our Promise to America’s Children and Teachers Act</short-title></quote> or the <quote><short-title>Keep Our PACT Act</short-title></quote>.</text></section> <section id="idf678796f6eed4377bb1bd2f9ae08b2b6"><enum>2.</enum><header>Findings</header><text display-inline="no-display-inline">Congress finds the following:</text>
<paragraph id="id41ac54425e214d80842d26181855d384"><enum>(1)</enum><text>Children are our Nation’s future and greatest treasure.</text></paragraph> <paragraph id="id3f51b3f1865a44af9e176851816bbbca"><enum>(2)</enum><text>A high-quality education is the surest way for every child to reach his or her full potential.</text></paragraph>
<paragraph id="id928aca42886a4cffa64a22a7b81f6826"><enum>(3)</enum><text>The coronavirus pandemic has amplified the deep funding inequities that exist in our education system. </text></paragraph> <paragraph id="id3bd3a575f1d649a1bad28ed2667e8fa9"><enum>(4)</enum><text>Part A of title I of the Elementary and Secondary Education Act of 1965 (<external-xref legal-doc="usc" parsable-cite="usc/20/6311">20 U.S.C. 6311</external-xref> et seq.) helps address inequity in education in school districts across the United States to provide a high-quality education to every student.</text></paragraph>
<paragraph id="iddd550d926975472a9f56b4778234ee83"><enum>(5)</enum><text>The Individuals with Disabilities Education Act (<external-xref legal-doc="usc" parsable-cite="usc/20/1400">20 U.S.C. 1400</external-xref> et seq.) guarantees all children with disabilities a first-rate education.</text></paragraph> <paragraph id="id765903f0b62a437293ee6e55ae9230cc"><enum>(6)</enum><text>The amendments made to such Act by the Individuals with Disabilities Education Improvement Act of 2004 (<external-xref legal-doc="public-law" parsable-cite="pl/108/446">Public Law 108–446</external-xref>; 118 Stat. 2647) committed Congress to providing 40 percent of the national current average per-pupil expenditure for students with disabilities.</text></paragraph>
<paragraph id="idd1c663f5888b42dcb363e1a55ee3c4b2"><enum>(7)</enum><text>A promise made must be a promise kept.</text></paragraph></section> <section id="idfd7ee0e4ff34446aac143502b420c123"><enum>3.</enum><header>Mandatory funding of part A of title I of ESEA</header> <subsection id="id3DFEBF0A7D7944CAADB2334FDF4E7C2E"><enum>(a)</enum><header>Definition of fiscal year 2021 part A of title I appropriation</header><text>In this section, the term <term>fiscal year 2021 part A of title I appropriation</term> means the amount appropriated for fiscal year 2021 for programs under part A of title I of the Elementary and Secondary Education Act of 1965 (<external-xref legal-doc="usc" parsable-cite="usc/20/6311">20 U.S.C. 6311</external-xref> et seq.).</text></subsection>
<subsection id="ida3e9a75c6a7d4dae85b6e93944c2e2f3"><enum>(b)</enum><header>Funding</header><text>There are appropriated, out of any money in the Treasury not otherwise appropriated—</text> <paragraph id="ida3f3872426254712ac03f56f329c6999"><enum>(1)</enum><text>for fiscal year 2022, an amount that equals the difference between—</text>
<subparagraph id="id648fc023af7647ecac6b55baafba3549"><enum>(A)</enum><text>the fiscal year 2021 part A of title I appropriation; and</text></subparagraph> <subparagraph id="idb32b861db1eb4fa3aa26d684093228c3"><enum>(B)</enum><text>$18,325,069,000 or the full amount authorized to be appropriated for the fiscal year for those programs, whichever is greater;</text></subparagraph></paragraph>
<paragraph id="id56350aaa733e49ee97c0f26c93418a24"><enum>(2)</enum><text>for fiscal year 2023, an amount that equals the difference between—</text> <subparagraph id="id7272bfa0083940fca5f562163b3ae3c6"><enum>(A)</enum><text>the fiscal year 2021 part A of title I appropriation; and</text></subparagraph>
<subparagraph id="id85e1d104196e49369f3540ea66a5cb61"><enum>(B)</enum><text>$20,306,717,000 or the full amount authorized to be appropriated for the fiscal year for those programs, whichever is greater;</text></subparagraph></paragraph> <paragraph id="id8836b53bdd234a70b09d349aabccacd0"><enum>(3)</enum><text>for fiscal year 2024, an amount that equals the difference between—</text>
<subparagraph id="id98a8cb3873f4452d98b5a45e802a457c"><enum>(A)</enum><text>the fiscal year 2021 part A of title I appropriation; and</text></subparagraph> <subparagraph id="ida35318dfcc644e5caad4ddb81946e03a"><enum>(B)</enum><text>$22,502,657,000 or the full amount authorized to be appropriated for the fiscal year for those programs, whichever is greater;</text></subparagraph></paragraph>
<paragraph id="id73bfb21815ef45b7b0614b919cd6a898"><enum>(4)</enum><text>for fiscal year 2025, an amount that equals the difference between—</text> <subparagraph id="id09fbd97263a740b18a2c081b43de2a1e"><enum>(A)</enum><text>the fiscal year 2021 part A of title I appropriation; and</text></subparagraph>
<subparagraph id="id92c4e57fe18b4b19a16b952084861fe6"><enum>(B)</enum><text>$24,936,064,000 or the full amount authorized to be appropriated for the fiscal year for those programs, whichever is greater;</text></subparagraph></paragraph> <paragraph id="idb49aca2c0b8e471ea7c5cc6669193751"><enum>(5)</enum><text>for fiscal year 2026, an amount that equals the difference between—</text>
<subparagraph id="id894b4465898049d4a29773cfe254fbfd"><enum>(A)</enum><text>the fiscal year 2021 part A of title I appropriation; and</text></subparagraph> <subparagraph id="id20f694727a54464ebfb68f280d7d0576"><enum>(B)</enum><text>$27,632,615,000 or the full amount authorized to be appropriated for the fiscal year for those programs, whichever is greater;</text></subparagraph></paragraph>
<paragraph id="id7ff5a967099f463aaa210616d7ce0b5c"><enum>(6)</enum><text>for fiscal year 2027, an amount that equals the difference between—</text> <subparagraph id="idb469d8b5237d4c978cf553d43a34f3ff"><enum>(A)</enum><text>the fiscal year 2021 part A of title I appropriation; and</text></subparagraph>
<subparagraph id="id6fbd6fdf0d6d4cf39a843543aa6ffc51"><enum>(B)</enum><text>$30,620,768,000 or the full amount authorized to be appropriated for the fiscal year for those programs, whichever is greater;</text></subparagraph></paragraph> <paragraph id="id7586ad8de27446819769d85237a13329"><enum>(7)</enum><text>for fiscal year 2028, an amount that equals the difference between—</text>
<subparagraph id="id64a14219650c4ccf950af920d05e6b87"><enum>(A)</enum><text>the fiscal year 2021 part A of title I appropriation; and</text></subparagraph> <subparagraph id="id78e878d8578c49efba8c991ba7d67ae6"><enum>(B)</enum><text>$33,932,056,000 or the full amount authorized to be appropriated for the fiscal year for those programs, whichever is greater;</text></subparagraph></paragraph>
<paragraph id="id934e66d74d2e4797ae5c10cabdb58f3d"><enum>(8)</enum><text>for fiscal year 2029, an amount that equals the difference between—</text> <subparagraph id="id13b9f075c8da46e6bb3c4f3783117e3d"><enum>(A)</enum><text>the fiscal year 2021 part A of title I appropriation; and</text></subparagraph>
<subparagraph id="id31922b9d54dd43e790dec5bc144944bf"><enum>(B)</enum><text>$37,601,422,000 or the full amount authorized to be appropriated for the fiscal year for those programs, whichever is greater;</text></subparagraph></paragraph> <paragraph id="id24b40a12323848d68cb989f487a900f1"><enum>(9)</enum><text>for fiscal year 2030, an amount that equals the difference between—</text>
<subparagraph id="id842cb2dba50444f6bb9fee655e37c46c"><enum>(A)</enum><text>the fiscal year 2021 part A of title I appropriation; and</text></subparagraph> <subparagraph id="id4263bf5f4f194f88a2c96aae0bd2fe99"><enum>(B)</enum><text>$41,667,588,000 or the full amount authorized to be appropriated for the fiscal year for those programs, whichever is greater; and</text></subparagraph></paragraph>
<paragraph commented="no" id="id8101D29BEE1B405A97DEEEBF56B877DF"><enum>(10)</enum><text>for fiscal year 2031, $46,173,464,000 or the full amount authorized to be appropriated for the fiscal year for those programs, whichever is greater.</text></paragraph></subsection></section> <section id="idccd6a0af3f5c441bb2a4f2e8de88cd0e"><enum>4.</enum><header>Mandatory funding of the Individuals With Disabilities Education Act</header><text display-inline="no-display-inline">Section 611(i) of the Individuals with Disabilities Education Act (<external-xref legal-doc="usc" parsable-cite="usc/20/1411">20 U.S.C. 1411(i)</external-xref>) is amended to read as follows:</text>
<quoted-block style="OLC" display-inline="no-display-inline" id="idd828c9a40b8f4819b5996dfa1d15a67c">
<subsection id="id7ebc63ade92d42a89a9e1a0e6f6c079e"><enum>(i)</enum><header>Funding</header>
<paragraph id="id42e6f579dcf347a6ba8c661f8df0666f"><enum>(1)</enum><header>In general</header><text>For the purpose of carrying out this part, other than section 619, there are authorized to be appropriated—</text> <subparagraph id="id66caa34b7ef74b399be6cfc9f6a4778a"><enum>(A)</enum><text>$14,723,530,000 or 15.3 percent of the amount determined under paragraph (2), whichever is greater, for fiscal year 2022, and there are hereby appropriated $1,786,072,756 or 1.9 percent of the amount determined under paragraph (2), whichever is greater, for fiscal year 2022, which shall become available for obligation on July 1, 2022, and shall remain available through September 30, 2023;</text></subparagraph>
<subparagraph id="id4edbb0ffb23f4b9f83d0f65b68bb5852"><enum>(B)</enum><text>$16,756,178,000 or 17.0 percent of the amount determined under paragraph (2), whichever is greater, for fiscal year 2023, and there are hereby appropriated $3,818,720,700 or 3.9 percent of the amount determined under paragraph (2), whichever is greater, for fiscal year 2023, which shall become available for obligation on July 1, 2023, and shall remain available through September 30, 2024;</text></subparagraph> <subparagraph id="id3f18b810480a4cd79529812e6855eaac"><enum>(C)</enum><text>$19,069,442,000 or 18.9 percent of the amount determined under paragraph (2), whichever is greater, for fiscal year 2024, and there are hereby appropriated $6,131,984,620 or 6.1 percent of the amount determined under paragraph (2), whichever is greater, for fiscal year 2024, which shall become available for obligation on July 1, 2024, and shall remain available through September 30, 2025;</text></subparagraph>
<subparagraph id="id99c9f537a83c49c381828cdac84a1f43"><enum>(D)</enum><text>$21,702,062,000 or 21.1 percent of the amount determined under paragraph (2), whichever is greater, for fiscal year 2025, and there are hereby appropriated $8,764,604,783 or 8.5 percent of the amount determined under paragraph (2), whichever is greater, for fiscal year 2025, which shall become available for obligation on July 1, 2025, and shall remain available through September 30, 2026;</text></subparagraph> <subparagraph id="id9943ac44c5394a4ea289f1be16ac8284"><enum>(E)</enum><text>$24,698,127,000 or 23.4 percent of the amount determined under paragraph (2), whichever is greater, for fiscal year 2026, and there are hereby appropriated $11,760,669,721 or 11.2 percent of the amount determined under paragraph (2), whichever is greater, for fiscal year 2026, which shall become available for obligation on July 1, 2026, and shall remain available through September 30, 2027;</text></subparagraph>
<subparagraph id="idd8e769edcc844ef390e9980ebd445604"><enum>(F)</enum><text>$28,107,812,000 or 26.1 percent of the amount determined under paragraph (2), whichever is greater, for fiscal year 2027, and there are hereby appropriated $15,170,354,582 or 14.1 percent of the amount determined under paragraph (2), whichever is greater, for fiscal year 2027, which shall become available for obligation on July 1, 2027, and shall remain available through September 30, 2028;</text></subparagraph> <subparagraph id="id50003a3cc18d49b29cebbe40718bc41a"><enum>(G)</enum><text>$31,988,218,000 or 29.0 percent of the amount determined under paragraph (2), whichever is greater, for fiscal year 2028, and there are hereby appropriated $19,050,761,411 or 17.3 percent of the amount determined under paragraph (2), whichever is greater, for fiscal year 2028, which shall become available for obligation on July 1, 2028, and shall remain available through September 30, 2029;</text></subparagraph>
<subparagraph id="id9d71add593b4438fadbdc7be9111b5ac"><enum>(H)</enum><text>$36,404,332,000 or 32.3 percent of the amount determined under paragraph (2), whichever is greater, for fiscal year 2029, and there are hereby appropriated $23,466,875,446 or 20.8 percent of the amount determined under paragraph (2), whichever is greater, for fiscal year 2029, which shall become available for obligation on July 1, 2029, and shall remain available through September 30, 2030;</text></subparagraph> <subparagraph id="id2ad288452eb6446ba69b574958d8ff64"><enum>(I)</enum><text>$41,430,110,000 or 35.9 percent of the amount determined under paragraph (2), whichever is greater, for fiscal year 2030, and there are hereby appropriated $28,492,653,417 or 24.7 percent of the amount determined under paragraph (2), whichever is greater, for fiscal year 2030, which shall become available for obligation on July 1, 2030, and shall remain available through September 30, 2031; and</text></subparagraph>
<subparagraph id="id9e915dec7d4e4c9f94a7ae0136c049e2"><enum>(J)</enum><text>$47,149,719,000 or 40 percent of the amount determined under paragraph (2), whichever is greater, for fiscal year 2031 and each subsequent fiscal year, and there are hereby appropriated $47,149,719,000 or 40 percent of the amount determined under paragraph (2), whichever is greater, for fiscal year 2031 and each subsequent fiscal year, which—</text> <clause id="id60fd04954b2c47a3ab1f0d1882a61ffb"><enum>(i)</enum><text>shall become available for obligation with respect to fiscal year 2031 on July 1, 2031, and shall remain available through September 30, 2032; and</text></clause>
<clause id="id532aef076e824703b22ad81392c0f72d"><enum>(ii)</enum><text>shall become available for obligation with respect to each subsequent fiscal year on July 1 of that fiscal year and shall remain available through September 30 of the succeeding fiscal year.</text></clause></subparagraph></paragraph> <paragraph id="idd049def5b13f474090719ba1a4b15205"><enum>(2)</enum><header>Amount</header><text>With respect to each subparagraph of paragraph (1), the amount determined under this paragraph is the product of—</text>
<subparagraph id="ida576f21a3ed74280b0d36606acdb7d3b"><enum>(A)</enum><text>the total number of children with disabilities in all States who—</text> <clause id="id4c915b53136e4df590326219186ec5a5"><enum>(i)</enum><text>received special education and related services during the last school year that concluded before the first day of the fiscal year for which the determination is made; and</text></clause>
<clause id="id9975e82caf4141dbb85f013c24df833f"><enum>(ii)</enum><text>were aged—</text> <subclause id="id29b3c1a322ac471db0bf1ee97de9b4a7"><enum>(I)</enum><text>3 through 5 (with respect to the States that were eligible for grants under section 619); and</text></subclause>
<subclause id="ida471e27b5d524c5bba4ad0be225cabef"><enum>(II)</enum><text>6 through 21; and</text></subclause></clause></subparagraph> <subparagraph id="iddef9ee99734a468c85e3124dea3d4c18"><enum>(B)</enum><text>the average per-pupil expenditure in public elementary schools and secondary schools in the United States.</text></subparagraph></paragraph></subsection><after-quoted-block>.</after-quoted-block></quoted-block></section>
</legis-body>
</bill> 


