<?xml version="1.0"?>
<?xml-stylesheet type="text/xsl" href="billres.xsl"?>
<!DOCTYPE bill PUBLIC "-//US Congress//DTDs/bill.dtd//EN" "bill.dtd">
<bill bill-stage="Introduced-in-Senate" dms-id="A1" public-private="public" slc-id="S1-BAI21003-9NM-6C-R69"><metadata xmlns:dc="http://purl.org/dc/elements/1.1/">
<dublinCore>
<dc:title>116 S155 IS: Equal Access to Care Act</dc:title>
<dc:publisher>U.S. Senate</dc:publisher>
<dc:date>2021-02-02</dc:date>
<dc:format>text/xml</dc:format>
<dc:language>EN</dc:language>
<dc:rights>Pursuant to Title 17 Section 105 of the United States Code, this file is not subject to copyright protection and is in the public domain.</dc:rights>
</dublinCore>
</metadata>
<form>
<distribution-code display="yes">II</distribution-code><congress>117th CONGRESS</congress><session>1st Session</session><legis-num>S. 155</legis-num><current-chamber>IN THE SENATE OF THE UNITED STATES</current-chamber><action><action-date date="20210202">February 2, 2021</action-date><action-desc><sponsor name-id="S355">Mr. Cruz</sponsor> (for himself and <cosponsor name-id="S396">Mrs. Blackburn</cosponsor>) introduced the following bill; which was read twice and referred to the <committee-name committee-id="SSHR00">Committee on Health, Education, Labor, and Pensions</committee-name></action-desc></action><legis-type>A BILL</legis-type><official-title>To permit a licensed health care provider to provide health care services to individuals in one or more States in which the provider is not licensed.</official-title></form><legis-body display-enacting-clause="yes-display-enacting-clause" id="HEC40FEB1C2004B879FD21C6DAB5A3937"><section section-type="section-one" id="S1"><enum>1.</enum><header>Short title</header><text display-inline="no-display-inline">This Act may be cited as the <quote><short-title>Equal Access to Care Act</short-title></quote>.</text></section><section id="id94943D0CB2E14063991C331D6F3A9FE8"><enum>2.</enum><header>Findings</header><text display-inline="no-display-inline">Congress finds the following:</text><paragraph id="idB26DBA4D36B24D2F98ACB4914158D556"><enum>(1)</enum><text>In public health emergencies, such as the Coronavirus Disease 2019 pandemic, it is of paramount importance to deliver medical resources to impacted areas where the need is greatest.</text></paragraph><paragraph id="idBF1851189F484DA6A6B094BBB440C431"><enum>(2)</enum><text>Technologies that allow health care providers to deliver care across great distances can deliver medical care into impacted areas, including mental health services and maintenance care for chronic illnesses.</text></paragraph><paragraph id="id8C30DABB7C684DE8BAE66FE75F0F6C19"><enum>(3)</enum><text>Technologies that allow health care providers to deliver care across great distances can thereby free local providers to address community needs that providers can only address in person.</text></paragraph><paragraph id="id1FCBEE1557E0499F942B3BB4AD366870"><enum>(4)</enum><text>Under the Constitution, the Commerce Clause grants Congress the authority to regulate commerce among the States.</text></paragraph></section><section id="id5A4C10342D3C4D42A9F65B8C7BE0CD91"><enum>3.</enum><header>Interstate telemedicine</header><subsection id="id50e0106dec4a428294c1369e92e11783"><enum>(a)</enum><header>In general</header><text>Notwithstanding any other provision of law, during the period described in subsection (b), in the case of a physician, practitioner, or other health care provider who is licensed or otherwise legally authorized to provide health care services in a primary State, and who provides such health care services in interstate commerce through electronic information or telecommunication technologies to an individual in a secondary State, the location of the provision of such services shall be deemed to be the primary State and any requirement that such physician, practitioner, or other provider obtain a comparable license or other comparable legal authorization from the secondary State with respect to the provision of such services (including requirements relating to the prescribing of drugs in such secondary State) shall not apply.</text></subsection><subsection id="id59266E45F82C42E1BD31AB67CC450A1C"><enum>(b)</enum><header>Period described</header><text>The period described in this subsection is the period beginning on the date of enactment of this Act and ending on the date that is 180 days after the date on which the national emergency declared by the President under the National Emergencies Act (<external-xref legal-doc="usc" parsable-cite="usc/50/1601">50 U.S.C. 1601</external-xref> et seq.) with respect to the Coronavirus Disease 2019 (COVID–19) ends.</text></subsection><subsection id="id79A06A77600944D8A7D8171BC56445D2"><enum>(c)</enum><header>Review of regulations</header><text>The head of each Federal agency shall review existing guidance and regulations to identify any such guidance or regulations that may conflict with the provisions of this section. If the head of an agency finds any such conflict, notwithstanding any other provision of law, such agency head shall, not later than 30 days after the date of enactment of this Act, issue revised guidance or regulations to ensure compliance with the provisions of this section.</text></subsection><subsection id="idE9109A07749349AA8F45CEBE47BAB8E8"><enum>(d)</enum><header>Definitions</header><text>In this section:</text><paragraph id="id49BB451F26E94BB7B2E8DB56A7D8E6EA"><enum>(1)</enum><header>Health care services</header><text>The term <term>health care services</term> shall not include services of the type for which funding is prohibited under the requirements contained in <external-xref legal-doc="public-law" parsable-cite="pl/116/94">Public Law 116–94</external-xref> as relating to funds for programs authorized under sections 330 through 340 of the Public Health Service Act (<external-xref legal-doc="usc" parsable-cite="usc/42/254">42 U.S.C. 254</external-xref> through 256).</text></paragraph><paragraph id="id2e0de7fe6b6a48bc8b5f1454e34733f9"><enum>(2)</enum><header>Primary State</header><text>The term <term>primary State</term> means, with respect to the provision of health care services by a physician, practitioner, or other health care provider in interstate commerce through electronic information or telecommunication technologies, the State in which such physician, practitioner, or provider is physically located and licensed.</text></paragraph><paragraph id="id926627a18b774e8caf2bebdb1428c298"><enum>(3)</enum><header>Secondary State</header><text>The term <term>secondary State</term> means, with respect to the provision of health care services by a physician, practitioner, or other health care provider in interstate commerce through electronic information or telecommunication technologies, a State in which such physician, practitioner, or other provider is not physically located or licensed.</text></paragraph></subsection></section></legis-body></bill> 

