<?xml version="1.0"?>
<?xml-stylesheet type="text/xsl" href="billres.xsl"?>
<!DOCTYPE bill PUBLIC "-//US Congress//DTDs/bill.dtd//EN" "bill.dtd">
<bill bill-type="olc" bill-stage="Introduced-in-Senate" dms-id="A1" public-private="public" slc-id="S1-MAZ21181-HVN-65-4XS"><metadata xmlns:dc="http://purl.org/dc/elements/1.1/">
<dublinCore>
<dc:title>117 S432 IS: Fostering and Realizing Electrification by Encouraging Zero Emission Refrigeration Trucks Act of 2021</dc:title>
<dc:publisher>U.S. Senate</dc:publisher>
<dc:date>2021-03-16</dc:date>
<dc:format>text/xml</dc:format>
<dc:language>EN</dc:language>
<dc:rights>Pursuant to Title 17 Section 105 of the United States Code, this file is not subject to copyright protection and is in the public domain.</dc:rights>
</dublinCore>
</metadata>
<form>
<distribution-code display="yes">II</distribution-code><congress>117th CONGRESS</congress><session>1st Session</session><legis-num>S. 432</legis-num><current-chamber>IN THE SENATE OF THE UNITED STATES</current-chamber><action><action-date date="20210316">February 24, 2021</action-date><action-desc><sponsor name-id="S369">Mr. Markey</sponsor> introduced the following bill; which was read twice and referred to the <committee-name committee-id="SSEV00">Committee on Environment and Public Works</committee-name></action-desc></action><legis-type>A BILL</legis-type><official-title>To direct the Administrator of the Environmental Protection Agency to carry out a pilot program to award grants for the electrification of certain refrigerated vehicles, and for other purposes. </official-title></form><legis-body style="OLC" display-enacting-clause="yes-display-enacting-clause" id="H07B538B88ADB4BBB82DB3222A920FA08"><section section-type="section-one" id="H347F6E4082DC4264B560AD98E145CC18"><enum>1.</enum><header>Short title</header><text display-inline="no-display-inline">This Act may be cited as the <quote><short-title>Fostering and Realizing Electrification by Encouraging Zero Emission Refrigeration Trucks Act of 2021</short-title></quote> or the <quote><short-title>FREEZER Trucks Act of 2021</short-title></quote>.</text></section><section id="H232C6F4AF03B415F8646CD334A3FE08B"><enum>2.</enum><header>Pilot program for the electrification of certain refrigerated vehicles</header><subsection id="HED03091987F74AAA861F074BBA0602D9"><enum>(a)</enum><header>Definitions</header><text>In this section:</text><paragraph id="HF7BF867B068344C3B7172A0D10FCC7F6"><enum>(1)</enum><header>Administrator</header><text>The term <term>Administrator</term> means the Administrator of the Environmental Protection Agency.</text></paragraph><paragraph id="H3B81DCF402C34CDAB980F6D8A17F3155"><enum>(2)</enum><header>Diesel-powered transport refrigeration unit</header><text display-inline="yes-display-inline">The term <term>diesel-powered transport refrigeration unit</term> means a transport refrigeration unit that is powered by an independent diesel internal combustion engine.</text></paragraph><paragraph commented="no" id="HD96D83BF372640369F29FAAA01629E57"><enum>(3)</enum><header>Electric transport refrigeration unit</header><text display-inline="yes-display-inline">The term <term>electric transport refrigeration unit</term> means a transport refrigeration unit in which the refrigeration or climate-control system is driven by an electric motor when connected to shore power infrastructure or other equipment that enables transport refrigeration units to connect to electric power, including all-electric transport refrigeration units, hybrid electric transport refrigeration units, and standby electric transport refrigeration units.</text></paragraph><paragraph display-inline="no-display-inline" id="HD94C24F0259F42C7877A1FC75383684E"><enum>(4)</enum><header>Eligible entity</header><text display-inline="yes-display-inline">The term <term>eligible entity</term> means—</text><subparagraph id="H9A7ADEA0B09F4A5BADEBC1D3CAD0FDAF"><enum>(A)</enum><text display-inline="yes-display-inline">a regional, State, local, or Tribal agency, or a port authority, with jurisdiction over transportation or air quality;</text></subparagraph><subparagraph id="HDA9CEBAD1D7A44CFB39050F795944377"><enum>(B)</enum><text display-inline="yes-display-inline">a nonprofit organization or institution that—</text><clause id="HA456DCD51BB843DE984FD5D561A075FE"><enum>(i)</enum><text display-inline="yes-display-inline">represents, or provides pollution reduction or educational services to, individuals or organizations that own or operate heavy-duty vehicles or fleets of heavy-duty vehicles; or</text></clause><clause id="H1F1BDAF0EC604DC7AA1C9ABC3803AA71"><enum>(ii)</enum><text display-inline="yes-display-inline">has, as the principal purpose of the organization or institution, the promotion of air quality;</text></clause></subparagraph><subparagraph commented="no" id="H59A85A761CB14176A67DE028B20A9332"><enum>(C)</enum><text display-inline="yes-display-inline">an individual or entity that is the owner of record of a heavy-duty vehicle or a fleet of heavy-duty vehicles that operates for the transportation and delivery of perishable goods or other goods requiring climate-controlled conditions;</text></subparagraph><subparagraph commented="no" id="HD6D6A97C442844D58F32EABF1EB8F633"><enum>(D)</enum><text display-inline="yes-display-inline">an individual or entity that is the owner of record of a facility that operates as a warehouse or storage facility for perishable goods or other goods requiring climate-controlled conditions; and</text></subparagraph><subparagraph commented="no" id="HC593B0F2BC0C4CD8935D7843FAFF168E"><enum>(E)</enum><text display-inline="yes-display-inline">a hospital or public health institution that utilizes refrigeration for storage of perishable goods or other goods requiring climate-controlled conditions.</text></subparagraph></paragraph><paragraph id="H61D094715F4144B68D77FA54575616C3"><enum>(5)</enum><header>Heavy-duty vehicle</header><text display-inline="yes-display-inline">The term <term>heavy-duty vehicle</term> means—</text><subparagraph id="HE0340BD0587645B39C78F24F7FB1EAFF"><enum>(A)</enum><text>a commercial truck or van—</text><clause id="H22BE36216CD842F89D1BAE2A966394DF"><enum>(i)</enum><text>used for the primary purpose of transporting perishable goods or other goods requiring climate-controlled conditions; and</text></clause><clause id="H7BE4EF6A2BDA4D6A95DBCB5CA69887F3"><enum>(ii)</enum><text>with a gross vehicle weight rating greater than 6,000 pounds; and</text></clause></subparagraph><subparagraph id="H9493958962124212BBF19CEE16912F81"><enum>(B)</enum><text display-inline="yes-display-inline">an insulated cargo trailer used in transporting perishable goods or other goods requiring climate-controlled conditions when mounted on a semitrailer.</text></subparagraph></paragraph><paragraph id="idD71A5760B2F94F95A4977CDD4405C405"><enum>(6)</enum><header>Pilot program</header><text>The term <term>pilot program</term> means the pilot program established under subsection (b).</text></paragraph><paragraph commented="no" id="H86E0DEE2C9124D93B0626FF8FA164789"><enum>(7)</enum><header>Shore power infrastructure</header><text display-inline="yes-display-inline">The term <term>shore power infrastructure</term> means electrical infrastructure that provides power to the electric transport refrigeration unit of a heavy-duty vehicle when the heavy-duty vehicle is stationary on a property where the heavy-duty vehicle is parked or loaded, including a food distribution center or other location where heavy-duty vehicles congregate.</text></paragraph><paragraph id="H67EABFDF69AC453A83F721307E3B82F6" commented="no" display-inline="no-display-inline"><enum>(8)</enum><header>Transport refrigeration unit</header><text display-inline="yes-display-inline">The term <term>transport refrigeration unit</term> means a climate-control system installed on a heavy-duty vehicle for the purpose of maintaining the quality of perishable goods or other goods requiring climate-controlled conditions.</text></paragraph></subsection><subsection commented="no" id="H5975026FD62A429F9EB482A2CACE8944"><enum>(b)</enum><header>Establishment of pilot program</header><text display-inline="yes-display-inline">The Administrator shall establish a pilot program to award funds, in the form of grants, rebates, and low-cost revolving loans, as determined appropriate by the Administrator, on a competitive basis, to eligible entities to carry out projects described in subsection (c).</text></subsection><subsection commented="no" id="HA2C90A8B5E014B3084FCF705D5B9743A"><enum>(c)</enum><header>Projects</header><text display-inline="yes-display-inline">An eligible entity receiving an award of funds under the pilot program may use those funds only for 1 or more of the following projects:</text><paragraph commented="no" id="HD69F5D42C529498E88B8E542D73BC518"><enum>(1)</enum><header>Transport refrigeration unit replacement</header><text display-inline="yes-display-inline">A project to retrofit a heavy-duty vehicle by—</text><subparagraph commented="no" id="id2093EA3D82B04CDABCE22455D52C167E"><enum>(A)</enum><text display-inline="yes-display-inline">replacing or retrofitting an existing diesel-powered transport refrigeration unit in the heavy-duty vehicle with an electric transport refrigeration unit; and</text></subparagraph><subparagraph commented="no" id="id6F1B34B1DA064F8CBA827E358B8306F5"><enum>(B)</enum><text display-inline="yes-display-inline">retiring the replaced diesel-powered transport refrigeration unit for scrappage.</text></subparagraph></paragraph><paragraph commented="no" id="HA6796AF013894A698CE6EE1B4F986DB2"><enum>(2)</enum><header>Shore power infrastructure</header><text display-inline="yes-display-inline">A project to purchase and install shore power infrastructure or other equipment that enables transport refrigeration units to connect to electric power and operate without using diesel fuel.</text></paragraph></subsection><subsection commented="no" id="HA4CBD49152A14D9E9083E359E0BD084D"><enum>(d)</enum><header>Maximum amounts</header><text>The amount of an award of funds under the pilot program to an eligible entity shall not exceed—</text><paragraph commented="no" id="HDDB06CBA149544F78C622DBE4F3F2163"><enum>(1)</enum><text display-inline="yes-display-inline">with respect to the costs of a project described in subsection (c)(1), 75 percent of those costs; and</text></paragraph><paragraph commented="no" id="H34235AC856814E30B11EBC9595FEB671"><enum>(2)</enum><text display-inline="yes-display-inline">with respect to the costs of a project described in subsection (c)(2), 55 percent of those costs.</text></paragraph></subsection><subsection commented="no" id="H4D2A15A28FC848239606DC67CD650E88"><enum>(e)</enum><header>Applications</header><text display-inline="yes-display-inline">To be eligible to receive an award of funds under the pilot program, an eligible entity shall submit to the Administrator an application at such time, in such manner, and containing such information as the Administrator may require, including—</text><paragraph commented="no" id="H4378EA79936441BE96782B6AB7D3AF27"><enum>(1)</enum><text display-inline="yes-display-inline">a description of the air quality in the area served by the eligible entity, including a description of how the air quality is affected by diesel emissions from heavy-duty vehicles;</text></paragraph><paragraph commented="no" id="HD81294B7D8FD496EBB239CD53051B60E"><enum>(2)</enum><text display-inline="yes-display-inline">a description of the project proposed to be carried out by the eligible entity, including—</text><subparagraph commented="no" id="H8FF4C576CA4648178664903C8A55CBB5"><enum>(A)</enum><text display-inline="yes-display-inline">any technology to be used or funded by the eligible entity; and</text></subparagraph><subparagraph commented="no" id="H9CCCB905D08242F3B3FD6988CB488E0D"><enum>(B)</enum><text display-inline="yes-display-inline">a description of the heavy-duty vehicle or vehicles of the eligible entity that will be retrofitted, if any, including—</text><clause commented="no" id="HC35F959F5EC34268AB08EF24943027DE"><enum>(i)</enum><text display-inline="yes-display-inline">the number of those heavy-duty vehicles;</text></clause><clause commented="no" id="H324764A13F3E40CB88D021B76026D8F9"><enum>(ii)</enum><text display-inline="yes-display-inline">the uses of those heavy-duty vehicles;</text></clause><clause commented="no" id="HC787D73DF3354A5E8308534B4450758A"><enum>(iii)</enum><text display-inline="yes-display-inline">the locations where those heavy-duty vehicles dock for the purpose of loading or unloading; and</text></clause><clause commented="no" id="H7767E05B1013429B8D81A32600C83A78"><enum>(iv)</enum><text display-inline="yes-display-inline">the routes driven by those heavy-duty vehicles, including the times at which those heavy-duty vehicles are driven;</text></clause></subparagraph></paragraph><paragraph commented="no" id="HED59FFB8D3F74243B5121939EA726B13"><enum>(3)</enum><text display-inline="yes-display-inline">an estimate of the cost of the project proposed to be carried out by the eligible entity;</text></paragraph><paragraph commented="no" id="HA9502310AACB4BA0B86E37542E7F55D8"><enum>(4)</enum><text display-inline="yes-display-inline">a description of the age and expected lifetime control of the equipment used or funded by the eligible entity; and</text></paragraph><paragraph commented="no" id="HFCF1701774D64BA7AE28B5F54EC7983D"><enum>(5)</enum><text display-inline="yes-display-inline">a description of the provisions for the monitoring and verification of the project proposed to be carried out by the eligible entity, including to verify the scrappage of any replaced diesel-powered transport refrigeration units.</text></paragraph></subsection><subsection id="H68EFDE4CF2574BF6919FA5990B38FFF9"><enum>(f)</enum><header>Priority</header><text display-inline="yes-display-inline">In awarding funds under the pilot program, the Administrator shall give priority to proposed projects that, as determined by the Administrator—</text><paragraph id="H3D61CAD52DD44C5DAD00922CA3E68BD9"><enum>(1)</enum><text>maximize public health benefits;</text></paragraph><paragraph id="H38A6D841E4AC4CB38C0A6E1789BEEF2C"><enum>(2)</enum><text>are the most cost-effective; and</text></paragraph><paragraph id="H687E228753DA4D819F6E1C21BD6F4FD7"><enum>(3)</enum><text display-inline="yes-display-inline">will serve the communities that are most polluted by diesel motor emissions, including communities that the Administrator identifies as being in either nonattainment or maintenance of the national ambient air quality standards for a criteria pollutant under section 109 of the Clean Air Act (<external-xref legal-doc="usc" parsable-cite="usc/42/7409">42 U.S.C. 7409</external-xref>), particularly for—</text><subparagraph id="HD85E629877934617AC3228467700031E"><enum>(A)</enum><text>ozone; and</text></subparagraph><subparagraph id="H7E0CBF6EC79E4623B4ACE64FC36E8A15"><enum>(B)</enum><text>particulate matter.</text></subparagraph></paragraph></subsection><subsection commented="no" id="HCF32F02C36274098BC2CCF502FC8DAAB"><enum>(g)</enum><header>Data release</header><text display-inline="yes-display-inline">Not later than 120 days after the date on which an award of funds is made under the pilot program, the Administrator shall publish on the website of the Environmental Protection Agency, in a downloadable electronic database, information with respect to that award of funds, including—</text><paragraph commented="no" id="H53EA00B42E08406F9801746BC0EA3021"><enum>(1)</enum><text>the name and location of the recipient;</text></paragraph><paragraph commented="no" id="H6797DB2554AC459BA63193589AA15749"><enum>(2)</enum><text>the total amount of funds awarded;</text></paragraph><paragraph commented="no" id="HF150F074B532463F9F760404249473C3"><enum>(3)</enum><text>the intended use or uses of the awarded funds;</text></paragraph><paragraph commented="no" id="H5C7BD7EA0DA740AAAE2A9307413B727D"><enum>(4)</enum><text>the date on which the award of funds was approved;</text></paragraph><paragraph commented="no" id="H8AEE10E8542344D0AE62079D8A79D32B"><enum>(5)</enum><text display-inline="yes-display-inline">if applicable, an estimate of any air pollution or greenhouse gas emissions avoided as a result of the project funded by the award; and </text></paragraph><paragraph commented="no" id="HB9A1CADE32BC42408BF884A2FE668F8D"><enum>(6)</enum><text>any other data the Administrator determines to be necessary for an evaluation of the use and effect of awarded funds provided under the pilot program.</text></paragraph></subsection><subsection id="H749F3FFD10454930A9FE7BA2F0EAD67B"><enum>(h)</enum><header>Reports to Congress</header><paragraph id="HA95A7B095E174D5CB469309FD5C41C76"><enum>(1)</enum><header>Annual report to Congress</header><text display-inline="yes-display-inline">Not later than 1 year after the date of the establishment of the pilot program, and annually thereafter until the amounts made available to carry out this section are fully expended, the Administrator shall submit to Congress and make available to the public a report that describes, with respect to the applicable year—</text><subparagraph commented="no" id="H7CDDFCFF9ED74C2A8524AF2D9CB163C4"><enum>(A)</enum><text display-inline="yes-display-inline">the number of applications for awards of funds received under the pilot program;</text></subparagraph><subparagraph commented="no" id="HFA5C84E04F14439BA9CE58A004DA1409"><enum>(B)</enum><text display-inline="yes-display-inline">all awards of funds made under the pilot program, including a summary of the data described in subsection (g);</text></subparagraph><subparagraph commented="no" id="H09A7DD4EB268488B801603E5E2FC4903"><enum>(C)</enum><text display-inline="yes-display-inline">the estimated reduction of annual emissions of air pollutants regulated under section 109 of the Clean Air Act (<external-xref legal-doc="usc" parsable-cite="usc/42/7409">42 U.S.C. 7409</external-xref>) and greenhouse gas emissions that is associated with the awards of funds made under the pilot program;</text></subparagraph><subparagraph id="HDB32132A4AF244569585B166C1817FAD"><enum>(D)</enum><text display-inline="yes-display-inline">the number of awards of funds made under the pilot program for projects that serve communities described in subsection (f)(3); and</text></subparagraph><subparagraph id="HD5B12F257A3740C5A4B9D097AAD1F616"><enum>(E)</enum><text display-inline="yes-display-inline">any other data the Administrator determines to be necessary to describe the implementation, outcomes, or effectiveness of the pilot program.</text></subparagraph></paragraph><paragraph id="id5B11452BBFF146A4917EA93B4106C252"><enum>(2)</enum><header>Final report</header><subparagraph id="H69552874F1A54261916A7EE6202A05F2"><enum>(A)</enum><header>In general</header><text>The Administrator shall submit to Congress and make available to the public a report containing the information described in subparagraph (B) on the date that is the earlier of—</text><clause id="id1D2CD6A655CD485984CD0726F04C8769"><enum>(i)</enum><text>the date that is 1 year after the date on which the amounts made available to carry out this section are fully expended; and</text></clause><clause id="idD5FF792A1409441B90BDB5913648FB12"><enum>(ii)</enum><text>the date that is 5 years after the date on which the pilot program is established.</text></clause></subparagraph><subparagraph id="id53388A891E3E47F0A848A451E350663F"><enum>(B)</enum><header>Information described</header><text>The information referred to in subparagraph (A) is—</text><clause id="H027A52DBFF7D41D3A1FA66E8EAE5E2A4"><enum>(i)</enum><text>all of the information collected for the annual reports under paragraph (1);</text></clause><clause id="HF01EEDB27CD547ED974BBFA959C0FFE1"><enum>(ii)</enum><text display-inline="yes-display-inline">any benefits to the environment or human health that could result from the widespread application of electric transport refrigeration units for short-haul transportation and delivery of perishable goods or other goods requiring climate-controlled conditions, including in low-income communities and communities of color;</text></clause><clause id="H6910E4031C09440E82EE97B4BCA14C88"><enum>(iii)</enum><text display-inline="yes-display-inline">any challenges or benefits that recipients of awards of funds under the pilot program reported with respect to the integration or use of electric transport refrigeration units and associated technologies;</text></clause><clause id="H77CF4F51D3AE4FE98ED8F95E9DF00697"><enum>(iv)</enum><text display-inline="yes-display-inline">an assessment of the national market potential for electric transport refrigeration units;</text></clause><clause id="H80D7AE8F3B0C4EF3850880282C5797E4"><enum>(v)</enum><text display-inline="yes-display-inline">an assessment of the challenges and opportunities for widespread deployment of electric transport refrigeration units, including in urban areas; and</text></clause><clause id="HF5567768871148179233C51ABE4E6ABA"><enum>(vi)</enum><text display-inline="yes-display-inline">recommendations for how future Federal, State, and local programs can best support the adoption and widespread deployment of electric transport refrigeration units.</text></clause></subparagraph></paragraph></subsection><subsection commented="no" id="H51CCD9E42D2D4E979E25233892CDACE5"><enum>(i)</enum><header>Authorization of appropriations</header><paragraph commented="no" id="HD2FDB9A667FB408AA6205B07BBE7568B"><enum>(1)</enum><header>In general</header><text>There is authorized to be appropriated to carry out this section $30,000,000, to remain available until expended.</text></paragraph><paragraph commented="no" id="H614533A32F4F4639B1897CCBBEDF698F"><enum>(2)</enum><header>Administrative expenses</header><text>The Administrator may use not more than 1 percent of the amounts made available under paragraph (1) for administrative expenses to carry out this section.</text></paragraph></subsection></section></legis-body></bill> 

