<?xml version="1.0"?>
<?xml-stylesheet type="text/xsl" href="billres.xsl"?>
<!DOCTYPE bill PUBLIC "-//US Congress//DTDs/bill.dtd//EN" "bill.dtd">
<bill bill-stage="Introduced-in-Senate" dms-id="A1" public-private="public" slc-id="S1-EHF21097-SS9-HN-M0Y"><metadata xmlns:dc="http://purl.org/dc/elements/1.1/">
<dublinCore>
<dc:title>117 S169 IS: Artistic Recognition for Talented Students Act</dc:title>
<dc:publisher>U.S. Senate</dc:publisher>
<dc:date>2021-02-02</dc:date>
<dc:format>text/xml</dc:format>
<dc:language>EN</dc:language>
<dc:rights>Pursuant to Title 17 Section 105 of the United States Code, this file is not subject to copyright protection and is in the public domain.</dc:rights>
</dublinCore>
</metadata>
<form>
<distribution-code display="yes">II</distribution-code><congress>117th CONGRESS</congress><session>1st Session</session><legis-num>S. 169</legis-num><current-chamber>IN THE SENATE OF THE UNITED STATES</current-chamber><action><action-date date="20210202">February 2, 2021</action-date><action-desc><sponsor name-id="S384">Mr. Tillis</sponsor> (for himself and <cosponsor name-id="S057">Mr. Leahy</cosponsor>) introduced the following bill; which was read twice and referred to the <committee-name committee-id="SSJU00">Committee on the Judiciary</committee-name></action-desc></action><legis-type>A BILL</legis-type><official-title>To amend title 17, United States Code, to require the Register of Copyrights to waive fees for filing an application for registration of a copyright claim in certain circumstances, and for other purposes.</official-title></form><legis-body display-enacting-clause="yes-display-enacting-clause"><section section-type="section-one" id="S1"><enum>1.</enum><header>Short title</header><text display-inline="no-display-inline">This Act may be cited as the <quote><short-title>Artistic Recognition for Talented Students Act</short-title></quote> or the <quote><short-title>ARTS Act</short-title></quote>.</text></section><section id="idBEDA294912584614B6C7D5073027EFB2"><enum>2.</enum><header>Waiver of fees for winners of certain competitions</header><text display-inline="no-display-inline">Section 708 of title 17, United States Code, is amended by adding at the end the following:</text><quoted-block style="OLC" id="id9F5893AD6EFE4477AF4A1402D5B20743" act-name=""><subsection id="id3D73D020A8AE454795F4ADA36F6BF351"><enum>(e)</enum><paragraph commented="no" display-inline="yes-display-inline" id="id893A0F753A4643ED8BEE35774514A333"><enum>(1)</enum><text>In this subsection, the term <term>covered competition</term> means— </text><subparagraph id="id9B6134B494DA458D81BD91F70A55EEDE" indent="up1"><enum>(A)</enum><text>an art competition sponsored by the Congressional Institute that is open only to high school students; or</text></subparagraph><subparagraph indent="up1" id="id8C6DA64487024650886823AAB9D5223B"><enum>(B)</enum><text>the competition established under section 3 of House Resolution 77, 113th Congress, agreed to February 26, 2013.</text></subparagraph></paragraph><paragraph id="idE9F1F9E97DE0421DBCF2ABF75B7A369A" indent="up1"><enum>(2)</enum><text>With respect to a work that wins a covered competition, the Register of Copyrights— </text><subparagraph id="idF808AF063929441EBAD8A320E17432C6"><enum>(A)</enum><text>shall waive the requirement under subsection (a)(1) with respect to an application for registration of a copyright claim for that work if that application is submitted to the Copyright Office not later than the last day of the calendar year following the year in which the work claimed by the application wins the covered competition (referred to in this paragraph as the <quote>covered year</quote>); and</text></subparagraph><subparagraph id="id7163F8F336D041569F64F725589BC5B2"><enum>(B)</enum><text>may waive a fee described in subparagraph (A) for an application submitted after the end of the covered year if the fee would have been waived under that subparagraph had the application been submitted before the last day of the covered year.</text></subparagraph></paragraph></subsection><after-quoted-block>.</after-quoted-block></quoted-block></section></legis-body></bill> 

