<?xml version="1.0"?>
<?xml-stylesheet type="text/xsl" href="billres.xsl"?>
<!DOCTYPE bill PUBLIC "-//US Congress//DTDs/bill.dtd//EN" "bill.dtd">
<bill bill-type="olc" bill-stage="Introduced-in-Senate" dms-id="A1" public-private="public" slc-id="S1-SIL21276-PP9-F5-33G"><metadata xmlns:dc="http://purl.org/dc/elements/1.1/">
<dublinCore>
<dc:title>117 S452 IS: Willie O’Ree Congressional Gold Medal Act</dc:title>
<dc:publisher>U.S. Senate</dc:publisher>
<dc:date>2021-02-25</dc:date>
<dc:format>text/xml</dc:format>
<dc:language>EN</dc:language>
<dc:rights>Pursuant to Title 17 Section 105 of the United States Code, this file is not subject to copyright protection and is in the public domain.</dc:rights>
</dublinCore>
</metadata>
<form>
<distribution-code display="yes">II</distribution-code><congress>117th CONGRESS</congress><session>1st Session</session><legis-num>S. 452</legis-num><current-chamber>IN THE SENATE OF THE UNITED STATES</current-chamber><action><action-date date="20210225">February 25, 2021</action-date><action-desc><sponsor name-id="S284">Ms. Stabenow</sponsor> (for herself and <cosponsor name-id="S365">Mr. Scott of South Carolina</cosponsor>) introduced the following bill; which was read twice and referred to the <committee-name committee-id="SSBK00">Committee on Banking, Housing, and Urban Affairs</committee-name></action-desc></action><legis-type>A BILL</legis-type><official-title>To award a Congressional Gold Medal to Willie O’Ree, in recognition of his extraordinary contributions and commitment to hockey, inclusion, and recreational opportunity.</official-title></form><legis-body style="OLC" display-enacting-clause="yes-display-enacting-clause" id="H1430046781844515A31F7622540DF140"><section section-type="section-one" id="H540C0062766B4729B8E130BD95EC7501"><enum>1.</enum><header>Short title</header><text display-inline="no-display-inline">This Act may be cited as the <quote><short-title>Willie O’Ree Congressional Gold Medal Act</short-title></quote>.</text></section><section id="H8D8B62E32BC64C8DADB0F828CCB90F18"><enum>2.</enum><header>Findings</header><text display-inline="no-display-inline">Congress finds the following:</text><paragraph id="H150A699ED1F34D77A0D4181D1C611794"><enum>(1)</enum><text>Willie O’Ree was the first Black player to compete in the National Hockey League (NHL), appearing for the Boston Bruins on January 18, 1958, in the throes of the civil rights movement in the United States helping to end racial segregation in the premier professional ice hockey league; he is widely referred to as the <quote>Jackie Robinson of Hockey</quote>.</text></paragraph><paragraph id="HB93CB74908EB4F16A67AEDE37DACE9CA"><enum>(2)</enum><text>Willie O’Ree was born October 15, 1935, in Fredericton, New Brunswick, Canada; he is the youngest of 13 children and a descendant of Paris O’Ree, whose name appears in the famous historical document <quote>The Book of Negroes</quote>.</text></paragraph><paragraph id="H91982853A37C44FABA8820C8E9FEFF55"><enum>(3)</enum><text>Willie O’Ree was raised by his parents in Fredericton, a predominantly White town where hockey was deeply rooted within the culture. O’Ree was a standout athlete on the ice and the baseball diamond.</text></paragraph><paragraph id="H0E5587D2F23B471E89392D0B0E81DAF1"><enum>(4)</enum><text>At age 21, O’Ree was being scouted by professional baseball teams and seriously considered baseball as a career. Upon experiencing the segregated South for the first time while appearing for a minor league tryout, his dream changed and his attention turned solely to ice hockey.</text></paragraph><paragraph id="H07FE12C93A3D4F83AC60F5F77C606C71"><enum>(5)</enum><text>While playing amateur hockey, Willie was struck in his right eye with a puck and lost his eyesight. He was told by doctors to abandon his hockey career; instead, never disclosing the extent of his injury, he pursued his dream of playing professional hockey.</text></paragraph><paragraph id="H45E230F892BF46C5A21162D36A23A079"><enum>(6)</enum><text>At the age of 22, O’Ree was called up from the Quebec Aces of the Quebec Hockey League (QHL) to play for the NHL’s Boston Bruins at a time when only 6 teams existed in the league. O’Ree was unaware he had broken the color barrier at the top level of the sport until he read it in the newspaper the following day.</text></paragraph><paragraph id="HE121A159B86B47DEAD5D3621ED3E6D5E"><enum>(7)</enum><text>Blind in 1 eye and a victim of racism at times throughout his career, O’Ree persevered and played professional hockey for 22 years, tallying over 1,000 points.</text></paragraph><paragraph id="HFBCD69DB91384D52818818A042E27BB7"><enum>(8)</enum><text>In 1996, 17 years after O’Ree retired from professional hockey, the National Hockey League hired O’Ree as the first-ever Diversity Ambassador. Having already changed the game forever through his courage and convictions, O’Ree gives new definition to what it means to be a trailblazer.</text></paragraph><paragraph id="HBC6F15D74B1949289C1F80AE249B1FE3"><enum>(9)</enum><text>In this role as Diversity Ambassador with the NHL, O’Ree set out to grow the sport by providing access, opportunity, and motivation for children of all races, ethnicities, origins, and abilities. With O’Ree providing a vivid example of what is possible and serving as a relentless supporter of children pursuing their dreams, more than 30 nonprofit youth organizations, dubbed Hockey is for Everyone programs, were developed across North America, each committed to offering minority and underserved children an opportunity to play hockey, leveraging the sport to build character, foster positive values, and develop important life skills.</text></paragraph><paragraph id="H2D26421C0F5F496997FD7A011D6A318A"><enum>(10)</enum><text>Through Hockey is for Everyone programs, more than 120,000 boys and girls have been positively impacted. O’Ree has devoted nearly 2,500 days on the ground with the youth participants, visiting more than 500 schools, community centers, and rinks to speak to hockey’s core values and beliefs: stay in school; set goals for yourself; remain committed and disciplined; and always respect your teammates, coaches, and parents.</text></paragraph><paragraph id="H628058BF33D248CC8CD16BCBF3D7ECB9"><enum>(11)</enum><text>Hockey is for Everyone programs have provided important opportunities for youth to partake in physical fitness. Today in the United States, fewer than half of the children ages 6–11 engage in the recommended amount of physical activity, and that number is lower for low-income families. O’Ree has stood as a champion of youth athletic participation and its health benefits for decades.</text></paragraph><paragraph id="H4C63B8527BE8498E85C7B3154ABC754E"><enum>(12)</enum><text>Hockey is for Everyone programs provide numerous off-ice services to youth: SAT and academic tutoring, mentoring, nutrition education, college counseling, community service opportunities, and more. The program has excelled at using hockey as a vehicle to improve the social and emotional wellness of youth and improve students’ academic performances both in primary school and beyond.</text></paragraph><paragraph id="H69AA23A16E5347B49B988F2CC8D492BD"><enum>(13)</enum><text display-inline="yes-display-inline">O’Ree was also named a Member of the Order of Canada in 2008 and, in 2018, the City of Boston released an official Proclamation recognizing January 18, the anniversary of the day he broke into the game, as <quote>Willie O’Ree Day</quote>.</text></paragraph><paragraph id="HAA355EDCD0FB4286AC2F5FEF9671DA3A"><enum>(14)</enum><text>In November 2018, 60 years after O’Ree entered the NHL, he was inducted into the Hockey Hall of Fame in the <quote>builder</quote> category in recognition of his efforts to grow the game, using his position and the platform of hockey to improve the lives of children throughout North America.</text></paragraph></section><section id="H4540BB9AEAE74B9E93E3D1B86C590C21"><enum>3.</enum><header>Congressional gold medal</header><subsection id="H090511689FF7496484B4F95399F732F2"><enum>(a)</enum><header>Award authorized</header><text display-inline="yes-display-inline">The Speaker of the House of Representatives and the President pro tempore of the Senate shall make appropriate arrangements for the award, on behalf of the Congress, of a single gold medal of appropriate design to Willie O’Ree, or if unavailable, to a member of his family, in recognition of his extraordinary contributions and commitment to hockey, inclusion, and recreational opportunity.</text></subsection><subsection id="H3A07013F63574731906AD4AF584CD416"><enum>(b)</enum><header>Design and striking</header><text>For the purposes of the award referred to in subsection (a), the Secretary of the Treasury (hereafter in this Act referred to as the <quote>Secretary</quote>) shall strike the gold medal with suitable emblems, devices, and inscriptions, to be determined by the Secretary. The design shall bear an image of, and an inscription of the name of, Willie O’Ree. </text></subsection></section><section id="H714ABD4E2BFA4868A9E690626639240E"><enum>4.</enum><header>Duplicate medals</header><text display-inline="no-display-inline">Under such regulations as the Secretary may prescribe, the Secretary may strike and sell duplicates in bronze of the gold medal struck under section 3, at a price sufficient to cover the costs of the medals, including labor, materials, dies, use of machinery, and overhead expenses.</text></section><section id="H6B00E48CE8E14635B3AA7A720B33BB06"><enum>5.</enum><header>Status of medals</header><text display-inline="no-display-inline">Medals struck pursuant to this Act are national medals for purposes of <external-xref legal-doc="usc-chapter" parsable-cite="usc-chapter/31/51">chapter 51</external-xref> of title 31, United States Code.</text></section></legis-body></bill>


