<?xml version="1.0"?>
<?xml-stylesheet type="text/xsl" href="billres.xsl"?>
<!DOCTYPE bill PUBLIC "-//US Congress//DTDs/bill.dtd//EN" "bill.dtd">
<bill bill-stage="Introduced-in-Senate" dms-id="A1" public-private="public" slc-id="S1-ROS21063-R3D-H6-S5X"><metadata xmlns:dc="http://purl.org/dc/elements/1.1/">
<dublinCore>
<dc:title>117 S67 IS: Support for Global Financial Institution Pandemic Response Act of 2021</dc:title>
<dc:publisher>U.S. Senate</dc:publisher>
<dc:date>2021-01-27</dc:date>
<dc:format>text/xml</dc:format>
<dc:language>EN</dc:language>
<dc:rights>Pursuant to Title 17 Section 105 of the United States Code, this file is not subject to copyright protection and is in the public domain.</dc:rights>
</dublinCore>
</metadata>
<form>
<distribution-code display="yes">II</distribution-code><congress>117th CONGRESS</congress><session>1st Session</session><legis-num>S. 67</legis-num><current-chamber>IN THE SENATE OF THE UNITED STATES</current-chamber><action><action-date date="20210127">January 27, 2021</action-date><action-desc><sponsor name-id="S253">Mr. Durbin</sponsor> (for himself, <cosponsor name-id="S313">Mr. Sanders</cosponsor>, <cosponsor name-id="S259">Mr. Reed</cosponsor>, <cosponsor name-id="S308">Mr. Cardin</cosponsor>, <cosponsor name-id="S322">Mr. Merkley</cosponsor>, and <cosponsor name-id="S057">Mr. Leahy</cosponsor>) introduced the following bill; which was read twice and referred to the <committee-name committee-id="SSFR00">Committee on Foreign Relations</committee-name></action-desc></action><legis-type>A BILL</legis-type><official-title>To support efforts by international financial institutions to provide a robust global response to the COVID–19 pandemic.</official-title></form><legis-body display-enacting-clause="yes-display-enacting-clause"><section section-type="section-one" id="ide3339fe0e2ac469a8c8abb0b493daf74"><enum>1.</enum><header>Short title</header><text display-inline="no-display-inline">This Act may be cited as the <quote><short-title>Support for Global Financial Institution Pandemic Response Act of 2021</short-title></quote>.</text></section><section id="idDDFB3ED5238E42D5813829900C6FE756"><enum>2.</enum><header>Support for a robust global response to the COVID–19 pandemic</header><subsection id="id273dab07c96e44aea94ec944e195d193"><enum>(a)</enum><header>United States policies at the international financial institutions</header><paragraph id="id66D58F578770441F93D2313153DBA99D"><enum>(1)</enum><header>In general</header><text>The Secretary of the Treasury shall instruct the United States Executive Director of each international financial institution (as defined in section 1701(c)(2) of the International Financial Institutions Act (<external-xref legal-doc="usc" parsable-cite="usc/22/262r">22 U.S.C. 262r(c)(2)</external-xref>) to use the voice and vote of the United States at that institution—</text><subparagraph id="id6d810d4208d24c0f8873ede77241d688"><enum>(A)</enum><text>to seek to ensure adequate fiscal space for world economies in response to the global coronavirus disease 2019 (commonly referred to as <quote>COVID–19</quote>) pandemic through—</text><clause id="id6CD15B1FF3054D1DAC7B3538B711725B"><enum>(i)</enum><text>the suspension of all debt service payments to the institution; and </text></clause><clause id="id8EB1AAB390A74B87ACE383C517B7982F"><enum>(ii)</enum><text>the relaxation of fiscal targets for any government operating a program supported by the institution, or seeking financing from the institution, in response to the pandemic; </text></clause></subparagraph><subparagraph id="id97516bc9794a4b9d8831f0f7ffbacbef"><enum>(B)</enum><text>to oppose any loan, grant, document, or strategy that would lead to a decrease in health care spending or in any other spending that would impede the ability of any country to prevent or contain the spread of, or treat persons who are or may be infected with, the SARS–CoV–2 virus; and</text></subparagraph><subparagraph id="idb77ee386222c4940928daaa9da4e4ddf"><enum>(C)</enum><text>to require approval of all Special Drawing Rights allocation transfers from wealthier member countries to countries that are emerging markets or developing countries, based on confirmation of implementable transparency mechanisms or protocols to ensure the allocations are used for the public good and in response the global pandemic.</text></subparagraph></paragraph><paragraph id="idd11465da91e6488dbce22b7c5d3e8701"><enum>(2)</enum><header>Report required</header><text>The Chairman of the National Advisory Council on International Monetary and Financial Policies shall include in the annual report required by section 1701 of the International Financial Institutions Act (<external-xref legal-doc="usc" parsable-cite="usc/22/262r">22 U.S.C. 262r</external-xref>) a description of progress made toward advancing the policies described in paragraph (1). </text></paragraph></subsection><subsection id="idb175da930e8745f1af0eb90e0f6eb32e"><enum>(b)</enum><header>IMF issuance of special drawing rights</header><paragraph id="id8FF289AC30B24952AB76552855614F67"><enum>(1)</enum><header>United States support for issuance</header><text>The Secretary of the Treasury shall instruct the United States Executive Director of the International Monetary Fund to use the voice and vote of the United States to support the issuance of a special allocation of not less than 2,000,000,000,000 Special Drawing Rights so that governments are able to access additional resources to finance their responses to the global COVID–19 pandemic.</text></paragraph><paragraph id="id34fc4fbe85af4570ad983374b450af38"><enum>(2)</enum><header>Authorization to vote for allocation</header><text>Notwithstanding section 6(a) of the Special Drawing Rights Act (<external-xref legal-doc="usc" parsable-cite="usc/22/286q">22 U.S.C. 286q(a)</external-xref>), the United States Governor of the International Monetary Fund may vote to allocate up to 2,000,000,000,000 Special Drawing Rights under article XVIII of the Articles of Agreement of the International Monetary Fund. </text></paragraph></subsection><subsection id="id994c56ecba6c4a34babd41280faa96d2"><enum>(c)</enum><header>Termination</header><text>Subsections (a) and (b) shall have no force or effect after the earlier of—</text><paragraph id="idc952a050ae2d4f2aa507ebac5ea3f42b"><enum>(1)</enum><text>the date that is one year after the date of the enactment of this Act; or</text></paragraph><paragraph id="id7ce9e71fff8e4965a965e936d7da7fef"><enum>(2)</enum><text>the date that is 30 days after the date on which the Secretary of the Treasury, in consultation with the Secretary of Health and Human Services and the heads of other relevant Federal agencies, submits to the Committee on Foreign Relations of the Senate and the Committee on Financial Services of the House of Representatives a report stating that the SARS–CoV–2 virus is no longer a serious threat to public health in any part of the world. </text></paragraph></subsection></section></legis-body></bill> 

