<?xml version="1.0"?>
<?xml-stylesheet type="text/xsl" href="billres.xsl"?>
<!DOCTYPE bill PUBLIC "-//US Congress//DTDs/bill.dtd//EN" "bill.dtd">
<bill bill-stage="Introduced-in-Senate" dms-id="A1" public-private="public" slc-id="S1-OLL21170-FWC-9H-Y3D"><metadata xmlns:dc="http://purl.org/dc/elements/1.1/">
<dublinCore>
<dc:title>117 S256 IS: Southern Border Communities Reimbursement Act of 2021</dc:title>
<dc:publisher>U.S. Senate</dc:publisher>
<dc:date>2021-02-04</dc:date>
<dc:format>text/xml</dc:format>
<dc:language>EN</dc:language>
<dc:rights>Pursuant to Title 17 Section 105 of the United States Code, this file is not subject to copyright protection and is in the public domain.</dc:rights>
</dublinCore>
</metadata>
<form>
<distribution-code display="yes">II</distribution-code><congress>117th CONGRESS</congress><session>1st Session</session><legis-num>S. 256</legis-num><current-chamber>IN THE SENATE OF THE UNITED STATES</current-chamber><action><action-date date="20210204">February 4, 2021</action-date><action-desc><sponsor name-id="S359">Mr. Heinrich</sponsor> (for himself, <cosponsor name-id="S287">Mr. Cornyn</cosponsor>, and <cosponsor name-id="S409">Mr. Luján</cosponsor>) introduced the following bill; which was read twice and referred to the <committee-name committee-id="SSBK00">Committee on Banking, Housing, and Urban Affairs</committee-name></action-desc></action><legis-type>A BILL</legis-type><official-title>To provide funding for humanitarian relief at the southern border of the United States.</official-title></form><legis-body><section id="S1" section-type="section-one"><enum>1.</enum><header>Short title</header><text display-inline="no-display-inline">This Act may be cited as the <quote><short-title>Southern Border Communities Reimbursement Act of 2021</short-title></quote>.</text></section><section section-type="subsequent-section" id="id417E7FF879FA4CC889516EF2C5715C40"><enum>2.</enum><header>Funding for humanitarian relief at the border</header><subsection id="idabd8b288292944fca25bdbd376f07d4f"><enum>(a)</enum><header>Authorization of appropriations</header><text>There is authorized to be appropriated for the emergency food and shelter program under title III of the McKinney-Vento Homeless Assistance Act (<external-xref legal-doc="usc" parsable-cite="usc/42/11331">42 U.S.C. 11331</external-xref> et seq.), for use only under subsection (b) of this section, $30,000,000 for each of fiscal years 2021, 2022, and 2023.</text></subsection><subsection id="id279c4875b36444f9b4b2289bfd025226"><enum>(b)</enum><header>Use</header><paragraph id="idF82AC9F3965141BB8A9B1833A30C70DE"><enum>(1)</enum><header>Eligible costs</header><text>Amounts made available under subsection (a) may be used only to reimburse costs related to providing humanitarian relief to aliens, including the cost of emergency preparedness activities.</text></paragraph><paragraph id="id7be75be6ab804d9ab39cb76d425500db"><enum>(2)</enum><header>Disbursement deadline</header><text>Notwithstanding sections 315 and 316(b) of the McKinney-Vento Homeless Assistance Act (<external-xref legal-doc="usc" parsable-cite="usc/42/11345">42 U.S.C. 11345</external-xref>, 11346(b)), the Emergency Food and Shelter Program National Board shall begin disbursing the amounts made available under subsection (a) of this section not later than 60 days after the date on which the amounts become available.</text></paragraph><paragraph id="id5debe13a8e3a4b85b5399af7cf826faa"><enum>(3)</enum><header>Distribution</header><text>Of the amounts made available for a fiscal year under subsection (a), the Emergency Food and Shelter Program National Board shall distribute—</text><subparagraph id="id4cafb54ac1f84d9183724206541a08a3"><enum>(A)</enum><text>$25,000,000 to jurisdictions or local recipient organizations serving communities in the States of Arizona, California, New Mexico, and Texas; and</text></subparagraph><subparagraph id="ida7650bc7d1774a0e9951fddda29297ab"><enum>(B)</enum><text>$5,000,000 to jurisdictions or local recipient organizations serving communities in States not located along the international border between the United States and Mexico.</text></subparagraph></paragraph><paragraph id="id3ca216f696c24280859f4404e8e503de"><enum>(4)</enum><header>Eligible period</header><text>Amounts made available under subsection (a) may be used to reimburse jurisdictions or local recipient organizations described in paragraph (3) of this subsection only for costs incurred on or after October 1, 2020.</text></paragraph></subsection></section></legis-body></bill> 

