<?xml version="1.0"?>
<?xml-stylesheet type="text/xsl" href="billres.xsl"?>
<!DOCTYPE bill PUBLIC "-//US Congress//DTDs/bill.dtd//EN" "bill.dtd">
<bill bill-stage="Introduced-in-Senate" dms-id="A1" public-private="public" slc-id="S1-WIL21186-XH0-LH-3VJ"><metadata xmlns:dc="http://purl.org/dc/elements/1.1/">
<dublinCore>
<dc:title>117 S476 IS: Pandemic Heroes Compensation Act of 2021</dc:title>
<dc:publisher>U.S. Senate</dc:publisher>
<dc:date>2021-02-25</dc:date>
<dc:format>text/xml</dc:format>
<dc:language>EN</dc:language>
<dc:rights>Pursuant to Title 17 Section 105 of the United States Code, this file is not subject to copyright protection and is in the public domain.</dc:rights>
</dublinCore>
</metadata>
<form>
<distribution-code display="yes">II</distribution-code><congress>117th CONGRESS</congress><session>1st Session</session><legis-num>S. 476</legis-num><current-chamber>IN THE SENATE OF THE UNITED STATES</current-chamber><action><action-date date="20210225">February 25, 2021</action-date><action-desc><sponsor name-id="S386">Ms. Duckworth</sponsor> (for herself, <cosponsor name-id="S341">Mr. Blumenthal</cosponsor>, <cosponsor name-id="S369">Mr. Markey</cosponsor>, <cosponsor name-id="S322">Mr. Merkley</cosponsor>, <cosponsor name-id="S331">Mrs. Gillibrand</cosponsor>, and <cosponsor name-id="S362">Mr. Kaine</cosponsor>) introduced the following bill; which was read twice and referred to the <committee-name committee-id="SSJU00">Committee on the Judiciary</committee-name></action-desc></action><legis-type>A BILL</legis-type><official-title>To provide for the establishment of a COVID–19 Compensation Fund, and for other purposes.</official-title></form><legis-body display-enacting-clause="yes-display-enacting-clause" id="HB63265651F904704A48B83D739B674BD"><section id="HCDB93D5A7A2546A4AEF0BA63B0655279" section-type="section-one"><enum>1.</enum><header>Short title</header><text display-inline="no-display-inline">This Act may be cited as the <quote><short-title>Pandemic Heroes Compensation Act of 2021</short-title></quote>.</text></section><section id="HFAAE3209E958460F996F68D1BCFD4B19"><enum>2.</enum><header>Definitions</header><text display-inline="no-display-inline">In this Act, the following definitions apply:</text><paragraph id="H389A0C74F46847DCBEEC4085DCD0460F"><enum>(1)</enum><header>Claimant</header><text>The term <term>claimant</term>' means an individual filing a claim for compensation under this Act.</text></paragraph><paragraph id="H70D2A896367848DCA8E953593529627B"><enum>(2)</enum><header>Collateral source</header><text>The term <term>collateral source</term> means all compensation other than compensation under this Act, including life insurance, pension funds, death benefit programs, and payments by Federal, State, Territory, or local Governments.</text></paragraph><paragraph id="HF3A656D199E7495AB06C49DCAFBD0A50"><enum>(3)</enum><header>COVID–<enum-in-header>19</enum-in-header></header><text>The term <term>COVID–19</term> means novel coronavirus disease 2019, as identified by the Centers for Disease Control and Prevention.</text></paragraph><paragraph id="HDCFF6AD072B446AAB6E3939DA0AE7CA9"><enum>(4)</enum><header>Economic loss</header><text display-inline="yes-display-inline">The term <term>economic loss</term> means any pecuniary loss (including the loss of earnings or other benefits related to employment, medical expense loss, replacement services loss, loss due to death, burial costs, and loss of business or employment opportunities) resulting from harm due to COVID–19 to the extent recovery for such loss is allowed under applicable Federal, State, local, Tribal, or territorial law.</text></paragraph><paragraph id="H725F5FF259C941F694F6F7D4B0E2F67C"><enum>(5)</enum><header>Essential worker</header><text display-inline="yes-display-inline">The term <term>essential worker</term> means any individual, employee, or contractor working for a person, business, nonprofit entity, or Federal, State, tribal, territorial or local government that is determined, during the response to the COVID–19 pandemic, to be essential, based on State, local, tribal, or territorial orders or declarations (or equivalent), or Federal guidance published by the Cybersecurity and Infrastructure Security Agency (CISA), and who performed work outside their place of residence.</text></paragraph><paragraph id="H6FDE34C2A6D246998778C8881FF639DE"><enum>(6)</enum><header>Noneconomic losses</header><text display-inline="yes-display-inline">The term <term>noneconomic losses</term> means losses for physical and emotional pain, suffering, inconvenience, physical impairment, mental anguish, disfigurement, loss of enjoyment of life, loss of society and companionship, loss of consortium (other than loss of domestic service), hedonic damages, injury to reputation, and all other nonpecuniary losses of any kind or nature. </text></paragraph><paragraph id="H94FF85DD8D5C450AB3EEE7C334604B72"><enum>(7)</enum><header>Special Master</header><text>The term <term>Special Master</term> means the Special Master appointed by the Attorney General under section 3.</text></paragraph><paragraph id="HC0E3DE486BD145C6B4874721FB26B181"><enum>(8)</enum><header>Place of residence</header><text display-inline="yes-display-inline">The term <term>place of residence</term> means the physical location or locations at which claimant resided or was residing during the eligibility period. </text></paragraph><paragraph id="H7991D5C8DDD74253841D91FEEC201218"><enum>(9)</enum><header>Eligibility period</header><text display-inline="yes-display-inline">The term <term>eligibility period</term> means any time during which any Federal, State, Tribal, territorial, or local COVID–19-related emergency order or declaration (or equivalent) is or was in effect, regardless of the claimant’s place of residence. </text></paragraph></section><section id="H154AFE10CF3A4E27922BA20771615A29"><enum>3.</enum><header>Administration</header><subsection id="H9A235B79C4624E36BDE1FF606542A325"><enum>(a)</enum><header>In general</header><text display-inline="yes-display-inline">The Attorney General, acting through a Special Master appointed by the Attorney General, shall—</text><paragraph id="H7F250B804DBD4EC7B1C830EAA3684352"><enum>(1)</enum><text>administer the compensation program established under this Act; </text></paragraph><paragraph id="H90BB9922452A4492A64712F0FC69B2D6"><enum>(2)</enum><text>promulgate all procedural and substantive rules for the administration of this Act; and</text></paragraph><paragraph id="HB8BE26922B6549F9AEAF82D20A7FC5F6"><enum>(3)</enum><text>employ and supervise hearing officers and other administrative personnel to perform the duties of the Special Master under this Act.</text></paragraph></subsection><subsection id="H9DFDDF58D9044B17A57D749B5A0FBD3F"><enum>(b)</enum><header>Appointment of Special Master and Deputy Special Masters</header><text>The Attorney General may appoint a Special Master and no more than two Deputy Special Masters without regard to the provisions of title 5, United States Code, governing appointments in the competitive service. Any such employee shall serve at the pleasure of the Attorney General. The Attorney General shall fix the annual salary of the Special Master and the Deputy Special Masters. </text></subsection><subsection id="HE5667205637241CBA99104DAA84AC916"><enum>(c)</enum><header>Authorization of Appropriations</header><text>There are authorized to be appropriated such sums as may be necessary to pay the administrative and support costs for the Special Master in carrying out this Act. </text></subsection></section><section id="HA557FB2C5BDB44E2A7E8F7FBA81E09CC"><enum>4.</enum><header>Determination of eligibility for compensation</header><subsection id="HE038682C356548A28666945D074FA13B"><enum>(a)</enum><header>Filing of claim</header><paragraph id="H7BEE31D2EB3B402B8A55142DD7A8C941"><enum>(1)</enum><header>In general</header><text>A claimant may file a claim for compensation under this Act with the Special Master. The claim shall be on the form developed under paragraph (2) and shall state the factual basis for eligibility for compensation and the amount of compensation sought.</text></paragraph><paragraph id="H613FF0DF0F03453E971D1579A500878A"><enum>(2)</enum><header>Claim form</header><subparagraph id="H9AFA9F00EBF2485EACED64D62A0C248E"><enum>(A)</enum><header>In general</header><text>The Special Master shall develop a claim form that claimants shall use when submitting claims under paragraph (1). The Special Master shall ensure that such form can be filed electronically, if determined to be practicable.</text></subparagraph><subparagraph id="HFE4455B83D1B480BA1E3AB680B626B9E"><enum>(B)</enum><header>Contents</header><text>The form developed under subparagraph (A) shall request—</text><clause id="HE69D925C2DD84EA79A36CB34EC59E91A"><enum>(i)</enum><text display-inline="yes-display-inline">information from the claimant concerning the harm that the claimant suffered as a result of COVID–19, or in the case of a claim filed on behalf of a decedent, information confirming the decedent’s death, as a result of COVID–19;</text></clause><clause id="HD3EA7B5873B443E98BE567D4D5E465B3"><enum>(ii)</enum><text>information establishing that the claimant or decedent was an essential worker; </text></clause><clause id="H25F41E73B7D249459311521071C31E24"><enum>(iii)</enum><text>information from the claimant concerning any possible economic and noneconomic losses that the claimant suffered as a result of COVID–19 or that was caused by the death of the decedent from COVID–19; and</text></clause><clause id="H4A2D026A3244421293855EF486E48F6B"><enum>(iv)</enum><text>information regarding collateral sources of compensation the claimant has received or is entitled to receive as a result of COVID–19.</text></clause></subparagraph></paragraph><paragraph id="H6A02007E480848E384F0F36266877353"><enum>(3)</enum><header>Limitation</header><text display-inline="yes-display-inline">No claim may be filed under paragraph (1) after the date that is 5 years after the end of the eligibility period.</text></paragraph></subsection><subsection id="H0C13A81638D4441B90F413A395630D48"><enum>(b)</enum><header>Review and determination</header><paragraph id="H7CAC86E16E494E079D72EFF7FD5ABAF8"><enum>(1)</enum><header>Review</header><text>The Special Master shall review a claim submitted under subsection (a) and determine—</text><subparagraph id="H5F6EF8C047B540C485D7CB06926AEAE7"><enum>(A)</enum><text>whether the claimant is an eligible individual under subsection (c); and</text></subparagraph><subparagraph id="H92EC8E31339340A5AD724A266166F844"><enum>(B)</enum><text>with respect to a claimant determined to be an eligible individual—</text><clause id="HF2FDED34DD9142688D81DC433A9E40DB"><enum>(i)</enum><text>the extent of the harm to the claimant, including any economic and noneconomic losses; and</text></clause><clause id="HAEA410F2428A4917A9D87EE49C82980E"><enum>(ii)</enum><text>subject to paragraph (7), the amount of compensation to which the claimant is entitled based on the harm to the claimant, the facts of the claim, and the individual circumstances of the claimant.</text></clause></subparagraph></paragraph><paragraph id="H20499CC192054260B15AD98D55B0DCD3"><enum>(2)</enum><header>Negligence</header><text>With respect to a claimant, the Special Master shall not consider negligence or any other theory of liability.</text></paragraph><paragraph id="HCDFE9ED9ED884C1F8B74035DBD88071F"><enum>(3)</enum><header>Determination</header><text>A determination under this subsection shall be final and not subject to judicial review.</text></paragraph><paragraph id="HB0D82F74716042F4BB22F676762A89A7"><enum>(4)</enum><header>Rights of claimant</header><text>A claimant in a review under paragraph (1) shall have—</text><subparagraph id="H610823E2B9194E6D9F74B8BBFF21BDF2"><enum>(A)</enum><text>the right to be represented by an attorney or other representative;</text></subparagraph><subparagraph id="H22176CA7526942DFA38B1BB7496805FC"><enum>(B)</enum><text>the right to present evidence, including the presentation of witnesses and documents; and</text></subparagraph><subparagraph id="HB61B8D5C672A426FA2539375E34CFFBC"><enum>(C)</enum><text>any other due process rights determined appropriate by the Special Master.</text></subparagraph></paragraph><paragraph id="HC903DEC507344D7EA293585DE6B68A9E"><enum>(5)</enum><header>No punitive damages</header><text>The Special Master may not include amounts for punitive damages in any compensation paid under a claim under this Act.</text></paragraph><paragraph id="H29530F187459489C9A3B1B4AF7619849"><enum>(6)</enum><header>Collateral compensation</header><text display-inline="yes-display-inline">The Special Master shall reduce the amount of compensation determined under paragraph (1) by the amount of the collateral source compensation the claimant has received or is entitled to receive as a result of the claimant suffering from COVID–19. </text></paragraph><paragraph id="H0DF49A1F166A44B8A2D9240865B94E9D"><enum>(7)</enum><header>Limitations on claims</header><text display-inline="yes-display-inline">Noneconomic losses shall not exceed such limit as the Special Master may impose.</text></paragraph></subsection><subsection id="H2176C3F44E11480D80C1DBFA85A8EC00"><enum>(c)</enum><header>Eligibility</header><paragraph id="H5988C8C6A3C54324A4382974B0A64851"><enum>(1)</enum><header>In general</header><text>A claimant or decedent shall be determined to be an eligible individual for purposes of this subsection if the Special Master determines that such claimant or decedent—</text><subparagraph id="HA2B14733CDB44450BBF58BF4719F8A45"><enum>(A)</enum><text>was designated an essential worker during the eligibility period or was a family member of such an essential worker who resided with the essential worker during the eligibility period;</text></subparagraph><subparagraph id="H357D1ECE0D6C4DDAB12EEC7D90C28BDE"><enum>(B)</enum><text display-inline="yes-display-inline">expressed symptoms consistent with COVID–19, including those with laboratory confirmations, diagnosis by a healthcare provider, or for whom there is or was an absence of an alternate diagnosis that explains claimant’s or decedent’s symptoms;</text></subparagraph><subparagraph id="H16A44BA7C3D843EE8DEE0BEAE2919B49"><enum>(C)</enum><text>suffered economic loss; and</text></subparagraph><subparagraph id="H9B0DE342FD1244258CD37944461A4A5D"><enum>(D)</enum><text>meets the requirements of paragraph (2).</text></subparagraph></paragraph><paragraph id="HC0E5EA5DE7054A489C4B3DC07832AD60"><enum>(2)</enum><header>Single claim</header><text display-inline="yes-display-inline">Not more than one claim may be submitted under this Act by an individual or on behalf of a deceased individual. If the claimant dies during the pendency of a claim, the decedent's family or other individual representing the decedent may continue the claimant's claim with added expenses related to the claimant’s death, as needed.</text></paragraph></subsection></section><section id="H4CB78154C562457FBBB78C1440EC4ECD"><enum>5.</enum><header>Assistance to Claimants</header><text display-inline="no-display-inline"> The Special Master will establish an office to provide assistance to all claimants in submitting claims.</text></section><section id="HDB1410B0537041E08E3C72223C02724E"><enum>6.</enum><header>Payments to eligible individuals</header><subsection id="H7994E74042074F288765999879B552A7"><enum>(a)</enum><header>In general</header><text display-inline="yes-display-inline">Subject to the limitations under subsection (d), not later than 20 days after the date on which a determination is made by the Special Master regarding the amount of compensation due a claimant under this Act, the Special Master shall authorize payment to such claimant of the amount determined with respect to the claimant. </text></subsection><subsection id="H8DC4509258B54A7C90194223A0BD72DF"><enum>(b)</enum><header>Funding</header><paragraph id="H461B73500A8E4701AB739180CEDB0CFF"><enum>(1)</enum><header>In general</header><text>The Attorney General is authorized to accept such amounts as may be contributed by individuals, business concerns, or other entities to carry out this Act, under such terms and conditions as the Attorney General may impose.</text></paragraph><paragraph id="HE8CE56415BD14250916EE1236EF7640F"><enum>(2)</enum><header>Use of separate account</header><text>In making payments under this section, amounts contained in any account containing funds provided under paragraph (1) shall be used prior to using appropriated amounts.</text></paragraph></subsection><subsection id="H158C0E5901F04DA284DF56895126CF93"><enum>(c)</enum><header>Development of agency policies and procedures</header><text>Not later than 120 days after the date of enactment the Special Master shall develop agency policies and procedures that meet the requirements including policies and procedures for presumptive award schedules, administrative expenses, and related internal memoranda. </text></subsection><subsection id="H2071B3EF27F3428E8770854ACD6854AB"><enum>(d)</enum><header>Attorney Fees</header><text display-inline="yes-display-inline">The Special Master shall have the sole discretion to determine reasonable compensation for services rendered for attorney fees for services rendered, if any.</text></subsection></section><section id="H5A29A021897D488BA34A304EA291BF42"><enum>7.</enum><header>Regulations</header><text display-inline="no-display-inline">Not later than 90 days after the date of enactment of this Act, the Attorney General, in consultation with the Special Master, shall promulgate regulations to carry out this Act, including regulations with respect to—</text><paragraph id="H756959B319BD4C4E86882841BF35E913"><enum>(1)</enum><text>forms to be used in submitting claims under this Act;</text></paragraph><paragraph id="H23EB979F211C4C8BBE5553CDCE2401D9"><enum>(2)</enum><text>the information to be included in such forms;</text></paragraph><paragraph id="H248E6D60E866460785F5937C36EB89A1"><enum>(3)</enum><text>procedures for hearing and the presentation of evidence;</text></paragraph><paragraph id="HBC15923D3E5E4EFFBBB0DC1E8F3C6923"><enum>(4)</enum><text>procedures to assist an individual in filing and pursuing claims under this Act; and</text></paragraph><paragraph id="H0FD060E5C68942B2BF35B1A038371945"><enum>(5)</enum><text>other matters determined appropriate by the Attorney General.</text></paragraph></section><section id="HD8640A43C8C44B4A9206CADC7888EFAD"><enum>8.</enum><header>Right of subrogation</header><text display-inline="no-display-inline">The United States shall have the right of subrogation with respect to any claim paid by the United States, subject to the limitation described in this Act.</text></section><section id="HE693583FF08E4026AB2919C08E78C4A2"><enum>9.</enum><header>Victim Compensation Fund</header><subsection id="H9F6945F3D9E7454B80F47489F42A82D4"><enum>(a)</enum><header>In general</header><text display-inline="yes-display-inline">There is established in the Treasury of the United States a fund to be known as the <quote>COVID–19 Compensation Fund</quote>, consisting of amounts deposited into such fund under subsection (b). </text></subsection><subsection id="HCD49A201107F40E08520B376F959B584"><enum>(b)</enum><header>Availability of funds</header><text>Amounts deposited into the COVID–19 Compensation Fund shall be available, without further appropriation, to the Special Master to provide compensation.</text></subsection><subsection id="H88082D033CA540CDB8889C6A0DD1DAA1"><enum>(c)</enum><header>Termination</header><text>The COVID–19 Compensation Fund shall be permanently closed on the date that is 1 year after the Special Master determines that no additional claims may be filed.</text></subsection></section><section id="HB39EBCA71F8243599154F8A87B0A0C0A"><enum>10.</enum><header>Appropriation</header><text display-inline="no-display-inline">There is authorized to be appropriated for purposes of carrying out this Act such sums as may be necessary for fiscal year 2021 and each fiscal year thereafter through fiscal year 2026, to remain available until expended. </text></section></legis-body></bill> 

