<?xml version="1.0"?>
<?xml-stylesheet type="text/xsl" href="billres.xsl"?>
<!DOCTYPE bill PUBLIC "-//US Congress//DTDs/bill.dtd//EN" "bill.dtd">
<bill bill-stage="Introduced-in-Senate" dms-id="A1" public-private="public" slc-id="S1-ALB21038-K2M-2X-H22"><metadata xmlns:dc="http://purl.org/dc/elements/1.1/">
<dublinCore>
<dc:title>117 S170 IS: Unfunded Mandates Accountability and Transparency Act</dc:title>
<dc:publisher>U.S. Senate</dc:publisher>
<dc:date>2021-02-02</dc:date>
<dc:format>text/xml</dc:format>
<dc:language>EN</dc:language>
<dc:rights>Pursuant to Title 17 Section 105 of the United States Code, this file is not subject to copyright protection and is in the public domain.</dc:rights>
</dublinCore>
</metadata>
<form>
<distribution-code display="yes">II</distribution-code><congress>117th CONGRESS</congress><session>1st Session</session><legis-num>S. 170</legis-num><current-chamber>IN THE SENATE OF THE UNITED STATES</current-chamber><action><action-date date="20210202">February 2, 2021</action-date><action-desc><sponsor name-id="S349">Mr. Portman</sponsor> (for himself, <cosponsor name-id="S378">Mr. Lankford</cosponsor>, <cosponsor name-id="S357">Mrs. Fischer</cosponsor>, and <cosponsor name-id="S404">Mr. Scott of Florida</cosponsor>) introduced the following bill; which was read twice and referred to the <committee-name committee-id="SSGA00">Committee on Homeland Security and Governmental Affairs</committee-name></action-desc></action><legis-type>A BILL</legis-type><official-title>To amend the Unfunded Mandates Reform Act of 1995 to provide for regulatory impact analyses for certain rules, and for other purposes.</official-title></form><legis-body display-enacting-clause="yes-display-enacting-clause"><section section-type="section-one" id="IDCEABFE2888414728B418A31E3FC331F3"><enum>1.</enum><header>Short title</header><text display-inline="no-display-inline">This Act may be cited as the <quote><short-title>Unfunded Mandates Accountability and Transparency Act</short-title></quote>.</text></section><section id="ID59B3588ABF7C49B1ADB35E677CAFF240"><enum>2.</enum><header>Findings</header><text display-inline="no-display-inline">Congress finds the following:</text><paragraph id="IDa968619d85f348b3b0e62ac844b3962e"><enum>(1)</enum><text>The public has a right to know the benefits and costs of regulation. Effective regulatory programs provide important benefits to the public, including protecting the environment, worker safety, and human health. Regulations also impose significant costs on individuals, employers, and State, local, and Tribal governments, diverting resources from other important priorities.</text></paragraph><paragraph id="IDc9518dc88177439e9264f6cc175a30b8"><enum>(2)</enum><text>Better regulatory analysis and review should improve the quality of agency decisions, increasing the benefits and reducing unwarranted costs of regulation.</text></paragraph><paragraph id="ID4F71FFC39FE64018BEE123D78BB634A1"><enum>(3)</enum><text>Disclosure and scrutiny of key information underlying agency decisions should make the Federal Government more accountable to the public it serves.</text></paragraph></section><section id="ID6B356729ECB246BC95C46B3B2C6EDCAA"><enum>3.</enum><header>Regulatory
 impact analyses for certain rules</header><text display-inline="no-display-inline">The Unfunded Mandates Reform Act of 1995 (<external-xref legal-doc="usc" parsable-cite="usc/2/1501">2 U.S.C. 1501</external-xref> et seq.) is amended—</text><paragraph id="idDB6A7CEA549747DF95D97F769C8FE063"><enum>(1)</enum><text>by striking <quote>tribal</quote> each place that term appears and inserting <quote>Tribal</quote>; </text></paragraph><paragraph id="idE34083AEE612479586FAFE8F3164D7F8"><enum>(2)</enum><text>in section 3 (<external-xref legal-doc="usc" parsable-cite="usc/2/1502">2 U.S.C. 1502</external-xref>)—</text><subparagraph id="id1F153629CFA54FE8A1D41A013744A113"><enum>(A)</enum><text>in paragraph (1), by striking <quote>and</quote> at the end;</text></subparagraph><subparagraph id="id0B55D4D330504FD2ABF4E923C4A879B4"><enum>(B)</enum><text>in paragraph (2), by striking the period at the end and inserting <quote>and</quote>; and</text></subparagraph><subparagraph id="idF49D493D3BAA478D9EC3E904474FA27F"><enum>(C)</enum><text>by adding at the end the following:</text><quoted-block style="OLC" display-inline="no-display-inline" id="idAC3C7D52A3EC476784B346015E0EAF59"><paragraph id="idEF95229DDF7940DA920E29028E06CBB2"><enum>(3)</enum><text>the term <term>major rule</term> means a rule, as defined in section 551 of title 5, United States Code, that the Administrator of the Office of Information and Regulatory Affairs determines is likely to cause—</text><subparagraph id="ida1690d1588d64f88beccb79276bcdf51"><enum>(A)</enum><text>an annual effect on the economy of $100,000,000 or more, adjusted once every 5 years to reflect increases in the Consumer Price Index for All Urban Consumers, as published by the Bureau of Labor Statistics of the Department of Labor;</text></subparagraph><subparagraph id="idfb133f9237e34252833035e6f1e52dda"><enum>(B)</enum><text>a major increase in costs or prices for consumers, individual industries, Federal, State, local, or Tribal government agencies, or geographic regions; or</text></subparagraph><subparagraph id="id10921b2995a04aaab92d1dd5e60dba96"><enum>(C)</enum><text>significant adverse effects on competition, employment, investment, productivity, innovation, public health and safety, or the ability of United States-based enterprises to compete with foreign-based enterprises in domestic and export markets.</text></subparagraph></paragraph><after-quoted-block>; and</after-quoted-block></quoted-block></subparagraph></paragraph><paragraph id="idC8381E05505F4181ACF032E926367E5F"><enum>(3)</enum><text>in section 202 (<external-xref legal-doc="usc" parsable-cite="usc/2/1532">2 U.S.C. 1532</external-xref>)—</text><subparagraph id="ID1A4C1E3D4F674EEF9D43F5E9CCE5F2D7"><enum>(A)</enum><text>by striking the section heading and inserting the following:</text><quoted-block id="ID7DFFEC75FC1E4399A06EEB8343C4C973"><section id="ID6F3B0FE663694C3A0022A582B530B9FF"><enum>202.</enum><header>Regulatory
				impact analyses for certain
 rules</header></section><after-quoted-block>;</after-quoted-block></quoted-block></subparagraph><subparagraph id="ID42BC04E3737248BF00C5E39FEDA17D67"><enum>(B)</enum><text>by redesignating subsections (b) and (c) as subsections (d) and (e), respectively;</text></subparagraph><subparagraph id="IDAC66154A7D7E4D958610C1720000265C"><enum>(C)</enum><text>by striking subsection (a) and inserting the following:</text><quoted-block style="OLC" display-inline="no-display-inline" id="ID596151AA45AE46CAB4448352701E0027"><subsection id="id77616ADC2EB4466BAC41C197CEE8A739"><enum>(a)</enum><header>Definition of cost</header><text>In this section, the term <term>cost</term> means the cost of compliance and any reasonably foreseeable indirect costs, including revenues lost, as a result of a major rule of an agency that is subject to this section.</text></subsection><subsection id="ID9f24c2da74d44b6d9be516bcb99815e1"><enum>(b)</enum><header>Regulatory impact analyses</header><paragraph id="id7E681237342348299FA63C43E54C31EC"><enum>(1)</enum><header>Requirement</header><text>Before promulgating any proposed or final major rule, the agency promulgating the major rule shall prepare and publish in the Federal Register an initial and final regulatory impact analysis with respect to the major rule.</text></paragraph><paragraph id="idE789386DD9734CF497D56A7E617F2CDA"><enum>(2)</enum><header>Initial regulatory impact analysis</header><text>An initial regulatory impact analysis required under paragraph (1) shall—</text><subparagraph id="id4166D1E89C03405090A077235E93C20D"><enum>(A)</enum><text>accompany the notice of proposed rulemaking with respect to the major rule that is the subject of the analysis; and</text></subparagraph><subparagraph id="id80A372ECCDA3478897F44028029853B6"><enum>(B)</enum><text>be open to public comment.</text></subparagraph></paragraph><paragraph id="id7552C8067B714A49B6DB030F6BD669AF"><enum>(3)</enum><header>Final regulatory impact analysis</header><text>A final regulatory impact analysis required under paragraph (1) shall accompany the final major rule that is the subject of the analysis.</text></paragraph></subsection><subsection id="ID333fdd1effd74120a5bd62cf52d6f78f"><enum>(c)</enum><header>Content</header><text>Each initial and final regulatory impact analysis prepared and published under subsection (b) shall include, with respect to the major rule that is the subject of the analysis—</text><paragraph id="ID2b59d10daef5497b840cabd8bbe145dd"><enum>(1)</enum><subparagraph commented="no" display-inline="yes-display-inline" id="id6F13B5AC383344E08AA7F48D3092F680"><enum>(A)</enum><text>an analysis of the anticipated benefits and costs of the major rule, which shall be quantified to the extent feasible;</text></subparagraph><subparagraph id="IDf5b6bfb479724e01bd9fe7426a072a62" indent="up1"><enum>(B)</enum><text>an analysis of the benefits and costs of a reasonable number of regulatory alternatives within the range of the discretion of the agency under the statute authorizing the major rule, including alternatives that—</text><clause id="ID97f1bf9a235c45a999794dd18c9414ce"><enum>(i)</enum><text>require no action by the Federal Government; and</text></clause><clause id="id108FC9FA954B46BEA1A83A21CEB4CC43"><enum>(ii)</enum><subclause commented="no" display-inline="yes-display-inline" id="idFF6834C52B00410487631615FD5FBE32"><enum>(I)</enum><text>use incentives and market-based means to encourage the desired behavior;</text></subclause><subclause id="id1FACAACBD49849508FF14B4DFEB6244A" indent="up1"><enum>(II)</enum><text>provide information based upon which the public can make choices; or</text></subclause><subclause id="idEC29F19367FE485E83483266DD7F3D9C" indent="up1"><enum>(III)</enum><text>employ other flexible regulatory options that permit the greatest flexibility in achieving the objectives of the statute authorizing the major rule; and</text></subclause></clause></subparagraph><subparagraph id="ID91bcbb495eb14dd5973382e3c4dcd1af" indent="up1"><enum>(C)</enum><text>an explanation of how the major rule complies with the requirements of section 205;</text></subparagraph></paragraph><paragraph id="IDfa61c1844081450fa46e9b2d1ea19796"><enum>(2)</enum><text>an assessment of the extent to which—</text><subparagraph id="IDf54cd9d9c4a24e71b0caf3a54f644f6e"><enum>(A)</enum><text>the costs to State, local, and Tribal governments may be paid with Federal financial assistance (or otherwise paid for by the Federal Government); and</text></subparagraph><subparagraph id="IDbebaf354b1224c7a8c3b58a24b372e63"><enum>(B)</enum><text>Federal resources are available to carry out the major rule;</text></subparagraph></paragraph><paragraph id="IDee6d3349d97b4044be8d4bd3adf10429"><enum>(3)</enum><text>estimates of—</text><subparagraph id="IDc556ccef193f4f20bcb463f9ec236dd5"><enum>(A)</enum><text>any disproportionate budgetary effects of the major rule upon any particular—</text><clause id="idD13B40203ACF4AA2A6354DB6AA12F4E5"><enum>(i)</enum><text>regions of the United States;</text></clause><clause id="id346ED3C8C05645EE8C091841360115EB"><enum>(ii)</enum><text>State, local, or Tribal governments;</text></clause><clause id="id9B993192CF7D40119E58072B2F211C30"><enum>(iii)</enum><text>types of communities, including urban or rural communities; or</text></clause><clause id="id7955CCD9ECDA4F0E9D5C09235EAC69D2"><enum>(iv)</enum><text>segments of the private sector; and</text></clause></subparagraph><subparagraph id="IDa097cc7dc4424248a2d843858c20e971"><enum>(B)</enum><text>the effect of the major rule on job creation or job loss, which shall be quantified to the extent feasible; and</text></subparagraph></paragraph><paragraph id="ID25cbd814cb784e5b8c29fb9f4a30a002"><enum>(4)</enum><subparagraph commented="no" display-inline="yes-display-inline" id="idB4BE719DB3DC48F6AB751C7834AE58D6"><enum>(A)</enum><text>a description of the extent of the prior consultation of the agency under section 204 with elected representatives of each affected State, local, or Tribal government;</text></subparagraph><subparagraph id="ID5da3609fb6ca474ea40233715d851013" indent="up1"><enum>(B)</enum><text>a summary of the comments and concerns that were presented to the agency orally or in writing by State, local, or Tribal governments; and</text></subparagraph><subparagraph id="IDc4778412eb5b4df3824c4a7cbc20c2cd" indent="up1"><enum>(C)</enum><text>a summary of the evaluation by the agency of the comments and concerns described in subparagraph (B).</text></subparagraph></paragraph></subsection><after-quoted-block>;</after-quoted-block></quoted-block></subparagraph><subparagraph id="id0F36E17299E145E6B4D3C28A08FA509F"><enum>(D)</enum><text>in subsection (d), as so redesignated, by striking <quote>a statement under subsection (a) is required, the agency shall include in the promulgation a summary of the information contained in the statement</quote> and inserting <quote>an analysis under subsection (b) is required, the agency promulgating the major rule shall include in the promulgation a summary of the information contained in the analysis</quote>; and</text></subparagraph><subparagraph id="idCCC739525A0940C0AB6496785FA4A74D"><enum>(E)</enum><text>in subsection (e), as so redesignated, by striking <quote>any statement required under subsection (a) in conjunction with or as a part of any other statement or analysis, provided that the statement or analysis satisfies the provisions of subsection (a)</quote> and inserting <quote>any analysis required under subsection (b) in conjunction with, or as a part of, any other statement or analysis if the other statement or analysis satisfies the requirements of subsections (b) and (c)</quote>.</text></subparagraph></paragraph></section><section id="H046C3725D7A54BF48263824FE2651436"><enum>4.</enum><header>Enhanced stakeholder consultation</header><text display-inline="no-display-inline">Section 204 of the Unfunded Mandates Reform Act of 1995 (<external-xref legal-doc="usc" parsable-cite="usc/2/1534">2 U.S.C. 1534</external-xref>) is amended—</text><paragraph id="H67CC0B119AA94497913D95F6DFC023A3"><enum>(1)</enum><text>in the section heading, by inserting <quote><header-in-text level="section" style="OLC">and private sector</header-in-text></quote> before <quote><header-in-text level="section" style="OLC">input</header-in-text></quote>;</text></paragraph><paragraph id="H585A122FD56844DE94BD3FA1C234CEA5"><enum>(2)</enum><text>in subsection (a)—</text><subparagraph id="H55C485F2FE1F4B24BD03F6EA94A4CDF4"><enum>(A)</enum><text>by inserting <quote>, and impacted parties within the private sector (including small businesses),</quote> after <quote>on their behalf)</quote>; and</text></subparagraph><subparagraph id="H827BEF423BA041D3AC8199174B66A66B"><enum>(B)</enum><text>by striking <quote>Federal intergovernmental mandates</quote> and inserting <quote>Federal mandates</quote>; and</text></subparagraph></paragraph><paragraph id="H395FC73D66F04699A06586723420770A"><enum>(3)</enum><text>by amending subsection (c) to read as follows:</text><quoted-block style="OLC" display-inline="no-display-inline" id="H90FA2D5331CF433CB09C77653FE0FCE5"><subsection id="H3E20DFFD6D6645E3AC8FFF7F69DD7339"><enum>(c)</enum><header>Guidelines</header><text>For appropriate implementation of subsections (a) and (b) consistent with applicable laws and regulations, the following guidelines shall be followed:</text><paragraph id="H45C015B3581B4B3A988331F915FE384A"><enum>(1)</enum><text>Consultations shall take place as early as possible, before issuance of a notice of proposed rulemaking, continue through the final rule stage, and be integrated explicitly into the rulemaking process.</text></paragraph><paragraph id="H5E371A94B2D74996B1F55A505F9E596E"><enum>(2)</enum><text>Agencies shall consult with a wide variety of State, local, and Tribal officials and impacted parties within the private sector (including small businesses). Geographic, political, and other factors that may differentiate varying points of view should be considered.</text></paragraph><paragraph id="H097CAB4DBB4A4ED6AC0A7ECD755D7FBE"><enum>(3)</enum><text>Agencies should estimate benefits and costs to assist with these consultations. The scope of the consultation should reflect the cost and significance of the Federal mandate being considered.</text></paragraph><paragraph id="HCDF8B1B7F95347F4A513A40DD91D6203"><enum>(4)</enum><text>Agencies shall, to the extent practicable—</text><subparagraph id="HF875837616044F2B8666D5971FF3C7D8"><enum>(A)</enum><text>seek out the views of State, local, and Tribal governments, and impacted parties within the private sector (including small businesses), on costs, benefits, and risks; and</text></subparagraph><subparagraph id="H3CF69C698B3442C2B69750C7683C114D"><enum>(B)</enum><text>solicit ideas about alternative methods of compliance and potential flexibilities, and input on whether the Federal regulation will harmonize with and not duplicate similar laws in other levels of government.</text></subparagraph></paragraph><paragraph id="H00B3EBB5F0994259BDCF3B17BFED68CB"><enum>(5)</enum><text>Consultations shall address the cumulative impact of regulations on the affected entities.</text></paragraph><paragraph commented="no" display-inline="no-display-inline" id="H7910AF6D8EEE4FFA86BA5937FAEC86CD"><enum>(6)</enum><text>Agencies may accept electronic submissions of comments by relevant parties but may not use those comments as the sole method of satisfying the guidelines in this subsection.</text></paragraph></subsection><after-quoted-block>.</after-quoted-block></quoted-block></paragraph></section><section id="ID1BC9A20673DB4DF6A983B34B9DD91B89"><enum>5.</enum><header>Maximize net benefits or provide explanation</header><text display-inline="no-display-inline">Title II of the Unfunded Mandates Reform Act of 1995 (<external-xref legal-doc="usc" parsable-cite="usc/2/1531">2 U.S.C. 1531</external-xref> et seq.) is amended by striking section 205 (<external-xref legal-doc="usc" parsable-cite="usc/2/1535">2 U.S.C. 1535</external-xref>) and inserting the following:</text><quoted-block id="ID3A08AB38833447018ED0E17DA077005C"><section id="IDF7F091D8FBD6478588751003699E5BBD"><enum>205.</enum><header>Maximize net benefits</header><subsection id="idACF14BBF5AF24B5E835C0C473C32BE1B"><enum>(a)</enum><header>Definition of cost</header><text>In this section, the term <term>cost</term> has the meaning given the term in section 202(a).</text></subsection><subsection id="id25BEFC4ED6874E318C3EFD39F80966E1"><enum>(b)</enum><header>Requirement</header><text display-inline="yes-display-inline">Before promulgating any proposed or final major rule for which a regulatory impact analysis is required under section 202, an agency shall from the alternatives identified and considered under section 202(c)(1)(B), select the alternative that maximizes net benefits, taking into consideration only the costs and benefits that arise within the scope of the statutory provision that authorizes the rulemaking.</text></subsection><subsection id="id5D6CC83F9AB24B45926070712689654F"><enum>(c)</enum><header>Exceptions</header><text display-inline="yes-display-inline">An agency may adopt an alternative other than as required under subsection (b) only if—</text><paragraph id="id00678F1D8168415AA954B6216AC6A734"><enum>(1)</enum><text display-inline="yes-display-inline">the Administrator of the Office of Information and Regulatory Affairs approves the adoption by the agency of the alternative; and </text></paragraph><paragraph id="id6685B6C480324E52B82853E0CBDAA33D"><enum>(2)</enum><text display-inline="yes-display-inline">the alternative is adopted to—</text><subparagraph id="ide6559e1b115e4ed382c565172d79a41b"><enum>(A)</enum><text>account for costs or benefits that cannot be quantified, including costs or benefits related to constitutional or civil rights, provided that the agency identifies all such costs and benefits and explains why those costs and benefits justify the adoption of the alternative; or</text></subparagraph><subparagraph id="ida40c0ff00a84472e8092a65d44a16547"><enum>(B)</enum><text>achieve additional benefits or cost reductions, provided that the agency—</text><clause id="idb2ef73566e5348f5865de2c2b47ed226"><enum>(i)</enum><text>identifies—</text><subclause id="id3c8c3056e360483a8c75589aa5beff41"><enum>(I)</enum><text>all such additional benefits and the associated costs of those benefits; and</text></subclause><subclause id="idae2cc67b24e04a4e93bf0bdc853e5725"><enum>(II)</enum><text>all such cost reductions and the associated benefits of those cost reductions; and</text></subclause></clause><clause id="id64e2c26096664fc59c46adb19cf85a92"><enum>(ii)</enum><text>explains why—</text><subclause id="id2d1b6a257c6e4dccbfd38647bfd449f1"><enum>(I)</enum><text>the additional benefits justify the additional costs; or</text></subclause><subclause id="idf33e2baad0694a44b219bc10020d8689"><enum>(II)</enum><text>the additional cost reductions justify any benefits foregone.</text></subclause></clause></subparagraph></paragraph></subsection></section><after-quoted-block>.</after-quoted-block></quoted-block></section><section id="H9B20718D52804F7DB05B1ABBF9EA7A0B"><enum>6.</enum><header>New authorities and responsibilities for Office of Information and Regulatory Affairs</header><text display-inline="no-display-inline">Section 208 of the Unfunded Mandates Reform Act of 1995 (<external-xref legal-doc="usc" parsable-cite="usc/2/1538">2 U.S.C. 1538</external-xref>) is amended to read as follows:</text><quoted-block style="OLC" display-inline="no-display-inline" id="H179EAD5D40DA42CCAA0616FFA59471F1"><section id="H5CD779BFCA4D431C84E07B275455DF13"><enum>208.</enum><header>Office of Information and Regulatory Affairs responsibilities</header><subsection id="id0C135D14109B48048558E2FCFD2805EF"><enum>(a)</enum><header>In general</header><text display-inline="yes-display-inline">The Administrator of the Office of Information and Regulatory Affairs (in this section referred to as the <term>Administrator</term>) shall provide meaningful guidance and oversight so that the major rules of an agency for which a regulatory impact analysis is required under section 202—</text><paragraph id="id426D14E1774945BEB5DC3B80130BC83C"><enum>(1)</enum><text display-inline="yes-display-inline">are consistent with the principles and requirements of this title, as well as other applicable laws; and</text></paragraph><paragraph id="idA9279F06581E4556988AA89B50998D53"><enum>(2)</enum><text display-inline="yes-display-inline">and do not conflict with the policies or actions of another agency. </text></paragraph></subsection><subsection id="idBBDCDA9AC3E64FB0B2824FBA2C8B788B"><enum>(b)</enum><header>Notification</header><text display-inline="yes-display-inline">If the Administrator determines that the major rules of an agency for which a regulatory impact analysis is required under section 202 do not comply with the principles and requirements of this title, are not consistent with other applicable laws, or conflict with the policies or actions of another agency, the Administrator shall—</text><paragraph id="id1F725D039EB047DBB21D83DC2509E951"><enum>(1)</enum><text display-inline="yes-display-inline">identify areas of noncompliance;</text></paragraph><paragraph id="id207D017540AD42769117BE2E213B07B1"><enum>(2)</enum><text display-inline="yes-display-inline">notify the agency; and </text></paragraph><paragraph id="idE7280BC374D94A12B569DFA2083EB6A8"><enum>(3)</enum><text display-inline="yes-display-inline">request that the agency comply before the agency finalizes the major rule concerned.</text></paragraph></subsection><subsection commented="no" display-inline="no-display-inline" id="H42A32470FCE64DAE801A87560DB2B5D8"><enum>(c)</enum><header>Annual statements to Congress on agency compliance</header><text display-inline="yes-display-inline">The Administrator shall submit to Congress, including the Committee on Homeland Security and Governmental Affairs of the Senate and the Committee on Oversight and Reform of the House of Representatives, an annual written report that, for the 1-year period preceding the report—</text><paragraph commented="no" display-inline="no-display-inline" id="id50E0C4B7216E484B8DE600375CCAC119"><enum>(1)</enum><text display-inline="yes-display-inline">details compliance by each agency with the requirements of this title that relate to major rules for which a regulatory impact analysis is required by section 202, including activities undertaken at the request of the Administrator to improve compliance; and</text></paragraph><paragraph commented="no" display-inline="no-display-inline" id="idF57FC3624DEF4047A884F526C150660D"><enum>(2)</enum><text display-inline="yes-display-inline">contains an appendix detailing compliance by each agency with section 204.</text></paragraph></subsection></section><after-quoted-block>.</after-quoted-block></quoted-block></section><section id="id26DE5915E8C84C54B9C6AF691F6F4ECD"><enum>7.</enum><header>Initiation of rulemaking</header><text display-inline="no-display-inline">The Unfunded Mandates Reform Act of 1995 (<external-xref legal-doc="usc" parsable-cite="usc/2/1501">2 U.S.C. 1501</external-xref> et seq.) is amended—</text><paragraph id="idBCCB05F3D2944FD9B39BFD680244882D"><enum>(1)</enum><text>by redesignating section 209 (<external-xref legal-doc="usc" parsable-cite="usc/2/1531">2 U.S.C. 1531</external-xref> note) as section 210; and</text></paragraph><paragraph id="idF0DCE6538EEA4593A1282C9C46CB1AA5"><enum>(2)</enum><text>by inserting after section 208 (<external-xref legal-doc="usc" parsable-cite="usc/2/1548">2 U.S.C. 1548</external-xref>) the following:</text><quoted-block style="OLC" display-inline="no-display-inline" id="idBA4169BDAC7B4ABF8D32CBE718B9EEF6"><section id="idCE0050738EF54E62B58A96E578E6E595"><enum>209.</enum><header>Initiation of rulemaking for major rules</header><text display-inline="no-display-inline">When an agency determines to initiate a rulemaking that may result in a major rule, the agency shall—</text><paragraph id="idf06c5060ee134db3abd00f546f6be6ab"><enum>(1)</enum><text>establish an electronic docket for that rulemaking, which may have a physical counterpart; and</text></paragraph><paragraph id="idff9e0b8a740840f4a541ca0d7f27522c"><enum>(2)</enum><text>publish a notice of initiation of rulemaking in the Federal Register, which shall—</text><subparagraph id="id8b28325806e04fcaa75dd1aaccda4324"><enum>(A)</enum><text>briefly describe the subject and objectives of, and the problem to be solved by, the major rule;</text></subparagraph><subparagraph id="idefc3d8ca28434fae81579a6b22d40988"><enum>(B)</enum><text>refer to the legal authority under which the major rule would be proposed, including the specific statutory provision that authorizes the rulemaking;</text></subparagraph><subparagraph id="id63f1e4fb3b93438fb81bbe3219f618ae"><enum>(C)</enum><text>invite interested persons to propose alternatives and other ideas regarding how best to accomplish the objectives of the agency in the most effective manner;</text></subparagraph><subparagraph id="id614622a95df84bdb85eaae632e5c1a40"><enum>(D)</enum><text>indicate how interested persons may submit written material for the docket; and</text></subparagraph><subparagraph id="iddaac401253ed415a9a3be021241e6657"><enum>(E)</enum><text>appear in the Federal Register not later than 90 days before the date on which the agency publishes a notice of proposed rulemaking for the major rule.</text></subparagraph></paragraph></section><after-quoted-block>.</after-quoted-block></quoted-block></paragraph></section><section id="id1F1E052162DD4828A86E1BC820673526"><enum>8.</enum><header>Inclusion of application to independent regulatory agencies</header><subsection id="idCCEDF62D4ACE48C7B45349B419EEF0BF"><enum>(a)</enum><header>In general</header><text display-inline="yes-display-inline">Section 421(1) of the Congressional Budget Act of 1974 (<external-xref legal-doc="usc" parsable-cite="usc/2/658">2 U.S.C. 658(1)</external-xref>) is amended by striking <quote>, but does not include independent regulatory agencies</quote>.</text></subsection><subsection id="IDfe3f40aa4c0a4dc998b684e3d9862bf7"><enum>(b)</enum><header>Exemption for
 monetary policy</header><text>The Unfunded Mandates Reform Act of 1995 (<external-xref legal-doc="usc" parsable-cite="usc/2/1501">2 U.S.C. 1501</external-xref> et seq.) is amended by inserting after section 5 the following:</text><quoted-block style="OLC" display-inline="no-display-inline" id="id9C6154BC5F31464A94D19FB1AE04858E"><section id="ID5f7605fe20b84bad81155a19218f00f2"><enum>6.</enum><header>Exemption for
 monetary policy</header><text display-inline="no-display-inline">Nothing in title II, III, or IV shall apply to rules that concern monetary policy proposed or implemented by the Board of Governors of the Federal Reserve System or the Federal Open Market Committee.</text></section><after-quoted-block>.</after-quoted-block></quoted-block></subsection></section><section id="ID0537D0C3B06346AE828B35D2628325EE"><enum>9.</enum><header>Judicial
 review</header><text display-inline="no-display-inline">Title IV of the Unfunded Mandates Reform Act of 1995 is amended by striking section 401 (<external-xref legal-doc="usc" parsable-cite="usc/2/1571">2 U.S.C. 1571</external-xref>) and inserting the following:</text><quoted-block style="OLC" display-inline="no-display-inline" id="id319A2291854A44EF979E0DBCDDB5B62A"><section id="ID686ddf2f36314ea5b17810542b6dc412"><enum>401.</enum><header>Judicial
				review</header><subsection id="ID8912c466d49d44328ae841f6c5a5ee4c"><enum>(a)</enum><header>In
 general</header><text>A person that is aggrieved by final agency action in adopting a major rule that is subject to section 202 is entitled to judicial review of whether the agency complied with section 202(b), 202(c)(1), or 205 with respect to the rule.</text></subsection><subsection id="id6C049734C6FB4035808DFA6C0982615E"><enum>(b)</enum><header>Scope of review</header><text><external-xref legal-doc="usc-chapter" parsable-cite="usc-chapter/5/7">Chapter 7</external-xref> of title 5, United States Code, shall govern the scope of judicial review under subsection (a).</text></subsection><subsection id="ID80417d129fd54affbb2af0fdd55860db"><enum>(c)</enum><header>Jurisdiction</header><text>Each court that has jurisdiction to review a rule for compliance with section 553 of title 5, United States Code, or under any other provision of law, shall have jurisdiction to review a claim brought under subsection (a).</text></subsection><subsection id="ID7629054bf3bb442eba6243fd93fd7ee4"><enum>(d)</enum><header>Relief
 available</header><text>In granting relief in an action under this section, a court shall order the agency that promulgated the major rule that is under review to take remedial action consistent with <external-xref legal-doc="usc-chapter" parsable-cite="usc-chapter/5/7">chapter 7</external-xref> of title 5, United States Code.</text></subsection></section><after-quoted-block>.</after-quoted-block></quoted-block></section><section id="H51777AB746F34C36A3DC7E59C95535D8"><enum>10.</enum><header>Applying substantive point of order to private sector mandates</header><text display-inline="no-display-inline">Section 425(a)(2) of the Congressional Budget Act of 1974 (<external-xref legal-doc="usc" parsable-cite="usc/2/658d">2 U.S.C. 658d(a)(2)</external-xref>) is amended—</text><paragraph id="HB86896CF1C4E45F7833E2683B6C9B4FC"><enum>(1)</enum><text>by striking <quote>Federal intergovernmental mandates</quote> and inserting <quote>Federal mandates</quote>; and</text></paragraph><paragraph commented="no" display-inline="no-display-inline" id="HCF392E8446444CFEA4FFED2217DDB744"><enum>(2)</enum><text>by striking <quote>section 424(a)(1)</quote> and inserting <quote>subsection (a)(1) or (b)(1) of section 424</quote>.</text></paragraph></section><section id="IDBED43A72A7C94E19A88D97857B003C7F"><enum>11.</enum><header>Effective date</header><text display-inline="no-display-inline">Sections 3, 4, 5, and 7 of this Act and the amendments made by those sections shall take effect on the date that is 120 days after the date of enactment of this Act.</text></section></legis-body></bill>


