<?xml version="1.0"?>
<?xml-stylesheet type="text/xsl" href="billres.xsl"?>
<!DOCTYPE bill PUBLIC "-//US Congress//DTDs/bill.dtd//EN" "bill.dtd">
<bill bill-type="olc" bill-stage="Introduced-in-Senate" dms-id="A1" public-private="public" slc-id="S1-SIL21281-YPF-4H-91T"><metadata xmlns:dc="http://purl.org/dc/elements/1.1/">
<dublinCore>
<dc:title>117 S405 IS: Vieques Recovery and Redevelopment Act</dc:title>
<dc:publisher>U.S. Senate</dc:publisher>
<dc:date>2021-02-24</dc:date>
<dc:format>text/xml</dc:format>
<dc:language>EN</dc:language>
<dc:rights>Pursuant to Title 17 Section 105 of the United States Code, this file is not subject to copyright protection and is in the public domain.</dc:rights>
</dublinCore>
</metadata>
<form>
<distribution-code display="yes">II</distribution-code><congress>117th CONGRESS</congress><session>1st Session</session><legis-num>S. 405</legis-num><current-chamber>IN THE SENATE OF THE UNITED STATES</current-chamber><action><action-date date="20210224">February 24, 2021</action-date><action-desc><sponsor name-id="S306">Mr. Menendez</sponsor> (for himself and <cosponsor name-id="S318">Mr. Wicker</cosponsor>) introduced the following bill; which was read twice and referred to the <committee-name committee-id="SSJU00">Committee on the Judiciary</committee-name></action-desc></action><legis-type>A BILL</legis-type><official-title>To provide compensation to certain residents of the island of Vieques, Puerto Rico, for the use of such island for military readiness, and for other purposes.</official-title></form><legis-body style="OLC"><section section-type="section-one" id="H6DB2763FA2794066B3B4B95D3D86DAAF"><enum>1.</enum><header>Short title</header><text display-inline="no-display-inline">This Act may be cited as the <quote><short-title>Vieques Recovery and Redevelopment Act</short-title></quote>.</text></section><section id="H03D54067ADBE4E5DA0AC5E563D46FFC5"><enum>2.</enum><header>Findings</header><text display-inline="no-display-inline">The Congress finds the following:</text><paragraph id="H412EB5737BF44829A9C0D088055ABD52"><enum>(1)</enum><text>Vieques is an island municipality of Puerto Rico, measuring approximately 21 miles long by 4 miles wide, and located approximately 8 miles east of the main island of Puerto Rico.</text></paragraph><paragraph id="H33C47E2FBABF474AAAA28F7E78D17526"><enum>(2)</enum><text>Prior to Hurricane Maria, residents of Vieques were served by an urgent medical care facility, the Susana Centeno Family Health Center, and residents had to travel off-island to obtain medical services, including most types of emergency care because the facility did not have the basic use of x-ray machines, CT machines, EKG machines, ul­tra­sounds, or PET scans.</text></paragraph><paragraph id="H0BCF078BAFE3472BB32EFDC6F212374B"><enum>(3)</enum><text>The predominant means of transporting passengers and goods between Vieques and the main island of Puerto Rico is by ferry boat service, and over the years, the efficiency of this service has frequently been disrupted, unreliable, and difficult for cancer patients to endure to receive treatment. Each trip to Ceiba, Puerto Rico, for the cancer patient is an additional out-of-pocket expense ranging from $120 to $200.</text></paragraph><paragraph id="HC503C8CB69AC44F4BDD8CA197A158439"><enum>(4)</enum><text display-inline="yes-display-inline">The United States Military maintained a presence on the eastern and western portions of Vieques for close to 60 years, and used parts of the island as a training range during those years, dropping over 80 million tons of ordnance and other weaponry available to the United States military since World War II.</text></paragraph><paragraph id="H3E967562093C492C8691F594FC59A4F7"><enum>(5)</enum><text>The unintended, unknown, and unavoidable consequences of these exercises were to expose Americans living on the islands to the residue of that weaponry which includes heavy metals and many other chemicals now known to harm human health.</text></paragraph><paragraph id="H5EF87EA8939B49F8AF8C7663039A95BC"><enum>(6)</enum><text display-inline="yes-display-inline">According to Government and independent documentation, the island of Vieques has high levels of heavy metals and has been exposed to chemical weapons and toxic chemicals. Since the military activity in Vieques, island residents have suffered from the health impacts from long-term exposure to environmental contamination as a result of 62 years of military operations, and have experienced higher rates of certain diseases among residents, including cancer, cirrhosis, hypertension, diabetes, heavy metal diseases, along with many unnamed and un­ca­te­gor­ized illnesses. These toxic residues have caused the American residents of Vieques to develop illnesses due to ongoing exposure.</text></paragraph><paragraph id="H028297EB63754D3E8F2E07E0EA85477D"><enum>(7)</enum><text>In 2017, Vieques was hit by Hurricane Maria, an unusually destructive storm that devastated Puerto Rico and intensified the existing humanitarian crisis on the island by destroying existing medical facilities.</text></paragraph><paragraph id="HC34199449E7040DEB77B24B5ECC6A13A"><enum>(8)</enum><text display-inline="yes-display-inline">The medical systems in place prior to Hurricane Maria were unable to properly handle the health crisis that existed due to the toxic residue left on the island by the military’s activities.</text></paragraph><paragraph id="H255C3A3B31134C62842066AC02403B79"><enum>(9)</enum><text display-inline="yes-display-inline">After Maria, the medical facility was closed due to damage and continues to be unable to perform even the few basic services that it did provide. Vieques needs a medical facility that can treat and address the critical and urgent need to get life-saving medical services to its residents. Due to legal restrictions, the Federal Emergency Management Agency (in this Act referred to as <quote>FEMA</quote>) is unable to provide a hospital where its capabilities exceed the abilities of the facility that existed prior to Maria; therefore Vieques needs assistance to build a facility to manage the vast health needs of its residents.</text></paragraph><paragraph id="HAE4BF501AD8C4AAB9C10C87A980AC110"><enum>(10)</enum><text>Every American has benefitted from the sacrifices of those Americans who have lived and are living on Vieques and it is our intent to acknowledge that sacrifice and to treat those Americans with the same respect and appreciation that other Americans enjoy.</text></paragraph><paragraph id="HF0B9F505D0D94CEC97611D06F43A55FB"><enum>(11)</enum><text display-inline="yes-display-inline">In 2012, the residents of Vieques were denied the ability to address their needs in Court due to sovereign immunity, Sánchez v. United States, No. 3:09–cv–01260–DRD (D.P.R.). However, the United States Court of Appeals for the First Circuit referred the issue to Congress and urged it to address the humanitarian crisis. This bill attempts to satisfy that request such that Americans living on Vieques have a remedy for the suffering they have endured.</text></paragraph></section><section id="H8465A27E8DF94476A80BC560F2538554"><enum>3.</enum><header>Settlement of claims against the United States for certain residents of the island of Vieques,
 Puerto Rico</header><subsection id="H0F107545E2A24F768C30B419A4210343"><enum>(a)</enum><header>In general</header><text display-inline="yes-display-inline">An individual claimant who has resided on the island of Vieques, Puerto Rico, for not less than 5 years and files a claim for compensation under this section with the Special Master, appointed pursuant to subsection (c), shall be awarded monetary compensation as described in subsection (b) if—</text><paragraph id="H64CFCBED44FA4FFCA222BB6889C95450"><enum>(1)</enum><text display-inline="yes-display-inline">the Special Master determines that the claimant is or was a resident, the child of a resident, or an immediate heir (as determined by the laws of Puerto Rico) of a deceased claimant on the island of Vieques, Puerto Rico, during or after the United States Government used the island of Vieques, Puerto Rico, for military readiness;</text></paragraph><paragraph id="H7D923089FDBE46DD9F32290A93C924B8"><enum>(2)</enum><text>the claimant previously filed a lawsuit or an administrative claim, or files a claim not later than 120 days after the date of the enactment of this Act against the United States Government for personal injury, including illness or death arising from use by the United States Government of the island of Vieques for military readiness; and</text></paragraph><paragraph id="H97A73DE41099420FB57FD175EAA77EA3"><enum>(3)</enum><text display-inline="yes-display-inline">the claimant submits to the Special Master written medical documentation that indicates the claimant contracted a chronic, life-threatening, or physical disease or illness limited to cancer, hypertension, cirrhosis, kidney disease, diabetes, or a heavy metal poisoning during or after the United States Government used the island of Vieques, Puerto Rico, for military readiness.</text></paragraph></subsection><subsection display-inline="no-display-inline" id="HE2F4812125A74A23AC454A629C2AF665"><enum>(b)</enum><header>Amounts of award</header><paragraph id="H5405659E5E694D6E8F96A43994AED18A"><enum>(1)</enum><header>In general</header><text>A claimant who meets the requirements of subsection (a) shall be awarded compensation as follows:</text><subparagraph id="H3AA597836C9C41159E7F2AE2ACC7872F"><enum>(A)</enum><text>$50,000 for 1 disease described in subsection (a)(3).</text></subparagraph><subparagraph id="H0D95B5084AC14DBD9441C3EAE4DDC3BC"><enum>(B)</enum><text display-inline="yes-display-inline">$80,000 for 2 diseases described in subsection (a)(3).</text></subparagraph><subparagraph id="H07AEACB8F8C349449285B9FE7EED6139"><enum>(C)</enum><text display-inline="yes-display-inline">$110,000 for 3 or more diseases described in subsection (a)(3).</text></subparagraph></paragraph><paragraph id="HE91E922E4E494A86B963096F1FB4FD76"><enum>(2)</enum><header>Increase in award</header><text display-inline="yes-display-inline">In the case that an individual receiving an award under paragraph (1) of this subsection contracts another disease under subsection (a)(3) and files a new claim with the Special Master for an additional award not later than 10 years after the date of the enactment of this Act, the Special Master may award the individual an amount that is equal to the difference between—</text><subparagraph id="HC490DD3845A54FE08F51022891E2D176"><enum>(A)</enum><text>the amount that the individual would have been eligible to receive had the disease been contracted before the individual filed an initial claim under subsection (a); and</text></subparagraph><subparagraph id="H2775E06BFDE645CE9AE941A0F6E5A8D6"><enum>(B)</enum><text>the amount received by the individual pursuant to paragraph (1).</text></subparagraph></paragraph><paragraph id="HD4DF768DAC5F450ABEA5AB2537178635"><enum>(3)</enum><header>Deceased claimants</header><text display-inline="yes-display-inline">In the case of an individual who dies before making a claim under this section or a claimant who dies before receiving an award under this section, any immediate heir to the individual or claimant, as determined by the laws of Puerto Rico, shall be eligible for one of the following awards:</text><subparagraph id="HBE76F858A6174F93B542720B8B4CD13E"><enum>(A)</enum><text>Compensation in accordance with paragraph (1), divided among any such heir.</text></subparagraph><subparagraph id="HBBAD66C7B38844FB89C16032680A55AE"><enum>(B)</enum><text>Compensation based on the age of the deceased as follows:</text><clause id="H0A724046DF374C84BAAC5A0FC245F539"><enum>(i)</enum><text display-inline="yes-display-inline">In the case of an individual or claimant who dies before attaining 20 years of age, $110,000, divided among any such heir.</text></clause><clause id="HBBC35EA898324821AB66616C31DB6606"><enum>(ii)</enum><text display-inline="yes-display-inline">In the case of an individual or claimant who dies before attaining 40 years of age, $80,000, divided among any such heir.</text></clause><clause id="HBF814DD2B6644B9280613D22B422A164"><enum>(iii)</enum><text display-inline="yes-display-inline">In the case of an individual or claimant who dies before attaining 60 years of age, $50,000, divided among any such heir.</text></clause></subparagraph></paragraph></subsection><subsection id="H6C1AA23ABB974DF195463140201178A7"><enum>(c)</enum><header>Appointment of special master</header><paragraph id="HEDC083FD92A44F3698D9ABD1D73244E6"><enum>(1)</enum><header>In general</header><text display-inline="yes-display-inline">The Attorney General shall appoint a Special Master not later than 90 days after the date of the enactment of this Act to consider claims by individuals and the municipality.</text></paragraph><paragraph id="HFBFE0910466C4B189627CE643DE794F7"><enum>(2)</enum><header>Qualifications</header><text display-inline="yes-display-inline">The Attorney General shall consider the following in choosing the Special Master:</text><subparagraph id="H174F2154557D453987C73ECD1DD4ADAB"><enum>(A)</enum><text>The individual’s experience in the processing of victims’ claims in relation to foreign or domestic governments.</text></subparagraph><subparagraph id="H8E1D8CCB8A3848A4BE92BB45BE495F4A"><enum>(B)</enum><text>The individual’s balance of experience in representing the interests of the United States and individual claimants.</text></subparagraph><subparagraph id="HAA8089BD1A4B4A4BB13E8D9A2B6F2805"><enum>(C)</enum><text>The individual’s experience in matters of national security.</text></subparagraph><subparagraph id="H534FE9CAE26B4B17A6AB69F09C5BC96F"><enum>(D)</enum><text display-inline="yes-display-inline">The individual’s demonstrated abilities in investigation and fact findings in complex factual matters.</text></subparagraph><subparagraph id="HF84E8825CF024657921EE7F880B2E386"><enum>(E)</enum><text>Any experience the individual has had advising the United States Government.</text></subparagraph></paragraph></subsection><subsection id="HD19603EA57524F269C198FBF28158DF1"><enum>(d)</enum><header>Award amounts related to claims by the Municipality of Vieques</header><paragraph id="HDDB5BCEBEA6B40E98995EA48125BB477"><enum>(1)</enum><header>Award</header><text display-inline="yes-display-inline">The Special Master, in exchange for its administrative claims, shall provide the following as compensation to the Municipality of Vieques:</text><subparagraph id="H027FE3B0E0C34175B3B106E61EBA69BB"><enum>(A)</enum><header>Staff</header><text display-inline="yes-display-inline">The Special Master shall provide medical staff, and other resources necessary to build and operate a level three trauma center (in this section, referred to as <quote>medical facility</quote>) with a cancer center and renal dialysis unit and its equipment. The medical facility shall be able to treat life-threatening, chronic, heavy metal, and physical and mental diseases. The medical facility shall be able to provide basic x-ray, EKG, internal medicine expertise, medical coordination personnel and case managers, ultrasound, and resources necessary to screen claimants described in subsection (a) who are receiving treatment for the diseases or illnesses described in paragraph (3) of that subsection for cancer and the other prevailing health problems.</text></subparagraph><subparagraph id="HCE649D960B2641679F1E98C32095B084"><enum>(B)</enum><header>Operations</header><text display-inline="yes-display-inline">The Special Master shall fund the operations of the medical facility to provide medical care for pediatric and adult patients who reside on the island of Vieques, allowing the patients to be referred for tertiary and quaternary health care facilities when necessary, and providing the transportation and medical costs when traveling off the island of Vieques.</text></subparagraph><subparagraph id="H2DE0C9DED5554964B764A2C0DDFF8363"><enum>(C)</enum><header>Administrative expertise</header><text display-inline="yes-display-inline">The Special Master shall ensure that the Administrator of FEMA provides all administrative and technical expertise and oversight in the bidding and construction of the facility but the design and abilities of the hospital shall be determined by the Special Master considering the medical and research needs of the residents of the island of Vieques. All costs shall be part of the municipality’s compensation.</text></subparagraph><subparagraph id="HD0B3DC063B5A4D4AAF9913BB476D1579"><enum>(D)</enum><header>Interim services</header><text display-inline="yes-display-inline">Before the medical facility on the island of Vieques is operational, the Special Master shall provide to claimants described in subsection (a) who are receiving treatment for the diseases or illnesses described in paragraph (3) of that subsection—</text><clause id="H881A6B702C5A47E78CD37726683F8417"><enum>(i)</enum><text>urgent health care air transport to hospitals on the mainland of Puerto Rico from the island of Vieques;</text></clause><clause id="H94CAD1D4E2214DCD820C8984570F5C16"><enum>(ii)</enum><text>medical coordination personnel and case managers;</text></clause><clause id="HE994B6E837564937ABBF179697040B88"><enum>(iii)</enum><text>telemedicine communication abilities; and</text></clause><clause id="H9552F814FD714862B61DDF13471790F6"><enum>(iv)</enum><text>any other services that are necessary to alleviate the health crisis on the island of Vieques.</text></clause></subparagraph><subparagraph id="HE1CAA51137964BEEA1B2127DE8C16BCF"><enum>(E)</enum><header>Screening</header><text display-inline="yes-display-inline">The Special Master shall make available, at no cost to the patient, medical screening for cancer, cirrhosis, diabetes, and heavy metal contamination on the island of Vieques.</text></subparagraph><subparagraph id="H7852F363167C404486441A631C225B19"><enum>(F)</enum><header>Academic partner</header><text display-inline="yes-display-inline">The Special Master shall appoint an academic partner, with appropriate experience and an established relationship with the Municipality of Vieques, that shall—</text><clause id="H85A51BEE9BF74B6F92F387033ED1C8D6"><enum>(i)</enum><text display-inline="yes-display-inline">lead a research and outreach endeavor on behalf of the Municipality of Vieques;</text></clause><clause id="HE341C1349FA44A15995243A9F5689F8B"><enum>(ii)</enum><text display-inline="yes-display-inline">select the appropriate scientific expertise and administer defined studies, conducting testing and evaluation of the soils, seas, plant and animal food sources, and the health of residents; and</text></clause><clause id="HC1D335FA359F454594E3A1FF59E61E57"><enum>(iii)</enum><text display-inline="yes-display-inline">determine and implement the most efficient and effective way to reduce the environmental toxins to a level sufficient to return the soils, seas, food sources, and health circumstances to a level that reduces the diseases on the island of Vieques to the average in the United States.</text></clause></subparagraph><subparagraph id="H812760F6FF174D1DBC40F72F74C67083"><enum>(G)</enum><header>Duties</header><text display-inline="yes-display-inline">The Special Master shall provide amounts necessary for the academic partner and medical coordinator to carry out the duties described in subparagraphs (A) through (D).</text></subparagraph><subparagraph id="H71084AEC8D3343FE80645C6A5448EB22"><enum>(H)</enum><header>Procurement</header><text display-inline="yes-display-inline">The Special Master shall provide amounts necessary to compensate the Municipality of Vieques for—</text><clause id="HCE0ADDEF33D0442C848FB13D4CB2650E"><enum>(i)</enum><text display-inline="yes-display-inline">contractual procurement obligations and additional expenses incurred by the municipality as a result of the enactment of this section and settlement of its claim; and</text></clause><clause id="HF8D0D83AD13449D28547A33E2E0E549C"><enum>(ii)</enum><text display-inline="yes-display-inline">any other damages and costs to be incurred by the municipality, if the Special Master determines that it is necessary to carry out the purpose of this section.</text></clause></subparagraph><subparagraph id="HAF2B5F395B3F4BBCAD3776D20774A0B6"><enum>(I)</enum><header>Power source</header><text display-inline="yes-display-inline">The Special Master shall determine the best source of producing independent power on the island of Vieques that is hurricane resilient and can effectively sustain the needs of the island and shall authorize such construction as an award to the Municipality of Vieques.</text></subparagraph></paragraph><paragraph id="idc7399eec003a42159d1177136c5ac58f"><enum>(2)</enum><header>Source</header><subparagraph id="id42958d7ee1fc41d39e9da0580d066229"><enum>(A)</enum><header>In general</header><text>Except as provided in subparagraph (B), amounts awarded under this Act shall be made from amounts appropriated under section 1304 of title 31, United States Code, commonly known as the <quote>Judgment Fund</quote>, as if claims were adjudicated by a United States District Court under section 1346(b) of title 28, United States Code.</text></subparagraph><subparagraph id="idf8e1beaf352c4a6196aa24093c2fa8d1"><enum>(B)</enum><header>Limitation</header><text>Total amounts awarded under this Act shall not exceed $1,000,000,000. </text></subparagraph></paragraph><paragraph id="H866DA2EFAF2C49848361472B9261F9B4"><enum>(3)</enum><header>Determination and payment of claims</header><subparagraph id="HA6BC5E07435A4BE1BCDF040D9818DDFA"><enum>(A)</enum><header>Establishment of filing procedures</header><text display-inline="yes-display-inline">The Attorney General shall establish procedures whereby individuals and the municipality may submit claims for payments under this section to the Special Master.</text></subparagraph><subparagraph id="H1D734EAC227F40F2B0D2C0F8FF7C4482"><enum>(B)</enum><header>Determination of claims</header><text display-inline="yes-display-inline">The Special Master shall, in accordance with this subsection, determine whether each claim meets the requirements of this section. Claims filed by residents of the island of Vieques that have been disposed of by a court under <external-xref legal-doc="usc-chapter" parsable-cite="usc-chapter/28/171">chapter 171</external-xref> of title 28, United States Code, shall be treated as if such claims are currently filed.</text></subparagraph></paragraph></subsection><subsection id="HF1D5EDAAB2764996A2AF1173D0B5E320"><enum>(e)</enum><header>Action on claims</header><text display-inline="yes-display-inline">The Special Master shall make a determination on any claim filed under the procedures established under this section not later than 150 days after the date on which the claim is filed.</text></subsection><subsection id="H07FF98F97F944D0FA373CB07DE674D9D"><enum>(f)</enum><header>Payment in full settlement of claims by individuals and the Municipality of Vieques against the
 United States</header><text display-inline="yes-display-inline">The acceptance by an individual or the Municipality of Vieques of a payment of an award under this section shall—</text><paragraph id="H6D3AA4BBA8714166A5EA077824A1D88C"><enum>(1)</enum><text display-inline="yes-display-inline">be final and conclusive;</text></paragraph><paragraph id="H2F4D6668B02146918E0541394C1309A4"><enum>(2)</enum><text display-inline="yes-display-inline">be deemed to be in full satisfaction of all claims under <external-xref legal-doc="usc-chapter" parsable-cite="usc-chapter/28/171">chapter 171</external-xref> of title 28, United States Code; and</text></paragraph><paragraph id="HBA308D4E289B4C5E88B8FD88EA4101EA"><enum>(3)</enum><text display-inline="yes-display-inline">constitute a complete release by the individual or municipality of such claim against the United States and against any employee of the United States acting in the scope of employment who is involved in the matter giving rise to the claim.</text></paragraph></subsection><subsection id="H2DC0FBFD81764342BBF38716647C84A2"><enum>(g)</enum><header>Certification of treatment of payments under other laws</header><text>Amounts paid to an individual under this section—</text><paragraph id="H4A93BE7915734641B5D092F4C00BF333"><enum>(1)</enum><text>shall be treated for purposes of the laws of the United States as damages for human suffering; and</text></paragraph><paragraph id="H6912740E22214910AE86FDD19C978F46"><enum>(2)</enum><text>may not be included as income or resources for purposes of determining eligibility to receive benefits described in section 3803(c)(2)(C) of title 31, United States Code, or the amount of such benefits.</text></paragraph></subsection><subsection id="idA66F3EB50EE94C1FBF7595C96981B230"><enum>(h)</enum><header>Limitation on claims</header><text>A claim to which this section applies shall be barred unless the claim is filed within 15 years after the date of the enactment of this Act. </text></subsection></section></legis-body></bill>


