<?xml version="1.0"?>
<?xml-stylesheet type="text/xsl" href="billres.xsl"?>
<!DOCTYPE bill PUBLIC "-//US Congress//DTDs/bill.dtd//EN" "bill.dtd">
<bill bill-stage="Introduced-in-Senate" dms-id="A1" public-private="public" slc-id="S1-TAM21082-DG4-62-2GG"><metadata xmlns:dc="http://purl.org/dc/elements/1.1/">
<dublinCore>
<dc:title>117 S54 IS: Strengthening America’s Health Care Readiness Act</dc:title>
<dc:publisher>U.S. Senate</dc:publisher>
<dc:date>2021-01-26</dc:date>
<dc:format>text/xml</dc:format>
<dc:language>EN</dc:language>
<dc:rights>Pursuant to Title 17 Section 105 of the United States Code, this file is not subject to copyright protection and is in the public domain.</dc:rights>
</dublinCore>
</metadata>
<form>
<distribution-code display="yes">II</distribution-code><congress>117th CONGRESS</congress><session>1st Session</session><legis-num>S. 54</legis-num><current-chamber>IN THE SENATE OF THE UNITED STATES</current-chamber><action><action-date date="20210126">January 26, 2021</action-date><action-desc><sponsor name-id="S253">Mr. Durbin</sponsor> (for himself and <cosponsor name-id="S350">Mr. Rubio</cosponsor>) introduced the following bill; which was read twice and referred to the <committee-name committee-id="SSHR00">Committee on Health, Education, Labor, and Pensions</committee-name></action-desc></action><legis-type>A BILL</legis-type><official-title>To address health workforce shortages and disparities highlighted by the COVID–19 pandemic through additional funding for the National Health Service Corps and the Nurse Corps, and to establish a National Health Service Corps Emergency Service demonstration project.</official-title></form><legis-body display-enacting-clause="yes-display-enacting-clause"><section section-type="section-one" id="S1"><enum>1.</enum><header>Short title</header><text display-inline="no-display-inline">This Act may be cited as the <quote><short-title>Strengthening America’s Health Care Readiness Act</short-title></quote>.</text></section><section id="id1D6962DD72FA4CD4A6EDA50ABB98E006"><enum>2.</enum><header>Additional funding for the National Health Service Corps</header><subsection id="id9918811CBDE143C0B9196793EB775669"><enum>(a)</enum><header>Additional funding</header><text>Section 10503(b) of the Patient Protection and Affordable Care Act (<external-xref legal-doc="usc" parsable-cite="usc/42/254b-2">42 U.S.C. 254b–2(b)</external-xref>) is amended—</text><paragraph id="id402E4FF4BE4045C19494C4A13C42A393"><enum>(1)</enum><text>in paragraph (1)(F), by striking <quote>and</quote> at the end;</text></paragraph><paragraph id="idCFDEF7AFA7314243A0814C2C6D910728"><enum>(2)</enum><text>in paragraph (2)(H), by striking the period and inserting <quote>; and</quote>; and</text></paragraph><paragraph id="id7ACF1B6E13124346918F0E25613F9226"><enum>(3)</enum><text>by adding at the end the following:</text><quoted-block style="OLC" display-inline="no-display-inline" id="idBF28043030D04C9E8BEA3E208D1DEBC5"><paragraph id="id480B01B76ED640C9B1C0F5133903F853"><enum>(3)</enum><text>to be transferred to the Secretary of Health and Human Services $5,000,000,000 for fiscal year 2021, to provide additional funding to carry out the National Health Service Corps Scholarship Program under section 338A of the Public Health Service Act, the National Health Service Corps Loan Program under section 338B of such Act, and the National Health Service Corps Emergency Service under section 2812A of such Act.</text></paragraph><after-quoted-block>.</after-quoted-block></quoted-block></paragraph></subsection><subsection commented="no" id="id430E2DE834764008BA289BAA9D63D85B"><enum>(b)</enum><header>Criteria for use of additional funding for in-Demand professionals</header><text>Not less than 40 percent of the amounts made available under paragraph (3) of section 10503(b) of the Patient Protection and Affordable Care Act (<external-xref legal-doc="usc" parsable-cite="usc/42/254b-2">42 U.S.C. 254b–2(b)</external-xref>) (as amended by subsection (a)) shall be allocated to awards to eligible applicants to the National Health Service Corps Scholarship Program under section 338A of the Public Health Service Act (<external-xref legal-doc="usc" parsable-cite="usc/42/254l">42 U.S.C. 254l</external-xref>), the National Health Service Corps Loan Repayment Program under section 338B of such Act (<external-xref legal-doc="usc" parsable-cite="usc/42/254l-1">42 U.S.C. 254l–1</external-xref>), or the National Health Service Corps Emergency Service under section 2812A of such Act (as added by subsection (c)) who are members of groups that are historically underrepresented in health care professions, including racial and ethnic minorities and individuals from low-income urban and rural communities. To carry out the requirements of this subsection, the Secretary may coordinate with entities receiving funding under section 739 or 821 of the Public Health Service Act (<external-xref legal-doc="usc" parsable-cite="usc/42/293c">42 U.S.C. 293c</external-xref>, 296m) to identify, provide mentorship and support, and recruit such eligible applicants.</text></subsection><subsection id="idECB73C9A01C946F799F7D16CE5146B7D"><enum>(c)</enum><header>National health service corps emergency service demonstration project</header><text>Part B of title XXVIII of the Public Health Service Act is amended by inserting after section 2812 (<external-xref legal-doc="usc" parsable-cite="usc/42/300hh-11">42 U.S.C. 300hh–11</external-xref>) the following:</text><quoted-block style="OLC" display-inline="no-display-inline" id="idCF57B26CB22147B5910A3D87F937B141"><section id="id89B3D2EC60004EDEB82166C8250E920D"><enum>2812A.</enum><header>National health service corps emergency service demonstration project</header><subsection id="idAF317AB9E6804FF7817019B2291B3F49"><enum>(a)</enum><header>In general</header><text>For each of fiscal years 2022 through 2026, from the amounts made available under section 10503(b)(3) of the Patient Protection and Affordable Care Act, to the extent permitted by, and consistent with, the requirements of applicable State law, the Secretary shall allocate up to $50,000,000 to establishing, as a demonstration project, a National Health Service Corps Emergency Service (referred to in this section as the <quote>emergency service</quote>) under which a qualified individual currently or previously participating in the National Health Service Corps agrees to engage in service through the National Disaster Medical System established under section 2812, as described in this section.</text></subsection><subsection id="id293E660898684DAC9B71DAC78C80F71F"><enum>(b)</enum><header>Participants</header><paragraph id="id209693035A8744708EF366AF7800B2B1"><enum>(1)</enum><header>NHSC alumni</header><subparagraph id="id3B0B3FD32E904D46BDEB7D58A8FF849E"><enum>(A)</enum><header>Qualified individuals</header><text>An individual may be eligible to participate in the emergency service under this section if such individual participated in the Scholarship Program under section 338A or the Loan Repayment Program under section 338B, and who satisfied the obligated service requirements under such program, in accordance with the individual's contract. </text></subparagraph><subparagraph id="id04384E4BAE954BE49E23370685566BEE"><enum>(B)</enum><header>Priority and increased funding amounts</header><clause id="id36EA4630919C4C648A18F5EC137B4B79"><enum>(i)</enum><header>Priority</header><text>In selecting eligible individuals to participate in the program under this paragraph, the Secretary shall give priority—</text><subclause id="idA432E87CA5DD446F8928EAC912229713"><enum>(I)</enum><text>first, to qualified individuals who continue to practice at the site where the individual fulfilled his or her obligated service under the Scholarship Program or Loan Repayment Program through the time of the application to the program under this section; and</text></subclause><subclause id="idBA6F6279D8784B8AA90EC3B6E571984D"><enum>(II)</enum><text>secondly, to qualified individuals who continue to practice in any site approved for obligated service under the Scholarship Program or Loan Repayment Program other than the site at which the individual served.</text></subclause></clause><clause id="id4C75AA92270D44B3B21E0C3DD57E6937"><enum>(ii)</enum><header>Increased funding amounts</header><text>The Secretary may grant increased award amounts to certain participants in the program under this section based on the site where a participant fulfilled his or her obligated service under the Scholarship Program or Loan Repayment Program. </text></clause></subparagraph><subparagraph id="id36658C0E925446C9AF1A319909D8DB14"><enum>(C)</enum><header>Private practice</header><text>An individual participating in the emergency service under this section may practice a health profession in any private capacity when not obligated to fulfill the requirements described in subsection (c).</text></subparagraph></paragraph><paragraph id="id688EB5F078234D1495734E3BA8907046"><enum>(2)</enum><header>Current NHSC members</header><subparagraph commented="no" id="idBE54CD1B8E6C472BB04A43AAB89AB00E"><enum>(A)</enum><header>In general</header><text>An individual who is participating in the Scholarship Program under section 338A or the Loan Repayment Program under section 338B may apply to participate in the program under this section while fulfilling the individual's obligated services under such program. </text></subparagraph><subparagraph id="id7534b067ff394819a031532e258e3ba8"><enum>(B)</enum><header>Clarifications</header><text>Notwithstanding any other provision of law or any contract with respect to service requirements under the Scholarship Program or Loan Repayment Program, an individual fulfilling service requirements described in subsection (c) shall not be considered in breach of such contract under such Scholarship Program or Loan Repayment Program, provided that the individual give advance and reasonable notification to the site at which the individual is fulfilling his or her obligated service requirements under such contract, and the site approves the individual's deployment through the National Disaster Medical System. </text></subparagraph><subparagraph commented="no" id="idD8F4A237556746BA83BC44E63946E79A"><enum>(C)</enum><header>No credit toward obligated service</header><text>No period of service under the National Disaster Medical System described in subsection (c)(1) shall be counted toward satisfying a period of obligated service under the Scholarship Program or Loan Repayment Program.</text></subparagraph></paragraph></subsection><subsection id="idF6399C900DF2412BA0F653A716770813"><enum>(c)</enum><header>Participants as members of the National Disaster Medical System</header><paragraph id="id0B5AC8B3567940639383609BE7EA03D6"><enum>(1)</enum><header>Service requirements</header><text>An individual participating in the program under this section shall participate in the activities of the National Disaster Medical System under section 2812 in the same manner and to the same extent as other participants in such system.</text></paragraph><paragraph id="id698685EF930D421AB2A6774632A35004"><enum>(2)</enum><header>Rights and requirements</header><text>An individual participating in the program under this section shall be considered participants in the National Disaster Medical System and shall be subject to the rights and requirements of subsections (c) and (d) of section 2812. </text></paragraph></subsection><subsection id="id847ADF95A4E247A9A6D1A5F89BDEEFAB"><enum>(d)</enum><header>Emergency service plan</header><text>In carrying out this section, the Secretary, in consultation with the Administrator of the Health Resources and Services Administration and the Assistant Secretary for Preparedness and Response, shall establish an action plan for the service commitments, deployment protocols, coordination efforts, training requirements, liability, workforce development, and such other considerations as the Secretary determines appropriate. Such action plan shall—</text><paragraph id="id9649512A8B594A218FA55CE7F1CCEE58"><enum>(1)</enum><text>ensure adherence to the missions of both the National Health Service Corps and National Disaster Medical Service; </text></paragraph><paragraph id="ida5c75955186b4ded81920dbdd2fe6bc0"><enum>(2)</enum><text>outline the type of providers determined by the Assistant Secretary to be priorities for participation in the program established under this section;</text></paragraph><paragraph id="id2a5774bf7e154052a9b6bfb42d856ab9"><enum>(3)</enum><text>describe how such deployments will be determined and prioritized in a manner consistent with—</text><subparagraph id="id0a2fe0f5e2c04d579def068a577fa852"><enum>(A)</enum><text>the National Health Service Corps contracts; and</text></subparagraph><subparagraph id="id1fdaf97c38684b9288f0ee08d9aeb77d"><enum>(B)</enum><text>the National Disaster Medical System’s deployment policy of not hindering civilian responders already engaged in an emergency response; </text></subparagraph></paragraph><paragraph id="id959FC533AB1E4F239A4DEE46D3E77322"><enum>(4)</enum><text>ensure an adequate health care workforce during a public health emergency declared by the Secretary under section 319 of this Act, a major disaster declared by the President under section 401 of the Robert T. Stafford Disaster Relief and Emergency Assistance Act, an emergency declared by the President under section 501 of the Robert T. Stafford Disaster Relief and Emergency Assistance Act, or a national emergency declared by the President under the National Emergencies Act; and</text></paragraph><paragraph id="id3ED232C11EB2448CA73FBFC7CE50391D"><enum>(5)</enum><text>describe how the program established under this section will be implemented in a manner consistent with, and in furtherance of, the assessments and goals for workforce and training described in the review conducted by the Secretary under section 2812(b)(2). </text></paragraph></subsection><subsection id="idF61E90EB490545D1ABEC6A567AC2689B"><enum>(e)</enum><header>Contracts for certain participating individuals</header><text>An individual who is participating in the emergency service program under this section shall receive loan repayments in an amount up to 50 percent (as determined by the Secretary) of the highest new award made for the year under the National Health Service Corps Loan Repayment Program pursuant to a contract entered into at the same time under section 338B(g), in a manner similar to the manner in which payments are made under such section, pursuant to the terms of a contract between the Secretary and such individual. The Secretary shall establish a system of contracting for purposes of this subsection which shall be similar to the contract requirements and terms under subsections (c), (d), and (f) of section 338B. Amounts received by an individual under this subsection shall be in addition to any amounts received by an individual described in subsection (b)(2) pursuant to the Scholarship Program under section 338A or the Loan Repayment Program under section 338B, as applicable.</text></subsection><subsection id="id976A7C3C11B14AF6A79E8525A5B1AD01"><enum>(f)</enum><header>Breach of contract, termination, waiver, and suspension</header><paragraph id="id3FEDD230CC3C4E9D9C6C6BDCC1F854E7"><enum>(1)</enum><header>Recovery of amounts in the event of a breach</header><text>If an individual breaches the written contract of the individual under subsection (e) by failing either to begin such individual's service obligation in accordance with such contract or to complete such service obligation, the United States shall be entitled to recover from the individual an amount equal to the sum of—</text><subparagraph id="idDD207EF54632400D997C4CE615ADEBA3"><enum>(A)</enum><text>the total of the amounts paid by the United States under such contract on behalf of the individual for any period of such service not served;</text></subparagraph><subparagraph id="idFE48944B8E414ED5A70AD3F27FD31F67"><enum>(B)</enum><text>an amount equal to the product of the number of months of service that were not completed by the individual, multiplied by $3,750; and</text></subparagraph><subparagraph id="idBF0439D31C34475E85A9CD562F609AE4"><enum>(C)</enum><text>the interest on the amounts described in subparagraphs (A) and (B), at the maximum legal prevailing rate, as determined by the Treasurer of the United States, from the date of the breach. </text></subparagraph></paragraph><paragraph id="ida025dc4fa6c44dc0ba683cbe056218b5"><enum>(2)</enum><header>Termination of contract</header><text>The Secretary may terminate a contract under subsection (e) in accordance with the termination standards that are—</text><subparagraph id="id3f3c5938bc894d4d8daf4abe6aa32a5a"><enum>(A)</enum><text>applicable to contracts entered into under section 338B; and</text></subparagraph><subparagraph id="id11fb337eb1a245ef86d445ad565ece95"><enum>(B)</enum><text>in effect in the fiscal year in which such contract was entered.</text></subparagraph></paragraph><paragraph id="id82cc2a2b9e144211907f51a55fb6f58d"><enum>(3)</enum><header>Waiver or suspension of obligation</header><text>If an individual participating in the program under this section submits a written request to the Secretary, the Secretary may waive or suspend a service or payment obligation arising under this subsection or a contract under subsection (e), in whole or in part, in accordance with the standards set forth in section 62.12 of title 42, Code of Federal Regulations (or any successor regulations). </text></paragraph></subsection><subsection id="id3301F7A3595543D6B78B282A6EFE819A"><enum>(g)</enum><header>Report</header><text>Not later than 4 years after the date of enactment of this section, the Secretary shall submit to the Committee on Health, Education, Labor, and Pensions of the Senate and the Committee on Energy and Commerce of the House of Representatives a report that evaluates the demonstration project established under this section, including—</text><paragraph id="idB167C37CF5A34C60A22E5B44C3E7257D"><enum>(1)</enum><text>the effects of such program on health care access in underserved areas and health professional shortage areas and on public health emergency response capacity; </text></paragraph><paragraph id="idC7E41D3CECF04EB4BA320814DBA078CE"><enum>(2)</enum><text>the effects of such program on the health care provider workforce pipeline, including any impact on the demographic representation among, and the fields or specialties pursued by, students in approved graduate training programs in medicine, osteopathic medicine, dentistry, behavioral and mental health, or other health profession; </text></paragraph><paragraph id="id551C2BF1A0C14251957B4D1AC48CDB98"><enum>(3)</enum><text>the impact of such program on the enrollment, participation, and completion of requirements in the underlying scholarship and loan repayment programs of the National Health Service Corps; </text></paragraph><paragraph id="id2B270525EF5348058A1190CD883CD390"><enum>(4)</enum><text>the effects of such program on the National Disaster Medical System’s response capability, readiness, and workforce strength; and</text></paragraph><paragraph id="id079C51F18FAE4D869EC8B87D4ED15E1E"><enum>(5)</enum><text>recommendations for improving the demonstration project described in this section, and any other considerations as the Secretary determines appropriate.</text></paragraph></subsection></section><after-quoted-block>.</after-quoted-block></quoted-block></subsection></section><section id="id239B73684E4941E49565DC53FDD092BA"><enum>3.</enum><header>Funding for the Nurse Corps Scholarship and Loan Repayment Program</header><text display-inline="no-display-inline">There are hereby appropriated, out of amounts in the Treasury not otherwise appropriated, $1,000,000,000 for fiscal year 2021, for purposes of carrying out section 846 of the Public Health Service Act (<external-xref legal-doc="usc" parsable-cite="usc/42/297n">42 U.S.C. 297n</external-xref>), to remain available until expended, except that—</text><paragraph id="id4F62C77E26024BD891F9D892455EA47D"><enum>(1)</enum><text>of the amount appropriated under this heading and made available for scholarships and loan repayment, not less than 40 percent shall be allocated for eligible applicants who are members of groups that are historically underrepresented in health care professions, including racial and ethnic minorities and individuals from low-income urban and rural communities; and</text></paragraph><paragraph id="idA4F449FA04854A828106E3914BE26E38"><enum>(2)</enum><text>to carry out the requirements of paragraph (1), the Secretary may coordinate with entities receiving funding under section 821 to identify, recruit, and select individuals to receive such scholarships.</text></paragraph></section></legis-body></bill> 

