<?xml version="1.0"?>
<?xml-stylesheet type="text/xsl" href="billres.xsl"?>
<!DOCTYPE bill PUBLIC "-//US Congress//DTDs/bill.dtd//EN" "bill.dtd">
<bill bill-stage="Introduced-in-Senate" dms-id="A1" public-private="public" slc-id="S1-ROM21133-3HM-65-4LW"><metadata xmlns:dc="http://purl.org/dc/elements/1.1/">
<dublinCore>
<dc:title>117 S224 IS: Promoting Digital Privacy Technologies Act</dc:title>
<dc:publisher>U.S. Senate</dc:publisher>
<dc:date>2021-02-04</dc:date>
<dc:format>text/xml</dc:format>
<dc:language>EN</dc:language>
<dc:rights>Pursuant to Title 17 Section 105 of the United States Code, this file is not subject to copyright protection and is in the public domain.</dc:rights>
</dublinCore>
</metadata>
<form>
<distribution-code display="yes">II</distribution-code><congress>117th CONGRESS</congress><session>1st Session</session><legis-num>S. 224</legis-num><current-chamber>IN THE SENATE OF THE UNITED STATES</current-chamber><action><action-date date="20210204">February 4, 2021</action-date><action-desc><sponsor name-id="S385">Ms. Cortez Masto</sponsor> (for herself and <cosponsor name-id="S357">Mrs. Fischer</cosponsor>) introduced the following bill; which was read twice and referred to the <committee-name committee-id="SSCM00">Committee on Commerce, Science, and Transportation</committee-name></action-desc></action><legis-type>A BILL</legis-type><official-title>To support research on privacy enhancing technologies and promote responsible data use, and for other purposes.</official-title></form><legis-body display-enacting-clause="yes-display-enacting-clause"><section section-type="section-one" id="S1"><enum>1.</enum><header>Short title</header><text display-inline="no-display-inline">This Act may be cited as the <quote><short-title>Promoting Digital Privacy Technologies Act</short-title></quote>.</text></section><section id="id27BD9FBAA67B41BFBF3A63DE84865AC4"><enum>2.</enum><header>Definitions</header><text display-inline="no-display-inline">In this Act:</text><paragraph commented="no" id="id33b0eb2b92014bfa9e099cff207dfc11"><enum>(1)</enum><header>Personal data</header><text>The term <term>personal data</term> means information that identifies, is linked to, or is reasonably linkable to, an individual or a consumer device, including derived data.</text></paragraph><paragraph id="id9AAA64F99C274687891F0B17205AC0BF"><enum>(2)</enum><header>Privacy enhancing technology</header><text display-inline="yes-display-inline">The term <term>privacy enhancing technology</term>—</text><subparagraph id="id783407A6B6F044A0930CD883A47EA0B5"><enum>(A)</enum><text display-inline="yes-display-inline">means any software solution, technical processes, or other technological means of enhancing the privacy and confidentiality of an individual’s personal data in data or sets of data; and</text></subparagraph><subparagraph id="idD13624B2E8814BEEBB202546ABC568E4"><enum>(B)</enum><text display-inline="yes-display-inline">includes anonymization and pseudonymization techniques, filtering tools, anti-tracking technology, differential privacy tools, synthetic data, and secure multi-party computation. </text></subparagraph></paragraph></section><section id="ida2901f4e23b642c5b70f2aebad61cae2"><enum>3.</enum><header>National Science Foundation support of research on privacy enhancing technology</header><text display-inline="no-display-inline">The Director of the National Science Foundation, in consultation with other relevant Federal agencies (as determined by the Director), shall support merit-reviewed and competitively awarded research on privacy enhancing technologies, which may include—</text><paragraph id="id19cec46ecca04b708717511701f3869c"><enum>(1)</enum><text>fundamental research on technologies for de-identification, pseudonymization, anonymization, or obfuscation of personal data in data sets while maintaining fairness, accuracy, and efficiency;</text></paragraph><paragraph id="id184508bf4a0c40b6943a44a514d6602f"><enum>(2)</enum><text>fundamental research on algorithms and other similar mathematical tools used to protect individual privacy when collecting, storing, sharing, or aggregating data;</text></paragraph><paragraph id="id1506914c00234743b369a79c90bae94d"><enum>(3)</enum><text>fundamental research on technologies that promote data minimization principles in data collection, sharing, and analytics; and</text></paragraph><paragraph id="id0d6ee6e5de6044d2aef5e11a93b2faa1"><enum>(4)</enum><text>research awards on privacy enhancing technologies coordinated with other relevant Federal agencies and programs.</text></paragraph></section><section id="idf412f1bd42e04a268ed849d31fc87a44"><enum>4.</enum><header>Integration into the computer and network security program</header><text display-inline="no-display-inline">Subparagraph (D) of section 4(a)(1) of the Cyber Security Research and Development Act (<external-xref legal-doc="usc" parsable-cite="usc/15/7403">15 U.S.C. 7403(a)(1)(D)</external-xref>) is amended to read as follows:</text><quoted-block style="OLC" display-inline="no-display-inline" id="idBE7C4D05F7504761B54EED377E587E2E"><subparagraph id="idc9b786633026477fbfafa264a1580f6e"><enum>(D)</enum><text>privacy enhancing technologies and confidentiality;</text></subparagraph><after-quoted-block>.</after-quoted-block></quoted-block></section><section id="ide9d4d33cedca47e1b794d05a388f493e"><enum>5.</enum><header>Coordination with the National Institute of Standards and Technology and other stakeholders</header><subsection id="id0ace3415324449d9bcef00d75fbc1a07"><enum>(a)</enum><header>In general</header><text>The Director of the Office of Science and Technology Policy, acting through the Networking and Information Technology Research and Development Program, shall coordinate with the Director of the National Science Foundation, the Director of the National Institute of Standards and Technology, and the Federal Trade Commission to accelerate the development and use of privacy enhancing technologies. </text></subsection><subsection id="id9ae615e440e8422ba67dc9d6f0b10a11"><enum>(b)</enum><header>Outreach</header><text>The Director of the National Institute of Standards and Technology shall conduct outreach to—</text><paragraph id="idbdd77be560404a979f45665d1e270afc"><enum>(1)</enum><text>receive input from private, public, and academic stakeholders, including the National Institutes of Health and the Centers for Disease Control and Prevention, for the purpose of facilitating public health research, on the development of privacy enhancing technologies; and</text></paragraph><paragraph id="id0ef6b425d41c43bc91645e75af72294b"><enum>(2)</enum><text> develop ongoing public and private sector engagement to create and disseminate voluntary, consensus-based resources to increase the integration of privacy enhancing technologies in data collection, sharing, and analytics by the public and private sectors.</text></paragraph></subsection></section><section id="id624d9e77499f46f887842aab34995e22"><enum>6.</enum><header>Report on research and standards development</header><text display-inline="no-display-inline">Not later than 2 years after the date of enactment of this Act, the Director of the Office of Science and Technology Policy, acting through the Networking and Information Technology Research and Development Program, shall, in coordination with the Director of the National Science Foundation and the Director of the National Institute of Standards and Technology, submit to the Committee on Commerce, Science, and Transportation of the Senate, the Subcommittee on Commerce, Justice, Science, and Related Agencies of the Committee on Appropriations of the Senate, the Committee on Science, Space, and Technology of the House of Representatives, and the Subcommittee on Commerce, Justice, Science, and Related Agencies of the Committee on Appropriations of the House of Representatives, a report containing—</text><paragraph id="idc3d0e6cb26a146b6ac2a5ec880b40c77"><enum>(1)</enum><text>the progress of research on privacy enhancing technologies;</text></paragraph><paragraph id="idbc971d1f8ce348bb858fa2d11a12cb89"><enum>(2)</enum><text>the progress of the development of voluntary resources described under section 5(b)(2); and</text></paragraph><paragraph id="id93db072bac8c4f5a93de24723f59c681"><enum>(3)</enum><text>any policy recommendations of the Directors that could facilitate and improve communication and coordination between the private sector, the National Science Foundation, and relevant Federal agencies through the implementation of privacy enhancing technologies.</text></paragraph></section></legis-body></bill> 

