<?xml version="1.0"?>
<?xml-stylesheet type="text/xsl" href="billres.xsl"?>
<!DOCTYPE bill PUBLIC "-//US Congress//DTDs/bill.dtd//EN" "bill.dtd">
<bill bill-type="olc" bill-stage="Introduced-in-Senate" dms-id="A1" public-private="public" slc-id="S1-BAI21076-33F-XV-YNC"><metadata xmlns:dc="http://purl.org/dc/elements/1.1/">
<dublinCore>
<dc:title>117 S123 IS: Born-Alive Abortion Survivors Protection Act</dc:title>
<dc:publisher>U.S. Senate</dc:publisher>
<dc:date>2021-01-28</dc:date>
<dc:format>text/xml</dc:format>
<dc:language>EN</dc:language>
<dc:rights>Pursuant to Title 17 Section 105 of the United States Code, this file is not subject to copyright protection and is in the public domain.</dc:rights>
</dublinCore>
</metadata>
<form>
<distribution-code display="yes">II</distribution-code><congress>117th CONGRESS</congress><session>1st Session</session><legis-num>S. 123</legis-num><current-chamber>IN THE SENATE OF THE UNITED STATES</current-chamber><action><action-date date="20210128">January 28, 2021</action-date><action-desc><sponsor name-id="S382">Mr. Sasse</sponsor> (for himself, <cosponsor name-id="S317">Mr. Barrasso</cosponsor>, <cosponsor name-id="S396">Mrs. Blackburn</cosponsor>, <cosponsor name-id="S342">Mr. Blunt</cosponsor>, <cosponsor name-id="S343">Mr. Boozman</cosponsor>, <cosponsor name-id="S397">Mr. Braun</cosponsor>, <cosponsor name-id="S300">Mr. Burr</cosponsor>, <cosponsor name-id="S373">Mr. Cassidy</cosponsor>, <cosponsor name-id="S287">Mr. Cornyn</cosponsor>, <cosponsor name-id="S374">Mr. Cotton</cosponsor>, <cosponsor name-id="S398">Mr. Cramer</cosponsor>, <cosponsor name-id="S266">Mr. Crapo</cosponsor>, <cosponsor name-id="S355">Mr. Cruz</cosponsor>, <cosponsor name-id="S375">Mr. Daines</cosponsor>, <cosponsor name-id="S376">Ms. Ernst</cosponsor>, <cosponsor name-id="S357">Mrs. Fischer</cosponsor>, <cosponsor name-id="S293">Mr. Graham</cosponsor>, <cosponsor name-id="S153">Mr. Grassley</cosponsor>, <cosponsor name-id="S407">Mr. Hagerty</cosponsor>, <cosponsor name-id="S399">Mr. Hawley</cosponsor>, <cosponsor name-id="S344">Mr. Hoeven</cosponsor>, <cosponsor name-id="S395">Mrs. Hyde-Smith</cosponsor>, <cosponsor name-id="S236">Mr. Inhofe</cosponsor>, <cosponsor name-id="S345">Mr. Johnson</cosponsor>, <cosponsor name-id="S389">Mr. Kennedy</cosponsor>, <cosponsor name-id="S378">Mr. Lankford</cosponsor>, <cosponsor name-id="S346">Mr. Lee</cosponsor>, <cosponsor name-id="S410">Ms. Lummis</cosponsor>, <cosponsor name-id="S411">Mr. Marshall</cosponsor>, <cosponsor name-id="S174">Mr. McConnell</cosponsor>, <cosponsor name-id="S347">Mr. Moran</cosponsor>, <cosponsor name-id="S348">Mr. Paul</cosponsor>, <cosponsor name-id="S349">Mr. Portman</cosponsor>, <cosponsor name-id="S323">Mr. Risch</cosponsor>, <cosponsor name-id="S381">Mr. Rounds</cosponsor>, <cosponsor name-id="S401">Mr. Romney</cosponsor>, <cosponsor name-id="S350">Mr. Rubio</cosponsor>, <cosponsor name-id="S404">Mr. Scott of Florida</cosponsor>, <cosponsor name-id="S365">Mr. Scott of South Carolina</cosponsor>, <cosponsor name-id="S184">Mr. Shelby</cosponsor>, <cosponsor name-id="S383">Mr. Sullivan</cosponsor>, <cosponsor name-id="S303">Mr. Thune</cosponsor>, <cosponsor name-id="S384">Mr. Tillis</cosponsor>, <cosponsor name-id="S351">Mr. Toomey</cosponsor>, <cosponsor name-id="S318">Mr. Wicker</cosponsor>, and <cosponsor name-id="S391">Mr. Young</cosponsor>) introduced the following bill; which was read twice and referred to the <committee-name committee-id="SSJU00">Committee on the Judiciary</committee-name></action-desc></action><legis-type>A BILL</legis-type><official-title>To amend title 18, United States Code, to prohibit a health care practitioner from failing to exercise the proper degree of care in the case of a child who survives an abortion or attempted abortion.</official-title></form><legis-body style="OLC" display-enacting-clause="yes-display-enacting-clause" id="H3EB64BB051BF45D6B2A1C11A95803271"><section section-type="section-one" id="H45F36B8633D24E1994F9DB7955FA9C51"><enum>1.</enum><header>Short title</header><text display-inline="no-display-inline">This Act may be cited as the <quote><short-title>Born-Alive Abortion Survivors Protection Act</short-title></quote>.</text></section><section commented="no" section-type="subsequent-section" id="HB1715CE2108A41299381237E9D3F80E2"><enum>2.</enum><header>Findings</header><text display-inline="no-display-inline">Congress finds the following:</text><paragraph commented="no" id="H44AD035649F84BA28B4B311AF8122EA1"><enum>(1)</enum><text display-inline="yes-display-inline">If an abortion results in the live birth of an infant, the infant is a legal person for all purposes under the laws of the United States, and entitled to all the protections of such laws.</text></paragraph><paragraph commented="no" id="HBBA272520DAF45F58EF730ED6E1F5806"><enum>(2)</enum><text>Any infant born alive after an abortion or within a hospital, clinic, or other facility has the same claim to the protection of the law that would arise for any newborn, or for any person who comes to a hospital, clinic, or other facility for screening and treatment or otherwise becomes a patient within its care.</text></paragraph></section><section id="H91B06B8A9E1943039EC70B6A83724E40"><enum>3.</enum><header>Born-alive infants protection</header><subsection id="H0A3A5CD2B162465798639677C9765114"><enum>(a)</enum><header>Requirements pertaining to born-Alive abortion survivors</header><text display-inline="yes-display-inline"><external-xref legal-doc="usc-chapter" parsable-cite="usc-chapter/18/74">Chapter 74</external-xref> of title 18, United States Code, is amended by inserting after <external-xref legal-doc="usc" parsable-cite="usc/18/1531">section 1531</external-xref> the following:</text><quoted-block style="USC" display-inline="no-display-inline" id="HC192379AEFB748D38EEFD3F28F7145EB"><section id="H294BE29C8194412A901573BA20EF0ECC"><enum>1532.</enum><header>Requirements pertaining to born-alive abortion survivors</header><subsection id="HE644EFF948FC4FB6ABC966006D770548"><enum>(a)</enum><header>Requirements for health care practitioners</header><text>In the case of an abortion or attempted abortion that results in a child born alive:</text><paragraph id="H5B7A2462E273430795274F3FF45E28AE"><enum>(1)</enum><header>Degree of care required; immediate admission to a hospital</header><text>Any health care practitioner present at the time the child is born alive shall—</text><subparagraph id="H25E995A828084DAE9AC3F716121B64E5"><enum>(A)</enum><text>exercise the same degree of professional skill, care, and diligence to preserve the life and health of the child as a reasonably diligent and conscientious health care practitioner would render to any other child born alive at the same gestational age; and</text></subparagraph><subparagraph id="HF822762F551F4D698950DA0266F046C0"><enum>(B)</enum><text display-inline="yes-display-inline">following the exercise of skill, care, and diligence required under subparagraph (A), ensure that the child born alive is immediately transported and admitted to a hospital.</text></subparagraph></paragraph><paragraph commented="no" id="HE2DD529FB9224C44ADB20770D148BFEA"><enum>(2)</enum><header>Mandatory reporting of violations</header><text>A health care practitioner or any employee of a hospital, a physician’s office, or an abortion clinic who has knowledge of a failure to comply with the requirements of paragraph (1) shall immediately report the failure to an appropriate State or Federal law enforcement agency, or to both.</text></paragraph></subsection><subsection id="HC3E7E3DA31BD41C7B80A69AED94BC649"><enum>(b)</enum><header>Penalties</header><paragraph id="H9C406341038346C38BDE590BB089F34F"><enum>(1)</enum><header>In general</header><text>Whoever violates subsection (a) shall be fined under this title, imprisoned for not more than 5 years, or both.</text></paragraph><paragraph id="HC9063244F35449D2A3A7564B6768A3FF"><enum>(2)</enum><header>Intentional killing of child born alive</header><text>Whoever intentionally performs or attempts to perform an overt act that kills a child born alive described under subsection (a), shall be punished as under section 1111 of this title for intentionally killing or attempting to kill a human being.</text></paragraph></subsection><subsection id="H2D8E257DCD4047E1A85DDEEC4A793C5E"><enum>(c)</enum><header>Bar to prosecution</header><text>The mother of a child born alive described under subsection (a) may not be prosecuted for a violation of this section, an attempt to violate this section, a conspiracy to violate this section, or an offense under section 3 or 4 of this title based on such a violation.</text></subsection><subsection id="H979329F8C11B4CFA82BB587F6B4E3F35"><enum>(d)</enum><header>Civil remedies</header><paragraph id="HDDF30132FCFC4B5F9AD4EC7F7B2E9F4A"><enum>(1)</enum><header>Civil action by a woman on whom an abortion is performed</header><text display-inline="yes-display-inline">If a child is born alive and there is a violation of subsection (a), the woman upon whom the abortion was performed or attempted may, in a civil action against any person who committed the violation, obtain appropriate relief.</text></paragraph><paragraph id="HD7D592E79CFC4128BC9A5036A55708D0"><enum>(2)</enum><header>Appropriate relief</header><text>Appropriate relief in a civil action under this subsection includes—</text><subparagraph id="H0D3BCC57C4124146A198782BDF3C86C3"><enum>(A)</enum><text>objectively verifiable money damage for all injuries, psychological and physical, occasioned by the violation of subsection (a);</text></subparagraph><subparagraph id="HCEBDC508C80248D3A83131D37FC5F8E9"><enum>(B)</enum><text>statutory damages equal to 3 times the cost of the abortion or attempted abortion; and</text></subparagraph><subparagraph id="H32D435632FF444229DBD952CFCB8FC06"><enum>(C)</enum><text>punitive damages.</text></subparagraph></paragraph><paragraph id="H0CA3E6966B02405DB277D743BA433E76"><enum>(3)</enum><header>Attorney’s fee for plaintiff</header><text>The court shall award a reasonable attorney’s fee to a prevailing plaintiff in a civil action under this subsection.</text></paragraph><paragraph id="HFB38B4A6B7424FA89563C76E56048ABB"><enum>(4)</enum><header>Attorney’s fee for defendant</header><text display-inline="yes-display-inline">If a defendant in a civil action under this subsection prevails and the court finds that the plaintiff’s suit was frivolous, the court shall award a reasonable attorney’s fee in favor of the defendant against the plaintiff.</text></paragraph></subsection><subsection id="H17FAB20ED51D4D9298E53C1530B45946"><enum>(e)</enum><header>Definitions</header><text>In this section the following definitions apply:</text><paragraph id="HCA797DF482364B59838A122A1F65285B"><enum>(1)</enum><header>Abortion</header><text>The term <term>abortion</term> means the use or prescription of any instrument, medicine, drug, or any other substance or device—</text><subparagraph id="H2B3B4CF9C3494F5BA57BAF6F97A25CF9"><enum>(A)</enum><text>to intentionally kill the unborn child of a woman known to be pregnant; or</text></subparagraph><subparagraph id="HD6121DEDFFB34FAF94FA6C152E61010C"><enum>(B)</enum><text>to intentionally terminate the pregnancy of a woman known to be pregnant, with an intention other than—</text><clause id="HB40A66D3D15945E09F7329679A01FFE8"><enum>(i)</enum><text>after viability, to produce a live birth and preserve the life and health of the child born alive; or</text></clause><clause id="H4012815BDEF2433CAE60C7D3C144DC9D"><enum>(ii)</enum><text>to remove a dead unborn child.</text></clause></subparagraph></paragraph><paragraph id="HC61A78D4E9A64B45B335CEAB1B0B9383"><enum>(2)</enum><header>Attempt</header><text>The term <term>attempt</term>, with respect to an abortion, means conduct that, under the circumstances as the actor believes them to be, constitutes a substantial step in a course of conduct planned to culminate in performing an abortion.</text></paragraph><paragraph id="idF7D34665C02B4EBBA66F7809FB706948"><enum>(3)</enum><header>Born alive</header><text>The term <term>born alive</term> has the meaning given that term in section 8 of title 1, United States Code (commonly known as the <quote>Born-Alive Infants Protection Act</quote>).</text></paragraph></subsection></section><after-quoted-block>.</after-quoted-block></quoted-block></subsection><subsection id="HF2985EA93DAA4F3DAB1378D8D5CA458B"><enum>(b)</enum><header>Conforming amendments</header><paragraph id="idABBB2AE507E84F3B9B1896BA553A5D03"><enum>(1)</enum><text display-inline="yes-display-inline">The table of sections for <external-xref legal-doc="usc-chapter" parsable-cite="usc-chapter/18/74">chapter 74</external-xref> of title 18, United States Code, is amended by adding at the end the following:</text><quoted-block style="USC" display-inline="no-display-inline" id="H08968F98473B46B4B1F96834242864AC"><toc regeneration="no-regeneration"><toc-entry level="section">1532. Requirements pertaining to born-alive abortion survivors.</toc-entry></toc><after-quoted-block>.</after-quoted-block></quoted-block></paragraph><paragraph id="HB624DADFF2FB483B9E67B4361DD76A37"><enum>(2)</enum><text>The chapter heading for <external-xref legal-doc="usc-chapter" parsable-cite="usc-chapter/18/74">chapter 74</external-xref> of title 18, United States Code, is amended by striking <quote><header-in-text level="chapter" style="USC">Partial-Birth Abortions</header-in-text></quote> and inserting <quote><header-in-text level="chapter" style="USC">Abortions</header-in-text></quote>.</text></paragraph><paragraph id="H534BA1BFA1844F2D9A21A28632C18A12"><enum>(3)</enum><text>The table of chapters for part I of title 18, United States Code, is amended by striking the item relating to chapter 74 and inserting the following:</text><quoted-block style="OLC" display-inline="no-display-inline" id="idFE3369602973419A80F2293E97E68FA2"><toc><multi-column-toc-entry bold="on" level="chapter"><toc-enum>74.</toc-enum><level-header level="chapter">Abortion</level-header><target>1531</target></multi-column-toc-entry></toc><after-quoted-block>.</after-quoted-block></quoted-block></paragraph></subsection></section><section section-type="subsequent-section" id="id058229FC67554A86A2917EB6634E98D4"><enum>4.</enum><header>Effective date</header><text display-inline="no-display-inline">This Act shall take effect one day after the date of enactment.</text></section></legis-body></bill> 

