<?xml version="1.0"?>
<?xml-stylesheet type="text/xsl" href="billres.xsl"?>
<!DOCTYPE bill PUBLIC "-//US Congress//DTDs/bill.dtd//EN" "bill.dtd">
<bill bill-stage="Introduced-in-Senate" dms-id="A1" public-private="public" slc-id="S1-FLO21067-PX0-4L-82H"><metadata xmlns:dc="http://purl.org/dc/elements/1.1/">
<dublinCore>
<dc:title>116 S177 IS: Cerro de la Olla Wilderness Establishment Act</dc:title>
<dc:publisher>U.S. Senate</dc:publisher>
<dc:date>2021-02-02</dc:date>
<dc:format>text/xml</dc:format>
<dc:language>EN</dc:language>
<dc:rights>Pursuant to Title 17 Section 105 of the United States Code, this file is not subject to copyright protection and is in the public domain.</dc:rights>
</dublinCore>
</metadata>
<form>
<distribution-code display="yes">II</distribution-code><congress>117th CONGRESS</congress><session>1st Session</session><legis-num>S. 177</legis-num><current-chamber>IN THE SENATE OF THE UNITED STATES</current-chamber><action><action-date date="20210202">February 2, 2021</action-date><action-desc><sponsor name-id="S359">Mr. Heinrich</sponsor> (for himself and <cosponsor name-id="S409">Mr. Luján</cosponsor>) introduced the following bill; which was read twice and referred to the <committee-name committee-id="SSEG00">Committee on Energy and Natural Resources</committee-name></action-desc></action><legis-type>A BILL</legis-type><official-title>To amend the John D. Dingell, Jr. Conservation, Management, and Recreation Act to establish the Cerro de la Olla Wilderness in the Río Grande del Norte National Monument and to modify the boundary of the Río Grande del Norte National Monument.</official-title></form><legis-body display-enacting-clause="yes-display-enacting-clause"><section id="idF28FE67920334175B400E74E1487F4F7" section-type="section-one"><enum>1.</enum><header>Short title</header><text display-inline="no-display-inline">This Act may be cited as the <quote><short-title>Cerro de la Olla Wilderness Establishment Act</short-title></quote>.</text></section><section id="id3DA311AE25A0418CB80077BAEF63CD59"><enum>2.</enum><header>Designation of Cerro de la Olla Wilderness</header><subsection id="id5FBB41AC88D24A4E80C8A1650491CDBD"><enum>(a)</enum><header>In general</header><text display-inline="yes-display-inline">Section 1202 of the John D. Dingell, Jr. Conservation, Management, and Recreation Act (<external-xref legal-doc="usc" parsable-cite="usc/16/1132">16 U.S.C. 1132</external-xref> note; <external-xref legal-doc="public-law" parsable-cite="pl/116/9">Public Law 116–9</external-xref>; 133 Stat. 651) is amended—</text><paragraph id="idF0F7D2BF3B844A74B232C3F8571BF6AD"><enum>(1)</enum><text>in the section heading, by striking <quote><header-in-text level="section" style="OLC">Cerro del Yuta and Río San Antonio</header-in-text></quote> and inserting <quote><header-in-text level="section" style="OLC">Río Grande del Norte National Monument</header-in-text></quote>;</text></paragraph><paragraph id="id878E19E125E94D5AA5EBA9C3BE209F98"><enum>(2)</enum><text>in subsection (a), by striking paragraph (1) and inserting the following:</text><quoted-block style="OLC" display-inline="no-display-inline" id="idB2B7A0DC91264CA096FEB49969EA946B"><paragraph id="id3d139545d90e47738fbc64ad7b7ba881"><enum>(1)</enum><header>Map</header><text>The term <term>map</term> means—</text><subparagraph id="idEA69A837808446209641600823426DA1"><enum>(A)</enum><text>for purposes of subparagraphs (A) and (B) of subsection (b)(1), the map entitled <quote>Río Grande del Norte National Monument Proposed Wilderness Areas</quote> and dated July 28, 2015; and</text></subparagraph><subparagraph id="id326E7AA9EDBA4FB5B75ADA59E8A133B3"><enum>(B)</enum><text>for purposes of subsection (b)(1)(C), the map entitled <quote>Proposed Cerro de la Olla Wilderness and Río Grande del Norte National Monument Boundary</quote> and dated January 28, 2021.</text></subparagraph></paragraph><after-quoted-block>; and</after-quoted-block></quoted-block></paragraph><paragraph id="idCA7FE74D38BC4FABBA7408566CA86ED2"><enum>(3)</enum><text>in subsection (b)—</text><subparagraph id="idA1DDF291B5844BDB8C5B0E0D81B0D25E"><enum>(A)</enum><text>in paragraph (1), by adding at the end the following:</text><quoted-block style="OLC" display-inline="no-display-inline" id="id6F4F8D26424648B0829BADC227A537D8"><subparagraph id="idFB80B43D629A49A8A64D56CC0234174B"><enum>(C)</enum><header>Cerro de la Olla Wilderness</header><text>Certain Federal land administered by the Bureau of Land Management in Taos County, New Mexico, comprising approximately 13,103 acres as generally depicted on the map, which shall be known as the <quote>Cerro de la Olla Wilderness</quote>.</text></subparagraph><after-quoted-block>; </after-quoted-block></quoted-block></subparagraph><subparagraph id="id266E7FCE5CB34BFFA981B35846ABAEF1"><enum>(B)</enum><text>in paragraph (7)—</text><clause id="idC655E12E8B3146FEA5E1178327C1AE9D"><enum>(i)</enum><text>by striking <quote>map and</quote> each place it appears and inserting <quote>maps and</quote>; and</text></clause><clause id="idF839BEF55E6C481F96D1908337B3EEBC"><enum>(ii)</enum><text>in subparagraph (B), by striking <quote>the legal description and map</quote> and inserting <quote>the maps or legal descriptions</quote>; and</text></clause></subparagraph><subparagraph id="idC33E6104BFA14CD590083DA4958A998B"><enum>(C)</enum><text>by adding at the end the following:</text><quoted-block style="OLC" display-inline="no-display-inline" id="idEABF1902057E4483AA71C111F3370F73"><paragraph id="id459cf86b42764660b0d816ecedea46e6"><enum>(12)</enum><header> Wildlife water development projects in Cerro de la Olla Wilderness</header><subparagraph id="id0cd5b54994854486b2347241758eddde"><enum>(A)</enum><header>In general</header><text>Subject to subparagraph (B) and in accordance with section 4(c) of the Wilderness Act (<external-xref legal-doc="usc" parsable-cite="usc/16/1133">16 U.S.C. 1133(c)</external-xref>), the Secretary may authorize the maintenance of any structure or facility in existence on the date of enactment of this paragraph for wildlife water development projects (including guzzlers) in the Cerro de la Olla Wilderness if, as determined by the Secretary—</text><clause id="ida7cf502f3fea4c0190270bf8f7677e71"><enum>(i)</enum><text>the structure or facility would enhance wilderness values by promoting healthy, viable, and more naturally distributed wildlife populations; and</text></clause><clause id="idf0db4c6d85b94501b3eb293e8c8f07f9"><enum>(ii)</enum><text>the visual impacts of the structure or facility on the Cerro de la Olla Wilderness can reasonably be minimized.</text></clause></subparagraph><subparagraph id="idb09958246fd54b75aa82230c308ce4d9"><enum>(B)</enum><header>Cooperative agreement</header><text>Not later than 1 year after the date of enactment of this paragraph, the Secretary shall enter into a cooperative agreement with the State of New Mexico that specifies, subject to section 4(c) of the Wilderness Act (<external-xref legal-doc="usc" parsable-cite="usc/16/1133">16 U.S.C. 1133(c)</external-xref>), the terms and conditions under which wildlife management activities in the Cerro de la Olla Wilderness may be carried out.</text></subparagraph></paragraph><after-quoted-block>.</after-quoted-block></quoted-block></subparagraph></paragraph></subsection><subsection id="id47445E0A25444481A049DEA3FD3428F2"><enum>(b)</enum><header>Clerical amendment</header><text>The table of contents for the John D. Dingell, Jr. Conservation, Management, and Recreation Act (<external-xref legal-doc="public-law" parsable-cite="pl/116/9">Public Law 116–9</external-xref>; 133 Stat. 581) is amended by striking the item relating to section 1202 and inserting the following:</text><quoted-block style="OLC" display-inline="no-display-inline" id="idF78006DA70ED4B3FA4D5938DC3F46B30"><toc><toc-entry bold="off" level="section">Sec. 1202. Río Grande del Norte National Monument Wilderness Areas.</toc-entry></toc><after-quoted-block>.</after-quoted-block></quoted-block></subsection></section><section id="id52c8f54906ce4191890673a72a120ccd"><enum>3.</enum><header>Río grande del Norte National Monument boundary modification</header><text display-inline="no-display-inline">The boundary of the Río Grande del Norte National Monument in the State of New Mexico is modified, as depicted on the map entitled <quote>Proposed Cerro de la Olla Wilderness and Río Grande del Norte National Monument Boundary</quote> and dated January 28, 2021.</text></section></legis-body></bill> 

