<?xml version="1.0"?>
<?xml-stylesheet type="text/xsl" href="billres.xsl"?>
<!DOCTYPE bill PUBLIC "-//US Congress//DTDs/bill.dtd//EN" "bill.dtd">
<bill bill-stage="Introduced-in-Senate" dms-id="A1" public-private="public" slc-id="S1-FLO21027-9JK-4C-7T0"><metadata xmlns:dc="http://purl.org/dc/elements/1.1/">
<dublinCore>
<dc:title>108 S378 IS: Pennsylvania National Heritage Areas Reauthorization Act</dc:title>
<dc:publisher>U.S. Senate</dc:publisher>
<dc:date>2021-02-23</dc:date>
<dc:format>text/xml</dc:format>
<dc:language>EN</dc:language>
<dc:rights>Pursuant to Title 17 Section 105 of the United States Code, this file is not subject to copyright protection and is in the public domain.</dc:rights>
</dublinCore>
</metadata>
<form>
<distribution-code display="yes">II</distribution-code><congress>117th CONGRESS</congress><session>1st Session</session><legis-num>S. 378</legis-num><current-chamber>IN THE SENATE OF THE UNITED STATES</current-chamber><action><action-date date="20210223">February 23, 2021</action-date><action-desc><sponsor name-id="S309">Mr. Casey</sponsor> introduced the following bill; which was read twice and referred to the <committee-name committee-id="SSEG00">Committee on Energy and Natural Resources</committee-name></action-desc></action><legis-type>A BILL</legis-type><official-title>To reauthorize the Rivers of Steel National Heritage Area, the Lackawanna Valley National Heritage Area, the Delaware and Lehigh National Heritage Corridor, the Schuylkill River Valley National Heritage Area, and the Oil Region National Heritage Area, and for other purposes.</official-title></form><legis-body display-enacting-clause="yes-display-enacting-clause"><section section-type="section-one" id="id90F21665FD3A4117B5BA821BD8A1C219"><enum>1.</enum><header>Short title</header><text display-inline="no-display-inline">This Act may be cited as the <quote><short-title>Pennsylvania National Heritage Areas Reauthorization Act</short-title></quote>.</text></section><section id="id3BE97D15B7954821AAE3CFB5D9C36DB0"><enum>2.</enum><header>Reauthorization of, and repeal of funding limitations for, national heritage areas and corridor</header><subsection id="ida9e6b62bb5eb4e77b678dc964ee1412e"><enum>(a)</enum><header>Rivers of steel national heritage area</header><paragraph id="id41C573DA47844BA988EA84FBF1E2B551"><enum>(1)</enum><header>Reauthorization</header><text>Section 408 of the Steel Industry American Heritage Area Act of 1996 (<external-xref legal-doc="usc" parsable-cite="usc/54/320101">54 U.S.C. 320101</external-xref> note; <external-xref legal-doc="public-law" parsable-cite="pl/104/333">Public Law 104–333</external-xref>; 110 Stat. 4256; 127 Stat. 420; 128 Stat. 314; 128 Stat. 3801) is amended by striking <quote>2021</quote> and inserting <quote>2036</quote>.</text></paragraph><paragraph id="idFF1DB8FB8FBA4FBA93F9AA47D51AC9C8"><enum>(2)</enum><header>Repeal of funding limitation</header><text>Section 409(a) of the Steel Industry American Heritage Area Act of 1996 (<external-xref legal-doc="usc" parsable-cite="usc/54/320101">54 U.S.C. 320101</external-xref> note; <external-xref legal-doc="public-law" parsable-cite="pl/104/333">Public Law 104–333</external-xref>; 110 Stat. 4256; 129 Stat. 2551; 133 Stat. 778) is amended by striking the second sentence.</text></paragraph></subsection><subsection id="id7dd7321954614e2599789f7c92fc2207"><enum>(b)</enum><header>Lackawanna valley national heritage area</header><paragraph id="id0695A56AA1F048B3B4B9808E216956EB"><enum>(1)</enum><header>Reauthorization</header><text>Section 108 of the Lackawanna Valley National Heritage Area Act of 2000 (<external-xref legal-doc="usc" parsable-cite="usc/54/320101">54 U.S.C. 320101</external-xref> note; <external-xref legal-doc="public-law" parsable-cite="pl/106/278">Public Law 106–278</external-xref>; 114 Stat. 818; 127 Stat. 420; 128 Stat. 314; 128 Stat. 3802) is amended by striking <quote>2021</quote> and inserting <quote>2036</quote>.</text></paragraph><paragraph id="idA87A077686394862A817940ED5E5C632"><enum>(2)</enum><header>Repeal of funding limitation</header><text>Section 109 of the Lackawanna Valley National Heritage Area Act of 2000 (<external-xref legal-doc="usc" parsable-cite="usc/54/320101">54 U.S.C. 320101</external-xref> note; <external-xref legal-doc="public-law" parsable-cite="pl/106/278">Public Law 106–278</external-xref>; 114 Stat. 818) is amended by striking subsection (a) and inserting the following:</text><quoted-block style="OLC" display-inline="no-display-inline" id="idC660D1F8877E4A538A9F01D6A2C421BD"><subsection id="idF6FD81131B6B47E58D27A1F4E14627D2"><enum>(a)</enum><header>In general</header><text>There is authorized to be appropriated to carry out this title $1,000,000 for each fiscal year.</text></subsection><after-quoted-block>.</after-quoted-block></quoted-block></paragraph></subsection><subsection id="id1a984fa4c584457fa28b187003ce7596"><enum>(c)</enum><header>Reauthorization of Delaware and lehigh national heritage corridor</header><text>Section 12 of the Delaware and Lehigh Navigation Canal National Heritage Corridor Act of 1988 (<external-xref legal-doc="usc" parsable-cite="usc/54/320101">54 U.S.C. 320101</external-xref> note; <external-xref legal-doc="public-law" parsable-cite="pl/100/692">Public Law 100–692</external-xref>; 102 Stat. 4558; 112 Stat. 3260; 123 Stat. 1293; 127 Stat. 420; 128 Stat. 314; 128 Stat. 3801) is amended—</text><paragraph id="id9c421a36a5e04d55b09d599722c62646"><enum>(1)</enum><text>in subsection (c)(1), by striking <quote>2021</quote> and inserting <quote>2036</quote>; and</text></paragraph><paragraph id="id14bc67af34c44f46ad17f07b34ca9ea5"><enum>(2)</enum><text>in subsection (d), by striking <quote>2021</quote> and inserting <quote>2036</quote>.</text></paragraph></subsection><subsection id="idb936f4f76eba46119ebf6d8c13c07544"><enum>(d)</enum><header>Schuylkill river valley national heritage area</header><paragraph id="id7818F0DB71CB483BB519759E93C9DA2D"><enum>(1)</enum><header>Reauthorization</header><text>Section 209 of the Schuylkill River Valley National Heritage Area Act (<external-xref legal-doc="usc" parsable-cite="usc/54/320101">54 U.S.C. 320101</external-xref> note; <external-xref legal-doc="public-law" parsable-cite="pl/106/278">Public Law 106–278</external-xref>; 114 Stat. 824; 128 Stat. 3802) is amended by striking <quote>2021</quote> and inserting <quote>2036</quote>.</text></paragraph><paragraph id="id08A582D8843D4F7EA354C768BAB0BFAF"><enum>(2)</enum><header>Repeal of funding limitation</header><text>Section 210 of the Schuylkill River Valley National Heritage Area Act (<external-xref legal-doc="usc" parsable-cite="usc/54/320101">54 U.S.C. 320101</external-xref> note; <external-xref legal-doc="public-law" parsable-cite="pl/106/278">Public Law 106–278</external-xref>; 114 Stat. 824) is amended by striking subsection (a) and inserting the following:</text><quoted-block style="OLC" display-inline="no-display-inline" id="idCD013519F6D54F588D8DEA3C3CD9A8F4"><subsection id="id1575C62BFB484D779DEEE44673CBFE9C"><enum>(a)</enum><header>In general</header><text>There is authorized to be appropriated to carry out this title $1,000,000 for each fiscal year.</text></subsection><after-quoted-block>.</after-quoted-block></quoted-block></paragraph></subsection><subsection id="id3c8bc922e15947008346df689790f096"><enum>(e)</enum><header> Oil region national heritage area</header><paragraph id="id6C5EC8A41C0A4427A6EEF28FF5477129"><enum>(1)</enum><header>Reauthorization</header><text>Section 608 of the Oil Region National Heritage Area Act (<external-xref legal-doc="usc" parsable-cite="usc/54/320101">54 U.S.C. 320101</external-xref> note; <external-xref legal-doc="public-law" parsable-cite="pl/108/447">Public Law 108–447</external-xref>; 118 Stat. 3372; 133 Stat. 2713) is amended by striking <quote>September 30, 2022</quote> and inserting <quote>September 30, 2036</quote>.</text></paragraph><paragraph id="idA58BD161DF5D4385B11106C17BF7C485"><enum>(2)</enum><header>Repeal of funding limitation</header><text>Section 612 of the Oil Region National Heritage Area Act (<external-xref legal-doc="usc" parsable-cite="usc/54/320101">54 U.S.C. 320101</external-xref> note; <external-xref legal-doc="public-law" parsable-cite="pl/108/447">Public Law 108–447</external-xref>; 118 Stat. 3373) is amended by striking subsection (a) and inserting the following:</text><quoted-block style="OLC" display-inline="no-display-inline" id="idF8272D0C8C164EE1A041245838631FBB"><subsection id="id21E51EA608884A7BADE89852A58424A2"><enum>(a)</enum><header>In general</header><text>There is authorized to be appropriated to carry out this title $1,000,000 for each fiscal year. </text></subsection><after-quoted-block>.</after-quoted-block></quoted-block></paragraph></subsection></section></legis-body></bill> 

