<?xml version="1.0"?>
<?xml-stylesheet type="text/xsl" href="billres.xsl"?>
<!DOCTYPE bill PUBLIC "-//US Congress//DTDs/bill.dtd//EN" "bill.dtd">
<bill bill-stage="Introduced-in-Senate" dms-id="A1" public-private="public" slc-id="S1-MDM21071-020-4G-GTF"><metadata xmlns:dc="http://purl.org/dc/elements/1.1/">
<dublinCore>
<dc:title>117 S60 IS: Immigration Detainer Enforcement Act of 2021</dc:title>
<dc:publisher>U.S. Senate</dc:publisher>
<dc:date>2021-01-27</dc:date>
<dc:format>text/xml</dc:format>
<dc:language>EN</dc:language>
<dc:rights>Pursuant to Title 17 Section 105 of the United States Code, this file is not subject to copyright protection and is in the public domain.</dc:rights>
</dublinCore>
</metadata>
<form>
<distribution-code display="yes">II</distribution-code><congress>117th CONGRESS</congress><session>1st Session</session><legis-num>S. 60</legis-num><current-chamber>IN THE SENATE OF THE UNITED STATES</current-chamber><action><action-date date="20210127">January 27, 2021</action-date><action-desc><sponsor name-id="S384">Mr. Tillis</sponsor> (for himself, <cosponsor name-id="S153">Mr. Grassley</cosponsor>, <cosponsor name-id="S376">Ms. Ernst</cosponsor>, <cosponsor name-id="S236">Mr. Inhofe</cosponsor>, <cosponsor name-id="S381">Mr. Rounds</cosponsor>, <cosponsor name-id="S347">Mr. Moran</cosponsor>, <cosponsor name-id="S399">Mr. Hawley</cosponsor>, and <cosponsor name-id="S375">Mr. Daines</cosponsor>) introduced the following bill; which was read twice and referred to the <committee-name committee-id="SSJU00">Committee on the Judiciary</committee-name></action-desc></action><legis-type>A BILL</legis-type><official-title>To provide for the effective use of immigration detainers to enhance public safety.</official-title></form><legis-body display-enacting-clause="yes-display-enacting-clause"><section section-type="section-one" id="S1"><enum>1.</enum><header>Short title; table of contents</header><subsection id="id7B82AEDB38FC4CFE90F642922E759682"><enum>(a)</enum><header>Short title</header><text display-inline="yes-display-inline">This Act may be cited as the <quote><short-title>Immigration Detainer Enforcement Act of 2021</short-title></quote>.</text></subsection><subsection id="id72B171F831D342D58D69590006D0D4E4"><enum>(b)</enum><header>Table of contents</header><text>The table of contents for this Act is as follows:</text><toc><toc-entry idref="S1" level="section">Sec. 1. Short title; table of contents.</toc-entry><toc-entry idref="id0480fa880dcd496f84af7a24ff569ffc" level="section">Sec. 2. Sense of Congress.</toc-entry><toc-entry idref="idbd76338e087248bdaeaeede986ba0393" level="section">Sec. 3. Purpose.</toc-entry><toc-entry idref="idd60f1fc3dccd4bc29cec4d08a5097917" level="section">Sec. 4. Immigration detainer authorities of the Department of Homeland Security.</toc-entry><toc-entry idref="id034F11BF9379496DA67DF0851064EB3C" level="section">Sec. 5. Effective coordination with State, tribal, and local law enforcement agencies.</toc-entry><toc-entry idref="idfdadc479ff6741a89b564a2d41184086" level="section">Sec. 6. Compensating States for detaining criminal aliens.</toc-entry><toc-entry bold="off" level="section">Sec. 7. Priority for distributing Federal funding and property to State and local law enforcement.</toc-entry></toc></subsection></section><section id="id0480fa880dcd496f84af7a24ff569ffc"><enum>2.</enum><header>Sense of Congress</header><text display-inline="no-display-inline">It is the sense of Congress that—</text><paragraph id="id0809759a435f481c9cbf0f288547c9b1"><enum>(1)</enum><text>the removal of criminal aliens promotes public safety, national security, border security, and the integrity of the immigration system;</text></paragraph><paragraph id="id689d53473add4c528ad35d3fe18edd0d"><enum>(2)</enum><text>detainers have proven to be a useful law enforcement tool that serve to expedite and improve the efficiency of the removal process by enabling the Department of Homeland Security to assume custody in a timely manner of aliens in the custody of Federal, State, tribal, or local law enforcement agencies; and</text></paragraph><paragraph id="id7fffdb632e584959ab3802bc5a6b4f11"><enum>(3)</enum><text>several States and localities have limited their cooperation with immigration detainers issued by the Department of Homeland Security and limited the Department of Homeland Security’s access to information regarding the release of criminal aliens in their custody, which has resulted in the release of dangerous criminal aliens into local communities.</text></paragraph></section><section id="idbd76338e087248bdaeaeede986ba0393"><enum>3.</enum><header>Purpose</header><text display-inline="no-display-inline">The purposes of this Act are—</text><paragraph id="id9c7f06ef858f4d0190ab210336a1f13e"><enum>(1)</enum><text>to limit recidivist criminal activity through the removal of criminal aliens released from Federal, State, tribal, or local custody;</text></paragraph><paragraph id="id2242c83c4b0c4253af23c3fee004647f"><enum>(2)</enum><text>to facilitate cooperation between Federal, State, tribal, and local law enforcement agencies with regard to immigration enforcement and information sharing; and</text></paragraph><paragraph id="id005af0e20a5b4ba99530d8b078217fde"><enum>(3)</enum><text>to limit the burden on Federal, State, tribal, and local law enforcement agencies that cooperate with the Department of Homeland Security in its prioritized immigration enforcement.</text></paragraph></section><section id="idd60f1fc3dccd4bc29cec4d08a5097917"><enum>4.</enum><header>Immigration detainer authorities of the Department of Homeland Security</header><text display-inline="no-display-inline">Section 287 of the Immigration and Nationality Act (<external-xref legal-doc="usc" parsable-cite="usc/8/1357">8 U.S.C. 1357</external-xref>) is amended—</text><paragraph commented="no" id="id9D2515696D444B0B914EE1819C8C62CD"><enum>(1)</enum><text display-inline="yes-display-inline">in subsection (a)—</text><subparagraph commented="no" id="idEE52928DAAF4451EBCF1A465066986CA"><enum>(A)</enum><text display-inline="yes-display-inline">in the matter preceding paragraph (1), by striking <quote>the Service authorized under regulations prescribed by the Attorney General</quote> and inserting <quote>the Department of Homeland Security authorized under regulations prescribed by the Secretary of Homeland Security</quote>;</text></subparagraph><subparagraph commented="no" id="idF4196992B89444F3A8323D72AC1EF6BF"><enum>(B)</enum><text display-inline="yes-display-inline">by inserting <quote>or her</quote> after <quote>his</quote> each place such term appears;</text></subparagraph><subparagraph commented="no" id="id971663FF26224C22AF1764A50676CA2F"><enum>(C)</enum><text display-inline="yes-display-inline">in paragraph (2), by striking <quote>and is likely to escape before a warrant can be obtained for his arrest</quote>; and</text></subparagraph><subparagraph commented="no" id="idF3FD6ACF69F746D6AFF580F6CCB6F3FA"><enum>(D)</enum><text>in the undesignated matter following paragraph (5)—</text><clause commented="no" id="idDA5528CF063D47F9A8D95239CC5C3F8C"><enum>(i)</enum><text>by striking <quote>Attorney General</quote> each place such term appears and inserting <quote>Secretary of Homeland Security</quote>; and</text></clause><clause commented="no" id="id23CEBE86436645409860DB4EA46E8298"><enum>(ii)</enum><text>by striking <quote>Service</quote> each place such term appears and inserting <quote>Department of Homeland Security</quote>; and</text></clause></subparagraph></paragraph><paragraph commented="no" id="idE284105467BD42EEBF1373DC42F42BC1"><enum>(2)</enum><text display-inline="yes-display-inline">by amending subsection (d) to read as follows:</text><quoted-block style="OLC" display-inline="no-display-inline" id="id7a54075dd220496f8b2c7a969abca397"><subsection id="id1f5e51244ac142d9bdd31c1c34884aed"><enum>(d)</enum><header>Detainer of criminal aliens</header><paragraph id="idda6b2d0829604f81bf9b792af24c27cc"><enum>(1)</enum><header>In general</header><text>If an individual is arrested by a Federal, State, tribal, or local law enforcement official for a violation of any criminal law, the Secretary of Homeland Security (or his or her designee) may issue a detainer to the arresting agency if there is reason to believe the individual is an alien who may be removable from the United States. Notwithstanding any other provision of law, no court shall have jurisdiction to review the discretionary decision or action by the Secretary of Homeland Security (or his or her designee) to issue a detainer under this paragraph.</text></paragraph><paragraph id="id813f038174af47c19b795d12aad9898c"><enum>(2)</enum><header>Transfer of custody</header><text>Upon the issuance of a detainer by the Secretary of Homeland Security (or his or her designee) with respect to an alien described in paragraph (1), the arresting Federal, State, tribal, or local law enforcement agency is authorized to maintain custody of the alien for a period not to exceed 48 hours in order to transfer custody of the alien to the Department of Homeland Security.</text></paragraph><paragraph id="id73c219b6e7ae4cb8a5b43c375c76fff7"><enum>(3)</enum><header>Indemnification</header><subparagraph id="id9030EC60906540EC8C19F2CFE8A11230"><enum>(A)</enum><header>In general</header><text>Under such regulations as the Secretary of Homeland Security shall prescribe, the Secretary (or his or her designee) may enter into agreements with State, tribal, and local law enforcement agencies to indemnify such agencies against claims (including reasonable expenses of litigation or settlement) by third parties for wrongful detention resulting from detainers issued without reason to believe that the individual is an alien who may be removable from the United States.</text></subparagraph><subparagraph id="idf5ed4d68fa6f412faa2026f02473705d"><enum>(B)</enum><header>Limitation</header><text>Indemnification under subparagraph (A) does not extend to claims relating to the negligence or willful misconduct of a Federal, State, tribal, or local law enforcement agency or the conditions of detention in the facility used by such agency to detain the individual subject to the detainer.</text></subparagraph><subparagraph id="id66a41ce80e6e42aa873267f8e814c52f"><enum>(C)</enum><header>Additional conditions</header><text>Each indemnification agreement entered into pursuant to subparagraph (A) shall—</text><clause id="idbaedb5cc7042416fb894057844540903"><enum>(i)</enum><text>require the State, tribal, or local law enforcement agency to notify the United States Government of any suit or claim against such agency for wrongful detention;</text></clause><clause id="id11547393384347359821718049536433"><enum>(ii)</enum><text>authorize the United States Government, at its elections, to control or assist in the defense of such suit or claim; and</text></clause><clause id="id8dbea5ff657f44a4ab10b48fa50303fa"><enum>(iii)</enum><text>limit the amount of indemnification to a sum certified by the Secretary (or his or her designee) that is just and reasonable.</text></clause></subparagraph></paragraph></subsection><after-quoted-block>.</after-quoted-block></quoted-block></paragraph></section><section id="id034F11BF9379496DA67DF0851064EB3C"><enum>5.</enum><header>Effective coordination with State, tribal, and local law enforcement agencies</header><subsection id="id8104E6360D5B4E05A5522211A834423B"><enum>(a)</enum><header>In general</header><text display-inline="yes-display-inline">Section 642 of the Illegal Immigration Reform and Immigrant Responsibility Act of 1996 (<external-xref legal-doc="usc" parsable-cite="usc/8/1373">8 U.S.C. 1373</external-xref>) is amended to read as follows:</text><quoted-block style="OLC" display-inline="no-display-inline" id="idfb4eccfd07ee4352ada577c674cec2cb"><section id="id2e687d3e35934590ab0485f0d64ce685"><enum>642.</enum><header>Communication and cooperation between government agencies and the Department of Homeland Security</header><subsection id="id655ce59394de4ddda1efdeec8e333b99"><enum>(a)</enum><header>In general</header><text>Notwithstanding any other provision of Federal, State, tribal, or local law, a Federal, State, tribal, or local government entity or official may not prohibit, or restrict in any way, any government entity or official from sending to, or receiving from, the Department of Homeland Security information regarding the citizenship or immigration status (lawful or unlawful) of any individual.</text></subsection><subsection id="idbad7c2e1f54547c3a7f35acfde769a0b"><enum>(b)</enum><header>Additional authority of government entities</header><text>Notwithstanding any other provision of Federal, State, tribal, or local law, no person or agency may prohibit, or restrict in any way, a Federal, State, tribal, or local government entity from—</text><paragraph id="idd38a7222452149d098e864e0e3a68d77"><enum>(1)</enum><text>sending information regarding the citizenship or immigration status (lawful or unlawful) of any individual to, or requesting or receiving such information from, the Department of Homeland Security;</text></paragraph><paragraph id="id6304a0374bf6439994c6beff8c6295ba"><enum>(2)</enum><text>exchanging citizenship or immigration status information described in paragraph (1) with any other Federal, State, tribal, or local government entity;</text></paragraph><paragraph id="id90c1eb8ae37442fa8384074e2c22ee66"><enum>(3)</enum><text>providing the Department of Homeland Security with access to information in Federal, State, tribal, or local government databases regarding individuals with respect to whom a detainer has been issued, including when such individuals will be released from criminal custody; or</text></paragraph><paragraph id="id023381e2a6ad4855944d6e34cbaece8b"><enum>(4)</enum><text>maintaining custody of an individual pursuant to section 287(d)(2) of the Immigration and Nationality Act (<external-xref legal-doc="usc" parsable-cite="usc/8/1357">8 U.S.C. 1357(d)(2)</external-xref>).</text></paragraph></subsection><subsection id="idd08a19f8ccb84aa6bde099aa5f0137f6"><enum>(c)</enum><header>Obligation To respond to inquiries</header><text>The Secretary of Homeland Security shall respond to an inquiry by a Federal, State, tribal, or local government agency that seeks to verify or ascertain the citizenship or immigration status of any individual within the jurisdiction of the agency for any purpose authorized by law, by providing the requested verification or status information.</text></subsection></section><after-quoted-block>.</after-quoted-block></quoted-block></subsection><subsection id="idB12564AAE0844BD8A68B71438BB873F9"><enum>(b)</enum><header>Clerical amendment</header><text>The table of contents for the Illegal Immigration Reform and Immigrant Responsibility Act of 1996 (division C of <external-xref legal-doc="public-law" parsable-cite="pl/104/208">Public Law 104–208</external-xref>; <external-xref legal-doc="usc" parsable-cite="usc/8/1101">8 U.S.C. 1101</external-xref> note) is amended by amending the item relating to 642 to read as follows:</text><quoted-block style="OLC" id="id6091ed61-3995-44db-9477-48347de00210"><toc><toc-entry idref="id2e687d3e35934590ab0485f0d64ce685" level="section">Sec. 642. Communication and cooperation between government agencies and the Department of Homeland
 Security.</toc-entry></toc><after-quoted-block>.</after-quoted-block></quoted-block></subsection></section><section id="idfdadc479ff6741a89b564a2d41184086"><enum>6.</enum><header>Compensating States for detaining criminal aliens</header><text display-inline="no-display-inline">Section 241(i) of the Immigration and Nationality Act (<external-xref legal-doc="usc" parsable-cite="usc/8/1231">8 U.S.C. 1231(i)</external-xref>) is amended to read as follows:</text><quoted-block style="OLC" display-inline="no-display-inline" id="idd3fd6668c489401fafa77feed78f1ce5"><subsection id="idb03bda3ad33f4629b7346a4410dc5202"><enum>(i)</enum><header>Incarceration or detention</header><paragraph id="id4dac5197b89d453b99648d96de3675a0"><enum>(1)</enum><header>Defined term</header><text>In this subsection, the term <term>undocumented criminal alien</term> means an alien who—</text><subparagraph id="id29d5cf008aa3439a9508ecece71b44b6"><enum>(A)</enum><text>has been convicted of a felony or of two or more misdemeanors; and</text></subparagraph><subparagraph id="id4ca138fef4564c7887d8b72655d13d8d"><enum>(B)</enum><clause commented="no" display-inline="yes-display-inline" id="id3D69C0DC850A41D8B793CCBBF314B45D"><enum>(i)</enum><text>entered the United States without inspection or at any time or place other than as designated by the Secretary of Homeland Security;</text></clause><clause id="id67a1e2829adb46d3ac14165dadb5c974" indent="up1"><enum>(ii)</enum><text>was the subject of exclusion, deportation, or removal proceedings at the time the alien was taken into custody by the State or a political subdivision of the State; or</text></clause><clause id="id4abb6c1d7c984318a4d191e130fabb84" indent="up1"><enum>(iii)</enum><subclause commented="no" display-inline="yes-display-inline" id="idF7912BBB825D4316B7BC23E0AA5D507F"><enum>(I)</enum><text>was admitted as a nonimmigrant; and</text></subclause><subclause id="id12CE1ABD37354B21823155D4D1FBAEF4" indent="up1"><enum>(II)</enum><text>at the time the alien was taken into custody by the State or a political subdivision of the State—</text><item id="id6B206F64535B4F5EB0D186C6E9451E06"><enum>(aa)</enum><text>failed to maintain the nonimmigrant status in which the alien was admitted or to which it was changed under section 248; or</text></item><item id="idFE810436624A4846AF9BAB20C1CC8099"><enum>(bb)</enum><text>failed to comply with the conditions of any such status.</text></item></subclause></clause></subparagraph></paragraph><paragraph id="id3BAB021D08B6472B883D42278FC64417"><enum>(2)</enum><header>In general</header><text>If the governor of a State (or, if appropriate, the chief executive officer of a political subdivision of the State), exercising authority with respect to the incarceration or detention of an undocumented criminal alien, submits a written request to the Attorney General, the Attorney General may—</text><subparagraph id="id78ccc12c80c54c65b36ea51eb20ef87d"><enum>(A)</enum><text>enter into a contractual arrangement providing for compensation to the State or a political subdivision of the State, as may be appropriate, with respect to the incarceration or detention of the undocumented criminal alien; or</text></subparagraph><subparagraph id="id35a86b597dce463886fc7e7dac1daa08"><enum>(B)</enum><text>take the undocumented criminal alien into the custody of the Federal Government and incarcerate or detain the alien.</text></subparagraph></paragraph><paragraph id="id423ac833c90a4b49b6362311afabd596"><enum>(3)</enum><header>Detention security</header><text>In carrying out paragraph (2), the Attorney General shall—</text><subparagraph id="id3C73B98A1A1A4BEB88D972C41C9178E3"><enum>(A)</enum><text>give priority to the Federal incarceration of undocumented criminal aliens who have committed aggravated felonies; and</text></subparagraph><subparagraph id="idFA9DFA3977984B77AA7B65ED4FB5DA4E"><enum>(B)</enum><text>ensure that undocumented criminal aliens incarcerated or detained in Federal facilities pursuant to this subsection are held in facilities that provide a level of security appropriate to the crimes for which they were charged or convicted.</text></subparagraph></paragraph><paragraph id="id950cf38de53f491f923be8e742c4c37d"><enum>(4)</enum><header>Amount of compensation</header><subparagraph id="idE07332C9F6AE4503952CCB7776D50B61"><enum>(A)</enum><header>In general</header><text>Compensation provided for each day an undocumented criminal alien is detained by a State or a political subdivision of a State pursuant to a contract under paragraph (2)(A) shall be equal to the average daily cost of incarceration or detention of a prisoner in the relevant State, as determined by the Attorney General.</text></subparagraph><subparagraph id="idc8849d43e69a4b3b86c386d739ea0509"><enum>(B)</enum><header>Certification requirement</header><clause id="id58D60C5E82E5445082E21857853E3755"><enum>(i)</enum><header>In general</header><text>The Secretary of Homeland Security shall—</text><subclause id="id658A7BF1804F41DBB27E7950DE5874A1"><enum>(I)</enum><text>promulgate regulations establishing detainer compliance criteria; and</text></subclause><subclause id="id0BF018E30EE742CD95BECFA30FCFC417"><enum>(II)</enum><text>periodically submit a certification to the Attorney General that identifies which States and political subdivisions of a State have not complied with detainer requests received from the Department of Homeland Security.</text></subclause></clause><clause id="id9B3E41F7F4BD4E5FBA419457D3647C85"><enum>(ii)</enum><header>Funding limitation</header><text>Funds may only be provided to States and political subdivisions of States under this subsection that—</text><subclause id="idD68A5886021C44D38A47B1BA256AD51A"><enum>(I)</enum><text>are not identified in a certification described in clause (i)(II); and</text></subclause><subclause id="id770729C41A2F4E11BFE22312635338AF"><enum>(II)</enum><text>are cooperating with the Secretary with respect to each detainer lodged against an individual in the custody of the State or political subdivision of the State in accordance with section 287(d) and the regulations promulgated pursuant to clause (i)(I).</text></subclause></clause></subparagraph><subparagraph id="idd95efaff4ad44d18978099f721af62b4"><enum>(C)</enum><header>Effect of noncompliance</header><text>Any State or political subdivision of a State that fails to substantially comply with detainers issued by the Department of Homeland Security shall be ineligible for any funding under this subsection during the fiscal year in which such failure occurs.</text></subparagraph></paragraph><paragraph id="id1f52e128361249bea1b145f143542c1b"><enum>(5)</enum><header>Authorization of appropriations</header><subparagraph id="id950DBA6452C240509EF19A7E1DD0C4C2"><enum>(A)</enum><header>In general</header><text>There are authorized to be appropriated to carry out this subsection—</text><clause id="idcdbf095bda914572a3cffc60977ce25f"><enum>(i)</enum><text>$750,000,000 for fiscal year 2021;</text></clause><clause id="idb14ce8344ad741a1a2bc55cf9242fe58"><enum>(ii)</enum><text>$850,000,000 for fiscal year 2022; and</text></clause><clause id="id12135e62eb4549d6869bb9eee0993f2d"><enum>(iii)</enum><text>$950,000,000 for each of the fiscal years 2023 through 2027.</text></clause></subparagraph><subparagraph id="id94cc78e0dd3c4df9a48b5b52ec67ce59"><enum>(B)</enum><header>Limitation</header><text>Amounts appropriated pursuant to subparagraph (A) that are distributed to a State or a political subdivision of a State may only be used for correctional purposes.</text></subparagraph></paragraph></subsection><after-quoted-block>.</after-quoted-block></quoted-block></section><section id="id91125969F5114B66A12A5AA87804FF20"><enum>7.</enum><header>Priority for distributing Federal funding and property to State and local law enforcement</header><subsection id="id6072A5D122A844EFABB162A3976A63EA"><enum>(a)</enum><header>Annual certification</header><text>The Secretary of Homeland Security shall annually submit a written certification to the Attorney General that identifies the States and units of local government that are not complying with detainers issued pursuant to section 287(d) of the Immigration and Nationality Act (<external-xref legal-doc="usc" parsable-cite="usc/8/1357">8 U.S.C. 1357(d)</external-xref>).</text></subsection><subsection id="idAEBD1F5C1D004F25911D76E1555ED03C"><enum>(b)</enum><header>Priority for compliant jurisdictions</header><text>The Attorney General shall give priority to the jurisdictions that are not listed in the certification described in subsection (a) when selecting recipients of—</text><paragraph id="idFFBEFA3B441F4A3DBF344C2BFAB9EC7B"><enum>(1)</enum><text>funding from the Edward Byrne Memorial Justice Assistance Grant Program authorized under title I of the Omnibus Crime Control and Safe Streets Act of 1968 (<external-xref legal-doc="usc" parsable-cite="usc/34/10151">34 U.S.C. 10151</external-xref> et seq.);</text></paragraph><paragraph id="id5D872728A502457C9C85332B98107388"><enum>(2)</enum><text>excess Federal equipment purchased pursuant to section 281 of title 10, United States Code (commonly referred to as the 1122 Program); and</text></paragraph><paragraph id="id2A81BD45D54C4E52BE18E3ECAE292908"><enum>(3)</enum><text>excess Federal property transferred pursuant to section 2576a of title 10, United States Code (commonly referred to as the 1033 Program).</text></paragraph></subsection></section></legis-body></bill>


