<?xml version="1.0"?>
<?xml-stylesheet type="text/xsl" href="billres.xsl"?>
<!DOCTYPE bill PUBLIC "-//US Congress//DTDs/bill.dtd//EN" "bill.dtd">
<bill bill-stage="Introduced-in-Senate" dms-id="A1" public-private="public" slc-id="S1-WIL21117-NFC-JG-CPN"><metadata xmlns:dc="http://purl.org/dc/elements/1.1/">
<dublinCore>
<dc:title>117 S247 IS: Working Families Flexibility Act of 2021</dc:title>
<dc:publisher>U.S. Senate</dc:publisher>
<dc:date>2021-02-04</dc:date>
<dc:format>text/xml</dc:format>
<dc:language>EN</dc:language>
<dc:rights>Pursuant to Title 17 Section 105 of the United States Code, this file is not subject to copyright protection and is in the public domain.</dc:rights>
</dublinCore>
</metadata>
<form>
<distribution-code display="yes">II</distribution-code><congress>117th CONGRESS</congress><session>1st Session</session><legis-num>S. 247</legis-num><current-chamber>IN THE SENATE OF THE UNITED STATES</current-chamber><action><action-date date="20210204">February 4, 2021</action-date><action-desc><sponsor name-id="S346">Mr. Lee</sponsor> (for himself, <cosponsor name-id="S365">Mr. Scott of South Carolina</cosponsor>, <cosponsor name-id="S323">Mr. Risch</cosponsor>, <cosponsor name-id="S317">Mr. Barrasso</cosponsor>, <cosponsor name-id="S401">Mr. Romney</cosponsor>, <cosponsor name-id="S398">Mr. Cramer</cosponsor>, <cosponsor name-id="S372">Mrs. Capito</cosponsor>, <cosponsor name-id="S318">Mr. Wicker</cosponsor>, <cosponsor name-id="S236">Mr. Inhofe</cosponsor>, <cosponsor name-id="S153">Mr. Grassley</cosponsor>, <cosponsor name-id="S266">Mr. Crapo</cosponsor>, <cosponsor name-id="S287">Mr. Cornyn</cosponsor>, and <cosponsor name-id="S378">Mr. Lankford</cosponsor>) introduced the following bill; which was read twice and referred to the <committee-name committee-id="SSHR00">Committee on Health, Education, Labor, and Pensions</committee-name></action-desc></action><legis-type>A BILL</legis-type><official-title>To amend the Fair Labor Standards Act of 1938 to provide compensatory time for employees in the private sector.</official-title></form><legis-body style="OLC" display-enacting-clause="yes-display-enacting-clause" id="HA17807A2F08C4C89A782AA36AB768531"><section display-inline="no-display-inline" section-type="section-one" id="H5AA168F04F034604B32B0AE893BFE6FD"><enum>1.</enum><header>Short title</header><text display-inline="no-display-inline">This Act may be cited as the <quote><short-title>Working Families Flexibility Act of 2021</short-title></quote>.</text></section><section id="HB9FE39F3E58E48B782ED2D3AF950AFA3"><enum>2.</enum><header>Compensatory
 time</header><text display-inline="no-display-inline">Section 7 of the Fair Labor Standards Act of 1938 (<external-xref legal-doc="usc" parsable-cite="usc/29/207">29 U.S.C. 207</external-xref>) is amended by adding at the end the following:</text><quoted-block style="OLC" id="H200ACCB3341C447E9F0A573C26767403"><subsection id="H6343C94DFE7A416B84FA2F7047D067D1"><enum>(t)</enum><header>Compensatory
				time off for private employees</header><paragraph id="HE0D54371024C413CA981768F1B44CE1C"><enum>(1)</enum><header>General
 rule</header><text display-inline="yes-display-inline">An employee may receive, in accordance with this subsection and in lieu of monetary overtime compensation, compensatory time off at a rate not less than one and one-half hours for each hour of employment for which overtime compensation is required by this section.</text></paragraph><paragraph id="HAB05EAF5471848E5B5158835AD6FD094"><enum>(2)</enum><header>Conditions</header><text>An employer may provide compensatory time to employees under paragraph (1) only if such time is provided in accordance with—</text><subparagraph id="H5A29207CE05348EB957681E9E007B73E"><enum>(A)</enum><text>applicable provisions of a collective bargaining agreement between the employer and the labor organization that has been certified or recognized as the representative of the employees under applicable law; or</text></subparagraph><subparagraph id="H2DBFBDF07C0F4308AF3697CD39F4A8CA"><enum>(B)</enum><text>in the case of employees who are not represented by a labor organization that has been certified or recognized as the representative of such employees under applicable law, an agreement arrived at between the employer and employee before the performance of the work and affirmed by a written or otherwise verifiable record maintained in accordance with section 11(c)—</text><clause id="HFE67BE11D1CA43F2845F6B5D251EF266"><enum>(i)</enum><text>in which the employer has offered and the employee has chosen to receive compensatory time in lieu of monetary overtime compensation; and</text></clause><clause id="H93B47FF056A1452EA93F96E8334D3B03"><enum>(ii)</enum><text>entered into knowingly and voluntarily by such employee and not as a condition of employment.</text></clause></subparagraph><continuation-text continuation-text-level="paragraph">No
				employee may receive or agree to receive compensatory time off
			 under this
				subsection unless the employee has worked at least 1,000 hours for
			 the
				employee’s employer during a period of continuous employment with
			 the employer
				in the 12-month period before the date of agreement or receipt of
			 compensatory
				time off.</continuation-text></paragraph><paragraph id="H21E192B8965C431482E34B6DAA941DBE"><enum>(3)</enum><header>Hour
				limit</header><subparagraph id="H303542ED6FEB42F0A77CBCAA3258CDE9"><enum>(A)</enum><header>Maximum
 hours</header><text>An employee may accrue not more than 160 hours of compensatory time.</text></subparagraph><subparagraph id="H3876344F53624002B4FF79460559A574"><enum>(B)</enum><header>Compensation
 date</header><text>Not later than January 31 of each calendar year, the employee’s employer shall provide monetary compensation for any unused compensatory time off accrued during the preceding calendar year that was not used prior to December 31 of the preceding calendar year at the rate prescribed by paragraph (6). An employer may designate and communicate to the employer’s employees a 12-month period other than the calendar year, in which case such compensation shall be provided not later than 31 days after the end of such 12-month period.</text></subparagraph><subparagraph id="HA6D920395C7745D4BDF2CB74D6606024"><enum>(C)</enum><header>Excess of 80
 hours</header><text>The employer may provide monetary compensation for an employee’s unused compensatory time in excess of 80 hours at any time after giving the employee at least 30 days notice. Such compensation shall be provided at the rate prescribed by paragraph (6).</text></subparagraph><subparagraph id="H1DD07A8DAA0A4B1B9074102E66A099A9"><enum>(D)</enum><header>Policy</header><text>Except where a collective bargaining agreement provides otherwise, an employer that has adopted a policy offering compensatory time to employees may, upon giving employees 30 days notice, discontinue such policy and provide monetary compensation to each employee with accrued compensatory time that has not yet been used for all such compensatory time. Such compensation shall be provided at the rate prescribed by paragraph (6). </text></subparagraph><subparagraph id="H4521D86A4E324AFC861642D0A310FF75"><enum>(E)</enum><header>Written
 request</header><text>An employee may withdraw an agreement described in paragraph (2)(B) at any time. An employee may also request in writing that monetary compensation be provided, at any time, for all compensatory time accrued that has not yet been used. Within 30 days of receiving the written request, the employer shall provide the employee the monetary compensation due in accordance with paragraph (6).</text></subparagraph></paragraph><paragraph id="H10B48C7ACC7443B3A09D7181979BF937"><enum>(4)</enum><header>Private employer
 actions</header><text>An employer that provides compensatory time under paragraph (1) to employees shall not directly or indirectly intimidate, threaten, or coerce or attempt to intimidate, threaten, or coerce any employee for the purpose of—</text><subparagraph id="H2AA7F952339E4BD89D85DAB43F8FC8C7"><enum>(A)</enum><text>interfering with such employee’s rights under this subsection to request or not request compensatory time off in lieu of payment of monetary overtime compensation for overtime hours; or</text></subparagraph><subparagraph id="H53035B7D6F6D480CAEDBDFF813B82048"><enum>(B)</enum><text>requiring any employee to use such compensatory time.</text></subparagraph></paragraph><paragraph id="HD71F07E945FA4455AA48B229F8EA8A3E"><enum>(5)</enum><header>Termination of
 employment</header><text>An employee who has accrued compensatory time off authorized to be provided under paragraph (1) shall, upon the voluntary or involuntary termination of employment, be paid for the unused compensatory time in accordance with paragraph (6).</text></paragraph><paragraph id="HCD5EE56ACBEA4F389554111EACDBD607"><enum>(6)</enum><header>Rate of
				compensation</header><subparagraph id="HB8A4C0B0A2354C0CB684446990CCC075"><enum>(A)</enum><header>General
 rule</header><text>If compensation is to be paid to an employee for accrued compensatory time off, such compensation shall be paid at a rate of compensation not less than—</text><clause id="H788799673D564649AFDF05B215E1D564"><enum>(i)</enum><text>the regular rate received by such employee when the compensatory time was earned; or</text></clause><clause id="HF94F8FA4D1934E78966F3D9BD78FC741"><enum>(ii)</enum><text>the final regular rate received by such employee,</text></clause><continuation-text continuation-text-level="subparagraph">whichever is higher.</continuation-text></subparagraph><subparagraph id="H794581E152DB4CEABDC669407AA3B3B7"><enum>(B)</enum><header>Consideration of
 payment</header><text>Any payment owed to an employee under this subsection for unused compensatory time shall be considered unpaid overtime compensation.</text></subparagraph></paragraph><paragraph id="H47DD8EC64CF545AC87E1A9F584DC5F83"><enum>(7)</enum><header>Use of
 time</header><text>An employee—</text><subparagraph id="H4D6CE7ABB8914D51ADBF4EC1F7EE7310"><enum>(A)</enum><text>who has accrued compensatory time off authorized to be provided under paragraph (1); and</text></subparagraph><subparagraph id="HEC718D5E7AEA4A3EA92E18C712C26F50"><enum>(B)</enum><text>who has requested the use of such compensatory time,</text></subparagraph><continuation-text continuation-text-level="paragraph">shall be
				permitted by the employee’s employer to use such time within a
			 reasonable
				period after making the request if the use of the compensatory time
			 does not
 unduly disrupt the operations of the employer.</continuation-text></paragraph><paragraph id="HBC861633585B4ECDA77C5668928D3E7A"><enum>(8)</enum><header>Definitions</header><text>For purposes of this subsection—</text><subparagraph id="H717490D58E25423891AF014A2657F0AC"><enum>(A)</enum><text>the term <term>employee</term> does not include an employee of a public agency; and</text></subparagraph><subparagraph id="HEE43198DE79A4CD78B35D2FE45F033B6"><enum>(B)</enum><text>the terms <term>overtime compensation</term>, <term>compensatory time</term>, and <term>compensatory time off</term> shall have the meanings given such terms by subsection (o)(7).</text></subparagraph></paragraph></subsection><after-quoted-block>.</after-quoted-block></quoted-block></section><section id="HD0F0A16ECE844F3BBFD999067279A196"><enum>3.</enum><header>Remedies</header><text display-inline="no-display-inline">Section 16 of the Fair Labor Standards Act of 1938 (<external-xref legal-doc="usc" parsable-cite="usc/29/216">29 U.S.C. 216</external-xref>) is amended—</text><paragraph id="HA24BC70ECD014B1CA033E30D4E45140F"><enum>(1)</enum><text>in subsection (b), in the first sentence, by striking <quote>(b) Any employer</quote> and inserting <quote>(b) Except as provided in subsection (f), any employer</quote>; and</text></paragraph><paragraph id="H12F7A3A4A7044E27958FE8173CF32308"><enum>(2)</enum><text>by adding at the end the following:</text><quoted-block style="OLC" id="HCD2AE34713E54C4EB357A33AAE985BB1"><subsection id="H78658DED930B447DBD5BCF78B6728E47"><enum>(f)</enum><text>An employer that violates section 7(t)(4) shall be liable to the employee affected in the amount of the rate of compensation (determined in accordance with section 7(t)(6)(A)) for each hour of compensatory time accrued by the employee and in an additional equal amount as liquidated damages reduced by the amount of such rate of compensation for each hour of compensatory time used by such employee.</text></subsection><after-quoted-block>.</after-quoted-block></quoted-block></paragraph></section><section id="H6760ED6E06274E20A4B7B92F378CCC6A"><enum>4.</enum><header>Notice to
 employees</header><text display-inline="no-display-inline">Not later than 30 days after the date of enactment of this Act, the Secretary of Labor shall revise the materials the Secretary provides, under regulations published in section 516.4 of title 29, Code of Federal Regulations (or any corresponding similar regulation or ruling), to employers for purposes of a notice explaining the Fair Labor Standards Act of 1938 (<external-xref legal-doc="usc" parsable-cite="usc/29/201">29 U.S.C. 201</external-xref> et seq.) to employees so that such notice reflects the amendments made to such Act by this Act.</text></section><section id="H25EE4E9E3C4F49AF86E26D73178672F3"><enum>5.</enum><header>GAO
 report</header><text display-inline="no-display-inline">Beginning 2 years after the date of enactment of this Act and each of the 3 years thereafter, the Comptroller General shall submit a report to Congress providing, with respect to the reporting period immediately prior to each such report—</text><paragraph id="H5B6A0DCEB62E439C9EE8FA5B6D0EC69F"><enum>(1)</enum><text display-inline="yes-display-inline">data concerning the extent to which employers provide compensatory time pursuant to section 7(t) of the Fair Labor Standards Act of 1938, as added by this Act, and the extent to which employees opt to receive compensatory time;</text></paragraph><paragraph id="H8BEC2A40B5984E2390252F632DCC88D8"><enum>(2)</enum><text display-inline="yes-display-inline">the number of complaints alleging a violation of such section filed by any employee with the Secretary of Labor;</text></paragraph><paragraph id="H2D0B0C2113A04D7DB1713B0808B7281E"><enum>(3)</enum><text display-inline="yes-display-inline">the number of enforcement actions commenced by the Secretary or commenced by the Secretary on behalf of any employee for alleged violations of such section;</text></paragraph><paragraph id="H52B89F1727164819B6CA692735BABF6E"><enum>(4)</enum><text display-inline="yes-display-inline">the disposition or status of such complaints and actions described in paragraphs (2) and (3); and</text></paragraph><paragraph id="H96DC4C3C5196430AA1BAECEA12ECB8BD"><enum>(5)</enum><text display-inline="yes-display-inline">an account of any unpaid wages, damages, penalties, injunctive relief, or other remedies obtained or sought by the Secretary in connection with such actions described in paragraph (3).</text></paragraph></section><section id="H26211918DFB7494BA40E81E04619DC14"><enum>6.</enum><header>Sunset</header><text display-inline="no-display-inline">This Act and the amendments made by this Act shall expire 5 years after the date of enactment of this Act.</text></section></legis-body></bill>


