<?xml version="1.0"?>
<?xml-stylesheet type="text/xsl" href="billres.xsl"?>
<!DOCTYPE bill PUBLIC "-//US Congress//DTDs/bill.dtd//EN" "bill.dtd">
<bill bill-type="olc" bill-stage="Introduced-in-Senate" dms-id="A1" public-private="public" slc-id="S1-ALB21113-1RF-FM-TF4"><metadata xmlns:dc="http://purl.org/dc/elements/1.1/">
<dublinCore>
<dc:title>117 S86 IS: Prenatal Nondiscrimination Act</dc:title>
<dc:publisher>U.S. Senate</dc:publisher>
<dc:date>2021-01-28</dc:date>
<dc:format>text/xml</dc:format>
<dc:language>EN</dc:language>
<dc:rights>Pursuant to Title 17 Section 105 of the United States Code, this file is not subject to copyright protection and is in the public domain.</dc:rights>
</dublinCore>
</metadata>
<form>
<distribution-code display="yes">II</distribution-code><congress>117th CONGRESS</congress><session>1st Session</session><legis-num>S. 86</legis-num><current-chamber>IN THE SENATE OF THE UNITED STATES</current-chamber><action><action-date date="20210128">January 28, 2021</action-date><action-desc><sponsor name-id="S389">Mr. Kennedy</sponsor> (for himself, <cosponsor name-id="S396">Mrs. Blackburn</cosponsor>, <cosponsor name-id="S397">Mr. Braun</cosponsor>, <cosponsor name-id="S287">Mr. Cornyn</cosponsor>, <cosponsor name-id="S374">Mr. Cotton</cosponsor>, <cosponsor name-id="S398">Mr. Cramer</cosponsor>, <cosponsor name-id="S355">Mr. Cruz</cosponsor>, <cosponsor name-id="S375">Mr. Daines</cosponsor>, <cosponsor name-id="S376">Ms. Ernst</cosponsor>, <cosponsor name-id="S395">Mrs. Hyde-Smith</cosponsor>, <cosponsor name-id="S236">Mr. Inhofe</cosponsor>, <cosponsor name-id="S411">Mr. Marshall</cosponsor>, <cosponsor name-id="S381">Mr. Rounds</cosponsor>, <cosponsor name-id="S382">Mr. Sasse</cosponsor>, and <cosponsor name-id="S303">Mr. Thune</cosponsor>) introduced the following bill; which was read twice and referred to the <committee-name committee-id="SSJU00">Committee on the Judiciary</committee-name></action-desc></action><legis-type>A BILL</legis-type><official-title>To prohibit discrimination against the unborn on the basis of sex, and for other purposes.</official-title></form><legis-body style="OLC" display-enacting-clause="yes-display-enacting-clause" id="HE39990C7A5DC48C7A4EDC37C2EBE0001"><section section-type="section-one" id="HDA50552914CD469C9F50CA27099D3499"><enum>1.</enum><header>Short title</header><text display-inline="no-display-inline">This Act may be cited as the <quote><short-title>Prenatal Nondiscrimination Act</short-title></quote> or <quote><short-title>PRENDA</short-title></quote>.</text></section><section id="H5F87F9EA441B4ED9A7AE865867949D23"><enum>2.</enum><header>Findings and constitutional authority</header><subsection id="HCAE6547BCF134B2EA1A993D0D7AB3CA9"><enum>(a)</enum><header>Findings</header><text>Congress finds the following:</text><paragraph id="id23C99B76BD644E1FB79B28D393D4EF99"><enum>(1)</enum><text>Women are a vital part of American society and culture and possess the same fundamental human rights and civil rights as men.</text></paragraph><paragraph id="id67CB3767BE934659A3D7346E358C3429"><enum>(2)</enum><text>United States law prohibits the dissimilar treatment of males and females who are similarly situated and prohibits sex discrimination in various contexts, including the provision of employment, education, housing, health insurance coverage, and athletics.</text></paragraph><paragraph id="idE73E901A906C4B01B4E4DFD6483F03BA"><enum>(3)</enum><text>A <quote>sex-selection abortion</quote> is an abortion undertaken for purposes of eliminating an unborn child of an undesired sex. Sex-selection abortion is described by scholars and civil rights advocates as an act of sex-based or gender-based violence, predicated on sex discrimination. By definition, sex-selection abortions do not implicate the health of the mother of the unborn, but instead are elective procedures motivated by sex or gender bias.</text></paragraph><paragraph id="id3693F3DA8CAB4E9EBB84F3B9DEED0014"><enum>(4)</enum><text>The targeted victims of sex-selection abortions performed in the United States and worldwide are overwhelmingly female.</text></paragraph><paragraph id="id7B8B9AF123EC49D6908F911026781D6C"><enum>(5)</enum><text>Sex-selection abortions are not expressly prohibited by United States law, and only 7 States ban abortions for reason of sex selection at some point in pregnancy. Sex is an immutable characteristic ascertainable at the earliest stages of human development through existing medical technology and procedures commonly in use, including maternal-fetal bloodstream DNA sampling, am­ni­o­cen­te­sis, chorionic villus sampling or <term>CVS</term>, and obstetric ultrasound.</text></paragraph><paragraph id="id5B423E7A9BE2442FAFB0A59BAD818F72"><enum>(6)</enum><text>Sex-selection abortions have the effect of diminishing the representation of women in the American population, and therefore, the American electorate.</text></paragraph><paragraph id="idB2C94F2772F94ACAA122290279B4B9EB"><enum>(7)</enum><text>Sex-selection abortion reinforces sex discrimination and has no place in a civilized society.</text></paragraph><paragraph id="id638DF4D9A96747C4BCF89FE333CB1ED7"><enum>(8)</enum><text>The history of the United States includes many examples of sex discrimination. The people of the United States ultimately responded in the strongest possible legal terms by enacting a constitutional amendment correcting an element of this discrimination. Women, once subjected to sex discrimination that denied them the right to vote, now have suffrage guaranteed by the 19th Amendment to the Constitution of the United States. The elimination of discriminatory practices has been and is among the highest priorities and greatest achievements of American history.</text></paragraph><paragraph id="idE055D08A096845E39315D19F17AAE7E9"><enum>(9)</enum><text>Implicitly approving the discriminatory practices of sex-selection abortion by choosing not to prohibit them will reinforce sex discrimination, and coarsen society to the value of females. Thus, Congress has a compelling interest in acting—indeed it must act—to prohibit sex-selection abortion.</text></paragraph></subsection><subsection id="H8BA38104838E4365A5992ECE17CC6D6B"><enum>(b)</enum><header>Constitutional authority</header><text>In accordance with the above findings, Congress enacts the following pursuant to Congress’ power under—</text><paragraph id="H277156EC5ED64663ADDF061432F4E9E3"><enum>(1)</enum><text>the Commerce Clause;</text></paragraph><paragraph id="H7B7F5ACCD5E441E7A6D98FF9C9A96E57"><enum>(2)</enum><text>section 5 of the 14th Amendment to the Constitution of the United States, including the power to enforce the prohibition on government action denying equal protection of the laws; and</text></paragraph><paragraph id="H28FA1C43CD8E48BC91F0FD167CC2F38A"><enum>(3)</enum><text>section 8 of article I of the Constitution of the United States to make all laws necessary and proper for the carrying into execution of powers vested by the Constitution in the Government of the United States.</text></paragraph></subsection></section><section id="H8038EAA9CBC7403599820538F128CE38"><enum>3.</enum><header>Discrimination against the unborn on the basis of sex</header><subsection id="HE3996DBBCB864954A86C55FA5F7D2523"><enum>(a)</enum><header>In general</header><text><external-xref legal-doc="usc-chapter" parsable-cite="usc-chapter/18/13">Chapter 13</external-xref> of title 18, United States Code, is amended by adding at the end the following:</text><quoted-block style="USC" id="H5C0581EAE8464648BCB1BBC17355A8E2"><section id="H80F397156E0549C99E09F639797C3D56"><enum>250.</enum><header>Discrimination against the unborn on the basis of sex</header><subsection id="H208030F2FB1D4EC4B7E2465F427C0B2E"><enum>(a)</enum><header>In general</header><text>Whoever knowingly—</text><paragraph id="HC668E0CC01AE4DAEB329272D867CD96C"><enum>(1)</enum><text>performs an abortion knowing that such abortion is sought based on the sex or gender of the child;</text></paragraph><paragraph id="H888B1E43D81447B3B38C0BC29957253F"><enum>(2)</enum><text>uses force or the threat of force to intentionally injure or intimidate any person for the purpose of coercing a sex-selection abortion;</text></paragraph><paragraph id="H9BA0F4196A4F4D8DA881FAC425A94519"><enum>(3)</enum><text>solicits or accepts funds for the performance of a sex-selection abortion; or</text></paragraph><paragraph id="HE39ADBDB51274A6E9785B95B7C7F646C"><enum>(4)</enum><text>transports a woman into the United States or across a State line for the purpose of obtaining a sex-selection abortion,</text></paragraph><continuation-text continuation-text-level="subsection">or attempts to do so, shall be fined under this title or imprisoned not more than 5 years, or both.</continuation-text></subsection><subsection id="HB2C5363A9F54474FAD30EE519058D52A"><enum>(b)</enum><header>Civil remedies</header><paragraph id="HB2992E1C25EC4F389324A6C8A7AD238B"><enum>(1)</enum><header>Civil action by woman on whom abortion is performed</header><text>A woman upon whom an abortion has been performed or attempted in violation of subsection (a)(2) may in a civil action against any person who engaged in a violation of subsection (a) obtain appropriate relief.</text></paragraph><paragraph id="H45F87E6340AC464B87E630BC56FA6E61"><enum>(2)</enum><header>Civil action by relatives</header><text>The father of an unborn child who is the subject of an abortion performed or attempted in violation of subsection (a), or a maternal grandparent of the unborn child if the pregnant woman is an unemancipated minor, may in a civil action against any person who engaged in the violation, obtain appropriate relief, unless the pregnancy or abortion resulted from the plaintiff’s criminal conduct or the plaintiff consented to the abortion.</text></paragraph><paragraph id="HF62FB2DB37584C4B84782E81895A08CA"><enum>(3)</enum><header>Appropriate relief</header><text>Appropriate relief in a civil action under this subsection includes—</text><subparagraph id="HFDDEC4E69A254E9882EB51D8DC47AE44"><enum>(A)</enum><text>objectively verifiable money damages for all injuries, psychological and physical, including loss of companionship and support, occasioned by the violation of this section; and</text></subparagraph><subparagraph id="H7F239302B83A4C588986548BB44F94E3"><enum>(B)</enum><text>punitive damages.</text></subparagraph></paragraph><paragraph id="HFF0758B1F46A45FE8955FF72E43E792A"><enum>(4)</enum><header>Injunctive relief</header><subparagraph id="H504BF4896FB8418C9EFAB19C2FCEF812"><enum>(A)</enum><header>In general</header><text>A qualified plaintiff may in a civil action obtain injunctive relief to prevent an abortion provider from performing or attempting further abortions in violation of this section.</text></subparagraph><subparagraph id="HD64098ED13DB40CE94781D2E86B465C5"><enum>(B)</enum><header>Definition</header><text>In this paragraph the term <term>qualified plaintiff</term> means—</text><clause id="HCA2C693F43F44A79A26AECBF8711320F"><enum>(i)</enum><text>a woman upon whom an abortion is performed or attempted in violation of this section;</text></clause><clause id="H7814F1000A8A4764BB0C9F9E1A88A63A"><enum>(ii)</enum><text display-inline="yes-display-inline">a maternal grandparent of the unborn child if the woman upon whom an abortion is performed or attempted in violation of this section is an unemancipated minor;</text></clause><clause id="H9E01EB88E0624E6891D0E1C7B95CCCE4"><enum>(iii)</enum><text display-inline="yes-display-inline">the father of an unborn child who is the subject of an abortion performed or attempted in violation of subsection (a); or</text></clause><clause id="HAA357481E4B845F1961EF10663BA8110"><enum>(iv)</enum><text>the Attorney General.</text></clause></subparagraph></paragraph><paragraph id="H2F20260683E54424861BF44304E01255"><enum>(5)</enum><header>Attorneys fees for plaintiff</header><text>The court shall award a reasonable attorney’s fee as part of the costs to a prevailing plaintiff in a civil action under this subsection.</text></paragraph></subsection><subsection id="H9D2CDD20035C4FB19BB8B306FC138FC5"><enum>(c)</enum><header>Bar to prosecution</header><text>A woman upon whom a sex-selection abortion is performed may not be prosecuted or held civilly liable for any violation of this section, or for a conspiracy to violate this section.</text></subsection><subsection id="H4CFF81842C7D47B7BCC55C9416B895EF"><enum>(d)</enum><header>Loss of Federal funding</header><text>A violation of subsection (a) shall be deemed for the purposes of title VI of the Civil Rights Act of 1964 to be discrimination prohibited by section 601 of that Act.</text></subsection><subsection id="HEAF1F00E3D234E8780FEB189E21158F7"><enum>(e)</enum><header>Reporting requirement</header><text>A physician, physician’s assistant, nurse, counselor, or other medical or mental health professional shall report known or suspected violations of any of this section to appropriate law enforcement authorities. Whoever violates this requirement shall be fined under this title or imprisoned not more than 1 year, or both.</text></subsection><subsection id="H24F8AA2B8D34410DAA638E73E5B2CB25"><enum>(f)</enum><header>Expedited consideration</header><text>It shall be the duty of the United States district courts, United States courts of appeal, and the Supreme Court of the United States to advance on the docket and to expedite to the greatest possible extent the disposition of any matter brought under this section.</text></subsection><subsection id="HB6EB1187C0F64F56B5E3BC175A636776"><enum>(g)</enum><header>Protection of privacy in court proceedings</header><paragraph id="H2958927A4930453A8F864D520A38D8D8"><enum>(1)</enum><header>In general</header><text>Except to the extent the Constitution or other similarly compelling reason requires, in every civil or criminal action under this section, the court shall make such orders as are necessary to protect the anonymity of any woman upon whom an abortion has been performed or attempted if she does not give her written consent to such disclosure. Such orders may be made upon motion, but shall be made sua sponte if not otherwise sought by a party.</text></paragraph><paragraph id="HCB1AA3944EE94076B57067611A4CADA2"><enum>(2)</enum><header>Orders to parties, witnesses, and counsel</header><text>The court shall issue appropriate orders to the parties, witnesses, and counsel and shall direct the sealing of the record and exclusion of individuals from courtrooms or hearing rooms to the extent necessary to safeguard the identity of the woman described in paragraph (1) from public disclosure.</text></paragraph><paragraph id="HE2B05ABB2AC84812AA67DB1E4D859401"><enum>(3)</enum><header>Pseudonym required</header><text>In the absence of written consent of the woman upon whom an abortion has been performed or attempted, any party, other than a public official, who brings an action under this section shall do so under a pseudonym.</text></paragraph><paragraph id="H4A5883C008E94784A07B0B329C1CEA3B"><enum>(4)</enum><header>Limitation</header><text>This subsection shall not be construed to conceal the identity of the plaintiff or of witnesses from the defendant or from attorneys for the defendant.</text></paragraph></subsection><subsection id="HA865E3F349DE4ADE9CE97B4FF5384DAB"><enum>(h)</enum><header>Definitions</header><text>In this section—</text><paragraph id="H36795AEA702D47E19379763056D2F18E"><enum>(1)</enum><text>the term <term>abortion</term> means the act of using or prescribing any instrument, medicine, drug, or any other substance, device, or means with the intent to—</text><subparagraph id="H1BB790E1FAF74159BAAC976F33FE2F8D"><enum>(A)</enum><text>kill the unborn child of a woman known to be pregnant; or</text></subparagraph><subparagraph id="H4095961778E0492CACBBC56E84AE48E6"><enum>(B)</enum><text>terminate the pregnancy of a woman known to be pregnant, with an intention other than—</text><clause id="idF854468BE8A94FFFBEE9B1C0BB0C09B0"><enum>(i)</enum><text>after viability to produce a live birth and preserve the life and health of the child born alive; or</text></clause><clause id="idD58635C59DAA4EE39338B1A6C13615EA"><enum>(ii)</enum><text>to remove a dead unborn child; and</text></clause></subparagraph></paragraph><paragraph id="H07145D4BB91A4A08977D9491B2290E67"><enum>(2)</enum><text display-inline="yes-display-inline">the term <term>sex-selection abortion</term> means an abortion undertaken for purposes of eliminating an unborn child of an undesired sex.</text></paragraph></subsection></section><after-quoted-block>.</after-quoted-block></quoted-block></subsection><subsection id="H23971C7A0C04477985982F079F24E8C7"><enum>(b)</enum><header>Clerical amendment</header><text>The table of sections at the beginning of <external-xref legal-doc="usc-chapter" parsable-cite="usc-chapter/18/13">chapter 13</external-xref> of title 18, United States Code, is amended by adding after the item relating to section 249 the following:</text><quoted-block style="USC" id="H53EB9F6581A446FAAC8E86D6036D3ACD"><toc regeneration="no-regeneration"><toc-entry level="section">250. Discrimination against the unborn on the basis of sex.</toc-entry></toc><after-quoted-block>.</after-quoted-block></quoted-block></subsection></section><section id="H7CC384BBD49945E9927E754780583123"><enum>4.</enum><header>Severability</header><text display-inline="no-display-inline">If any portion of this Act, or the amendments made by this Act, or the application thereof to any person or circumstance is held invalid, such invalidity shall not affect the portions or applications of this Act which can be given effect without the invalid portion or application.</text></section></legis-body></bill>


