<?xml version="1.0"?>
<?xml-stylesheet type="text/xsl" href="billres.xsl"?>
<!DOCTYPE bill PUBLIC "-//US Congress//DTDs/bill.dtd//EN" "bill.dtd">
<bill bill-stage="Introduced-in-Senate" dms-id="A1" public-private="public" slc-id="S1-LYN21151-KCH-3Y-F9S"><metadata xmlns:dc="http://purl.org/dc/elements/1.1/">
<dublinCore>
<dc:title>117 S439 IS: Coronavirus Medicaid Response Act</dc:title>
<dc:publisher>U.S. Senate</dc:publisher>
<dc:date>2021-02-25</dc:date>
<dc:format>text/xml</dc:format>
<dc:language>EN</dc:language>
<dc:rights>Pursuant to Title 17 Section 105 of the United States Code, this file is not subject to copyright protection and is in the public domain.</dc:rights>
</dublinCore>
</metadata>
<form>
<distribution-code display="yes">II</distribution-code><congress>117th CONGRESS</congress><session>1st Session</session><legis-num>S. 439</legis-num><current-chamber>IN THE SENATE OF THE UNITED STATES</current-chamber><action><action-date date="20210225">February 25, 2021</action-date><action-desc><sponsor name-id="S309">Mr. Casey</sponsor> (for himself, <cosponsor name-id="S385">Ms. Cortez Masto</cosponsor>, <cosponsor name-id="S330">Mr. Bennet</cosponsor>, <cosponsor name-id="S307">Mr. Brown</cosponsor>, <cosponsor name-id="S247">Mr. Wyden</cosponsor>, <cosponsor name-id="S324">Mrs. Shaheen</cosponsor>, <cosponsor name-id="S322">Mr. Merkley</cosponsor>, <cosponsor name-id="S327">Mr. Warner</cosponsor>, <cosponsor name-id="S306">Mr. Menendez</cosponsor>, <cosponsor name-id="S402">Ms. Rosen</cosponsor>, <cosponsor name-id="S394">Ms. Smith</cosponsor>, <cosponsor name-id="S380">Mr. Peters</cosponsor>, <cosponsor name-id="S370">Mr. Booker</cosponsor>, <cosponsor name-id="S390">Mr. Van Hollen</cosponsor>, <cosponsor name-id="S314">Mr. Tester</cosponsor>, <cosponsor name-id="S284">Ms. Stabenow</cosponsor>, <cosponsor name-id="S316">Mr. Whitehouse</cosponsor>, <cosponsor name-id="S308">Mr. Cardin</cosponsor>, <cosponsor name-id="S366">Ms. Warren</cosponsor>, <cosponsor name-id="S311">Ms. Klobuchar</cosponsor>, <cosponsor name-id="S363">Mr. King</cosponsor>, <cosponsor name-id="S388">Ms. Hassan</cosponsor>, and <cosponsor name-id="S277">Mr. Carper</cosponsor>) introduced the following bill; which was read twice and referred to the <committee-name committee-id="SSFI00">Committee on Finance</committee-name></action-desc></action><legis-type>A BILL</legis-type><official-title>To amend title XIX of the Social Security Act to increase Federal support to State Medicaid programs during economic downturns, and for other purposes.</official-title></form><legis-body><section id="S1" section-type="section-one"><enum>1.</enum><header>Short title</header><text display-inline="no-display-inline">This Act may be cited as the <quote><short-title>Coronavirus Medicaid Response Act</short-title></quote>.</text></section><section section-type="subsequent-section" id="HD3E2FD96FFD54BA1ACD40AF2DC383BC0"><enum>2.</enum><header>Increasing Federal support to State Medicaid programs during economic downturns</header><subsection id="H50A53E73D25141C69355752A2ADA8752"><enum>(a)</enum><header>In general</header><text display-inline="yes-display-inline">Section 1905 of the Social Security Act (<external-xref legal-doc="usc" parsable-cite="usc/42/1396d">42 U.S.C. 1396d</external-xref>) is amended—</text><paragraph id="H55E3208F19094AC2AA0D7CF54EF4A500"><enum>(1)</enum><text>in subsection (b), by striking <quote>and (ff)</quote> and inserting <quote>(ff), and (hh)</quote>; and</text></paragraph><paragraph id="H5A0E74BE360B4EEEBE409F43A5D45763"><enum>(2)</enum><text>by adding at the end the following new subsection:</text><quoted-block style="traditional" id="H737702D7E9974797A37C006743E6994E" act-name=""><subsection id="HAE3080E3978C42EB8FB14F5A7D2EC31D"><enum>(hh)</enum><header>Increased FMAP during economic downturns</header><paragraph id="HE8B7801C59114DF5978091CD09860EE4"><enum>(1)</enum><header>In general</header><text>If a fiscal quarter that begins on or after January 1, 2020, is an economic downturn quarter (as defined in paragraph (2)) with respect to a State, then the Federal medical assistance percentage determined for the State and quarter under subsection (b) shall be equal to the percentage determined for the State and quarter under paragraph (3).</text></paragraph><paragraph id="H845F992F51BD4757BE8173ED8BF7133D"><enum>(2)</enum><header>Economic downturn quarter</header><subparagraph id="HDD87D0E3E96E4ED98A876D7C6D6FAFA8"><enum>(A)</enum><header>In general</header><clause id="HE93B11BF44844BA4B030E068BF6CB26A"><enum>(i)</enum><header>In general</header><text>In this subsection, the term <term>economic downturn quarter</term> means, with respect to a State, a fiscal quarter during which the State’s unemployment rate for the quarter exceeds the percentage determined for the State and quarter under clause (ii).</text></clause><clause id="H165D554DC2684CDA8FF44D5677A833C7"><enum>(ii)</enum><header>Threshold percentage</header><text>The percentage determined under this clause for a State and fiscal quarter is the percentage equal to the lower of—</text><subclause id="HE0A7FBD096064C6D89049B993747F6E7"><enum>(I)</enum><text>the State unemployment rate at the 20<superscript>th</superscript> percentile of the distribution of the State’s quarterly unemployment rates for the 60-quarter period preceding the quarter involved, increased by 1 percentage point; and</text></subclause><subclause id="H70EBA5F996E446C9B98CEE071852B545"><enum>(II)</enum><text>the State’s average quarterly unemployment rate for the 12-quarter period preceding the quarter involved, increased by 1 percentage point.</text></subclause></clause></subparagraph><subparagraph id="HB18849BA281F479AA33EEFAD6678015B"><enum>(B)</enum><header>Unemployment data</header><clause id="HF2E31A62A2D14044B77F10FFA9BD9FCA"><enum>(i)</enum><header>In general</header><text>Except as provided in clause (ii), for purposes of determining unemployment rates for a State and a quarter under this paragraph, the Secretary shall use data from the Local Area Unemployment Statistics from the Bureau of Labor Statistics. </text></clause><clause id="H452FDF5623374A4DA770D6D507C1DDDE"><enum>(ii)</enum><header>Application to certain territories</header><text>In the case of the Virgin Islands, Guam, the Northern Mariana Islands, American Samoa, or any other jurisdiction for which suitable data from the Local Area Unemployment Statistics from the Bureau of Labor Statistics are unavailable, the Secretary shall use data from the U–3 unemployment measure of the Bureau of Labor Statistics to make any necessary determinations under subparagraph (A).</text></clause></subparagraph></paragraph><paragraph id="H658D6A0E26E74C60A19AD61CB106A24E"><enum>(3)</enum><header>Increased FMAP during economic downturn quarter</header><subparagraph id="HE8FDB2AAFA9A49CB87359CD4B83C7F69"><enum>(A)</enum><header>In general</header><text>During a fiscal quarter that is an economic downturn quarter with respect to a State, the Federal medical assistance percentage for the State and quarter determined under subsection (b) shall be equal to—</text><clause id="idB4F6109699A04A598ED3DC3B37D52A47"><enum>(i)</enum><text>the Federal medical assistance percentage determined for the State and quarter under subsection (b) without regard to this subsection (but including any increase to such percentage for such quarter made pursuant to section 6008(a) of the Families First Coronavirus Response Act); increased by</text></clause><clause id="id6C7D0B317E2D4B6089BF87B4B307F1ED"><enum>(ii)</enum><text>the number of percentage points (rounded to the nearest tenth of a percentage point) equal to the product of—</text><subclause id="idA92B4FEAACB04438863D897BF0C32736"><enum>(I)</enum><text>the number of percentage points (rounded to the nearest tenth of a percentage point) by which the unemployment rate for the State and quarter exceeds the percentage determined for the State and quarter under paragraph (2)(A)(ii); and</text></subclause><subclause id="idB16A7B82C38047779EDE2DC50DBA55C0"><enum>(II)</enum><text>4.8. </text></subclause></clause></subparagraph><subparagraph commented="no" id="HA00CACDC3A3544948B9B59B3796BCE7C"><enum>(B)</enum><header>Rules of application</header><text>The following rules shall apply with respect to the Federal medical assistance percentage determined for a State and an economic downturn quarter under this subsection:</text><clause commented="no" id="H43EF15E4C5BA44FCAC1AD288E8C2750E"><enum>(i)</enum><header>Scope of application</header><text>Such Federal medical assistance percentage shall not apply for purposes of—</text><subclause commented="no" id="id561716583C76438C804FB696ACA8A988"><enum>(I)</enum><text>disproportionate share hospital payments described in section 1923; </text></subclause><subclause commented="no" id="id1407134561284BAA90EF757C09612698"><enum>(II)</enum><text>payments under part D of title IV; or</text></subclause><subclause commented="no" id="id7453FAEBC078467E839EF777BB2DEB7D"><enum>(III)</enum><text>any payments under this title that are based on a Federal medical assistance percentage determined for a State under subsection (aa) (but only to the extent that such Federal medical assistance percentage is higher than the economic recovery FMAP).</text></subclause></clause><clause id="idaf816b3363aa4bc48f7ff11d5bf44969"><enum>(ii)</enum><header>Limitation</header><text>In no case shall— </text><subclause id="idD732BB6D661E401AB698FFF99EEB0944"><enum>(I)</enum><text>the Federal medical assistance percentage determined for a State and quarter pursuant to this subsection exceed 95 percent; or</text></subclause><subclause id="idDC61B115FA8A426F9DA3F0158B8A7A38"><enum>(II)</enum><text>any increase to the Federal medical assistance percentage determined for a State and quarter pursuant to this subsection result in the application of a Federal medical assistance percentage that exceeds 95 percent.</text></subclause></clause><clause id="H9096FDD2E54343D7ADF461DA2767C5F3"><enum>(iii)</enum><header>Application to CHIP</header><text display-inline="yes-display-inline">Notwithstanding the first sentence of section 2105(b), the application of this subsection may result in the enhanced FMAP of a State for a fiscal year under such section exceeding 85 percent, but in no case may the application of this subsection before application of the second sentence of such section result in the enhanced FMAP of the State exceeding 95 percent. </text></clause></subparagraph></paragraph><paragraph id="H6913BBD6D5DD4DC6AE93292FD1D14B43"><enum>(4)</enum><header>Advance payment; retrospective adjustment</header><subparagraph id="H24244CAEED4D41988EC2265D641C0A7C"><enum>(A)</enum><header>In general</header><text>Prior to the beginning of each fiscal quarter that begins on or after July 1, 2020, the Secretary shall, with respect to each State— </text><clause id="H639DEB267E194F72A9FDE6323D178CB1"><enum>(i)</enum><text>make an initial determination, based on the projections made for the State and quarter under subparagraph (B), as to— </text><subclause id="id57C1E0670E5F462CB4D303B9F7FF9CA6"><enum>(I)</enum><text>whether the application of this subsection is expected to result in the application of a higher Federal medical assistance percentage for the State and quarter than the percentage that would otherwise apply without regard to this subsection; and— </text></subclause><subclause id="id351DC1EBCB9D4C348332E55BEB533094"><enum>(II)</enum><text>if the application of this subsection is expected to result in such a higher Federal medical assistance percentage for the State and quarter, what such higher percentage is expected to be; and </text></subclause></clause><clause id="HD61C570F20FE41ABA00A983CA744403B"><enum>(ii)</enum><text>if the Secretary determines under clause (i) that the application of this subsection is expected to result in the application of a higher Federal medical assistance percentage for the State and quarter than the percentage that would otherwise apply without regard to this subsection—</text><subclause id="id82374A049EA84B0EBBFA57CAE1419CF8"><enum>(I)</enum><text>apply such higher Federal medical assistance percentage of the State for purposes of making payments to the State for amounts expended during such quarter as medical assistance under the State plan; and</text></subclause><subclause id="id3ECAC219F850447FBFF9A521E4B53AF0"><enum>(II)</enum><text>take into account such higher Federal medical assistance percentage of the State for purposes of calculating the enhanced FMAP for the State and quarter under section 2105(b).</text></subclause></clause></subparagraph><subparagraph id="HF975713A4D4041DD8990A9787199BC95"><enum>(B)</enum><header>Projection of State unemployment rates</header><text>Prior to the beginning of each fiscal quarter that begins on or after July 1, 2020, the Secretary, acting through the Chief Actuary of the Centers for Medicare &amp; Medicaid Services, shall, using the most recently available data described in paragraph (2)(B), make projections with respect to—</text><clause id="HB97B63C4554D4C7E9BAEF2D0EAD754A7"><enum>(i)</enum><text>the unemployment rates for each State for such quarter;</text></clause><clause id="H9768364C9C76468CA249B88A3BFFD9AE"><enum>(ii)</enum><text>the threshold percentages described in paragraph (2)(A)(ii) for each State for such quarter; and</text></clause><clause id="HBA11F555C925445ABA8D10029ABDB605"><enum>(iii)</enum><text>the national unemployment rate for such quarter.</text></clause></subparagraph><subparagraph id="HE27C9D109986452E92E473499145DBBD"><enum>(C)</enum><header>Retrospective adjustment</header><text>As soon as practicable after final unemployment data becomes available for a fiscal quarter that begins on or after July 1, 2020, the Secretary shall, with respect to each State— </text><clause id="H4761D293E8EA485794DDB7A728D6B469"><enum>(i)</enum><text>make a final determination with respect to the application of this subsection for purposes of determining the Federal medical assistance percentage and enhanced FMAP of the State for the quarter; and</text></clause><clause id="H6D63C867E32D4B4DA5347F59FD29CAF6"><enum>(ii)</enum><text>in accordance with section 1903(d)(2) and section 2105(e), reduce or increase the amount payable to the State under section 1903(a) or section 2105 for a subsequent fiscal quarter to the extent of any overpayment or underpayment under either such section which the Secretary determines was made as a result of an incorrect initial determination under subparagraph (A)(i) with respect to the application of this subsection for purposes of determining the Federal medical assistance percentage and enhanced FMAP of the State for such prior fiscal quarter. </text></clause></subparagraph></paragraph><paragraph commented="no" id="H547CD6DE8C6D4BBDB59BB3C1F510400D"><enum>(5)</enum><header>Retrospective application of over-the-limit FMAP increases</header><subparagraph commented="no" id="H2C3D0864056943EB9ADC45112CF53010"><enum>(A)</enum><header>In general</header><text>If a State has excess percentage points with respect to an economic downturn quarter and an applicable FMAP (as determined under subparagraph (B)), the State may elect to apply such excess percentage points to increase such applicable FMAP for one or more quarters during the look-back period for the State and economic downturn quarter in accordance with this paragraph.</text></subparagraph><subparagraph commented="no" id="H3F63312BC06141D785ADE049880ABFCD"><enum>(B)</enum><header>Excess percentage points</header><text>For purposes of this paragraph, the number of excess percentage points for a State, economic downturn quarter, and an applicable FMAP shall be equal to the number of percentage points by which— </text><clause commented="no" id="H51D27F41DFA34BFE8496DA5623C25C2C"><enum>(i)</enum><text>the applicable FMAP for the State and quarter (after application of paragraph (3) but without regard to subparagraph (B)(ii) of such paragraph); exceeds</text></clause><clause commented="no" id="H531336273EBB4495AFBB614C8D021234"><enum>(ii)</enum><text>95 percent.</text></clause></subparagraph><subparagraph commented="no" id="HAEBC7FCBD8D3483487A655383C4F219A"><enum>(C)</enum><header>Effect of application of excess percentage points</header><text>If a State elects to apply excess percentage points to an applicable FMAP to a quarter during a look-back period under this paragraph, the Secretary shall determine the additional amount of payment under section 1903(a) to which the State would have been entitled for such quarter if the applicable FMAP (as so increased) had been in effect for such quarter, and shall treat such additional amount as an underpayment for such quarter.</text></subparagraph><subparagraph commented="no" id="H6A29896201FC49F29148693E4E61ECA8"><enum>(D)</enum><header>Distribution of excess percentage points</header><text>A State that has excess percentage points with respect to an economic downturn quarter and applicable FMAP may elect to divide such points among more than 1 quarter during the look-back period for such State and quarter provided that no excess percentage point (or fraction of an excess percentage point) is applied to the applicable FMAP of more than 1 quarter.</text></subparagraph><subparagraph commented="no" id="HA987ED9A7782467E8F633E69C1BB70D7"><enum>(E)</enum><header>Limitations</header><clause commented="no" id="H49D64B95FBDB47C88A7A011ED470EB9D"><enum>(i)</enum><header>No increases over 100 percent</header><text>A State may not increase an applicable FMAP for any quarter during a look-back period under this paragraph if such increase would result in the applicable FMAP for such quarter exceeding 100 percent.</text></clause><clause commented="no" id="H3FA28C864B15479E8E114FB2C31B3221"><enum>(ii)</enum><header>Scope of application</header><text>Any increase to an applicable FMAP of a State for a fiscal quarter under this paragraph— </text><subclause commented="no" id="H99186AB6971E4B519195156CDFA963A4"><enum>(I)</enum><text>shall only apply with respect to payments for amounts expended by the State for medical assistance for services furnished during such quarter to which such applicable FMAP is applicable; and </text></subclause><subclause commented="no" id="HC19F7E31D06843D88BA92E5E50583069"><enum>(II)</enum><text>shall not apply with respect to payments described in paragraph (3)(B)(i).</text></subclause></clause></subparagraph><subparagraph commented="no" id="HA9F233644A434F9B94881269CC0DFD57"><enum>(F)</enum><header>Definitions</header><text>In this paragraph: </text><clause commented="no" id="H6BD3D33C63E3458F9F0394749754AE73"><enum>(i)</enum><header>Applicable FMAP</header><text>The term <term>applicable FMAP</term> means, with respect to a State and fiscal quarter—</text><subclause commented="no" id="HC96512BC9129475CAC254348C1A7DBCA"><enum>(I)</enum><text>the Federal medical assistance percentage determined for the State and quarter under subsection (b); </text></subclause><subclause commented="no" id="H14598FC5D8E04B58A0E8855CB52C3376"><enum>(II)</enum><text>the Federal medical assistance percentage applicable under subsection (y); </text></subclause><subclause commented="no" id="HF043C38EF35042D5BD7BA0F1074A3A89"><enum>(III)</enum><text>the Federal medical assistance percentage applicable under subsection (z)(2); </text></subclause><subclause commented="no" id="H674BF29305304B6BB251BE8251ECDAFA"><enum>(IV)</enum><text>the Federal medical assistance percentage determined for the State and quarter under subsection (ff); or</text></subclause><subclause commented="no" id="idF7AD72F8F8AF4F4894B0DDD085A2E2DA"><enum>(V)</enum><text>the enhanced FMAP determined for the State and quarter under section 2105(b).</text></subclause></clause><clause commented="no" id="H92B3E3BEC73747B1BCF6E3C83A903384"><enum>(ii)</enum><header>Look-back period</header><text>The term <term>look-back period</term> means, with respect to a State and a fiscal quarter that is an economic downturn quarter for the State, the period of 4 fiscal quarters that ends with the fourth quarter which precedes the most recent fiscal quarters that was not an economic downturn quarter for the State.</text></clause></subparagraph></paragraph><paragraph id="H4F7456D78FB44491BA71F637AB143F97"><enum>(6)</enum><header>Requirement for all States</header><text display-inline="yes-display-inline">This subsection shall not apply to a State with respect to a fiscal quarter, if—</text><subparagraph id="H596CFF6EC4044F438A66A67970A6C538"><enum>(A)</enum><text>eligibility standards, methodologies, or procedures under the State plan or a waiver of such plan are more restrictive during such quarter than the eligibility standards, methodologies, or procedures, respectively, under such plan (or waiver) as in effect on the last day of the most recent fiscal quarter that was not an economic downturn quarter for the State;</text></subparagraph><subparagraph id="H699BCB55C2C8458FBCDA48367E1A6C87"><enum>(B)</enum><text display-inline="yes-display-inline">the amount of any premium imposed by the State pursuant to section 1916 or 1916A during such quarter, with respect to an individual enrolled under such plan (or waiver), exceeds the amount of such premium as of the date described in subparagraph (A); or</text></subparagraph><subparagraph commented="no" id="HA4A17C414E9F470391DF78B3F7D2CD57"><enum>(C)</enum><text display-inline="yes-display-inline">the State fails to provide that an individual who is enrolled for benefits under such plan (or waiver) as of the date described in subparagraph (A) or enrolls for benefits under such plan (or waiver) during the period beginning with such date and ending with the day before the first day of the next quarter that is not an economic downturn quarter for the State shall be treated as eligible for such benefits for not less than 12 months after such date or (if later) the date that such individual so enrolls unless the individual requests a voluntary termination of eligibility or the individual ceases to be a resident of the State.</text></subparagraph></paragraph></subsection><after-quoted-block>.</after-quoted-block></quoted-block></paragraph></subsection><subsection id="H0835853F518B4657A639EABB81D021D5"><enum>(b)</enum><header>Exclusion of economic downturn FMAP increases from territorial caps; special rule for CHIP allotments</header><paragraph id="idEC084AAE2B1748D1882F3B0A64C77FF4"><enum>(1)</enum><header>Exclusion from territorial caps</header><text>Section 1108 of the Social Security Act (<external-xref legal-doc="usc" parsable-cite="usc/42/1308">42 U.S.C. 1308</external-xref>) is amended—</text><subparagraph id="HFF63B6BF8BD74202A29CBD8AF575EB4D"><enum>(A)</enum><text>in subsection (f), in the matter preceding paragraph (1), by striking <quote>subsection (g) and section 1935(e)(1)(B)</quote> and inserting <quote>subsections (g) and (h) and section 1935(e)(1)(B)</quote>; and</text></subparagraph><subparagraph id="H99DDC159BF8E4201831B1BBBCC528382"><enum>(B)</enum><text>by adding at the end the following:</text><quoted-block style="traditional" id="H3B90FDAF6C614989BB0486ADA674F95D" act-name=""><subsection id="HD136A6C3AD3547FF89ACBE7C8807EF8A"><enum>(h)</enum><header>Exclusion from caps of amounts attributable to economic downturn FMAP</header><text>Any payment made to a territory for a fiscal year in which the Federal medical assistance percentage for the territory is determined under section 1905(hh) shall not be taken into account for purposes of applying payment limits under subsections (f) and (g) to the extent that such payment exceeds the amount of the payment that would have been made to the territory for the year if the Federal medical assistance percentage for the territory had been determined without regard to such section.</text></subsection><after-quoted-block>.</after-quoted-block></quoted-block></subparagraph></paragraph><paragraph id="idB3C1A43CB1E34C70978B58A9E1D207FA"><enum>(2)</enum><header>CHIP allotments</header><text>Section 2104(m) of the Social Security Act (<external-xref legal-doc="usc" parsable-cite="usc/42/1397dd">42 U.S.C. 1397dd(m)</external-xref>) is amended— </text><subparagraph id="idA7E2185146CC4770B2BBD4161F7C59C8"><enum>(A)</enum><text>in paragraph (2)(B), in the matter preceding clause (i), by striking <quote>paragraphs (5) and (7)</quote> and inserting <quote>paragraphs (5), (7), and (12)</quote>; and </text></subparagraph><subparagraph id="id4867F2351EEE4A678B78B84ECCCB2BBC"><enum>(B)</enum><text>by adding at the end the following new paragraph: </text><quoted-block id="idB1B8C5DA0DF04C209D25CBFA5D54C01F" display-inline="no-display-inline" style="OLC" act-name=""><paragraph id="id984849F982844E69A5DCFE2B17DEB17B"><enum>(12)</enum><header>Special rule for adjusting allotments during fiscal years with economic downturn quarters</header><subparagraph id="idB2D202AD19D54657B9D32D09F6A9DC5E"><enum>(A)</enum><header>In general</header><text>If a fiscal quarter occurring during fiscal year 2020 or any succeeding fiscal year is determined to be an economic downturn quarter with respect to a State (as determined under section 1905(hh)) then, as soon as practicable after such determination, the Secretary shall increase the allotment for the State and fiscal year in accordance with subparagraph (B).</text></subparagraph><subparagraph id="id37f7befad812436e93ac658b6f9bf19a"><enum>(B)</enum><header>Amount of increase</header><clause id="idF3C8E85A82DE4EF5B5ACF95A284AAB32"><enum>(i)</enum><header>In general</header><text>The amount of an increase to the allotment of a State described in subparagraph (A) for a fiscal year shall be equal to the amount by which Federal payments made to the State for the preceding fiscal year under this title would have been increased (without regard to whether such payments would exceed the amount of the State’s allotment for such preceding fiscal year) if the enhanced FMAP determined for the State for such preceding fiscal year had been increased to the same extent that the State's enhanced FMAP for the fiscal year involved is expected to be increased as a result of the application of section 1905(hh) relative to the enhanced FMAP that would apply to the State for the fiscal year involved without the application of such section.</text></clause><clause id="id54426836D55D45A190447F0CBF0E2E33" commented="no"><enum>(ii)</enum><header>Inclusion of projected increases</header><text>In increasing the allotment of a State for a fiscal year under this paragraph, the Secretary may base the calculation of such increase on projections made by the Secretary with respect to—</text><subclause id="id6C5C06FE7A344B2F8E868DCAAC4BF1EA" commented="no"><enum>(I)</enum><text>the number of fiscal quarters during such fiscal year that will be economic downturn quarters; and</text></subclause><subclause id="id791B958109134E99A89DB66A9CE074FC" commented="no"><enum>(II)</enum><text>the effect that the application of section 1905(hh) is expected to have on the enhanced FMAP of the State for such fiscal year.</text></subclause></clause></subparagraph><subparagraph id="id673b261a3e454d4ca3129c88b925ae21" commented="no" display-inline="no-display-inline"><enum>(C)</enum><header>Disregard of increased payments for purposes of future allotments</header><text>Any Federal payment made to a State under this title for a fiscal year in which the Federal medical assistance percentage for the State is determined under section 1905(hh) shall be disregarded when determining the allotment of the State for any subsequent year, including for purposes of applying this paragraph, to the extent that such payment exceeds the amount of the payment that would have been made to the State for the year if the Federal medical assistance percentage for the State and year had been determined without regard to such section.</text></subparagraph></paragraph><after-quoted-block>.</after-quoted-block></quoted-block></subparagraph></paragraph></subsection><subsection id="idB2D6C50E62BA46E9AD66C1355B5AC84C"><enum>(c)</enum><header>Conforming amendments</header><text>Section 1905(cc) of the Social Security Act (<external-xref legal-doc="usc" parsable-cite="usc/42/1396d">42 U.S.C. 1396d(cc)</external-xref>) is amended—</text><paragraph id="id3EB6018C7BD347E28F5CFE2E9D819827"><enum>(1)</enum><text>by striking <quote>and section 6008 of the Families First Coronavirus Response Act</quote> and inserting <quote>, section 6008 of the Families First Coronavirus Response Act, and subsection (hh) of this section</quote>; and</text></paragraph><paragraph id="idF685EEECBDCD4EE78D051F745A729FC5"><enum>(2)</enum><text>by inserting <quote>, and, in applying such treatments to an increase in the Federal medical assistance percentage of a State under subsection (hh) with respect to a fiscal quarter that is an economic downturn quarter for the State, the reference to <quote>December 31, 2009</quote> shall be deemed to be a reference to <quote>March 11, 2020</quote>, or, if later, the last day of the most recent fiscal quarter that was not an economic downturn quarter for the State</quote> before the period. </text></paragraph></subsection></section></legis-body></bill> 

