<?xml version="1.0"?>
<?xml-stylesheet type="text/xsl" href="billres.xsl"?>
<!DOCTYPE bill PUBLIC "-//US Congress//DTDs/bill.dtd//EN" "bill.dtd">
<bill bill-type="olc" bill-stage="Reported-in-Senate" dms-id="A1" public-private="public" slc-id="S1-KAT21242-19Y-F4-GSY"><metadata xmlns:dc="http://purl.org/dc/elements/1.1/">
<dublinCore>
<dc:title>117 S400 RS: William T. Coleman, Jr., Department of Transportation Headquarters Act</dc:title>
<dc:publisher>U.S. Senate</dc:publisher>
<dc:date>2021-03-24</dc:date>
<dc:format>text/xml</dc:format>
<dc:language>EN</dc:language>
<dc:rights>Pursuant to Title 17 Section 105 of the United States Code, this file is not subject to copyright protection and is in the public domain.</dc:rights>
</dublinCore>
</metadata>
<form>
<distribution-code display="yes">II</distribution-code><calendar>Calendar No. 14</calendar><congress>117th CONGRESS</congress><session>1st Session</session><legis-num>S. 400</legis-num><current-chamber>IN THE SENATE OF THE UNITED STATES</current-chamber><action><action-date date="20210224">February 24, 2021</action-date><action-desc><sponsor name-id="S318">Mr. Wicker</sponsor> (for himself, <cosponsor name-id="S275">Ms. Cantwell</cosponsor>, <cosponsor name-id="S277">Mr. Carper</cosponsor>, <cosponsor name-id="S372">Mrs. Capito</cosponsor>, <cosponsor name-id="S365">Mr. Scott of South Carolina</cosponsor>, <cosponsor name-id="S370">Mr. Booker</cosponsor>, <cosponsor name-id="S415">Mr. Warnock</cosponsor>, <cosponsor name-id="S309">Mr. Casey</cosponsor>, <cosponsor name-id="S351">Mr. Toomey</cosponsor>, <cosponsor name-id="S383">Mr. Sullivan</cosponsor>, <cosponsor name-id="S236">Mr. Inhofe</cosponsor>, <cosponsor name-id="S317">Mr. Barrasso</cosponsor>, and <cosponsor name-id="S386">Ms. Duckworth</cosponsor>) introduced the following bill; which was read twice and referred to the <committee-name committee-id="SSEV00">Committee on Environment and Public Works</committee-name></action-desc></action><action stage="Reported-in-Senate"><action-date date="20210324">March 24, 2021</action-date><action-desc>Reported by <sponsor name-id="S277">Mr. Carper</sponsor>, without amendment</action-desc></action><legis-type>A BILL</legis-type><official-title>To designate the headquarters building of the Department of Transportation located at 1200 New Jersey Avenue, SE, in Washington, DC, as the <quote>William T. Coleman, Jr., Federal Building</quote>.</official-title></form><legis-body style="OLC" display-enacting-clause="yes-display-enacting-clause"><section commented="no" display-inline="no-display-inline" section-type="section-one" id="S1"><enum>1.</enum><header display-inline="yes-display-inline">Short title</header><text display-inline="no-display-inline">This Act may be cited as the <quote><short-title>William T. Coleman, Jr., Department of Transportation Headquarters Act</short-title></quote>.</text></section><section commented="no" display-inline="no-display-inline" section-type="subsequent-section" id="idB7EF97E5D4224BAC968369DC73C6FD54"><enum>2.</enum><header display-inline="yes-display-inline">William T. Coleman, Jr., Federal Building</header><subsection commented="no" display-inline="no-display-inline" id="idebc68799864f4155a11d8085ddc05e0c"><enum>(a)</enum><header display-inline="yes-display-inline">In general</header><text display-inline="yes-display-inline">The headquarters building of the Department of Transportation located at 1200 New Jersey Avenue, SE, in Washington, DC, shall be known and designated as the <quote>William T. Coleman, Jr., Federal Building</quote>.</text></subsection><subsection commented="no" display-inline="no-display-inline" id="ide3b6792932e0417080b7f0633b8425bc"><enum>(b)</enum><header display-inline="yes-display-inline">References</header><text display-inline="yes-display-inline">Any reference in a law, map, regulation, document, paper, or other record of the United States to the building referred to in subsection (a) shall be deemed to be a reference to the <quote>William T. Coleman, Jr., Federal Building</quote>.</text></subsection></section></legis-body><endorsement><action-date>March 24, 2021</action-date><action-desc>Reported without amendment</action-desc></endorsement></bill>


