<?xml version="1.0"?>
<?xml-stylesheet type="text/xsl" href="billres.xsl"?>
<!DOCTYPE bill PUBLIC "-//US Congress//DTDs/bill.dtd//EN" "bill.dtd">
<bill bill-stage="Introduced-in-Senate" dms-id="A1" public-private="public" slc-id="S1-EHF21122-T4G-8K-TMM"><metadata xmlns:dc="http://purl.org/dc/elements/1.1/">
<dublinCore>
<dc:title>117 S229 IS: Financial Defense for Industrial Contractors Act</dc:title>
<dc:publisher>U.S. Senate</dc:publisher>
<dc:date>2021-02-20</dc:date>
<dc:format>text/xml</dc:format>
<dc:language>EN</dc:language>
<dc:rights>Pursuant to Title 17 Section 105 of the United States Code, this file is not subject to copyright protection and is in the public domain.</dc:rights>
</dublinCore>
</metadata>
<form>
<distribution-code display="yes">II</distribution-code><congress>117th CONGRESS</congress><session>1st Session</session><legis-num>S. 229</legis-num><current-chamber>IN THE SENATE OF THE UNITED STATES</current-chamber><action><action-date date="20210220">February 4, 2021</action-date><action-desc><sponsor name-id="S350">Mr. Rubio</sponsor> (for himself, <cosponsor name-id="S396">Mrs. Blackburn</cosponsor>, <cosponsor name-id="S398">Mr. Cramer</cosponsor>, <cosponsor name-id="S374">Mr. Cotton</cosponsor>, and <cosponsor name-id="S355">Mr. Cruz</cosponsor>) introduced the following bill; which was read twice and referred to the <committee-name committee-id="SSBK00">Committee on Banking, Housing, and Urban Affairs</committee-name></action-desc></action><legis-type>A BILL</legis-type><official-title>To amend the Federal Deposit Insurance Act to permit the Federal Deposit Insurance Corporation to terminate the insured status of a depository institution that refuses to provide services to certain Federal contractors, and for other purposes.</official-title></form><legis-body display-enacting-clause="yes-display-enacting-clause"><section section-type="section-one" id="S1"><enum>1.</enum><header>Short title</header><text display-inline="no-display-inline">This Act may be cited as the <quote><short-title>Financial Defense for Industrial Contractors Act</short-title></quote> or the <quote><short-title>FDIC Act</short-title></quote>.</text></section><section id="idC2BB50B1F4BA475B8055D936FD2E6A02"><enum>2.</enum><header>Termination of insurance</header><text display-inline="no-display-inline">Section 8 of the Federal Deposit Insurance Act (<external-xref legal-doc="usc" parsable-cite="usc/12/1818">12 U.S.C. 1818</external-xref>) is amended— </text><paragraph id="id19AE7E5D536C464788F45C1DA75DD7B2"><enum>(1)</enum><text>in subsection (a)(3), by inserting <quote>or (x)</quote> after <quote>subsection (w)</quote>; and</text></paragraph><paragraph id="id3AACDA598D9C4F09A03FBE90EF0218F9"><enum>(2)</enum><text>by adding at the end the following:</text><quoted-block style="OLC" id="id0572E7AD0C1346598897EC3983516DA7" act-name=""><subsection id="id11CF377D6593453CB0C4215E4016E700"><enum>(x)</enum><header>Termination of insurance relating to denial of services to Federal contractors</header><paragraph id="id123D267DCE8B48418E7E0BD1312557D7"><enum>(1)</enum><header>Definitions</header><text>In this subsection—</text><subparagraph id="id3F1BD677CCDD49F7A733B38A9F19A06D"><enum>(A)</enum><text>the term <term>contractor</term> means an entity that—</text><clause id="id97C87CB863674875B2C8CAF9D2FAA72D"><enum>(i)</enum><text>is a party to a contract with the Federal Government;</text></clause><clause id="id398D5EA1419B4598B3E06E3D09403641"><enum>(ii)</enum><text>has complied with all applicable laws and regulations in fulfilling the responsibilities of the entity with respect to the contract described in clause (i); and</text></clause><clause id="id3605F8852D0841739365BEB39A4412D5"><enum>(iii)</enum><text>satisfies traditional underwriting and credit standards with respect to the banking service sought by the entity under paragraph (2); and</text></clause></subparagraph><subparagraph id="id82A6AD502FD24379BE69EE1B74920190"><enum>(B)</enum><text>the term <term>covered institution</term> means an insured depository institution that has more than $50,000,000,000 in total consolidated assets.</text></subparagraph></paragraph><paragraph id="id6AFA668DB49A44F08663EF518EC7AE0D"><enum>(2)</enum><header>Notice of termination; pretermination hearing</header><text>If a covered institution refuses to provide a banking service sought by a contractor, the Board of Directors shall— </text><subparagraph id="id4A0189566C124DA2A4C5B8B80604B89F"><enum>(A)</enum><text>issue to the insured depository institution a notice of its intention to terminate the insured status of the insured depository institution; and</text></subparagraph><subparagraph id="id81548A32D54F4D2A86C408E8DD17C462"><enum>(B)</enum><text>schedule a hearing on the matter, which shall be conducted in all respects as a termination hearing pursuant to paragraphs (3) through (5) of subsection (a).</text></subparagraph></paragraph><paragraph commented="no" id="id123ED32B10504F2A86BF015F2C6DF11F"><enum>(3)</enum><header>Temporary insurance of previously insured deposits</header><text>Upon termination of the insured status of any depository institution pursuant to paragraph (2), the deposits of such depository institution shall be treated in accordance with subsection (a)(7).</text></paragraph></subsection><after-quoted-block>.</after-quoted-block></quoted-block></paragraph></section></legis-body></bill> 

