<?xml version="1.0"?>
<?xml-stylesheet type="text/xsl" href="billres.xsl"?>
<!DOCTYPE bill PUBLIC "-//US Congress//DTDs/bill.dtd//EN" "bill.dtd">
<bill bill-type="olc" bill-stage="Introduced-in-Senate" dms-id="A1" public-private="public" slc-id="S1-GAI21199-LC7-18-G22"><metadata xmlns:dc="http://purl.org/dc/elements/1.1/">
<dublinCore>
<dc:title>117 S248 IS: Family and Medical Insurance Leave Act</dc:title>
<dc:publisher>U.S. Senate</dc:publisher>
<dc:date>2021-02-04</dc:date>
<dc:format>text/xml</dc:format>
<dc:language>EN</dc:language>
<dc:rights>Pursuant to Title 17 Section 105 of the United States Code, this file is not subject to copyright protection and is in the public domain.</dc:rights>
</dublinCore>
</metadata>
<form>
<distribution-code display="yes">II</distribution-code><congress>117th CONGRESS</congress><session>1st Session</session><legis-num>S. 248</legis-num><current-chamber>IN THE SENATE OF THE UNITED STATES</current-chamber><action><action-date date="20210204">February 4, 2021</action-date><action-desc><sponsor name-id="S331">Mrs. Gillibrand</sponsor> (for herself, <cosponsor name-id="S270">Mr. Schumer</cosponsor>, <cosponsor name-id="S413">Mr. Padilla</cosponsor>, <cosponsor name-id="S353">Mr. Schatz</cosponsor>, <cosponsor name-id="S341">Mr. Blumenthal</cosponsor>, <cosponsor name-id="S057">Mr. Leahy</cosponsor>, <cosponsor name-id="S370">Mr. Booker</cosponsor>, <cosponsor name-id="S259">Mr. Reed</cosponsor>, <cosponsor name-id="S386">Ms. Duckworth</cosponsor>, <cosponsor name-id="S363">Mr. King</cosponsor>, <cosponsor name-id="S388">Ms. Hassan</cosponsor>, <cosponsor name-id="S369">Mr. Markey</cosponsor>, <cosponsor name-id="S390">Mr. Van Hollen</cosponsor>, <cosponsor name-id="S366">Ms. Warren</cosponsor>, <cosponsor name-id="S306">Mr. Menendez</cosponsor>, <cosponsor name-id="S307">Mr. Brown</cosponsor>, <cosponsor name-id="S409">Mr. Luján</cosponsor>, <cosponsor name-id="S330">Mr. Bennet</cosponsor>, <cosponsor name-id="S354">Ms. Baldwin</cosponsor>, <cosponsor name-id="S308">Mr. Cardin</cosponsor>, <cosponsor name-id="S311">Ms. Klobuchar</cosponsor>, <cosponsor name-id="S221">Mrs. Feinstein</cosponsor>, <cosponsor name-id="S364">Mr. Murphy</cosponsor>, <cosponsor name-id="S394">Ms. Smith</cosponsor>, <cosponsor name-id="S313">Mr. Sanders</cosponsor>, <cosponsor name-id="S247">Mr. Wyden</cosponsor>, <cosponsor name-id="S361">Ms. Hirono</cosponsor>, <cosponsor name-id="S402">Ms. Rosen</cosponsor>, <cosponsor name-id="S277">Mr. Carper</cosponsor>, <cosponsor name-id="S324">Mrs. Shaheen</cosponsor>, <cosponsor name-id="S229">Mrs. Murray</cosponsor>, <cosponsor name-id="S309">Mr. Casey</cosponsor>, <cosponsor name-id="S253">Mr. Durbin</cosponsor>, <cosponsor name-id="S316">Mr. Whitehouse</cosponsor>, <cosponsor name-id="S322">Mr. Merkley</cosponsor>, and <cosponsor name-id="S359">Mr. Heinrich</cosponsor>) introduced the following bill; which was read twice and referred to the <committee-name committee-id="SSFI00">Committee on Finance</committee-name></action-desc></action><legis-type>A BILL</legis-type><official-title>To provide paid family and medical leave benefits to certain individuals, and for other purposes.</official-title></form><legis-body style="OLC" display-enacting-clause="yes-display-enacting-clause" id="HE2375A1717584AD980E7FE27ACEB47C8"><section section-type="section-one" id="H13923D9953A74B14B4922192D53E3163"><enum>1.</enum><header>Short title</header><text display-inline="no-display-inline">This Act may be cited as the <quote><short-title>Family and Medical Insurance Leave Act</short-title></quote> or the <quote><short-title>FAMILY Act</short-title></quote>.</text></section><section id="H89197B0DF5D54E62B2AD547A0F752B4E"><enum>2.</enum><header>Definitions</header><text display-inline="no-display-inline">In this Act, the following definitions apply:</text><paragraph id="HEA19E413950740D9959ECCF948F882A1"><enum>(1)</enum><header>Caregiving day</header><text display-inline="yes-display-inline">The term <term>caregiving day</term> means, with respect to an individual, a calendar day in which the individual engaged in qualified caregiving.</text></paragraph><paragraph id="H73446154A35040D884EF8C4D8AB9CAD8"><enum>(2)</enum><header>Commissioner</header><text>The term <term>Commissioner</term> means the Commissioner of Social Security.</text></paragraph><paragraph id="HBF9D3CD125A7425DBC38C007174731CF"><enum>(3)</enum><header>Deputy Commissioner</header><text display-inline="yes-display-inline">The term <term>Deputy Commissioner</term> means the Deputy Commissioner who heads the Office of Paid Family and Medical Leave established under section 3(a).</text></paragraph><paragraph id="H798EF143062C43A09640C5AE915B46AF"><enum>(4)</enum><header>Eligible individual</header><text display-inline="yes-display-inline">The term <term>eligible individual</term> means an individual who is entitled to a benefit under section 4 for a particular month, upon filing an application for such benefit for such month.</text></paragraph><paragraph id="HA306A2F680EB45F9AA88F95EBDD9BB8B"><enum>(5)</enum><header>Initial waiting period</header><text>The term <term>initial waiting period</term> means a period beginning with the first caregiving day of an individual occurring during the individual’s benefit period and ending after the earlier of—</text><subparagraph id="H55A7A38238E24533A2609F8721D6B1DF"><enum>(A)</enum><text>the fifth caregiving day of the individual occurring during the benefit period; or</text></subparagraph><subparagraph id="H5D877D72B0AD41D4874370447DDEDF9B"><enum>(B)</enum><text>the month preceding the first month in the benefit period during which occur not less than 15 caregiving days of the individual.</text></subparagraph></paragraph><paragraph id="HDC9FA9C5143D4B78A7F88354084B9CB3"><enum>(6)</enum><header>Qualified caregiving</header><text display-inline="yes-display-inline">The term <term>qualified caregiving</term> means any activity engaged in by an individual, other than regular employment, for a reason for which an eligible employee would be entitled to leave under subparagraphs (A) through (E) of paragraph (1) of section 102(a) of the Family and Medical Leave Act of 1993 (<external-xref legal-doc="usc" parsable-cite="usc/29/2612">29 U.S.C. 2612(a)</external-xref>).</text></paragraph><paragraph id="HDA4640F108E74ABEAEDDB2F366FD46FE"><enum>(7)</enum><header>Self-employment income</header><text>The term <term>self-employment income</term> has the same meaning as such term in section 211(b) of such Act (<external-xref legal-doc="usc" parsable-cite="usc/42/411">42 U.S.C. 411(b)</external-xref>).</text></paragraph><paragraph id="H8271B2098E3640D885F2F46A7F7CA6AD"><enum>(8)</enum><header>State</header><text>The term <term>State</term> means any State of the United States or the District of Columbia or any territory or possession of the United States.</text></paragraph><paragraph id="H8AF58D7A3B3846C584E8FC0161880369"><enum>(9)</enum><header>Wages</header><text>The term <term>wages</term>, except as such term is used in subsection (h)(2) of section 4, has the same meaning as such term in section 209 of the Social Security Act (<external-xref legal-doc="usc" parsable-cite="usc/42/409">42 U.S.C. 409</external-xref>).</text></paragraph><paragraph id="H5F9A986EF3494FCEB63B04DFD3A1ED2B"><enum>(10)</enum><header>60-day limitation period</header><text>The term <term>60-day limitation period</term> means a period—</text><subparagraph id="H385FE8C6A8B14463988F44A2C97E0951"><enum>(A)</enum><text>beginning with the first caregiving day of an individual occurring during the individual’s benefit period and after the expiration of the individual’s 5-day waiting period, if applicable; and</text></subparagraph><subparagraph id="H73217B8D798F400D9E81BB3DF9115075"><enum>(B)</enum><text>ending with the 60th caregiving day of the individual occurring during the benefit period and after the expiration of the 5-day waiting period,</text></subparagraph><continuation-text continuation-text-level="paragraph">disregarding any caregiving day of the individual occurring during any month in the benefit period after the first 20 caregiving days of the individual occurring during such month.</continuation-text></paragraph></section><section id="H3CEA151441D14B8C8A5CD0DB10D0D678"><enum>3.</enum><header>Office of Paid Family and Medical Leave</header><subsection id="HE590D0E0995E4F9F9B55DB9AD8157980"><enum>(a)</enum><header>Establishment of Office</header><text display-inline="yes-display-inline">There is established within the Social Security Administration an office to be known as the Office of Paid Family and Medical Leave. The Office shall be headed by a Deputy Commissioner who shall be appointed by the Commissioner.</text></subsection><subsection id="H6B644803AAC94CB9944FF318AA4C0A93"><enum>(b)</enum><header>Responsibilities of Deputy Commissioner</header><text display-inline="yes-display-inline">The Commissioner, acting through the Deputy Commissioner, shall be responsible for—</text><paragraph id="H1C437FB209BB4A34ABDF5F491DFEBEAE"><enum>(1)</enum><text>hiring personnel and making employment decisions with regard to such personnel;</text></paragraph><paragraph id="H18564AC47D884DD29B0FBD8ABCB95208"><enum>(2)</enum><text>issuing such regulations as may be necessary to carry out the purposes of this Act;</text></paragraph><paragraph id="HCF9DF9E39F57498F9DB020E4059FAA80"><enum>(3)</enum><text>entering into cooperative agreements with other agencies and departments to ensure the efficiency of the administration of the program;</text></paragraph><paragraph id="HD86EAFA9D2C941589B375A4B023061EB"><enum>(4)</enum><text>determining eligibility for family and medical leave insurance benefits under section 4;</text></paragraph><paragraph id="H367B234EBE5040C0888E20F18EEBC7E2"><enum>(5)</enum><text>determining benefit amounts for each month of such eligibility and making timely payments of such benefits to entitled individuals in accordance with such section;</text></paragraph><paragraph id="HD439DBC120A348B9BC55BB790871788C"><enum>(6)</enum><text>establishing and maintaining a system of records relating to the administration of such section;</text></paragraph><paragraph id="HC1E22B0B20194221B4EE75058FBD5C05"><enum>(7)</enum><text>preventing fraud and abuse relating to such benefits;</text></paragraph><paragraph commented="no" id="H209274A5C31A47968716675BBAD540FB"><enum>(8)</enum><text>providing information on request regarding eligibility requirements, the claims process, benefit amounts, maximum benefits payable, notice requirements, nondiscrimination rights, confidentiality, coordination of leave under this Act and other laws, collective bargaining agreements, and employer policies;</text></paragraph><paragraph commented="no" id="H70BBCF6623254303B39879E1A4776070"><enum>(9)</enum><text>annually providing employers a notice informing employees of the availability of such benefits;</text></paragraph><paragraph commented="no" id="HD0CA25031CD14440AED2FF50573C41E6"><enum>(10)</enum><text>annually making available to the public a report that includes the number of individuals who received such benefits, the purposes for which such benefits were received, and an analysis of utilization rates of such benefits by gender, race, ethnicity, and income levels; and</text></paragraph><paragraph commented="no" id="HCCC6A33C45C047349CFE6A982B141205"><enum>(11)</enum><text>tailoring culturally and linguistically competent education and outreach toward increasing utilization rates of benefits under such section.</text></paragraph></subsection><subsection id="HA88DB1A3B76E49CCBB8123E52D93FD52"><enum>(c)</enum><header>Availability of data</header><text>The Commissioner shall make available to the Deputy Commissioner such data as the Commissioner determines necessary to enable the Deputy Commissioner to effectively carry out the responsibilities described in subsection (b).</text></subsection></section><section id="H16C6CDFE7DAF48998CA802E7B41D07E5"><enum>4.</enum><header>Family and Medical Leave Insurance benefit payments</header><subsection display-inline="no-display-inline" id="HC6987357CFCD4A588FF25F7C94231560"><enum>(a)</enum><header>In general</header><text>Every individual who—</text><paragraph id="H8F6873D11A894B71BB2DD0B1CE5D3FFD"><enum>(1)</enum><text display-inline="yes-display-inline">is insured for disability insurance benefits (as determined under section 223(c) of the Social Security Act (<external-xref legal-doc="usc" parsable-cite="usc/42/423">42 U.S.C. 423(c)</external-xref>)) at the time such individual’s application is filed;</text></paragraph><paragraph id="H8FBE5CC7C0114C1899B3BCDA4D8FF374"><enum>(2)</enum><text>has earned income from employment during the 12 months prior to the month in which the application is filed;</text></paragraph><paragraph id="H19D31E60852841C3A7C9ACA9E288395C"><enum>(3)</enum><text>has filed an application for a family and medical leave insurance benefit in accordance with subsection (d); and</text></paragraph><paragraph id="H588117D2385546E385AE4A3C6F285ECE"><enum>(4)</enum><text display-inline="yes-display-inline">was engaged in qualified caregiving, or anticipates being so engaged, during the period that begins 90 days before the date on which such application is filed or within 30 days after such date,</text></paragraph><continuation-text continuation-text-level="subsection">shall be entitled to such a benefit for each month in the benefit period specified in subsection (c), not to exceed 60 caregiving days per benefit period.</continuation-text></subsection><subsection commented="no" id="H1321C418F67F4CA9829B7C7A3772F899"><enum>(b)</enum><header>Benefit amount</header><paragraph commented="no" display-inline="no-display-inline" id="H344D2028D1194588980456EC5741F5C0"><enum>(1)</enum><header>In general</header><text>Except as otherwise provided in this subsection, the benefit amount to which an individual is entitled under this section for a month shall be an amount equal to the greater of—</text><subparagraph commented="no" id="H51821652505A4EE6AFF7DBDB4D06FC0C"><enum>(A)</enum><text display-inline="yes-display-inline">the lesser of <fraction>1/18</fraction> of the wages and self-employment income of the individual for the calendar year in which such wages and self-employment income are the highest among the most recent three calendar years, or the maximum benefit amount determined under paragraph (2); or</text></subparagraph><subparagraph commented="no" id="H2917BC91F4B1424196C9EE3145A049D8"><enum>(B)</enum><text display-inline="yes-display-inline">the minimum benefit amount determined under paragraph (2),</text></subparagraph><continuation-text continuation-text-level="paragraph">multiplied by the quotient (not greater than 1) obtained by dividing the number of caregiving days of the individual in such month by 20.</continuation-text></paragraph><paragraph commented="no" id="H7BA85D9A492C401DA8231F286358D92B"><enum>(2)</enum><header>Annual increase of maximum and minimum benefit amounts</header><subparagraph commented="no" id="H428D8FE9BA4D4F1FB96F8D49278CE6EA"><enum>(A)</enum><text>For individuals who initially become eligible for family and medical leave insurance benefits in the first full calendar year after the date of enactment of this Act, the maximum monthly benefit amount and the minimum monthly benefit amount shall be $4,000 and $580, respectively.</text></subparagraph><subparagraph commented="no" id="H3C80B081BA5740B3A0C30F848DB1C4A5"><enum>(B)</enum><text display-inline="yes-display-inline">For individuals who initially become eligible for family and medical leave insurance benefits in any calendar year after such first full calendar year the maximum benefit amount and the minimum benefit amount shall be, respectively, the product of the corresponding amount determined with respect to the first calendar year under subparagraph (A) and the quotient obtained by dividing—</text><clause commented="no" id="HF927594330764D56BA802C0A97087466"><enum>(i)</enum><text>the national average wage index (as defined in section 209(k)(1) of the Social Security Act (<external-xref legal-doc="usc" parsable-cite="usc/42/409">42 U.S.C. 409(k)(1)</external-xref>)) for the second calendar year preceding the calendar year for which the determination is made, by</text></clause><clause commented="no" id="H13C60F21CA0C4B7785AC33A82BCC53EA"><enum>(ii)</enum><text>the national average wage index (as so defined) for 2020.</text></clause></subparagraph></paragraph><paragraph id="H70F077CDDC0143C8A7BA098C7A4BEBF5"><enum>(3)</enum><header>Limitations on benefits paid</header><subparagraph id="H9130CFD63EBD4CF69932AF332091C5FA"><enum>(A)</enum><header>Nonpayable waiting period</header><text display-inline="yes-display-inline">Any calendar day during an individual’s benefit period which occurs before the expiration of an initial waiting period shall not be taken into account under this subsection as a caregiving day of the individual.</text></subparagraph><subparagraph id="H410B930E7AD1467EA70DF114EEB65A9E"><enum>(B)</enum><header>Limitation on total benefits paid</header><text display-inline="yes-display-inline">Any calendar day during an individual’s benefit period which occurs after the expiration of a 60-day limitation period shall not be taken into account under this subsection as a caregiving day of the individual.</text></subparagraph></paragraph><paragraph id="H0027EB3E49E944CEBCEF43ABE3FB957F"><enum>(4)</enum><header>Reduction in benefit amount on account of receipt of certain benefits</header><text display-inline="yes-display-inline">A benefit under this section for a month shall be reduced by the amount, if any, in certain benefits (as determined under regulations issued by the Commissioner) as may be otherwise received by an individual. For purposes of the preceding sentence, certain benefits include—</text><subparagraph id="HB9046BED50FF463C8075A6B7FAB82489"><enum>(A)</enum><text display-inline="yes-display-inline">periodic benefits on account of such individual’s total or partial disability under a workmen’s compensation law or plan of the United States or a State; and</text></subparagraph><subparagraph id="HA21B48A6BF3345AA9282EDE40F4D5FB9"><enum>(B)</enum><text>periodic benefits on account of an individual’s employment status under an unemployment law or plan of the United States or a State.</text></subparagraph></paragraph><paragraph id="H440B9092A8AC4D59A56110640D0C8591"><enum>(5)</enum><header>Coordination of benefit amount with certain state benefits</header><text>A benefit received under this section shall be coordinated, in a manner determined by regulations issued by the Commissioner, with the periodic benefits received from temporary disability insurance or family leave insurance programs under any law or plan of a State, a political subdivision (as that term is used in section 218(b)(2) of the Social Security Act (<external-xref legal-doc="usc" parsable-cite="usc/42/418">42 U.S.C. 418(b)(2)</external-xref>)), or an instrumentality of two or more States (as that term is used in section 218(g) of such Act of the Social Security Act (<external-xref legal-doc="usc" parsable-cite="usc/42/418">42 U.S.C. 418(g)</external-xref>)).</text></paragraph></subsection><subsection id="HA607BFDFBEC441569A7674FD2736BD19"><enum>(c)</enum><header>Benefit period</header><paragraph id="HE2C6C62A1CDF44FCB7FC524194FC29C3"><enum>(1)</enum><header>In general</header><text>Except as provided in paragraph (2), the benefit period specified in this subsection shall begin on the 1st day of the 1st month in which the individual meets the criteria specified in paragraphs (1), (2), and (3) of subsection (a), and shall end on the date that is 365 days after the 1st day of the benefit period.</text></paragraph><paragraph id="HD6E1C008361845B29F3503B01B7A7235"><enum>(2)</enum><header>Retroactive benefits</header><text display-inline="yes-display-inline">In the case of an application for benefits under this section for qualified caregiving in which the individual was engaged at any time during the 90-day period preceding the date on which such application is submitted, the benefit period specified in this subsection shall begin on the later of—</text><subparagraph id="H6EAB9FBB7EC54612B7AEE825CC47BDFB"><enum>(A)</enum><text>the 1st day of the 1st month in which the individual engaged in such qualified caregiving; or</text></subparagraph><subparagraph id="HBAA8C126542E4924A84E78561A6456A5"><enum>(B)</enum><text>the 1st day of the 1st month that begins during such 90-day period,</text></subparagraph><continuation-text continuation-text-level="paragraph">and shall end on the date that is 365 days after the 1st day of the benefit period.</continuation-text></paragraph></subsection><subsection id="HBA6878028BA64C0392A61909CE93E06F"><enum>(d)</enum><header>Application</header><text display-inline="yes-display-inline">An application for a family and medical leave insurance benefit shall include—</text><paragraph id="HB7834F43226C42B5B068E9D9095A1340"><enum>(1)</enum><text>a statement that the individual was engaged in qualified caregiving, or anticipates being so engaged, during the period that begins 90 days before the date on which the application is submitted or within 30 days after such date;</text></paragraph><paragraph id="H39FE5E9B9E5F4AB0862B45E96B556179"><enum>(2)</enum><text>if the qualified caregiving described in the statement in paragraph (1) is engaged in by the individual because of a serious health condition of the individual or a relative of the individual, a certification, issued by the health care provider treating such serious health condition, that affirms the information specified in paragraph (1) and contains such information as the Commissioner shall specify in regulations, which shall be no more than the information that is required to be stated under section 103(b) of the Family and Medical Leave Act of 1993 (<external-xref legal-doc="usc" parsable-cite="usc/29/2613">29 U.S.C. 2613(b)</external-xref>);</text></paragraph><paragraph id="H3C5CF8FC4C944D5DBCD09C99F1D1A1B0"><enum>(3)</enum><text>if such qualified caregiving is engaged in by the individual for any other authorized reason, a certification, issued by a relevant authority determined under regulations issued by the Commissioner, that affirms the circumstances giving rise to such reason; and</text></paragraph><paragraph commented="no" id="HC3D7855A189146FBBE0B4B2C076195B7"><enum>(4)</enum><text display-inline="yes-display-inline">an attestation from the applicant that his or her employer has been provided with written notice of the individual’s intention to take family or medical leave, if the individual has an employer, or to the Commissioner in all other cases.</text></paragraph></subsection><subsection display-inline="no-display-inline" id="H8F820E65B7D24EC195E7757F7B9EC4E5"><enum>(e)</enum><header>Ineligibility; disqualification</header><paragraph id="H233AA260820D46E19DFE53D0F63B5EF0"><enum>(1)</enum><header>Ineligibility for benefit</header><text>An individual shall be ineligible for a benefit under this section for any month for which the individual is entitled to—</text><subparagraph id="H6F52BF39269948C1AB01B76FC949BF60"><enum>(A)</enum><text display-inline="yes-display-inline">disability insurance benefits under section 223 of the Social Security Act (<external-xref legal-doc="usc" parsable-cite="usc/42/423">42 U.S.C. 423</external-xref>) or a similar permanent disability program under any law or plan of a State or political subdivision or instrumentality of a State (as such terms are used in section 218 of the Social Security Act (<external-xref legal-doc="usc" parsable-cite="usc/42/418">42 U.S.C. 418</external-xref>));</text></subparagraph><subparagraph id="H4BB2BFF435EA4E81A4B3D5CDE94C51E9"><enum>(B)</enum><text display-inline="yes-display-inline">monthly insurance benefits under section 202 of such Act (<external-xref legal-doc="usc" parsable-cite="usc/42/402">42 U.S.C. 402</external-xref>) based on such individual's disability (as defined in section 223(d) of such Act (<external-xref legal-doc="usc" parsable-cite="usc/42/423">42 U.S.C. 423(d)</external-xref>)); or</text></subparagraph><subparagraph id="H565A9017DEDC49FE8D4DE79855D8C3E4"><enum>(C)</enum><text display-inline="yes-display-inline">benefits under title XVI of such Act (<external-xref legal-doc="usc" parsable-cite="usc/42/1381">42 U.S.C. 1381</external-xref> et seq.) based on such individual’s status as a disabled individual (as determined under section 1614 of such Act (<external-xref legal-doc="usc" parsable-cite="usc/42/1382c">42 U.S.C. 1382c</external-xref>)).</text></subparagraph></paragraph><paragraph id="HA5869A6DC59840CD815CE65A6909DDF9"><enum>(2)</enum><header>Disqualification</header><text display-inline="yes-display-inline">An individual who has been convicted of a violation under section 208 of the Social Security Act (<external-xref legal-doc="usc" parsable-cite="usc/42/408">42 U.S.C. 408</external-xref>) or who has been found to have used false statements to secure benefits under this section, shall be ineligible for benefits under this section for a 1-year period following the date of such conviction.</text></paragraph></subsection><subsection commented="no" id="H2FE7F2871A354E4899195CC5DCB679C2"><enum>(f)</enum><header>Review of eligibility and benefit payment determinations</header><paragraph commented="no" id="HB252091B36D84FB8BAA46B917C079AF2"><enum>(1)</enum><header>Eligibility determinations</header><subparagraph id="H3793E9573AD4411985EE1587F3147142"><enum>(A)</enum><header>In general</header><text>The Commissioner shall provide notice to an individual applying for benefits under this section of the initial determination of eligibility for such benefits, and the estimated benefit amount for a month in which one caregiving day of the individual occurs, as soon as practicable after the application is received.</text></subparagraph><subparagraph id="H2E71AE08242147EC8EFD770CA25953C7"><enum>(B)</enum><header>Review</header><text>An individual may request review of an initial adverse determination with respect to such application at any time before the end of the 20-day period that begins on the date notice of such determination is received, except that such 20-day period may be extended for good cause. As soon as practicable after the individual requests review of the determination, the Commissioner shall provide notice to the individual of a final determination of eligibility for benefits under this section.</text></subparagraph></paragraph><paragraph id="H339AC345DF634702806042A66B4DF0EC"><enum>(2)</enum><header>Benefit payment determinations</header><subparagraph id="HDF909BA8B6144FAF9319B812995D3C7D"><enum>(A)</enum><header>In general</header><text display-inline="yes-display-inline">The Commissioner shall make any monthly benefit payment to an individual claiming benefits for a month under this section, or provide notice of the reason such payment will not be made if the Commissioner determines that the individual is not entitled to payment for such month, not later than 20 days after the individual’s monthly benefit claim report for such month is received. Such monthly report shall be filed with the Commissioner not later than 15 days after the end of each month.</text></subparagraph><subparagraph id="H757DD6A48CC64E08B6BEA475AC289530"><enum>(B)</enum><header>Review</header><text display-inline="yes-display-inline">If the Commissioner determines that payment will not be made to an individual for a month, or if the Commissioner determines that payment shall be made based on a number of caregiving days in the month inconsistent with the number of caregiving days in the monthly benefit claim report of the individual for such month, the individual may request review of such determination at any time before the end of the 20-day period that begins on the date notice of such determination is received, except that such 20-day period may be extended for good cause. Not later than 20 days after the individual requests review of the determination, the Commissioner shall provide notice to the individual of a final determination of payment for such month, and shall make payment to the individual of any additional amount not included in the initial payment to the individual for such month to which the Commissioner determines the individual is entitled.</text></subparagraph></paragraph><paragraph commented="no" id="H32F290BA783746DCA4D7F9C514B1BF27"><enum>(3)</enum><header>Burden of proof</header><text display-inline="yes-display-inline">An application for benefits under this section and a monthly benefit claim report of an individual shall each be presumed to be true and accurate, unless the Commissioner demonstrates by a preponderance of the evidence that information contained in the application is false.</text></paragraph><paragraph id="HF7BB7D309D5C42DB8A8652F3BFA15FFC"><enum>(4)</enum><header>Definition of monthly benefit claim report</header><text>For purposes of this subsection, the term <term>monthly benefit claim report</term> means, with respect to an individual for a month, the individual’s report to the Commissioner of the number of caregiving days of the individual in such month, which shall be filed no later than 15 days after the end of each month.</text></paragraph><paragraph id="H81C4ED093F5E4CF3B37E30DEABA746AA"><enum>(5)</enum><header>Review</header><text>All final determinations of the Commissioner under this subsection shall be reviewable according to the procedures set out in section 205 of the Social Security Act (<external-xref legal-doc="usc" parsable-cite="usc/42/405">42 U.S.C. 405</external-xref>).</text></paragraph></subsection><subsection id="H4445E3FFD61742DE93E3C8015DE1E1CC"><enum>(g)</enum><header>Relationship with State law; employer benefits</header><paragraph id="HD56EE91908A843F992E225E4E93D0772"><enum>(1)</enum><header>In general</header><text>This section does not preempt or supercede any provision of State or local law that authorizes a State or local municipality to provide paid family and medical leave benefits similar to the benefits provided under this section.</text></paragraph><paragraph id="HF1DF0A3B69D4486E98E2982027CDCD4D"><enum>(2)</enum><header>Greater benefits allowed</header><text display-inline="yes-display-inline">Nothing in this Act shall be construed to diminish the obligation of an employer to comply with any contract, collective bargaining agreement, or any employment benefit program or plan that provides greater paid leave or other leave rights to employees than the rights established under this Act.</text></paragraph></subsection><subsection id="H1A89AABE87FA470DB129E439CB64A82A"><enum>(h)</enum><header>Prohibited Acts; enforcement</header><paragraph id="HDE7E3A20E6434A59A8E2CF37D6161381"><enum>(1)</enum><header>In general</header><text display-inline="yes-display-inline">It shall be unlawful for any person to discharge or in any other manner discriminate against an individual because the individual has applied for, indicated an intent to apply for, or received family and medical leave insurance benefits.</text></paragraph><paragraph display-inline="no-display-inline" id="HC3C0E629B486495DAAD297DB9108A5BB"><enum>(2)</enum><header>Civil Action by an individual</header><subparagraph id="H577DC837F485436080C51DF3B5648173"><enum>(A)</enum><header>Liability</header><text>Any person who violates paragraph (1) shall be liable to any individual employed by such person who is affected by the violation—</text><clause id="H161C9E0FC99F4997A375AFEF75BA5054"><enum>(i)</enum><text>for damages equal to the sum of—</text><subclause id="H1F7A7954BD7E4DD08CCA36D6D5BCDEB5"><enum>(I)</enum><text>the amount of—</text><item id="H1FC40DAF4BF0467B9E8CCC40CA997160"><enum>(aa)</enum><text>any wages, salary, employment benefits, or other compensation denied or lost to such individual by reason of the violation; or</text></item><item id="HAF1810E036D24844A34964CE8F6A41CD"><enum>(bb)</enum><text>in a case in which wages, salary, employment benefits, or other compensation have not been denied or lost to the individual, any actual monetary losses sustained by the individual as a direct result of the violation, such as the cost of providing care, up to a sum equal to 60 calendar days of wages or salary for the individual;</text></item></subclause><subclause id="HB887E0658BE1441B834E5212183F9E3C"><enum>(II)</enum><text>the interest on the amount described in subclause (I) calculated at the prevailing rate; and</text></subclause><subclause id="H442AA5CD8D2C43E5822FEB7FF7E29161"><enum>(III)</enum><text>an additional amount as liquidated damages equal to the sum of the amount described in subclause (I) and the interest described in subclause (II), except that if a person who has violated paragraph (1) proves to the satisfaction of the court that the act or omission which violated paragraph (1) was in good faith and that the person had reasonable grounds for believing that the act or omission was not a violation of paragraph (1), such court may, in the discretion of the court, reduce the amount of the liability to the amount and interest determined under subclauses (I) and (II), respectively; and</text></subclause></clause><clause id="H4DA0A0C474784E3FAFF71B1278DD91FC"><enum>(ii)</enum><text>for such equitable relief as may be appropriate, including employment, reinstatement, and promotion.</text></clause></subparagraph><subparagraph id="HD8DC74AE05B44F13A7ED14884215F880"><enum>(B)</enum><header>Right of action</header><text>An action to recover the damages or equitable relief prescribed in subparagraph (A) may be maintained against any person in any Federal or State court of competent jurisdiction by any individual for and on behalf of—</text><clause id="HE5F3CFEF06A142D5ADEFFD9D8D6EB858"><enum>(i)</enum><text>the individual; or</text></clause><clause id="HD2EF8E51392D48AA8C9F37FFFD129A56"><enum>(ii)</enum><text>the individual and other individuals similarly situated.</text></clause></subparagraph><subparagraph id="H4762082E741B43588298E75896C6BF78"><enum>(C)</enum><header>Fees and costs</header><text>The court in such an action shall, in addition to any judgment awarded to the plaintiff, allow a reasonable attorney's fee, reasonable expert witness fees, and other costs of the action to be paid by the defendant.</text></subparagraph><subparagraph id="H5A98FBAA2C594BF584A8FFFD124B7D5E"><enum>(D)</enum><header>Limitations</header><text>The right provided by subparagraph (B) to bring an action by or on behalf of any individual shall terminate—</text><clause id="HEE00DADC0BB64C45ACA4956322D23F98"><enum>(i)</enum><text>on the filing of a complaint by the Commissioner in an action under paragraph (5) in which restraint is sought of any further delay in the payment of the amount described in subparagraph (A)(I) to such individual by the person responsible under subparagraph (A) for the payment; or</text></clause><clause id="HB1FCC01E280649BB837787E04CB25BFB"><enum>(ii)</enum><text display-inline="yes-display-inline">on the filing of a complaint by the Commissioner in an action under paragraph (3) in which a recovery is sought of the damages described in subparagraph (A)(I) owing to an individual by a person liable under subparagraph (A),</text></clause><continuation-text continuation-text-level="subparagraph">unless the action described in clause (i) or (ii) is dismissed without prejudice on motion of the Commissioner.</continuation-text></subparagraph></paragraph><paragraph display-inline="no-display-inline" id="H4E41561E0A414E3BB957824D76E914CC"><enum>(3)</enum><header>Action by the Commissioner</header><subparagraph id="HEE0507B4C4164DE5BF24F1843A4C8297"><enum>(A)</enum><header>Civil action</header><text>The Commissioner may bring an action in any court of competent jurisdiction to recover the damages described in paragraph (2)(A)(I).</text></subparagraph><subparagraph id="H62DFD641E4804534B7FC1E04B29EE87E"><enum>(B)</enum><header>Sums recovered</header><text>Any sums recovered by the Commissioner pursuant to subparagraph (A) shall be held in a special deposit account and shall be paid, on order of the Commissioner, directly to each individual affected. Any such sums not paid to an individual because of inability to do so within a period of 3 years shall be deposited into the Federal Family and Medical Leave Insurance Trust Fund.</text></subparagraph></paragraph><paragraph id="HDCA834CFFE5641AD87969824B1F81433"><enum>(4)</enum><header>Limitation</header><subparagraph id="HA8A486A24DBE480B93945E058A011FD2"><enum>(A)</enum><header>In general</header><text>An action may be brought under this subsection not later than 3 years after the date of the last event constituting the alleged violation for which the action is brought.</text></subparagraph><subparagraph id="H33E6757F485848CEA349189F04891582"><enum>(B)</enum><header>Commencement</header><text>An action brought by the Commissioner under this subsection shall be considered to be commenced on the date when the complaint is filed.</text></subparagraph></paragraph><paragraph id="H849A45A4B59447F0A58B445A2B9AFB2F"><enum>(5)</enum><header>Action for Injunction by Commissioner</header><text>The district courts of the United States shall have jurisdiction, for cause shown, in an action brought by the Commissioner—</text><subparagraph id="H44101D2A6BDE4541BC8F90BFD06B2D97"><enum>(A)</enum><text>to restrain violations of paragraph (1), including the restraint of any withholding of payment of wages, salary, employment benefits, or other compensation, plus interest, found by the court to be due to an individual; or</text></subparagraph><subparagraph id="H820FCBC1DD214A9883A7931638EF8BE0"><enum>(B)</enum><text>to award such other equitable relief as may be appropriate, including employment, reinstatement, and promotion.</text></subparagraph></paragraph></subsection><subsection id="H7C49C161A8DA4A9ABF745CEC0F9734DC"><enum>(i)</enum><header>Special rule for railroad employees</header><text display-inline="yes-display-inline">For purposes of subsection (a)(1), an individual shall be deemed to be insured for disability insurance benefits if the individual would be so insured if the individual’s service as an employee (as defined in the section 1(b) of the Railroad Retirement Act of 1974) after December 31, 1936, were included within the meaning of the term <term>employment</term> for purposes of title II of the Social Security Act (<external-xref legal-doc="usc" parsable-cite="usc/42/401">42 U.S.C. 401</external-xref> et seq.).</text></subsection><subsection commented="no" id="HB00A6F440D044E30BF931DF6E0B9ECB8"><enum>(j)</enum><header>Determination of whether an activity constitutes qualified caregiving</header><paragraph commented="no" id="HE7A80C7398A245929F13FCA6742330E8"><enum>(1)</enum><header>In general</header><text>For purposes of determining whether an activity engaged in by an individual constitutes qualified caregiving under this section—</text><subparagraph commented="no" id="H0061D1A55FA947E9B6E0099F2D3147C5"><enum>(A)</enum><text display-inline="yes-display-inline">the term <term>spouse</term> (as used in section 102(a) of the Family and Medical Leave Act (<external-xref legal-doc="usc" parsable-cite="usc/29/2612">29 U.S.C. 2612(a)</external-xref>)) includes the individual’s domestic partner; and</text></subparagraph><subparagraph commented="no" id="HBC4478A459B145DC9E991A7245DD04EA"><enum>(B)</enum><text display-inline="yes-display-inline">the term <term>son or daughter</term> (as used in such section) includes a son or daughter (as defined in section 101 of such Act) of the individual’s domestic partner.</text></subparagraph></paragraph><paragraph commented="no" id="H0B32F0BF83B64762B6017E113F1D62D6"><enum>(2)</enum><header>Domestic partner</header><subparagraph commented="no" id="HF3A867F1295640B19929D6B5191E2595"><enum>(A)</enum><header>In general</header><text>For purposes of paragraph (1), the term <term>domestic partner</term>, with respect to an individual, means another individual with whom the individual is in a committed relationship.</text></subparagraph><subparagraph commented="no" id="H9EE30EF464D04E149428F4864E1E9210"><enum>(B)</enum><header>Committed relationship defined</header><text display-inline="yes-display-inline">The term <term>committed relationship</term> means a relationship between two individuals (each at least 18 years of age) in which each individual is the other individual’s sole domestic partner and both individuals share responsibility for a significant measure of each other’s common welfare. The term includes any such relationship between two individuals, including individuals of the same sex, that is granted legal recognition by a State or political subdivision of a State as a marriage or analogous relationship, including a civil union or domestic partnership.</text></subparagraph></paragraph></subsection><subsection id="HE8D54D4C34934CEFAA54D8972699DE76"><enum>(k)</enum><header>Applicability of certain Social Security Act provisions</header><text>The provisions of sections 204, 205, 206, and 208 of the Social Security Act shall apply to benefit payments authorized by and paid out pursuant to this section in the same way that such provisions apply to benefit payments authorized by and paid out pursuant to title II of such Act.</text></subsection><subsection id="H2C457BC76D25404E8744D99FA07D1725"><enum>(l)</enum><header>Effective date for applications</header><text display-inline="yes-display-inline">Applications described in this section may be filed beginning 18 months after the date of enactment of this Act.</text></subsection></section><section id="H10CB8D59F328429787F0BF4508084DF6"><enum>5.</enum><header>Establishment of Family and Medical Leave Insurance Trust Fund</header><subsection id="H790BC0D99FF54DCEB695DC10674FD0FB"><enum>(a)</enum><header>In general</header><text display-inline="yes-display-inline">There is hereby created on the books of the Treasury of the United States a trust fund to be known as the <term>Federal Family and Medical Leave Insurance Trust Fund</term>. The Federal Family and Medical Leave Insurance Trust Fund shall consist of such gifts and bequests as may be made as provided in section 201(i)(1) of the Social Security Act (<external-xref legal-doc="usc" parsable-cite="usc/42/401">42 U.S.C. 401(i)(1)</external-xref>) and such amounts as may be appropriated to, or deposited in, the Federal Family and Medical Leave Insurance Trust Fund as provided in this section.</text></subsection><subsection commented="no" id="HCB2B8F060F6048AF8576B513893B1275"><enum>(b)</enum><header>Authorization of appropriations</header><paragraph commented="no" id="HC2ADDF8C319F4150A439A576BAD61BB4"><enum>(1)</enum><header>In general</header><text>There is authorized to be appropriated to the Federal Family and Medical Leave Insurance Trust Fund out of moneys in the Treasury not otherwise appropriated—</text><subparagraph commented="no" id="H96C63E9EE2B2448196E5A6FC76546741"><enum>(A)</enum><text>for the first three fiscal years beginning after the date of enactment of this Act, such sums as may be necessary for the Commissioner to administer the office established under section 3 and pay the benefits under section 4;</text></subparagraph><subparagraph commented="no" id="H9234482AB0A4417BAE92D359C142481B"><enum>(B)</enum><text>100 percent of the taxes imposed by sections 3101(c) and 3111(c) of the Internal Revenue Code of 1986 with respect to wages (as defined in section 3121 of such Code) reported to the Secretary of the Treasury pursuant to subtitle F of such Code, as determined by the Secretary of the Treasury by applying the applicable rate of tax under such sections to such wages;</text></subparagraph><subparagraph commented="no" id="HA7FDE638B3F341EB892805AF9E97290D"><enum>(C)</enum><text>100 percent of the taxes imposed by section 1401(c) of such Code with respect to self-employment income (as defined in section 1402 of such Code) reported to the Secretary of the Treasury on tax returns under subtitle F of such Code, as determined by the Secretary of the Treasury by applying the applicable rate of tax under such section to such self-employment income; and</text></subparagraph><subparagraph commented="no" id="HAC6375E1F8B041E6BAA4CA5F06BD9D36"><enum>(D)</enum><text>100 percent of the taxes imposed by sections 3201(c), 3211(c), and 3221(c) of such Code with respect to compensation (as defined in section 3231 of such Code) reported to the Secretary of the Treasury on tax returns under subtitle F of such Code, as determined by the Secretary of the Treasury by applying the applicable rate of tax under such sections to such compensation.</text></subparagraph></paragraph><paragraph commented="no" id="H73DEF53C177F4032A18CE69767F4A027"><enum>(2)</enum><header>Repayment of initial appropriation</header><text>Amounts appropriated pursuant to subparagraph (A) of paragraph (1) shall be repaid to the Treasury of the United States not later than 10 years after the first appropriation is made pursuant to such subparagraph.</text></paragraph><paragraph commented="no" id="HC195990203234D27BF10AAB6C6790DA7"><enum>(3)</enum><header>Transfer to Trust Fund</header><text>The amounts described in paragraph (2) shall be transferred from time to time from the general fund in the Treasury to the Federal Family and Medical Leave Insurance Trust Fund, such amounts to be determined on the basis of estimates by the Secretary of the Treasury of the taxes, specified in such paragraph, paid to or deposited into the Treasury. Proper adjustments shall be made in amounts subsequently transferred to the extent prior estimates were inconsistent with the taxes specified in such paragraph.</text></paragraph></subsection><subsection id="H4A0CC889E4EA4440A5588586B82248DF"><enum>(c)</enum><header>Management of Trust Fund</header><text>The provisions of subsections (c), (d), (e), (f), (i), and (m) of section 201 of the Social Security Act (<external-xref legal-doc="usc" parsable-cite="usc/42/401">42 U.S.C. 401</external-xref>) shall apply with respect to the Federal Family and Medical Leave Insurance Trust Fund in the same manner as such provisions apply to the Federal Old-Age and Survivors Insurance Trust Fund and the Disability Insurance Trust Fund.</text></subsection><subsection id="H452F2952AE3D42EA9FF4D8352E296C95"><enum>(d)</enum><header>Benefits paid from Trust Fund</header><text display-inline="yes-display-inline">Benefit payments required to be made under section 4 shall be made only from the Federal Family and Medical Leave Insurance Trust Fund.</text></subsection><subsection commented="no" id="H99E5D36F8AB140839FC0570D29995368"><enum>(e)</enum><header>Administration</header><text>There are authorized to be made available for expenditure, out of the Federal Family and Medical Leave Insurance Trust Fund, such sums as may be necessary to pay the costs of the administration of section 4, including start-up costs, technical assistance, outreach, education, evaluation, and reporting.</text></subsection><subsection id="H703A4E94683A4A1AA13ADB6307290862"><enum>(f)</enum><header>Prohibition</header><text>No funds from the Social Security Trust Fund or appropriated to the Social Security Administration to administer Social Security programs may be used for Federal Family and Medical Leave Insurance benefits or administration set forth under this Act.</text></subsection></section><section id="H7817CAEA4CCD4817A24B07E0A5EDC8E5"><enum>6.</enum><header>Internal Revenue Code provisions</header><subsection id="HBD5B30604F6F4B95886EF60E734DDE4D"><enum>(a)</enum><header>In general</header><paragraph id="HF65450118BDB4004BEBD229A48BE6332"><enum>(1)</enum><header>Employee contribution</header><text display-inline="yes-display-inline"><external-xref legal-doc="usc" parsable-cite="usc/26/3101">Section 3101</external-xref> of the Internal Revenue Code of 1986 is amended—</text><subparagraph id="H80EB46C2CA7B4A149614A24CEBF0E042"><enum>(A)</enum><text>by redesignating subsection (c) as subsection (d); and</text></subparagraph><subparagraph id="H80CB2C9D8D6F429EB9711DF1CAC07522"><enum>(B)</enum><text>by inserting after subsection (b) the following:</text><quoted-block style="OLC" display-inline="no-display-inline" id="H87A7316B3F464658B3864C9FFD148F54"><subsection id="H7E05AA5C55D64CF28130BCB9B1876321"><enum>(c)</enum><header>Family and medical leave insurance</header><paragraph id="HFC08A80C83A84D3BA0FCF1B634A1AA56"><enum>(1)</enum><header>In general</header><text display-inline="yes-display-inline">In addition to other taxes, there is hereby imposed on the income of every individual a tax equal to the applicable percentage of the wages (as defined in section 3121(a)) received by the individual with respect to employment (as defined in section 3121(b)).</text></paragraph><paragraph commented="no" id="H1771AD6FD6434BE3BD2A200263F25BF5"><enum>(2)</enum><header>Applicable percentage</header><text display-inline="yes-display-inline">For purposes of paragraph (1), the term <term>applicable percentage</term> means 0.2 percent in the case of wages received in any calendar year.</text></paragraph></subsection><after-quoted-block>.</after-quoted-block></quoted-block></subparagraph></paragraph><paragraph id="H160F9D6449F04865958707A9AB0FAD66"><enum>(2)</enum><header>Employer contribution</header><text>Section 3111 of such Code is amended—</text><subparagraph id="H2535838A46144234AE446C1CA380C8F1"><enum>(A)</enum><text>by redesignating subsection (c) as subsection (d); and</text></subparagraph><subparagraph id="HCBF50F944E104844B56B158D00107484"><enum>(B)</enum><text>by inserting after subsection (b) the following:</text><quoted-block style="OLC" display-inline="no-display-inline" id="H41191314DD4A4770BA71F8D3C11E3D71"><subsection id="HA93A90B98428454984EF40E5C199F8DE"><enum>(c)</enum><header>Family and medical leave insurance</header><paragraph id="HC109BB067A25430FB0AF4F0A947A00A8"><enum>(1)</enum><header>In general</header><text display-inline="yes-display-inline">In addition to other taxes, there is hereby imposed on every employer an excise tax, with respect to having individuals in his employ, equal to the applicable percentage of the wages (as defined in section 3121(a)) paid by the employer with respect to employment (as defined in section 3121(b)).</text></paragraph><paragraph id="HD6F5BB4316074A7D9B476693DE1F1017"><enum>(2)</enum><header>Applicable percentage</header><text display-inline="yes-display-inline">For purposes of paragraph (1), the term <term>applicable percentage</term> means 0.2 percent in the case of wages paid in any calendar year.</text></paragraph></subsection><after-quoted-block>.</after-quoted-block></quoted-block></subparagraph></paragraph><paragraph id="HE0932645B0514A0D8F78D7D06C95944D"><enum>(3)</enum><header>Self-employment income contribution</header><subparagraph id="HD11B91DEC41544048EBD5906E5853175"><enum>(A)</enum><header>In general</header><text>Section 1401 of such Code is amended—</text><clause id="H60D6C463AA044EB89CE94834F232F5EF"><enum>(i)</enum><text>by redesignating subsection (c) as subsection (d); and</text></clause><clause id="H8CF04F55B5F94EA984AB5B5EB5C2C363"><enum>(ii)</enum><text>by inserting after subsection (b) the following:</text><quoted-block style="OLC" display-inline="no-display-inline" id="H2A29E445CE3E4848857CC69836F07B69"><subsection id="H7D3D4EAF4948482D8767B63EB947EF47"><enum>(c)</enum><header>Family and medical leave insurance</header><paragraph id="H3E06C20388A7408F929A7DC87278ECDF"><enum>(1)</enum><header>In general</header><text>In addition to other taxes, there is hereby imposed for each taxable year, on the self-employment income of every individual, a tax equal to the applicable percentage of the amount of the self-employment income for such taxable year.</text></paragraph><paragraph id="H9F668EFAA1194ACB8CE9DA9DF674B7F0"><enum>(2)</enum><header>Applicable percentage</header><text display-inline="yes-display-inline">For purposes of paragraph (1), the term <term>applicable percentage</term> means 0.4 percent in the case of self-employment income in any taxable year.</text></paragraph></subsection><after-quoted-block>.</after-quoted-block></quoted-block></clause></subparagraph><subparagraph id="H67D421469947474D95B0F886BBDDC691"><enum>(B)</enum><header>Exclusion of certain net earnings from self-employment</header><text>Section 1402(b)(1) of such Code is amended by striking <quote>tax imposed by section 1401(a)</quote> and inserting <quote>taxes imposed by subsections (a) and (c) of section 1401</quote>.</text></subparagraph></paragraph></subsection><subsection id="H94CBF7B11EDE44AE83EAC4ECE61F835E"><enum>(b)</enum><header>Railroad Retirement Tax Act</header><paragraph id="H34F4BFC33DB1405D86251F0C2D3EFF10"><enum>(1)</enum><header>Employee contribution</header><text display-inline="yes-display-inline">Section 3201 of such Code is amended—</text><subparagraph id="H4DDF677573A8488992A7988ABFB760E4"><enum>(A)</enum><text>by redesignating subsection (c) as subsection (d); and</text></subparagraph><subparagraph id="HC71B06D52C054FC292B24CAE4DEB6CD4"><enum>(B)</enum><text>by inserting after subsection (b) the following:</text><quoted-block style="OLC" display-inline="no-display-inline" id="HD72A350EF64A402FB13B5E9B498D6CFC"><subsection id="H8D8C016FE89C4DC5B55FE6DEA54188A6"><enum>(c)</enum><header>Family and Medical Leave insurance</header><paragraph id="H67E56083FBAE4D658242B0F98D06DFC9"><enum>(1)</enum><header>In general</header><text>In addition to other taxes, there is hereby imposed on the income of each employee a tax equal to the applicable percentage of the compensation received during any calendar year by such employee for services rendered by such employee.</text></paragraph><paragraph id="H7FE969DA84834627A79715850DFF9068"><enum>(2)</enum><header>Applicable percentage</header><text display-inline="yes-display-inline">For purposes of paragraph (1), the term <term>applicable percentage</term> means 0.2 percent in the case of compensation received in any calendar year.</text></paragraph></subsection><after-quoted-block>.</after-quoted-block></quoted-block></subparagraph></paragraph><paragraph id="H2AC66C4B56DA4AEBBA2C20E2FAB80CE4"><enum>(2)</enum><header>Employee representative contribution</header><text display-inline="yes-display-inline">Section 3211 of such Code is amended—</text><subparagraph id="H03941BA976A641C48ED0303ECAFC042A"><enum>(A)</enum><text>by redesignating subsection (c) as subsection (d); and</text></subparagraph><subparagraph id="HDDA71E496E614D16BAA545C8A535E427"><enum>(B)</enum><text>by inserting after subsection (b) the following:</text><quoted-block style="OLC" display-inline="no-display-inline" id="H6667BA6A58FC4DB9AEB73F39574F66B4"><subsection id="H5D046B95994F42FD8A8954C3882A62C8"><enum>(c)</enum><header>Family and Medical Leave insurance</header><paragraph id="H942D67F2F59F46F0BEF7846B88FFD49E"><enum>(1)</enum><header>In general</header><text>In addition to other taxes, there is hereby imposed on the income of each employee representative a tax equal to the applicable percentage of the compensation received during any calendar year by such employee representative for services rendered by such employee representative.</text></paragraph><paragraph id="H6AE35F8BE67B497FB1D2CC488A645B7E"><enum>(2)</enum><header>Applicable percentage</header><text display-inline="yes-display-inline">For purposes of paragraph (1), the term <term>applicable percentage</term> means 0.2 percent in the case of compensation received in any calendar year.</text></paragraph></subsection><after-quoted-block>.</after-quoted-block></quoted-block></subparagraph></paragraph><paragraph id="HDA10769EACA947888801B8C34A79521C"><enum>(3)</enum><header>Employer contribution</header><text display-inline="yes-display-inline">Section 3221 of such Code is amended—</text><subparagraph id="H5F3E3424BF12473DB1AF6BAC63A937FE"><enum>(A)</enum><text display-inline="yes-display-inline">by redesignating subsection (c) as subsection (d); and</text></subparagraph><subparagraph id="H286C8AC6DB4748FD86E5F7DDB2D83784"><enum>(B)</enum><text>by inserting after subsection (b) the following:</text><quoted-block style="OLC" display-inline="no-display-inline" id="H459191C354014D8AB4FE33727B08C29C"><subsection id="H60A0CA4FDD01486F8015426D1FBAB9DB"><enum>(c)</enum><header>Family and Medical Leave insurance</header><paragraph id="HD2ECFFE931874415B4C076E54E8A512C"><enum>(1)</enum><header>In general</header><text>In addition to other taxes, there is hereby imposed on every employer an excise tax, with respect to having individuals in his employ, equal to the applicable percentage of the compensation paid during any calendar year by such employer for services rendered to such employer.</text></paragraph><paragraph id="H7B3DA7590F3645FAA1ECF5638408290B"><enum>(2)</enum><header>Applicable percentage</header><text display-inline="yes-display-inline">For purposes of paragraph (1), the term <term>applicable percentage</term> means 0.2 percent in the case of compensation paid in any calendar year.</text></paragraph></subsection><after-quoted-block>.</after-quoted-block></quoted-block></subparagraph></paragraph></subsection><subsection commented="no" id="HAC723EEC518A4CE39BD6BC935E3E7A42"><enum>(c)</enum><header>Conforming amendments</header><paragraph commented="no" id="H4C5E99BB71534924925351051377A3F5"><enum>(1)</enum><text display-inline="yes-display-inline"><external-xref legal-doc="usc" parsable-cite="usc/26/6413">Section 6413(c)</external-xref> of the Internal Revenue Code of 1986 is amended—</text><subparagraph commented="no" display-inline="no-display-inline" id="HDD67F92A88A5453686299846B16A4AF9"><enum>(A)</enum><text>in paragraph (1)—</text><clause commented="no" id="H2EA753F0B3C84158BD5318C618E2060F"><enum>(i)</enum><text>by inserting <quote>, section 3101(c),</quote> after <quote>by section 3101(a)</quote>; and</text></clause><clause commented="no" id="H3F47C996F65F4EF7928676FA497D461A"><enum>(ii)</enum><text>by striking <quote>both</quote> and inserting <quote>each</quote>; and</text></clause></subparagraph><subparagraph commented="no" id="HF7C652600FD144328D23F3350D34F347"><enum>(B)</enum><text display-inline="yes-display-inline">in paragraph (2), by inserting <quote>or 3101(c)</quote> after <quote>3101(a)</quote> each place it appears.</text></subparagraph></paragraph><paragraph commented="no" id="H79F5C2AD31704607BBB1FBBA23DAA83B"><enum>(2)</enum><text>Section 15(a) of the Railroad Retirement Act of 1974 (<external-xref legal-doc="usc" parsable-cite="usc/45/231n">45 U.S.C. 231n(a)</external-xref>) is amended by inserting <quote>(other than sections 3201(c), 3211(c), and 3221(c))</quote> before the period at the end.</text></paragraph></subsection><subsection id="H03405F53ED1545288707F1880BED5126"><enum>(d)</enum><header>Effective date</header><text>The amendments made by this section shall take effect 120 days after the date of the enactment of this Act.</text></subsection></section><section display-inline="no-display-inline" section-type="subsequent-section" id="H5AC0CBC3996C463FAE9999D4187F1C62"><enum>7.</enum><header>Regulations</header><text display-inline="no-display-inline">The Commissioner, in consultation with the Secretary of Labor, shall prescribe regulations necessary to carry out this Act. In developing such regulations, the Commissioner shall consider the input from a volunteer advisory body comprised of not more than 15 individuals, including experts in the relevant subject matter and officials charged with implementing State paid family and medical leave insurance programs. The Commissioner shall take such programs into account when proposing regulations. Such individuals shall be appointed as follows:</text><paragraph id="HD3850A5F6A5A4115AD18EE11E6B4B97B"><enum>(1)</enum><text>Five individuals to be appointed by the President.</text></paragraph><paragraph id="HCF8D907E0F2946F0AEC1D81506D048F6"><enum>(2)</enum><text display-inline="yes-display-inline">Three individuals to be appointed by the majority leader of the Senate.</text></paragraph><paragraph id="HBC3CD547B3D5476884C789395EADF93D"><enum>(3)</enum><text display-inline="yes-display-inline">Two individuals to be appointed by the minority leader of the Senate.</text></paragraph><paragraph id="H80B0D9CD80E84F51A38A912A7ABF4738"><enum>(4)</enum><text display-inline="yes-display-inline">Three individuals to be appointed by the Speaker of the House of Representatives.</text></paragraph><paragraph id="H5362BCC879CA473AA5BB4B14CF1FE6B5"><enum>(5)</enum><text display-inline="yes-display-inline">Two individuals to be appointed by the minority leader of the House of Representatives.</text></paragraph></section><section id="H37DFC7D20F5F480F9084AF65EECF0EBC"><enum>8.</enum><header>GAO Study</header><text display-inline="no-display-inline">As soon as practicable after calendar year 2024, the Comptroller General shall submit to Congress a report on family and medical leave insurance benefits paid under section 4 for any month during the 1-year period beginning on January 1, 2024. The report shall include the following:</text><paragraph id="HDFA6049CB46143F68597645A3BCEA352"><enum>(1)</enum><text display-inline="yes-display-inline">An identification of the total number of applications for such benefits filed for any month during such 1-year period, and the average number of days occurring in the period beginning on the date on which such an application is received and ending on the date on which the initial determination of eligibility with respect to the application is made.</text></paragraph><paragraph id="H873C9697C5CB46ECA6CCC9400D0CFA30"><enum>(2)</enum><text display-inline="yes-display-inline">An identification of the total number of requests for review of an initial adverse determination of eligibility for such benefits made during such 1-year period, and the average number of days occurring in the period beginning on the date on which such review is requested and ending on the date on which the final determination of eligibility with respect to such review is made.</text></paragraph><paragraph id="HD387A05C17924D57B35DF69F2C3A3289"><enum>(3)</enum><text display-inline="yes-display-inline">An identification of the total number of monthly benefit claim reports for such benefits filed during such 1-year period, and the average number of days occurring in the period beginning on the date on which such a claim report is received and ending on the date on which the initial determination of eligibility with respect to the claim report is made.</text></paragraph><paragraph id="H4C9D43C03E5449128083FA2CA00901F6"><enum>(4)</enum><text display-inline="yes-display-inline">An identification of the total number of requests for review of an initial adverse determination relating to a monthly benefit claim report for such benefits made during such 1-year period, and the average number of days occurring in the period beginning on the date on which such review is requested and ending on the date on which the final determination of eligibility with respect to such review is made.</text></paragraph><paragraph id="H5E035CB6AA10494BBAF8C89C8E17009A"><enum>(5)</enum><text>An identification of any excessive delay in any of the periods described in paragraphs (1) through (4), and a description of the causes for such delay.</text></paragraph></section></legis-body></bill> 

