<?xml version="1.0"?>
<?xml-stylesheet type="text/xsl" href="billres.xsl"?>
<!DOCTYPE bill PUBLIC "-//US Congress//DTDs/bill.dtd//EN" "bill.dtd">
<bill bill-type="olc" bill-stage="Introduced-in-Senate" dms-id="A1" public-private="public" slc-id="S1-BAI21094-F6J-CJ-7Y5"><metadata xmlns:dc="http://purl.org/dc/elements/1.1/">
<dublinCore>
<dc:title>117 S467 IS: Effective Suicide Screening and Assessment in the Emergency Department Act of 2021</dc:title>
<dc:publisher>U.S. Senate</dc:publisher>
<dc:date>2021-02-25</dc:date>
<dc:format>text/xml</dc:format>
<dc:language>EN</dc:language>
<dc:rights>Pursuant to Title 17 Section 105 of the United States Code, this file is not subject to copyright protection and is in the public domain.</dc:rights>
</dublinCore>
</metadata>
<form>
<distribution-code display="yes">II</distribution-code><congress>117th CONGRESS</congress><session>1st Session</session><legis-num>S. 467</legis-num><current-chamber>IN THE SENATE OF THE UNITED STATES</current-chamber><action><action-date date="20210225">February 25, 2021</action-date><action-desc><sponsor name-id="S288">Ms. Murkowski</sponsor> (for herself and <cosponsor name-id="S363">Mr. King</cosponsor>) introduced the following bill; which was read twice and referred to the <committee-name committee-id="SSHR00">Committee on Health, Education, Labor, and Pensions</committee-name></action-desc></action><legis-type>A BILL</legis-type><official-title>To amend the Public Health Service Act to establish a program to improve the identification, assessment, and treatment of patients in hospital emergency departments who are at risk of suicide, and for other purposes. </official-title></form><legis-body style="OLC" display-enacting-clause="yes-display-enacting-clause" id="H29DE63E47CF34DCDA961B593B4D88A49"><section section-type="section-one" id="H7CB8D15974F1439782F2B7096241C88A"><enum>1.</enum><header>Short title</header><text display-inline="no-display-inline">This Act may be cited as the <quote><short-title>Effective Suicide Screening and Assessment in the Emergency Department Act of 2021</short-title></quote>.</text></section><section id="H4F414EBDFFB14D08B394D00AD7BF764F"><enum>2.</enum><header>Program to improve the care provided to patients in the emergency department who are at risk of suicide</header><text display-inline="no-display-inline">Part P of title III of the Public Health Service Act (<external-xref legal-doc="usc" parsable-cite="usc/42/280g">42 U.S.C. 280g</external-xref> et seq.) is amended by adding at the end the following new section:</text><quoted-block style="OLC" display-inline="no-display-inline" id="H9A6D42ACBCA645A69D8BD2F249B62CD2"><section id="HDD3EA9D0655E4BC490792A6F7DC36579"><enum>399V–7.</enum><header>Program to improve the care provided to patients in the emergency department who are at risk of suicide</header><subsection id="HC5949EA781F24C759F7CB7367AB2F539"><enum>(a)</enum><header>In general</header><text display-inline="yes-display-inline">The Secretary shall establish a program (in this Act referred to as the <quote>Program</quote>) to improve the identification, assessment, and treatment of patients in emergency departments who are at risk for suicide, including by—</text><paragraph id="H0E1ADC5AAF654FAABF33CB8446C04F91"><enum>(1)</enum><text>developing policies and procedures for identifying and assessing individuals who are at risk of suicide; and</text></paragraph><paragraph id="HDC697A96BBB748B4B93185BB3984705F"><enum>(2)</enum><text>enhancing the coordination of care for such individuals after discharge.</text></paragraph></subsection><subsection id="H996CA6DF7DAD4E228D9307B14A232657"><enum>(b)</enum><header>Grant establishment and participation</header><paragraph id="H285F20F5076A46CABA25CE56E38484E0"><enum>(1)</enum><header>In general</header><text>In carrying out the Program, the Secretary shall award grants on a competitive basis to not more than 40 eligible health care sites described in paragraph (2).</text></paragraph><paragraph id="HDF90979C627744D0A31E894C521D2BD8"><enum>(2)</enum><header>Eligibility</header><text>To be eligible for a grant under this section, a health care site shall—</text><subparagraph id="HD314214E3A704D5EB1A3C2151E4E5D49"><enum>(A)</enum><text>submit an application to the Secretary at such time, in such manner, and containing such information as the Secretary may specify;</text></subparagraph><subparagraph id="HE72A239BC8C448628B5D4DE2C75CE6FE"><enum>(B)</enum><text display-inline="yes-display-inline">be a hospital (as defined in section 1861(e) of the Social Security Act);</text></subparagraph><subparagraph id="H25BCCD3EFBA6477FA8CEFD7BE01BD384"><enum>(C)</enum><text>have an emergency department; and</text></subparagraph><subparagraph id="H7E021622305F42A29E365B602315F54E"><enum>(D)</enum><text>deploy onsite health care or social service professionals to help connect and integrate patients who are at risk of suicide with treatment and mental health support services.</text></subparagraph></paragraph><paragraph id="H76EFC94677674238B452C8FD7E0BAF68"><enum>(3)</enum><header>Preference</header><text>In awarding grants under this section, the Secretary may give preference to eligible health care sites described in paragraph (2) that meet at least one of the following criteria:</text><subparagraph id="H78ECE35798464AFFBCE1B1767F87945B"><enum>(A)</enum><text>The eligible health care site is a critical access hospital (as defined in section 1861(mm)(1) of the Social Security Act).</text></subparagraph><subparagraph id="H2762CB8A268F4F1BA2C6244AAFB8971D"><enum>(B)</enum><text display-inline="yes-display-inline">The eligible health care site is a sole community hospital (as defined in section 1886(d)(5)(D)(iii) of the Social Security Act).</text></subparagraph><subparagraph id="HDD8D0E938C73425BB8419993DAD43592"><enum>(C)</enum><text display-inline="yes-display-inline">The eligible health care site is operated by the Indian Health Service, by an Indian Tribe or Tribal organization (as such terms are defined in section 4 of the Indian Self-Determination and Education Assistance Act), or by an urban Indian organization (as defined in section 4 of the Indian Health Care Improvement Act).</text></subparagraph><subparagraph id="H082BFD49C466416B8AD1C1820EE5E491"><enum>(D)</enum><text>The eligible health care site is located in a geographic area with a suicide rate that is higher than the national rate, as determined by the Secretary based on the most recent data from the Centers for Disease Control and Prevention.</text></subparagraph></paragraph></subsection><subsection id="H688680C852F74C7BB6BC95B877C4EE7F"><enum>(c)</enum><header>Period of grant</header><text>A grant awarded to an eligible health care site under this section shall be for a period of at least 2 years.</text></subsection><subsection id="H4A2B1943C87E4F2FB9FC943D6C08F2FB"><enum>(d)</enum><header>Grant uses</header><paragraph id="HA32597087A9E4B618E87747DA0BFF410"><enum>(1)</enum><header>Required uses</header><text>A grant awarded under this section to an eligible health care site shall be used for the following purposes:</text><subparagraph id="HBBED0B140FDD468D8F08EC599DE250F9"><enum>(A)</enum><text>To train emergency department health care professionals to identify, assess, and treat patients who are at risk of suicide.</text></subparagraph><subparagraph id="HF221A45B18CE4EF7887931FAA7C9A785"><enum>(B)</enum><text>To establish and implement policies and procedures for emergency departments to improve the identification, assessment, and treatment of individuals who are at risk of suicide.</text></subparagraph><subparagraph id="H98865BBE3E2242C2A4AE00884764B8B5"><enum>(C)</enum><text>To establish and implement policies and procedures with respect to care coordination, integrated care models, or referral to evidence-based treatment to be used upon the discharge from the emergency department of patients who are at risk of suicide.</text></subparagraph></paragraph><paragraph id="H3E140FF3FD6A46428CF5C99CD6F22433"><enum>(2)</enum><header>Additional permissible uses</header><text>In addition to the required uses listed in paragraph (1), a grant awarded under this section to an eligible health care site may be used for any of the following purposes:</text><subparagraph id="HDFFFF6B064AB4681BDFE9EA272B507CA"><enum>(A)</enum><text>To hire emergency department psychiatrists, psychologists, nurse practitioners, counselors, therapists, or other licensed health care and behavioral health professionals specializing in the treatment of individuals at risk of suicide.</text></subparagraph><subparagraph id="H874E7022FEC14B01B1A7AF0F991737DB"><enum>(B)</enum><text>To develop and implement best practices for the follow-up care and long-term treatment of individuals who are at risk of suicide.</text></subparagraph><subparagraph id="H050D1C60F3004588A8D484DBB8B8543D"><enum>(C)</enum><text>To increase the availability of, and access to, evidence-based treatment for individuals who are at risk of suicide, including through telehealth services and strategies to reduce the boarding of these patients in emergency departments.</text></subparagraph><subparagraph id="HF434597529AF42988FFBFB0C99CDB09A"><enum>(D)</enum><text>To offer consultation with and referral to other supportive services that provide evidence-based treatment and recovery for individuals who are at risk of suicide.</text></subparagraph></paragraph></subsection><subsection id="HAC12D1DA214D403AA8C32E81CC3D45CB"><enum>(e)</enum><header>Reporting requirements</header><paragraph id="H8D902D672F89476680C55EBC4D015CA3"><enum>(1)</enum><header>Reports by grantees</header><text>Each eligible health care site receiving a grant under this section shall submit to the Secretary an annual report for each year for which the grant is received on the progress of the program funded through the grant. Each such report shall include information on—</text><subparagraph id="H110DDFD0AC954921BCACAA16744E1617"><enum>(A)</enum><text>the number of individuals screened in the site’s emergency department for being at risk of suicide;</text></subparagraph><subparagraph id="H84982582CA104196BEBA0CB8CDFA4CC7"><enum>(B)</enum><text display-inline="yes-display-inline">the number of individuals identified in the site’s emergency department as being—</text><clause id="H740A2A8D8E4E4523BD1D371FDAAE117C"><enum>(i)</enum><text>survivors of an attempted suicide; or</text></clause><clause id="H5CF8886C8CB74B498DE96583BADC70D3"><enum>(ii)</enum><text>are at risk of suicide;</text></clause></subparagraph><subparagraph id="H71A98B8A7C0B4831B5C8986FE3EBE7CB"><enum>(C)</enum><text display-inline="yes-display-inline">the number of individuals who are identified in the site’s emergency department as being at risk of suicide by a health care or behavioral health professional hired pursuant to subsection (d)(2)(A);</text></subparagraph><subparagraph id="H11DF61478B0D4F5A8490541B54325198"><enum>(D)</enum><text>the number of individuals referred by the site’s emergency department to other treatment facilities, the types of such other facilities, and the number of such individuals admitted to such other facilities pursuant to such referrals;</text></subparagraph><subparagraph id="H9C58418352AC44EAA78A8B6910F8B938"><enum>(E)</enum><text>the effectiveness of programs and activities funded through the grant in preventing suicides and suicide attempts; and</text></subparagraph><subparagraph id="H1918688F6368400BBC30E43E3B577EFE"><enum>(F)</enum><text>any other relevant additional data regarding the programs and activities funded through the grant.</text></subparagraph></paragraph><paragraph id="HEFC3F5DF8F424B96A7F13010F31EF26F"><enum>(2)</enum><header>Report by Secretary</header><text>Not later than one year after the end of fiscal year 2026, the Secretary shall submit to Congress a report that includes—</text><subparagraph id="H12D3A7C5314D41618A563B5F49C21F0B"><enum>(A)</enum><text>findings on the Program;</text></subparagraph><subparagraph id="HB6DBB6875A904D39B5261643CF756E60"><enum>(B)</enum><text>overall patient outcomes achieved through the Program;</text></subparagraph><subparagraph id="H074BA62D1DCF4E1095279B86229F9305"><enum>(C)</enum><text>an evaluation of the effectiveness of having a trained health care or behavioral health professional onsite to identify, assess, and treat patients who are at risk of suicide; and</text></subparagraph><subparagraph id="H5D26DD04326C48D18A45CE680DCE34E8"><enum>(D)</enum><text>a compilation of policies, procedures, and best practices established, developed, or implemented by grantees under this section.</text></subparagraph></paragraph></subsection><subsection id="HC0033F19D4604B8284552C73C7DCF6C7"><enum>(f)</enum><header>Authorization of appropriations</header><text>There is authorized to be appropriated to carry out this section $20,000,000 for the period of fiscal years 2022 through 2026.</text></subsection></section><after-quoted-block>.</after-quoted-block></quoted-block></section></legis-body></bill> 

