<?xml version="1.0"?>
<?xml-stylesheet type="text/xsl" href="billres.xsl"?>
<!DOCTYPE bill PUBLIC "-//US Congress//DTDs/bill.dtd//EN" "bill.dtd">
<bill bill-type="olc" bill-stage="Introduced-in-Senate" dms-id="A1" public-private="public" slc-id="S1-ERN21125-R68-XV-DN7"><metadata xmlns:dc="http://purl.org/dc/elements/1.1/">
<dublinCore>
<dc:title>117 S304 IS: End Diaper Need Act of 2021</dc:title>
<dc:publisher>U.S. Senate</dc:publisher>
<dc:date>2021-02-08</dc:date>
<dc:format>text/xml</dc:format>
<dc:language>EN</dc:language>
<dc:rights>Pursuant to Title 17 Section 105 of the United States Code, this file is not subject to copyright protection and is in the public domain.</dc:rights>
</dublinCore>
</metadata>
<form>
<distribution-code display="yes">II</distribution-code><congress>117th CONGRESS</congress><session>1st Session</session><legis-num>S. 304</legis-num><current-chamber>IN THE SENATE OF THE UNITED STATES</current-chamber><action><action-date date="20210208">February 8, 2021</action-date><action-desc><sponsor name-id="S386">Ms. Duckworth</sponsor> (for herself, <cosponsor name-id="S398">Mr. Cramer</cosponsor>, <cosponsor name-id="S309">Mr. Casey</cosponsor>, <cosponsor name-id="S253">Mr. Durbin</cosponsor>, <cosponsor name-id="S331">Mrs. Gillibrand</cosponsor>, and <cosponsor name-id="S394">Ms. Smith</cosponsor>) introduced the following bill; which was read twice and referred to the <committee-name committee-id="SSFI00">Committee on Finance</committee-name></action-desc></action><legis-type>A BILL</legis-type><official-title>To provide targeted funding for States and other eligible entities through the Social Services Block Grant program to address the increased burden that maintaining the health and hygiene of infants and toddlers, medically complex children, and low-income adults or adults with disabilities who rely on adult incontinence materials and supplies place on families in need, the resultant adverse health effects on children and families, and the limited child care options available for infants and toddlers who lack sufficient diapers and diapering supplies, and for other purposes. </official-title></form><legis-body style="OLC" display-enacting-clause="yes-display-enacting-clause" id="HA94A87D89377487391CFE0DF2317811B"><section section-type="section-one" id="H4B3FDEAD4120446289026B59B40C581A"><enum>1.</enum><header>Short title</header><text display-inline="no-display-inline">This Act may be cited as the <quote><short-title>End Diaper Need Act of 2021</short-title></quote>.</text></section><section id="H15B5046053B74BFF967196EB40D982A5"><enum>2.</enum><header>Targeted funding for diaper assistance (including diapering supplies and adult incontinence materials and supplies) through the Social Services Block Grant Program</header><subsection id="idC89E0BA0C19F4DCB908C2C0A17951BC5"><enum>(a)</enum><header>Increase in funding for Social Services Block Grant Program</header><paragraph id="idcdd2d81cfe4945d68b35250ec67d2529"><enum>(1)</enum><header>In general</header><text>The amount specified in subsection (c) of section 2003 of the Social Security Act (<external-xref legal-doc="usc" parsable-cite="usc/42/1397b">42 U.S.C. 1397b</external-xref>) for purposes of subsections (a) and (b) of such section is deemed to be $1,900,000,000 for each of fiscal years 2022 through 2025, of which, the amount equal to $200,000,000, reduced by the amounts reserved under paragraph (2)(B) for each such fiscal year, shall be obligated by States in accordance with subsection (b).</text></paragraph><paragraph id="id93f639833278418a811adc2aa10f914d"><enum>(2)</enum><header>Appropriation</header><subparagraph id="idBD5A580BD29E4A5DAABB689D00CF9FF1"><enum>(A)</enum><header>In general</header><text>Out of any money in the Treasury of the United States not otherwise appropriated, there is appropriated $200,000,000 for each of fiscal years 2022 through 2025, to carry out this section.</text></subparagraph><subparagraph id="id4410D24A3D4F47B3A7C2A85C39A8FFF5"><enum>(B)</enum><header>Reservations</header><clause id="idE32D8D5DB19D41B2B4EACDD756BD849E"><enum>(i)</enum><header>Purposes</header><text>The Secretary shall reserve, from the amount appropriated under subparagraph (A) to carry out this section—</text><subclause id="id44B990C151EA4ECB88124D6264B36C12"><enum>(I)</enum><text>for each of fiscal years 2022 through 2025, not more than 2 percent of the amount appropriated for the fiscal year for purposes of entering into an agreement with a national entity described in subparagraph (C) to assist in providing technical assistance and training, to support effective policy, practice, research, and cross-system collaboration among grantees and subgrantees, and to assist in the administration of the program described in this section; and </text></subclause><subclause id="id8391EF9B3B0840239D0EF499666ECF9B"><enum>(II)</enum><text>for fiscal year 2022, an amount, not to exceed $2,000,000, for purposes of conducting an evaluation under subsection (d).</text></subclause></clause><clause id="idAFB0CD4FCEBF4618960C0EEC9E4E1B2E"><enum>(ii)</enum><header>No State entitlement to reserved funds</header><text>The State entitlement under section 2002(a) of the Social Security Act (<external-xref legal-doc="usc" parsable-cite="usc/42/1397a">42 U.S.C. 1397a(a)</external-xref>) shall not apply to the amounts reserved under clause (i).</text></clause></subparagraph><subparagraph id="id70B7B27411164FBA948E25E25FBFA754"><enum>(C)</enum><header>National entity described</header><text>A national entity described in this subparagraph is a nonprofit organization described in <external-xref legal-doc="usc" parsable-cite="usc/26/501">section 501(c)(3)</external-xref> of the Internal Revenue Code of 1986 and exempt from taxation under section 501(a) of such Code, that—</text><clause id="id8e154d9bce574fd29267e3d8be80a238"><enum>(i)</enum><text>has experience in more than 1 State in the area of—</text><subclause id="id7c12529a794548fca91e6de73cc7c51d"><enum>(I)</enum><text>community distributions of basic need services, including experience collecting, warehousing, and distributing basic necessities such as diapers, food, or menstrual products;</text></subclause><subclause id="id1b0210ac27d94de6b836dae3f1274f95"><enum>(II)</enum><text>child care;</text></subclause><subclause id="id0f9656242bee402fa84007ecf6fbd694"><enum>(III)</enum><text>child development activities in low-income communities; or</text></subclause><subclause id="id33cf5b260e0f4561a343dd2d905c6ea3"><enum>(IV)</enum><text>motherhood, fatherhood, or parent education efforts serving low-income parents of young children;</text></subclause></clause><clause id="idc41a413d529f4d69916ee8dcba07dd01"><enum>(ii)</enum><text>demonstrates competency to implement a project, provide fiscal accountability, collect data, and prepare reports and other necessary documentation; and</text></clause><clause id="id31a07944f96448c78245f4e22ee7aea0"><enum>(iii)</enum><text>demonstrates a willingness to share information with researchers, practitioners, and other interested parties. </text></clause></subparagraph></paragraph></subsection><subsection commented="no" id="idECA1BC508D9243BE891B44A5E8C9CCF1"><enum>(b)</enum><header>Rules governing use of additional funds</header><paragraph commented="no" id="idF7BEB9F84FB34ABB81FBE797F4393516"><enum>(1)</enum><header>In general</header><text>Funds are used in accordance with this subsection if—</text><subparagraph commented="no" id="id5EBCC32F61C640F7A6D0B89572623237"><enum>(A)</enum><text>the State, in consultation with relevant stakeholders, including agencies, professional associations, and nonprofit organizations, distributes the funds to eligible entities to—</text><clause id="id375e7dcda8bb46d4b1ebc7b5aa2b21a1"><enum>(i)</enum><text>decrease the need for diapers and diapering supplies and adult incontinence materials and supplies in low-income families and meet such unmet needs of infants and toddlers, medically complex children, and low-income adults and adults with disabilities in such families through—</text><subclause id="id844161147D7E48BC9F779A1B1654F6D9"><enum>(I)</enum><text>the distribution of free diapers and diapering supplies, medically necessary diapers, and adult incontinence materials and supplies;</text></subclause><subclause id="idecc1f60056364c9c801cfa2ae355651c"><enum>(II)</enum><text>community outreach to assist in participation in existing diaper distribution programs or programs that distribute medically necessary diapers or adult incontinence materials and supplies; or</text></subclause><subclause id="idBF772F321EB14C999FC9BCF74B7576B9"><enum>(III)</enum><text>improving access to diapers and diapering supplies, medically necessary diapers, and adult incontinence materials and supplies; and</text></subclause></clause><clause id="iddc4731e40fbc437792854fd13ff0a0bd"><enum>(ii)</enum><text>increase the ability of communities and low-income families in such communities to provide for the need for diapers and diapering supplies, medically necessary diapers, and adult continence materials and supplies, of infants and toddlers, medically complex children, and low-income adults and adults with disabilities; </text></clause></subparagraph><subparagraph id="H80D853CF27F648BFA841FDD2EF06906B"><enum>(B)</enum><text>the funds are used subject to the limitations in section 2005 of the Social Security Act (<external-xref legal-doc="usc" parsable-cite="usc/42/1397d">42 U.S.C. 1397d</external-xref>);</text></subparagraph><subparagraph id="H4874CC178A494FC1913A64D50EFACF72"><enum>(C)</enum><text display-inline="yes-display-inline">the funds are used to supplement, not supplant, State general revenue funds provided for the purposes described in subparagraph (A); and</text></subparagraph><subparagraph id="H67868B6BA12B454E96E5D79100ADCA0C" commented="no"><enum>(D)</enum><text display-inline="yes-display-inline">the funds are not used for costs that are reimbursable by the Federal Emergency Management Agency, under a contract for insurance, or by self-insurance. </text></subparagraph></paragraph><paragraph commented="no" id="id5ADE3F7643864CAA807D44B80D2F4EF6"><enum>(2)</enum><header>Allowable uses by eligible entities</header><text>An eligible entity receiving funds made available under subsection (a) shall use the funds for any of the following: </text><subparagraph id="id18d052ef2e4b4d90b166cca75362cd35"><enum>(A)</enum><text>To pay for the purchase and distribution of diapers and diapering supplies, medically necessary diapers, and funding diaper (including medically necessary diapers) distribution that serves low-income families with—</text><clause id="id1044f1e8ddb643deb7d0ba42ba89efd2"><enum>(i)</enum><text>1 or more children 3 years of age or younger; or</text></clause><clause id="idf924c592e63f4478b207ab904ba8ed45"><enum>(ii)</enum><text>1 or more medically complex children.</text></clause></subparagraph><subparagraph id="id6e6f8ffa25f84e2ba0f1a86a5b1dc72b"><enum>(B)</enum><text>To pay for the purchase and distribution of adult incontinence materials and supplies and funding distribution of such materials and supplies that serves low-income families with 1 or more low-income adults or adults with disabilities who rely on adult incontinence materials and supplies. </text></subparagraph><subparagraph id="id2c48537605a4401a8df62ccc45087db2"><enum>(C)</enum><text>To integrate activities carried out under subparagraph (A) with other basic needs assistance programs serving eligible children and their families, including the following:</text><clause id="id06bee5ce6d4f48ce9b64c4f84595b0e9"><enum>(i)</enum><text>Programs funded by the temporary assistance for needy families program under part A of title IV of the Social Security Act (<external-xref legal-doc="usc" parsable-cite="usc/42/601">42 U.S.C. 601</external-xref> et seq.), including the State maintenance of effort provisions of such program.</text></clause><clause id="idce702e5abbdf4666a8396c19ea7a8bef"><enum>(ii)</enum><text>Programs designed to support the health of eligible children, such as the Children’s Health Insurance Program under title XXI of the Social Security Act, the Medicaid program under title XIX of such Act, or State funded health care programs.</text></clause><clause id="id0b2a9c66f8634bb0838e4b12ad29bff0"><enum>(iii)</enum><text>Programs funded through the special supplemental nutrition program for women, infants, and children under section 17 of the Child Nutrition Act of 1966.</text></clause><clause id="id99cd878144144b17aa6de9af587991d5"><enum>(iv)</enum><text>Programs that offer early home visiting services, including the maternal, infant, and early childhood home visiting program (including the Tribal home visiting program) under section 511 of the Social Security Act (<external-xref legal-doc="usc" parsable-cite="usc/42/711">42 U.S.C. 711</external-xref>).</text></clause><clause id="id2a3fe16847f046ee9e79642ce45685bd"><enum>(v)</enum><text>Programs to provide improved and affordable access to child care, including programs funded through the Child Care and Development Fund, the temporary assistance for needy families program under part A of title IV of the Social Security Act (<external-xref legal-doc="usc" parsable-cite="usc/42/601">42 U.S.C. 601</external-xref> et seq.), or a State-funded program.</text></clause></subparagraph></paragraph><paragraph id="idb014eda9799c490f8957aa590ed94552"><enum>(3)</enum><header>Availability of funds</header><subparagraph id="idBCA89D00EFBF4877A83E7E25C0CEB949"><enum>(A)</enum><header>Funds distributed to eligible entities</header><text>Funds made available under subsection (a) that are distributed to an eligible entity by a State for a fiscal year may be expended by the eligible entity only in such fiscal year or the succeeding fiscal year.</text></subparagraph><subparagraph id="id304C097E7C3F43C89C2A34C3C8953BB0"><enum>(B)</enum><header>Evaluation</header><text>Funds reserved under subsection (a)(2)(B)(i)(II) to carry out the evaluation under subsection (d) shall be available for expenditure during the 3-year period that begins on the date of enactment of this Act.</text></subparagraph></paragraph><paragraph id="id19585127813C45CCAC866B65B2E69746"><enum>(4)</enum><header>No effect on other programs</header><text>Any assistance or benefits received by a family through funds made available under subsection (a) shall be disregarded for purposes of determining the family’s eligibility for, or amount of, benefits under any other Federal needs-based programs. </text></paragraph></subsection><subsection id="id8476753C9B3341B4B08D99834CD92CFF"><enum>(c)</enum><header>Annual reports</header><text>A State shall include in the annual report required under section 2006 of the Social Security Act (<external-xref legal-doc="usc" parsable-cite="usc/42/1397e">42 U.S.C. 1397e</external-xref>) covering each of fiscal years 2022 through 2025, information detailing how eligible entities, including subgrantees, used funds made available under subsection (a) to distribute diapers and diapering supplies and adult incontinence materials and supplies to families in need. Each such report shall include the following: </text><paragraph id="id4468ec655e7d44f0a4fd07e2a0d940e6"><enum>(1)</enum><text>The number and age of infants, toddlers, medically complex children, and low-income adults and adults with disabilities who received assistance or benefits through such funds.</text></paragraph><paragraph id="iddcf9a4c4eea44fb4837b179e298c892b"><enum>(2)</enum><text>The number of families that have received assistance or benefits through such funds.</text></paragraph><paragraph id="id56E31FB6148A4AF58AD16E98E5F5876B"><enum>(3)</enum><text>The number of diapers, medically necessary diapers, or adult incontinence materials and supplies (such as adult diapers, briefs, protective underwear, pull-ons, pull-ups, liners, shields, guards, pads, undergarments), and the number of each type of diapering or adult incontinence supply, distributed through the use of such funds.</text></paragraph><paragraph id="idED611D5A22404F6A8F9E182C0577AA74"><enum>(4)</enum><text>The ZIP Code or ZIP Codes where the eligible entity (or subgrantee) distributed diapers and diapering supplies and adult incontinence materials and supplies. </text></paragraph><paragraph id="id48F74F8E14D44584AD286F9A62670F1F"><enum>(5)</enum><text>The method or methods the eligible entity (or subgrantee) uses to distribute diapers and diapering supplies and, adult incontinence materials and supplies.</text></paragraph><paragraph id="id24c6e3277f454c899be0ca2f3102b9e4"><enum>(6)</enum><text>Such other information as the Secretary may specify. </text></paragraph></subsection><subsection id="id5AEA54324DED4BC6BF79E2D17D441A59"><enum>(d)</enum><header>Evaluation</header><text>The Secretary, in consultation with States, the national entity described in subsection (a)(2)(C), and eligible entities receiving funds made available under this section, shall— </text><paragraph id="idC13E87C4EF9541A39047F0B0F551FCEB"><enum>(1)</enum><text>not later than 2 years after the date of enactment of this Act—</text><subparagraph id="idf4f821aebd65405097b338f08e2bd0ec"><enum>(A)</enum><text>complete an evaluation of the effectiveness of the assistance program carried out pursuant to this section, such as the effect of activities carried out under this Act on mitigating the health and developmental risks of unmet diaper need among infants, toddlers, medically complex children, and other family members in low-income families, including the risks of diaper dermatitis, urinary tract infections, and parental and child depression and anxiety;</text></subparagraph><subparagraph id="id2FA71ECD60484A6BBE36E0A3896CF764"><enum>(B)</enum><text>submit to the relevant congressional committees a report on the results of such evaluation; and</text></subparagraph><subparagraph id="id7EB6936272204EBF868809F14B2F2A55"><enum>(C)</enum><text>publish the results of the evaluation on the internet website of the Department of Health and Human Services;</text></subparagraph></paragraph><paragraph id="idF3C8474844534A8BB71B8F758302E4B7"><enum>(2)</enum><text>not later than 3 years after the date of enactment of this Act, update the evaluation required by paragraph (1)(A); and</text></paragraph><paragraph id="id3DF1E1F7E24041169D159BEE36A8937A"><enum>(3)</enum><text>not later than 90 days after completion of the updated evaluation under paragraph (2)—</text><subparagraph id="id46769D07130649EBBADA6921AEB8AE8E"><enum>(A)</enum><text>submit to the relevant congressional committees a report describing the results of such updated evaluation; and</text></subparagraph><subparagraph id="id7FD62F734F024A40AF5593A1CFFE242E"><enum>(B)</enum><text>publish the results of such evaluation on the internet website of the Department of Health and Human Services. </text></subparagraph></paragraph></subsection><subsection id="id3aeabb27f0044644a4fb9e5ee6febf0b"><enum>(e)</enum><header>Guidance</header><text>Not later than 180 days after enactment of this Act, the Secretary shall issue guidance regarding how the provisions of this section should be carried out, including information regarding eligible entities, allowable use of funds, and reporting requirements. </text></subsection><subsection id="id87EF6BC818714C168452271579907558"><enum>(f)</enum><header>Definitions</header><text>In this section:</text><paragraph id="id46c40ab484e54d2bbf89a8edb5a26e71"><enum>(1)</enum><header>Adult incontinence materials and supplies</header><text>The term <term>adult incontinence materials and supplies</term> means those supplies that are used to assist low-income adults or adults with disabilities and includes adult diapers, briefs, protective underwear, pull-ons, pull-ups, liners, shields, guards, pads, undergarments, disposable wipes, over-the-counter adult diaper rash cream products, intermittent catheterization, indwelling catheters, condom catheters, urinary drainage bags, external collection devices, wearable urinals, and penile clamps. </text></paragraph><paragraph id="ida74108911cc3404ab98bf006769864aa"><enum>(2)</enum><header>Adults with disabilities</header><text>The term <term>adults with disabilities</term> means individuals who—</text><subparagraph id="id2faa678f9c444f34ac722f43c8ca0b2d"><enum>(A)</enum><text>have attained age 18; and</text></subparagraph><subparagraph id="id7e96c501e91845a2a02ac4833943133f" commented="no" display-inline="no-display-inline"><enum>(B)</enum><text>have a disability (as such term is defined, with respect to an individual, in section 3 of the Americans with Disabilities Act of 1990 (<external-xref legal-doc="usc" parsable-cite="usc/42/12102">42 U.S.C. 12102</external-xref>)). </text></subparagraph></paragraph><paragraph id="id8964490056AD4C2E92EBC39D7338D260"><enum>(3)</enum><header>Diaper</header><text>The term <term>diaper</term> means an absorbent garment that—</text><subparagraph id="id01969738EB00474390D7426C201A75CD"><enum>(A)</enum><text>is washable or disposable that may be worn by an infant or toddler who is not toilet-trained; and</text></subparagraph><subparagraph id="idDD5E0B6097EA422D8CEBB139235235E9"><enum>(B)</enum><text>if disposable—</text><clause id="id43BD0CA226BB4B01825627405BC4DB06"><enum>(i)</enum><text>does not use any latex or common allergens; and</text></clause><clause id="id8BE9C17E49E24AF7B63FAE4330DFCCA9"><enum>(ii)</enum><text>meets or exceeds the quality standards for diapers commercially available through retail sale in the following categories:</text><subclause id="id7E9B8D25A58C435A805412C112018D8D"><enum>(I)</enum><text>Absorbency (with acceptable rates for first and second wetting).</text></subclause><subclause id="id952BBDA8AE13451894D5868CFEECDF76"><enum>(II)</enum><text>Waterproof outer cover.</text></subclause><subclause id="idA2123BE7766343A38624A681021F14C8"><enum>(III)</enum><text>Flexible leg openings.</text></subclause><subclause id="idEA9397BD03374CF79E7AAACEEE8A3782"><enum>(IV)</enum><text>Refastening closures.</text></subclause></clause></subparagraph></paragraph><paragraph id="idB98627FAF63B462396B280EB70D57DC8"><enum>(4)</enum><header>Diapering supplies</header><text>The term <term>diapering supplies</term> means items, including diaper wipes and diaper cream, necessary to ensure that—</text><subparagraph id="id2BE71E852B854DCCA95DB1EDB2ED5710"><enum>(A)</enum><text>an eligible child using a diaper is properly cleaned and protected from diaper rash; or </text></subparagraph><subparagraph id="id9B2352648B2340BCBD14931D79D2EFE6"><enum>(B)</enum><text>a medically complex child who uses a medically necessary diaper is properly cleaned and protected from diaper rash.</text></subparagraph></paragraph><paragraph id="idDB7D41234B75436C8CF05BE5FF8A3641"><enum>(5)</enum><header>Eligible child</header><text>The term <term>eligible child</term> means a child who—</text><subparagraph id="id0224DC32FD214DC7932707F7C8AEA0AF"><enum>(A)</enum><text>has not attained 4 years of age; and</text></subparagraph><subparagraph id="id43E98F27C1814C28A8FF31AC448A1CC1"><enum>(B)</enum><text>is a member of a low-income family.</text></subparagraph></paragraph><paragraph id="ide4880a92b140415fb1a72160057c2185"><enum>(6)</enum><header>Eligible entities</header><text>The term <term>eligible entity</term> means a State or local governmental entity, an Indian tribe or tribal organization (as defined in section 4 of the Indian Self-Determination and Education Assistance Act), or a nonprofit organization described in <external-xref legal-doc="usc" parsable-cite="usc/26/501">section 501(c)(3)</external-xref> of the Internal Revenue Code of 1986 and exempt from taxation under section 501(a) of such Code that—</text><subparagraph id="id565eed22d2334580b0f9043ba96e8309"><enum>(A)</enum><text>has experience in the area of—</text><clause id="idd1e1ddf5ed5a4057a4e67c9b327fc9df"><enum>(i)</enum><text>community distributions of basic need services, including experience collecting, warehousing, and distributing basic necessities such as diapers, food, or menstrual products;</text></clause><clause id="ide02f60f3166f489f895b739b5d4e772e"><enum>(ii)</enum><text>child care;</text></clause><clause id="idd54b47e6dac845aea1773f171d4d4a85"><enum>(iii)</enum><text>child development activities in low-income communities; or</text></clause><clause id="idcf4fa5e0d9dc4963afa81a2e7950ca1f"><enum>(iv)</enum><text>motherhood, fatherhood, or parent education efforts serving low-income parents of young children;</text></clause></subparagraph><subparagraph id="idaaaf87f507ee4c51bb2b8420d9a33845"><enum>(B)</enum><text>demonstrates competency to implement a project, provide fiscal accountability, collect data, and prepare reports and other necessary documentation; and</text></subparagraph><subparagraph id="ida67243b18d624a00a26c2e009fb51c15" commented="no" display-inline="no-display-inline"><enum>(C)</enum><text>demonstrates a willingness to share information with researchers, practitioners, and other interested parties. </text></subparagraph></paragraph><paragraph id="id2CC50E3A108D48238AAB773E6A807206"><enum>(7)</enum><header>Federal poverty line</header><text>The term <term>Federal poverty line</term> means the Federal poverty line as defined by the Office of Management and Budget and revised annually in accordance with section 673(2) of the Omnibus Budget Reconciliation Act of 1981 applicable to a family of the size involved.</text></paragraph><paragraph id="id53463B971D764C5389D7C82D9E07C7C3"><enum>(8)</enum><header>Low-income</header><text>The term <term>low-income</term>, with respect to a family, means a family whose self-certified income is not more than 200 percent of the Federal poverty line. </text></paragraph><paragraph id="idb226fb896e444f7c9d2041557f6efca7"><enum>(9)</enum><header>Medically complex child</header><text>The term <term>medically complex child</term> means an individual who has attained age 3 and for whom a licensed health care provider has provided a diagnosis of bowel or bladder incontinence, a bowel or bladder condition that causes excess urine or stool (such as short gut syndrome or diabetes insipidus), or a severe skin condition that causes skin erosions (such as epidermolysis bullosa).</text></paragraph><paragraph id="id0f37056a5a174585857eb3ab35cdc63f"><enum>(10)</enum><header>Medically necessary diaper</header><text>The term <term>medically necessary diaper</term> means an absorbent garment that is—</text><subparagraph id="id07f6f13cbfb94e67b434e6622c5ed7d1"><enum>(A)</enum><text>washable or disposable;</text></subparagraph><subparagraph id="id9922dd6f83e14de3ac49cd2046cd7fe1"><enum>(B)</enum><text>worn by a medically complex child who has been diagnosed with bowel or bladder incontinence, a bowel or bladder condition that causes excess urine or stool (such as short gut syndrome or diabetes insipidus), or a severe skin condition that causes skin erosions (such as epidermolysis bullosa) and needs such garment to correct or ameliorate such condition; and</text></subparagraph><subparagraph id="id754ac15a4c5c42209f0a1aa8faf6be41"><enum>(C)</enum><text>if disposable—</text><clause id="id4b1ed4e71917488fb7d28cb70978c2a0"><enum>(i)</enum><text>does not use any latex or common allergens; and</text></clause><clause id="idf7526cea4f0847c9ae2417c7ee44d10f"><enum>(ii)</enum><text>meets or exceeds the quality standards for diapers commercially available through retail sale in the following categories:</text><subclause id="id5efaa6541c6d4efab57020ecb0ad4c42"><enum>(I)</enum><text>Absorbency (with acceptable rates for first and second wetting).</text></subclause><subclause id="id60adc6b42ab941dfbcf3eea5d311c80d"><enum>(II)</enum><text>Waterproof outer cover.</text></subclause><subclause id="id428554c7e0a541a89eca564009f0dd9c"><enum>(III)</enum><text>Flexible leg openings.</text></subclause><subclause id="id5a6b761328f94338a61195e4e6598aa2"><enum>(IV)</enum><text>Refastening closures.</text></subclause></clause></subparagraph></paragraph></subsection><subsection id="idE01C778D4DF44ABCB124AB8F3D77F8D4"><enum>(g)</enum><header>Exemption of program from sequestration</header><paragraph id="id902ab5390d7e4c8faf30606e2cb4632f"><enum>(1)</enum><header>In general</header><text>Section 255(h) of the Balanced Budget and Emergency Deficit Control Act of 1985 (<external-xref legal-doc="usc" parsable-cite="usc/2/905">2 U.S.C. 905(h)</external-xref>) is amended by inserting after <quote>Supplemental Security Income Program (28–0406–0–1–609).</quote> the following: </text><quoted-block style="OLC" display-inline="no-display-inline" id="id763f1f5721f648719d1a06cf0cf98ac7"><paragraph id="id7a4b20761c9845399ed54d32c568fade"><enum/><text>Targeted funding for States for diaper assistance (including diapering supplies and adult incontinence materials and supplies) through the Social Services Block Grant Program.</text></paragraph><after-quoted-block>.</after-quoted-block></quoted-block></paragraph><paragraph id="idd8735824ee3f41069d5a76686a77847c" commented="no" display-inline="no-display-inline"><enum>(2)</enum><header>Applicability</header><text>The amendment made by this subsection shall apply to any sequestration order issued under the Balanced Budget and Emergency Deficit Control Act of 1985 (<external-xref legal-doc="usc" parsable-cite="usc/2/900">2 U.S.C. 900</external-xref> et seq.) on or after the date of enactment of this Act. </text></paragraph></subsection></section><section commented="no" id="H20086D2BFCE241B292E8AB2058E590F2"><enum>3.</enum><header>Improving access to diapers for medically complex children</header><text display-inline="no-display-inline">Section 1915(c) of the Social Security Act (<external-xref legal-doc="usc" parsable-cite="usc/42/1396n">42 U.S.C. 1396n(c)</external-xref>) is amended by adding at the end the following new paragraph:</text><quoted-block style="OLC" display-inline="no-display-inline" id="H780A11921F184B2CB8FCC51D139A7D5D"><paragraph id="H14D93D24048C4ABFB1B7D805B8E1148D" indent="up1"><enum>(11)</enum><subparagraph commented="no" display-inline="yes-display-inline" id="H9EDF24D551EF443CBD033EAB433669EB"><enum>(A)</enum><text display-inline="yes-display-inline">In the case of any waiver under this subsection that provides medical assistance to a medically complex child who has been diagnosed with bowel or bladder incontinence, a bowel or bladder condition that causes excess urine or stool (such as short gut syndrome or diabetes insipidus), or a severe skin condition that causes skin erosions (such as epidermolysis bullosa), such medical assistance shall include, for the duration of the waiver, the provision of 200 medically necessary diapers per month and diapering supplies. Such medical assistance may include the provision of medically necessary diapers in amounts greater than 200 if a licensed health care provider (such as a physician, nurse practitioner, or physician assistant) specifies that such greater amounts are necessary for such medically complex child.</text></subparagraph><subparagraph id="H8112BE31F4684C2EB0C168E1FE5CF2D1" indent="up1"><enum>(B)</enum><text>For purposes of this paragraph:</text><clause id="HF5F923A275864E0D8D705C6C96BDDD9E"><enum>(i)</enum><text>The term <term>medically complex child</term> means an individual who has attained age 3 and for whom a licensed health care provider has provided a diagnosis of 1 or more significant chronic conditions.</text></clause><clause id="H8F4E1E07E07E45FAA59521A041C94F91"><enum>(ii)</enum><text display-inline="yes-display-inline">The term <term>medically necessary diaper</term> means an absorbent garment that is—</text><subclause id="HBC51BC384B6C47C4866DA0AB1BF059E3"><enum>(I)</enum><text>washable or disposable;</text></subclause><subclause id="H94FCC611FB0C47D1ACF52EAB2A787C2D"><enum>(II)</enum><text>worn by a medically complex child who has been diagnosed with a condition described in subparagraph (A) and needs such garment to correct or ameliorate such condition; and</text></subclause><subclause id="idF664857819CB4EB591385A2B923161E3"><enum>(III)</enum><text>if disposable—</text><item id="id04C91C96982749EBA76C62BCAD6C2999"><enum>(aa)</enum><text>does not use any latex or common allergens; and</text></item><item id="id1A2971CD67004A4D94E033C6D2A13C93"><enum>(bb)</enum><text>meets or exceeds the quality standards for diapers commercially available through retail sale in the following categories:</text><subitem id="id8C80FFFEA54542C99C8D708BCB196C9C"><enum>(AA)</enum><text>Absorbency (with acceptable rates for first and second wetting).</text></subitem><subitem id="id9E6C6C072A7349379951FC3E41D2D02A"><enum>(BB)</enum><text>Waterproof outer cover.</text></subitem><subitem id="idD3879E3D7D9442AAB0FD355FED2FA903"><enum>(CC)</enum><text>Flexible leg openings.</text></subitem><subitem id="idDBBA22FC43C44BD187A9C92262A8F4F9"><enum>(DD)</enum><text>Refastening closures.</text></subitem></item></subclause></clause><clause id="H017FC33947E543ABBA6E616F6944071C"><enum>(iii)</enum><text display-inline="yes-display-inline">The term <term>diapering supplies</term> means items, including diaper wipes and diaper creams, necessary to ensure that a medically complex child who has been diagnosed with a condition described in subparagraph (A) and uses a medically necessary diaper is properly cleaned and protected from diaper rash.</text></clause></subparagraph></paragraph><after-quoted-block>.</after-quoted-block></quoted-block></section><section id="id6A4A81C3670A4F79AE489DCE89D0DA07"><enum>4.</enum><header>Inclusion of diapers and diapering supplies as qualified medical expenses</header><subsection id="id66C5C8B099BB42949C5059C88F5D6F0C"><enum>(a)</enum><header>Health savings accounts</header><text><external-xref legal-doc="usc" parsable-cite="usc/26/223">Section 223(d)(2)</external-xref> of the Internal Revenue Code of 1986 is amended—</text><paragraph id="id3e95962a4c2a479c8fd1cefbba54ffb9"><enum>(1)</enum><text>by inserting <quote>, medically necessary diapers, and diapering supplies</quote> after <quote>menstrual care products</quote> in the last sentence of subparagraph (A); and </text></paragraph><paragraph id="id9F00E8CE508043FF913B8EB1F12B5823"><enum>(2)</enum><text>by adding at the end the following new subparagraph:</text><quoted-block display-inline="no-display-inline" id="id061A5BF3011A46D0962EF4BFBEE08068" style="OLC"><subparagraph id="id5C800CF6521F4D118077F248DB9155BE"><enum>(E)</enum><header>Medically necessary diapers and diapering supplies</header><text>For purposes of this paragraph—</text><clause id="idf3347f1b7f3043209792651e7a9700dc"><enum>(i)</enum><header>Medically necessary diapers</header><text>The term <term>medically necessary diaper</term> means an absorbent garment which is washable or disposable and which is worn by an individual who has attained 3 years of age because of medical necessity, such as someone who has been diagnosed with bowel or bladder incontinence, a bowel or bladder condition that causes excess urine or stool (such as short gut syndrome or diabetes insipidus), or a severe skin condition that causes skin erosions (such as epidermolysis bullosa) and needs such garment to correct or ameliorate such condition, to serve a preventative medical purpose, or to correct or ameliorate defects or physical or mental illnesses or conditions diagnosed by a licensed health care provider, and, if disposable—</text><subclause id="ide4908490b6e84b01b5e0a376dad0020b"><enum>(I)</enum><text>does not use any latex or common allergens; and</text></subclause><subclause id="id287945a7e59b4750a58469c25d48ea8c"><enum>(II)</enum><text>meets or exceeds the quality standards for diapers commercially available through retail sale in the following categories:</text><item id="id4351f32b4f9e4884b6ebd9587ebd98c3"><enum>(aa)</enum><text>Absorbency (with acceptable rates for first and second wetting).</text></item><item id="id084d4bb3bab54e08a22ce3f7be9986c1"><enum>(bb)</enum><text>Waterproof outer cover.</text></item><item id="id627ff9b79b344179a3a8796e2bf89878"><enum>(cc)</enum><text>Flexible leg openings.</text></item><item id="id59c86ffcf9324804b3e02be8de3fb2aa"><enum>(dd)</enum><text>Refastening closures. </text></item></subclause></clause><clause id="idB9CDE67715C5488EB3048699DFEC18BF"><enum>(ii)</enum><header>Diapering supplies</header><text>The term <term>diapering supplies</term> means items, including diaper wipes and diaper creams, necessary to ensure that an individual wearing medically necessary diapers is properly cleaned and protected from diaper rash.</text></clause></subparagraph><after-quoted-block>.</after-quoted-block></quoted-block></paragraph></subsection><subsection id="id07E8E8EE26CC4023BC1B12A50A1EA131"><enum>(b)</enum><header>Archer MSAs</header><text>The last sentence of section 220(d)(2)(A) of such Code is amended by inserting <quote>, medically necessary diapers (as defined in section 223(d)(2)(E)), and diapering supplies (as defined in section 223(d)(2)(E))</quote> after <quote>menstrual care products (as defined in section 223(d)(2)(D))</quote>.</text></subsection><subsection id="idEB3485506EAB45B98B29F262C76CA0B3"><enum>(c)</enum><header>Health flexible spending arrangements and health reimbursement arrangements</header><text>Section 106(f) of such Code is amended—</text><paragraph id="id9100a69f1660430eb5041d83bda32737"><enum>(1)</enum><text>by inserting <quote>, medically necessary diapers (as defined in section 223(d)(2)(E)), and diapering supplies (as defined in section 223(d)(2)(E))</quote> after <quote>menstrual care products (as defined in section 223(d)(2)(D))</quote>; and</text></paragraph><paragraph id="ida42d487360f649e78fe92f3adfde1e22"><enum>(2)</enum><text>in the heading, by inserting <quote><header-in-text style="OLC" level="subsection">, medically necessary diapers, and diapering supplies</header-in-text></quote> after <quote><header-in-text style="OLC" level="subsection">menstrual care products</header-in-text></quote>.</text></paragraph></subsection><subsection id="idC5486A7B4005422ABB6ACA0FB1743C45"><enum>(d)</enum><header>Effective dates</header><paragraph id="id9FB9B57E0A4A40EFA683B8D37EAC79FA"><enum>(1)</enum><header>Distributions from certain accounts</header><text>The amendments made by subsections (a) and (b) shall apply to amounts paid after December 31, 2022.</text></paragraph><paragraph id="id262AFE81002B443DB6399EF99F0D7F04" commented="no" display-inline="no-display-inline"><enum>(2)</enum><header>Reimbursements</header><text>The amendment made by subsection (c) shall apply to expenses incurred after December 31, 2022.</text></paragraph></subsection></section></legis-body></bill> 

