<?xml version="1.0"?>
<?xml-stylesheet type="text/xsl" href="billres.xsl"?>
<!DOCTYPE bill PUBLIC "-//US Congress//DTDs/bill.dtd//EN" "bill.dtd">
<bill bill-stage="Introduced-in-Senate" dms-id="A1" public-private="public" slc-id="S1-ARM21052-C7W-4L-T2K"><metadata xmlns:dc="http://purl.org/dc/elements/1.1/">
<dublinCore>
<dc:title>117 S289 IS: Research Investment to Spark the Economy Act of 2021</dc:title>
<dc:publisher>U.S. Senate</dc:publisher>
<dc:date>2021-02-08</dc:date>
<dc:format>text/xml</dc:format>
<dc:language>EN</dc:language>
<dc:rights>Pursuant to Title 17 Section 105 of the United States Code, this file is not subject to copyright protection and is in the public domain.</dc:rights>
</dublinCore>
</metadata>
<form>
<distribution-code display="yes">II</distribution-code><congress>117th CONGRESS</congress><session>1st Session</session><legis-num>S. 289</legis-num><current-chamber>IN THE SENATE OF THE UNITED STATES</current-chamber><action><action-date date="20210208">February 8, 2021</action-date><action-desc><sponsor name-id="S369">Mr. Markey</sponsor> (for himself, <cosponsor name-id="S384">Mr. Tillis</cosponsor>, <cosponsor name-id="S252">Ms. Collins</cosponsor>, and <cosponsor name-id="S380">Mr. Peters</cosponsor>) introduced the following bill; which was read twice and referred to the <committee-name committee-id="SSHR00">Committee on Health, Education, Labor, and Pensions</committee-name></action-desc></action><legis-type>A BILL</legis-type><official-title>To authorize appropriations for offsetting the costs related to reductions in research productivity resulting from the coronavirus pandemic.</official-title></form><legis-body changed="not-changed"><section id="idCD0C1D459055492CA5DAF136E6BCCFE6" section-type="section-one" changed="not-changed"><enum>1.</enum><header>Short title</header><text display-inline="no-display-inline">This Act may be cited as the <quote><short-title>Research Investment to Spark the Economy Act of 2021</short-title></quote> or the <quote><short-title>RISE Act of 2021</short-title></quote>.</text></section><section id="idad77899f70ff4769b4ca4931e38a27c7" changed="not-changed"><enum>2.</enum><header>Findings</header><text display-inline="no-display-inline">Congress finds the following:</text><paragraph id="id5d4102c70c674c14834bf8bb4067b399" changed="not-changed"><enum>(1)</enum><text>Federal agencies have provided Federal research awardees flexibility during the Coronavirus Disease 2019 (COVID–19) pandemic to support graduate and undergraduate students, post-doctoral students, principal investigators, and administrative and technical support staff.</text></paragraph><paragraph id="id791ecf0ed88243c3a119a008bb54e2d2" changed="not-changed"><enum>(2)</enum><text>Federal agencies may need to provide current Federal research awardees extensions to cover time lost in awardee facilities and in the field that will affect the completion of that agencies' research missions and priorities. Additionally, agencies have allowed federally funded laboratories to donate necessary equipment, such as personal protective equipment, to support hospitals and first responders, which may need to be repurchased and will create additional expenses under Federal contracts, grants, and cooperative agreements.</text></paragraph><paragraph id="id6fcbf52014be4af5bd85018f274d771b" changed="not-changed"><enum>(3)</enum><text>The United States needs to sustain the critical human infrastructure that undergirds the United States research enterprise, which has created a longstanding government-university partnership, that has made the United States the global leader in innovation, strengthening the health of citizens of the United States, the economy of the United States, and national security.</text></paragraph><paragraph id="ide2b6d3dd63db442dab839138fbdd7585" changed="not-changed"><enum>(4)</enum><text>While the Federal Government has made significant investments in new biomedical research to address COVID–19, existing research has been slowed down or stopped due to COVID–19-modified operations of campuses and laboratories.</text></paragraph><paragraph id="id85ba2c045ba3423d9830b075ea3036cd" changed="not-changed"><enum>(5)</enum><text>Given the modified operations of many university-based and national laboratories due to the pandemic, Congress is concerned that the people who comprise the research workforce (for example, graduate and undergraduate students, post-doctoral students, principal investigators, and administrative and technical support staff) and the future health and strength of the United States research enterprise and manufacturing and technology economies, among others, are at risk.</text></paragraph><paragraph id="id49bcd7748a1f449e871e94c58ef32870" changed="not-changed"><enum>(6)</enum><text>While the research capacity of the United States has demonstrated that it can absorb shocks and pivot to address immediate national threats, the scale of the COVID–19 pandemic is still growing and unprecedented in duration and effect.</text></paragraph><paragraph id="id385369d0b21443488189e677f59021e2" changed="not-changed"><enum>(7)</enum><text>Without additional funding, future innovations in areas such as quantum, artificial intelligence, robotics, computing, advanced wireless, space exploration, digital agriculture, earth system observation and prediction, health, and science, technology, engineering, and mathematics education infrastructure will be forestalled as agencies are forced to use future appropriations intended for new research to cover existing awards. The United States must innovate to launch the next 50 years of unparalleled economic leadership and be prepared for any future pandemics.</text></paragraph><paragraph id="idc484f4e438fd429388a60f59d14b045e" changed="not-changed"><enum>(8)</enum><text>It is vital that the Federal Government take measures to help relieve the strain that Federal agencies will be forced to face and sustain the strength of the ability of the United States to remain a global leader in an increasingly competitive global research environment, as other countries continue to make disproportionately large investments in key research areas.</text></paragraph></section><section id="id50dc34bccee645be9e2aa24be6ab774c" changed="not-changed"><enum>3.</enum><header>Award and modification of grants, cooperative agreements and other financial assistance for institutions of higher education, Research Laboratories, and other research institutions to address matters relating to disruption caused by COVID–19</header><subsection id="id7bb509fa4e9645be8dab7c11a152ba7d" changed="not-changed"><enum>(a)</enum><header>Definitions</header><text display-inline="yes-display-inline">In this section:</text><paragraph id="id6ed0e03d6e474325b311f186c8d24e36" changed="not-changed"><enum>(1)</enum><header>Award</header><text>The term <term>award</term> includes a grant, cooperative agreement, or other financial assistance.</text></paragraph><paragraph id="ide35e5ef587d74875bf61bae7d0fa45d9" changed="not-changed"><enum>(2)</enum><header>COVID–19 public health emergency</header><text>The term <term>COVID–19 public health emergency</term> means the public health emergency declared by the Secretary of Health and Human Services under section 319 of the Public Health Service Act (<external-xref legal-doc="usc" parsable-cite="usc/42/247d">42 U.S.C. 247d</external-xref>) on January 31, 2020, with respect to the Coronavirus Disease 2019 (COVID–19).</text></paragraph><paragraph id="idc0f6048d431c4bf488f6ff744cae9108" changed="not-changed"><enum>(3)</enum><header>Research institution</header><text>The term <term>research institution</term> means the following:</text><subparagraph id="id6D6D1283E1894087AFCCFB40DE25CC8B" changed="not-changed"><enum>(A)</enum><text>An institution of higher education (as defined in section 101(a) of the Higher Education Act of 1965 (<external-xref legal-doc="usc" parsable-cite="usc/20/1001">20 U.S.C. 1001(a)</external-xref>)). </text></subparagraph><subparagraph id="idFAD8E8D666814A7BBC1779DBF5A17232" changed="not-changed"><enum>(B)</enum><text>A Tribal College or University (as defined in section 316 of the Higher Education Act of 1965 (<external-xref legal-doc="usc" parsable-cite="usc/20/1059c">20 U.S.C. 1059c</external-xref>)).</text></subparagraph><subparagraph id="idFC51094F5F9143029BD90B43CD0E4E34" changed="not-changed"><enum>(C)</enum><text>A nonprofit entity that conducts federally funded research. </text></subparagraph></paragraph><paragraph id="id05bc28f6c4d34bbc824e4d42c55d0309" commented="no" display-inline="no-display-inline" changed="not-changed"><enum>(4)</enum><header>Research laboratory</header><text>The term <term>Research Laboratory</term> means the following:</text><subparagraph commented="no" display-inline="no-display-inline" id="id0AA91893285A426CA7F0C92EDCFFF41D" changed="not-changed"><enum>(A)</enum><text>A National Laboratory (as defined in section 2 of the Energy Policy Act of 2005 (<external-xref legal-doc="usc" parsable-cite="usc/42/15801">42 U.S.C. 15801</external-xref>)).</text></subparagraph><subparagraph id="idAA1C106AA7DA44E2B31F53EB7A1F5056" commented="no" display-inline="no-display-inline" changed="not-changed"><enum>(B)</enum><text>A Federally-Funded Research and Development Center for purposes of section 35.017 of title 48, Code of Federal Regulations. </text></subparagraph></paragraph></subsection><subsection id="idcd2a6ca43fd04406a9297f7c2bd5210c" changed="not-changed"><enum>(b)</enum><header>Authority</header><paragraph id="idAAFAFF562346469DB0F4C3C8F58E9D16" changed="not-changed"><enum>(1)</enum><header>In general</header><text>Each officer specified in paragraph (2) may exercise the authorities described in paragraph (3).</text></paragraph><paragraph id="idA1287E8AA0EF4FDEBE9D1C37B943A79D" changed="not-changed"><enum>(2)</enum><header>Officers</header><text>The officers specified in this paragraph are as follows:</text><subparagraph id="idEA690AB434C84CBEB5F4A8B660326582" changed="not-changed"><enum>(A)</enum><text>The Secretary of Commerce, acting through the Administrator of the National Oceanic and Atmospheric Administration and the Director of the National Institute of Standards and Technology.</text></subparagraph><subparagraph id="idECF495746B4F4801BEAB345DAA950605" changed="not-changed"><enum>(B)</enum><text>The Secretary of Agriculture.</text></subparagraph><subparagraph id="id73B06BD31E904C769D9105494FE92526" changed="not-changed"><enum>(C)</enum><text>The Secretary of Defense.</text></subparagraph><subparagraph id="id57A8A896BD6948CCA43FBC529608D4CC" changed="not-changed"><enum>(D)</enum><text>The Secretary of Education.</text></subparagraph><subparagraph id="idBC69673BF1F34772B9EC191B89D7DC48" changed="not-changed"><enum>(E)</enum><text>The Secretary of Energy, acting for the Department of Energy (with respect to Energy Efficiency and Renewable Energy, Nuclear Energy, and Fossil Research and Development) and through the Office of Science, the Advanced Research Projects Agency–Energy (ARPA–E), and the Office of Electricity.</text></subparagraph><subparagraph id="id9D41FDF502054C02ACADED7614711246" changed="not-changed"><enum>(F)</enum><text>The Secretary of Interior, acting through the Director of the United States Geological Survey.</text></subparagraph><subparagraph id="id5397E7F9EF314ED3B2B3C64363F8C7B9" changed="not-changed"><enum>(G)</enum><text>The Secretary of Health, acting through the Director of the National Institutes of Health.</text></subparagraph><subparagraph id="idB9000BB6C30E48858986C6B3D52BEF8E" changed="not-changed"><enum>(H)</enum><text>The Secretary of Transportation.</text></subparagraph><subparagraph id="idB3B74E702F844DA38805BE32B0A2316D" changed="not-changed"><enum>(I)</enum><text>The Administrator of the National Aeronautics and Space Administration.</text></subparagraph><subparagraph id="id82C81DCB251D4ACFA22964CB066D06D4" changed="not-changed"><enum>(J)</enum><text>The Administrator of the Environmental Protection Agency. </text></subparagraph><subparagraph id="id154E6B45863E480187865415685B3F07" changed="not-changed"><enum>(K)</enum><text>The Director of the National Science Foundation.</text></subparagraph></paragraph><paragraph id="id84032B8419044421B5DAB753057EE589" changed="not-changed"><enum>(3)</enum><header>Authorities</header><text>The officers specified in paragraph (1) may—</text><subparagraph id="ide01423dc1bf94828a29c5ef895b608e6" changed="not-changed"><enum>(A)</enum><text>provide supplemental funding to extend the duration of an award disrupted because of the COVID–19 public health emergency to a research institution, Research Laboratory, or individual that was awarded before the date of the enactment of this Act, or to expand the purposes of such an award, in order to— </text><clause id="id1ec4b48a42aa48e4a414e07fcbf53aaa" changed="not-changed"><enum>(i)</enum><text>enable a post-secondary student or post-doctoral researcher to complete work;</text></clause><clause id="id3c0c0b17877e49e0b28e2ddd814b2457" changed="not-changed"><enum>(ii)</enum><text>enable research scientists, technical staff, research associates, and principal investigators to complete work;</text></clause><clause id="idbf36058bd3f441a5a5ce0c52ab8bf891" changed="not-changed"><enum>(iii)</enum><text>extend the training of a post-secondary student, or the employment of a post-doctoral researcher. on an ongoing research project for up to 2 years because of the disruption of the job market;</text></clause><clause id="ida8980e6d3d504e0d97721be3a647b457" changed="not-changed"><enum>(iv)</enum><text>create research opportunities for up to 2 years for graduate students and post-doctoral researchers;</text></clause><clause id="id05002bae7c134160ab8b6bbaffd83082" changed="not-changed"><enum>(v)</enum><text>replace, refurbish, or otherwise make usable laboratory animals, reagents, equipment, or other items required for research;</text></clause><clause id="id5b17579d1a89428da9f36fea72249123" changed="not-changed"><enum>(vi)</enum><text>facilitate other research (including field work), training, and ongoing construction activities, including at institutions that are disproportionately affected by the COVID–19 public health emergency (such as minority-serving institutions and 2-year institutions of higher education); </text></clause><clause id="id38a903b1a1044fb0bb23f4be342a6465" changed="not-changed"><enum>(vii)</enum><text>enable experimental field campaigns and maintenance of field infrastructure, including through replacement of disrupted experimental data to enable completion of impacted research; and</text></clause><clause id="id88e0cc548a0543679e807c8b0c4ead76" changed="not-changed"><enum>(viii)</enum><text>support training in online course delivery and virtual research experiences that will improve quality and access needed to continue undergraduate, graduate, and post-doctoral training; </text></clause></subparagraph><subparagraph id="id7c563a81ea334207ac7288864292a14f" changed="not-changed"><enum>(B)</enum><text>issue awards to research institutions, Research Laboratories, or other individuals to conduct research on the effects of the Coronavirus Disease 2019 and future potential pandemics, on the effects and effectiveness of responses to such diseases, and on improving the prediction of the possible courses of such pandemics; and</text></subparagraph><subparagraph id="id7c5a892075c54e77941bc7288c8fb510" changed="not-changed"><enum>(C)</enum><text>provide flexibility on an award for funds made available to an agency, by any prior or subsequent Act, by modifying the terms and conditions of the award with a research institution, Research Laboratory, or individual due to facility closures or other limitations during the COVID–19 public health emergency. </text></subparagraph></paragraph><paragraph id="id242161D12CAF4EF08CE11001F3D1B20D" changed="not-changed"><enum>(4)</enum><header>Modifications</header><text>The modifications authorized by paragraph (3)(C) include, but are not limited to—</text><subparagraph id="id5bfe5d3266494b02ab10e4bfde7ab463" changed="not-changed"><enum>(A)</enum><text>the provision of supplemental funding to extend the duration of the award concerned; or</text></subparagraph><subparagraph id="id95d462ff1dc749358177adca326db5d4" changed="not-changed"><enum>(B)</enum><text>flexibility on the allowable expenses under such award. </text></subparagraph></paragraph></subsection><subsection id="idC74EC8CF59D7484FB73522B5A135C3D6" changed="not-changed"><enum>(c)</enum><header>Procedures</header><text>The officers specified in subsection (b)(2) shall each establish procedures to carry out subsection (b).</text></subsection><subsection id="id090008521CC743188C09DA9273BFEDBA" changed="not-changed"><enum>(d)</enum><header>Expedited awards</header><text>Awards under subsection (b) shall be issued as expeditiously as possible.</text></subsection><subsection id="id61AF0E9C5DF54FCDB279F3255F7E7D43" changed="not-changed"><enum>(e)</enum><header>Authorizations of appropriations</header><paragraph id="ide6b41e75077f442ca832061f29a2ace2" changed="not-changed"><enum>(1)</enum><header>Department of Commerce</header><text> There is authorized to be appropriated for fiscal year 2021 for the Department of Commerce, $450,000,000 to carry out subsection (b), of which—</text><subparagraph id="id4A7F64AFE16546A2BB7EBCD6EBA79F1E" changed="not-changed"><enum>(A)</enum><text>$300,000,000 shall be for use by the National Oceanic and Atmospheric Administration; and </text></subparagraph><subparagraph id="idC4ABFF053A1E4906980E3C63F2168B17" changed="not-changed"><enum>(B)</enum><text>$150,000,000 shall be for use by the National Institute of Standards and Technology.</text></subparagraph></paragraph><paragraph id="idA226272BDB5F4086A4BA3AC729148435" changed="not-changed"><enum>(2)</enum><header>Department of Agriculture</header><text>There is authorized to be appropriated for fiscal year 2021 for the Department of Agriculture, $380,000,000 to carry out subsection (b). </text></paragraph><paragraph id="idB8D57C043EA14092919574D4DA75ECE7" changed="not-changed"><enum>(3)</enum><header>Department of Defense</header><text>There is authorized to be appropriated for fiscal year 2021 for the Department of Defense, $3,000,000,000 to carry out subsection (b).</text></paragraph><paragraph id="idA2EF13C45C6D42F9B8DFCC101B442F5B" changed="not-changed"><enum>(4)</enum><header>Department of Education</header><text>There is authorized to be appropriated for fiscal year 2021 for the Department of Education, $200,000,000 to carry out subsection (b), which shall be for use by the Institute for Education Sciences.</text></paragraph><paragraph id="id43C4D734F3CD4BBD8AF5E809C11F065C" changed="not-changed"><enum>(5)</enum><header>Department of Energy</header><text>There is authorized to be appropriated for fiscal year 2021 for the Department of Energy, $5,000,000,000 to carry out subsection (b), of which—</text><subparagraph id="id58BB8501034C4955BBCB42A5C84BF9D7" changed="not-changed"><enum>(A)</enum><text>not less than $3,000,000,000 shall be for use by the Office of Science;</text></subparagraph><subparagraph id="idA24D1D19FFBF4F04B5933BA9AFEE9B6D" changed="not-changed"><enum>(B)</enum><text>not less than $900,000,000 shall be for Energy Efficiency and Renewable Energy;</text></subparagraph><subparagraph id="id9A6A721453264DCB8C6A59AA1B93CD16" changed="not-changed"><enum>(C)</enum><text>not less than $450,000,000 shall be for Nuclear Energy;</text></subparagraph><subparagraph id="idB558B6A8A6624932AA1F017F1FDE68C6" changed="not-changed"><enum>(D)</enum><text>not less than $300,000,000 shall be for Fossil Research and Development;</text></subparagraph><subparagraph id="id94E10E567D844E598B79D0A78788F790" changed="not-changed"><enum>(E)</enum><text>not less than $150,000,000 shall be for use by the Advanced Research Projects Agency–Energy; and</text></subparagraph><subparagraph id="idACAC956E87C04E74A73A2D4DC0AE07B0" changed="not-changed"><enum>(F)</enum><text>not less than $100,000,000 shall be for use by the Office of Electricity.</text></subparagraph></paragraph><paragraph id="idC06166819E114957B0674594783D9E92" changed="not-changed"><enum>(6)</enum><header>Department of Interior</header><text>There is authorized to be appropriated for fiscal year 2021 for the Department of Interior, $300,000,000 to carry out subsection (b), which shall be for use by the United States Geological Survey.</text></paragraph><paragraph id="idDF9C974C70434DDFA4EF30E28B202D9F" commented="no" display-inline="no-display-inline" changed="not-changed"><enum>(7)</enum><header>Department of Health and Human Services</header><text>There is authorized to be appropriated for fiscal year 2021 for the Department of Health and Human Services, $10,000,000,000 to carry out subsection (b), which shall be for use by the National Institutes of Health. </text></paragraph><paragraph id="idabdd8ca53e184440bf3a28309071327b" changed="not-changed"><enum>(8)</enum><header>Department of Transportation</header><text>There is authorized to be appropriated for fiscal year 2021 for the Department of Transportation, $300,000,000 to carry out subsection (b), of which not less than $130,000,000 shall be for use by the Federal Aviation Administration.</text></paragraph><paragraph id="ide28a95d228b84fe386c3e9af08748461" changed="not-changed"><enum>(9)</enum><header>National Aeronautics and Space Administration</header><text>There is authorized to be appropriated for fiscal year 2021 for the National Aeronautics and Space Administration, $2,000,000,000 to carry out subsection (b).</text></paragraph><paragraph id="idEC22E81AE09B472E896D0854011E6D54" changed="not-changed"><enum>(10)</enum><header>Environmental Protection Agency</header><text>There is authorized to be appropriated for fiscal year 2021 for the Environmental Protection Agency, $200,000,000 to carry out subsection (b). </text></paragraph><paragraph id="id694cc850311a4ec9b2e8bb1d783afb22" changed="not-changed"><enum>(11)</enum><header>National Science Foundation</header><text>There is authorized to be appropriated for fiscal year 2021 for the National Science Foundation, $3,000,000,000 to carry out subsection (b).</text></paragraph><paragraph id="iddb66bf4bab1343e0a0ad365cf31a6355" changed="not-changed"><enum>(12)</enum><header>Availability of funds for administration</header><subparagraph id="id28748BD1EDFB4026992D2EB0933E003F" changed="not-changed"><enum>(A)</enum><header>In general</header><text>Amounts authorized to be appropriated by this subsection may be used for the payment of indirect costs of Federal awards under subsection (b), up to the limit otherwise allowable by law and subject to the requirements of part 200 of title 2, Code of Federal Regulations.</text></subparagraph><subparagraph id="idB80C426CF9B944FAA15852A73916A0BA" changed="not-changed"><enum>(B)</enum><header>Limitation</header><text>Not more than 5 percent of each of the amounts appropriated pursuant to this subsection may be used for administration of awards under subsection (b). </text></subparagraph></paragraph><paragraph id="id93b8a60cfc9447198d2b55dfe3bd22d8" changed="not-changed" commented="no" display-inline="no-display-inline"><enum>(13)</enum><header>Duration of availability</header><text>Amounts authorized to be appropriated by this subsection shall be available for the purposes described in this subsection through fiscal year 2021. </text></paragraph></subsection></section></legis-body></bill> 

