<?xml version="1.0"?>
<?xml-stylesheet type="text/xsl" href="billres.xsl"?>
<!DOCTYPE bill PUBLIC "-//US Congress//DTDs/bill.dtd//EN" "bill.dtd">
<bill bill-type="olc" bill-stage="Introduced-in-Senate" dms-id="A1" public-private="public" slc-id="S1-OTT21144-3PF-0H-L23"><metadata xmlns:dc="http://purl.org/dc/elements/1.1/">
<dublinCore>
<dc:title>117 S243 IS: Legacy IRA Act</dc:title>
<dc:publisher>U.S. Senate</dc:publisher>
<dc:date>2021-02-04</dc:date>
<dc:format>text/xml</dc:format>
<dc:language>EN</dc:language>
<dc:rights>Pursuant to Title 17 Section 105 of the United States Code, this file is not subject to copyright protection and is in the public domain.</dc:rights>
</dublinCore>
</metadata>
<form>
<distribution-code display="yes">II</distribution-code><congress>117th CONGRESS</congress><session>1st Session</session><legis-num>S. 243</legis-num><current-chamber>IN THE SENATE OF THE UNITED STATES</current-chamber><action><action-date date="20210204">February 4, 2021</action-date><action-desc><sponsor name-id="S398">Mr. Cramer</sponsor> (for himself, <cosponsor name-id="S284">Ms. Stabenow</cosponsor>, <cosponsor name-id="S375">Mr. Daines</cosponsor>, <cosponsor name-id="S402">Ms. Rosen</cosponsor>, and <cosponsor name-id="S287">Mr. Cornyn</cosponsor>) introduced the following bill; which was read twice and referred to the <committee-name committee-id="SSFI00">Committee on Finance</committee-name></action-desc></action><legis-type>A BILL</legis-type><official-title>To amend the Internal Revenue Code of 1986 to expand tax-free distributions from individual retirement accounts to include rollovers for charitable life-income plans for charitable purposes.</official-title></form><legis-body style="OLC" display-enacting-clause="yes-display-enacting-clause" id="HFD85BCF14A8844FA8910B52254661683"><section section-type="section-one" id="H23727C0953D4418DBF0B59C3B2D4450D"><enum>1.</enum><header>Short title</header><text display-inline="no-display-inline">This Act may be cited as the <quote><short-title>Legacy IRA Act</short-title></quote>.</text></section><section id="H5AA15BD76E684513B791D688072DDD5C"><enum>2.</enum><header>Tax-free distributions from individual retirement accounts for charitable purposes</header><subsection id="HE24C2CA970334E8FABC0152BE9B831EA"><enum>(a)</enum><header>In general</header><text>Paragraph (8) of <external-xref legal-doc="usc" parsable-cite="usc/26/408">section 408(d)</external-xref> of the Internal Revenue Code of 1986 is amended to read as follows:</text><quoted-block style="OLC" display-inline="no-display-inline" id="H6C9D80636EDF4FF4A6371353027A0147"><paragraph id="H51580C1FB4B44E5D88CFE6247B02004C"><enum>(8)</enum><header>Distributions for charitable purposes</header><subparagraph commented="no" display-inline="no-display-inline" id="H01CBBF8A03864293B026F81EF992BE18"><enum>(A)</enum><header>In general</header><text display-inline="yes-display-inline">No amount shall be includible in gross income by reason of a qualified charitable distribution.</text></subparagraph><subparagraph commented="no" display-inline="no-display-inline" id="H3F708984AE5D4A20A0B0A53FD0FCD315"><enum>(B)</enum><header>Limitations</header><clause id="H6C44964E66394AA89A4641349B9CE208"><enum>(i)</enum><header>In general</header><text>The aggregate amount excluded from gross income under subparagraph (A) with respect to all types of qualified charitable distributions for a taxable year shall not exceed $400,000.</text></clause><clause id="H5E4766746A404353AEC701CDE944195B"><enum>(ii)</enum><header>Limitation on outright contributions</header><text>The aggregate amount excluded from gross income under subparagraph (A) for a taxable year with respect to distributions described in subparagraph (C)(i)(I) shall not exceed $130,000.</text></clause></subparagraph><subparagraph commented="no" display-inline="no-display-inline" id="H7639E151641F4B2288E31873DD73F71A"><enum>(C)</enum><header>Qualified charitable distribution</header><text display-inline="yes-display-inline">For purposes of this paragraph, the term <term>qualified charitable distribution</term> means any distribution from an individual retirement account—</text><clause commented="no" display-inline="no-display-inline" id="H6C45544DE0704A22B58FC750876C5369"><enum>(i)</enum><text display-inline="yes-display-inline">which is made directly by the trustee—</text><subclause commented="no" display-inline="no-display-inline" id="HCF50EC835B2A4642832E0823A17DBE27"><enum>(I)</enum><text display-inline="yes-display-inline">to a specified charitable organization as an outright contribution, or</text></subclause><subclause commented="no" display-inline="no-display-inline" id="H24EF159B64AE46F8A87D6DF0464BE92D"><enum>(II)</enum><text display-inline="yes-display-inline">to a split-interest entity, and</text></subclause></clause><clause commented="no" display-inline="no-display-inline" id="H0B044394E3BC493B96105563630F4099"><enum>(ii)</enum><text display-inline="yes-display-inline">which is made on or after the date on which the individual for whose benefit the account is maintained has attained—</text><subclause commented="no" display-inline="no-display-inline" id="H3ADB2583144C4C93868F822B67B158BB"><enum>(I)</enum><text display-inline="yes-display-inline">in the case of any distribution described in clause (i)(I), age 70<fraction>½</fraction>, and</text></subclause><subclause commented="no" display-inline="no-display-inline" id="HBA121E6C2C4F4D4984DCFDE0402949E6"><enum>(II)</enum><text display-inline="yes-display-inline">in the case of any distribution described in clause (i)(II), age 65.</text></subclause></clause></subparagraph><subparagraph id="HCDE6708506E34020A2387A3740B14FC5"><enum>(D)</enum><header>Special rules relating to distributions</header><text>For purposes of this paragraph—</text><clause id="H8EF357F8E6A2462DAFE388290F9A637C"><enum>(i)</enum><header>Distribution must be otherwise includible</header><text>A distribution from an individual retirement account shall be treated as a qualified charitable distribution only to the extent that the distribution would be includible in gross income without regard to subparagraph (A).</text></clause><clause id="HF226337C51C64E99812888A69ED503BC"><enum>(ii)</enum><header>Limitation on income interests</header><text display-inline="yes-display-inline">A distribution from an individual retirement account to a split-interest entity shall be treated as a qualified charitable distribution only if—</text><subclause id="HE0EEBA39967B4125BB1E94CC150D1B5E"><enum>(I)</enum><text display-inline="yes-display-inline">no person holds an income interest in the split-interest entity other than the individual for whose benefit such account is maintained, the spouse of such individual, or both, and</text></subclause><subclause commented="no" id="HC788122C65914F52A34604FC9C487EE0"><enum>(II)</enum><text display-inline="yes-display-inline">the income interest in the split-interest entity is nonassignable.</text></subclause></clause><clause commented="no" display-inline="no-display-inline" id="HDB3B6964337F44DC9284895453F0CEBD"><enum>(iii)</enum><header>Contributions must be otherwise deductible</header><text display-inline="yes-display-inline">A distribution from an individual retirement account to a specified charitable organization shall be treated as a qualified charitable distribution only if—</text><subclause id="H22AC712B09694194987C0E551CA48E82"><enum>(I)</enum><text>in the case of a distribution to a charitable remainder annuity trust or a charitable remainder unitrust, a deduction for the entire value of the remainder interest in the distribution for the benefit of a specified charitable organization would be allowable under section 170 (determined without regard to subsection (b) thereof and this paragraph), and</text></subclause><subclause id="H2140062E4DA64F71BE99DD36D6C4BF89"><enum>(II)</enum><text display-inline="yes-display-inline">in the case of a charitable gift annuity, a deduction in an amount equal to the amount of the distribution reduced by the value of the annuity described in section 501(m)(5)(B) would be allowable under section 170 (determined without regard to subsection (b) thereof and this paragraph).</text></subclause></clause></subparagraph><subparagraph id="HE9E70E1A67CF4E539D940175312350CC"><enum>(E)</enum><header>Specified charitable organization</header><text display-inline="yes-display-inline">For purposes of this paragraph, the term <term>specified charitable organization</term> means an organization described in section 170(b)(1)(A) (other than any organization described in section 509(a)(3) or any fund or account described in section 4966(d)(2)).</text></subparagraph><subparagraph display-inline="no-display-inline" id="H53DEA6060F4E40B684AC39F598E0D8D7"><enum>(F)</enum><header>Split-interest entity</header><text display-inline="yes-display-inline">For purposes of this paragraph, the term <term>split-interest entity</term> means—</text><clause id="HE85D1D2643184CF983BC16C8B1F88463"><enum>(i)</enum><text>a charitable remainder annuity trust (as defined in section 664(d)(1)), but only if such trust is funded exclusively by qualified charitable distributions,</text></clause><clause id="HA4EC8312170F4A2FAA87D6EE4471329D"><enum>(ii)</enum><text>a charitable remainder unitrust (as defined in section 664(d)(2)), but only if such unitrust is funded exclusively by qualified charitable distributions, or</text></clause><clause id="H2635B75CA8794418BD7276080BED33BD"><enum>(iii)</enum><text>a charitable gift annuity (as defined in section 501(m)(5)), but only if such annuity is funded exclusively by qualified charitable distributions and commences fixed payments not later than 1 year from the date of funding.</text></clause></subparagraph><subparagraph commented="no" display-inline="no-display-inline" id="HAAD1A7BA38FB499E9C7A1CC4ED6FB7D1"><enum>(G)</enum><header>Special rules</header><clause commented="no" display-inline="no-display-inline" id="H8563356A616C490F8760FEC46C55098E"><enum>(i)</enum><header>Charitable remainder trusts</header><text display-inline="yes-display-inline">Notwithstanding section 664(b), distributions made from a trust described in clause (i) or (ii) of subparagraph (F) shall be treated as ordinary income in the hands of the beneficiary to whom the annuity described in section 664(d)(1)(A) or the payment described in section 664(d)(2)(A) is paid.</text></clause><clause commented="no" display-inline="no-display-inline" id="H9159048A7CA24DB690F4CA1DC6B13EF6"><enum>(ii)</enum><header>Charitable gift annuities</header><text display-inline="yes-display-inline">Qualified charitable distributions made to fund a charitable gift annuity shall not be treated as an investment in the contract for purposes of section 72(c).</text></clause><clause commented="no" display-inline="no-display-inline" id="H1BF945083211430E8133D04256537F3F"><enum>(iii)</enum><header>Application of section 72</header><text display-inline="yes-display-inline">Notwithstanding section 72, in determining the extent to which a distribution is a qualified charitable distribution, the entire amount of the distribution shall be treated as includible in gross income to the extent that such amount does not exceed the aggregate amount which would have been so includible if all amounts in all individual retirement plans of the individual were distributed during the taxable year and all such plans were treated as 1 contract for purposes of determining under section 72 the aggregate amount which would have been so includible. Proper adjustments shall be made in applying section 72 to other distributions in such taxable year and subsequent taxable years.</text></clause><clause display-inline="no-display-inline" id="H2512C82B2664406CAFD0F4781762AD36"><enum>(iv)</enum><header>Determining deduction under section 170</header><text>Qualified charitable distributions shall not be taken into account in determining the deduction under section 170.</text></clause><clause id="H027B04F5DDB040E1AA91BDCFA1FA512C"><enum>(v)</enum><header>Required minimum distributions</header><text display-inline="yes-display-inline">The entire amount of a qualified charitable distribution shall be taken into account for purposes of section 401(a)(9).</text></clause></subparagraph></paragraph><after-quoted-block>.</after-quoted-block></quoted-block></subsection><subsection id="H174B7F329A0C404E84CE1B9BF15F3F6D"><enum>(b)</enum><header>Effective date</header><text display-inline="yes-display-inline">The amendment made by this section shall apply to distributions made in taxable years ending after the date of the enactment of this Act.</text></subsection></section></legis-body></bill>


