<?xml version="1.0"?>
<?xml-stylesheet type="text/xsl" href="billres.xsl"?>
<!DOCTYPE bill PUBLIC "-//US Congress//DTDs/bill.dtd//EN" "bill.dtd">
<bill bill-stage="Introduced-in-Senate" dms-id="A1" public-private="public" slc-id="S1-FLO21003-C5V-YF-4DP"><metadata xmlns:dc="http://purl.org/dc/elements/1.1/">
<dublinCore>
<dc:title>117 S182 IS: Pecos Watershed Protection Act</dc:title>
<dc:publisher>U.S. Senate</dc:publisher>
<dc:date>2021-02-02</dc:date>
<dc:format>text/xml</dc:format>
<dc:language>EN</dc:language>
<dc:rights>Pursuant to Title 17 Section 105 of the United States Code, this file is not subject to copyright protection and is in the public domain.</dc:rights>
</dublinCore>
</metadata>
<form>
<distribution-code display="yes">II</distribution-code><congress>117th CONGRESS</congress><session>1st Session</session><legis-num>S. 182</legis-num><current-chamber>IN THE SENATE OF THE UNITED STATES</current-chamber><action><action-date date="20210202">February 2, 2021</action-date><action-desc><sponsor name-id="S359">Mr. Heinrich</sponsor> (for himself and <cosponsor name-id="S409">Mr. Luján</cosponsor>) introduced the following bill; which was read twice and referred to the <committee-name committee-id="SSEG00">Committee on Energy and Natural Resources</committee-name></action-desc></action><legis-type>A BILL</legis-type><official-title>To withdraw certain Federal land in the Pecos Watershed area of the State of New Mexico from mineral entry, and for other purposes.</official-title></form><legis-body display-enacting-clause="yes-display-enacting-clause"><section section-type="section-one" id="S1"><enum>1.</enum><header>Short title</header><text display-inline="no-display-inline">This Act may be cited as the <quote><short-title>Pecos Watershed Protection Act</short-title></quote>.</text></section><section id="id4D63C95D2D994267AB405DB23DEEC6E9"><enum>2.</enum><header>Withdrawal of Federal land in Pecos Watershed area, New Mexico</header><subsection id="id0DFC224CE07245FEAC06AB19B9C32E26"><enum>(a)</enum><header>Definition of Federal land</header><text>In this section, the term <term>Federal land</term> means the Federal land depicted as <quote>Pecos Withdrawal</quote> on the map entitled <quote>Pecos Watershed, upstream of I–25 Mineral Withdrawal</quote> and dated September 1, 2020. </text></subsection><subsection id="idf954a499d50a4bd79b1b1f4ef7d907d7"><enum>(b)</enum><header>Withdrawal</header><text>Subject to valid rights in existence on the date of enactment of this Act, the Federal land is withdrawn from all forms of—</text><paragraph id="idA57FE9081EB34E9E9F5A93F04FEB0DB8"><enum>(1)</enum><text>entry, appropriation, or disposal under the public land laws;</text></paragraph><paragraph id="idBA9BCEB072CF4A688A4439B288DDA957"><enum>(2)</enum><text>location, entry, and patent under the mining laws; and </text></paragraph><paragraph id="id93AD5AB8010441C0A25AA7F0BBF69EE8"><enum>(3)</enum><text>disposition under all laws pertaining to mineral and geothermal leasing or mineral materials. </text></paragraph></subsection></section></legis-body></bill> 

