<?xml version="1.0"?>
<?xml-stylesheet type="text/xsl" href="billres.xsl"?>
<!DOCTYPE bill PUBLIC "-//US Congress//DTDs/bill.dtd//EN" "bill.dtd">
<bill bill-type="olc" bill-stage="Introduced-in-Senate" dms-id="A1" public-private="public" slc-id="S1-TAM21466-1JK-CR-04L">
<metadata xmlns:dc="http://purl.org/dc/elements/1.1/">
<dublinCore>
<dc:title>117 S415 IS: To amend the Federal Food, Drug, and Cosmetic Act with respect to the scope of new chemical exclusivity. </dc:title>
<dc:publisher>U.S. Senate</dc:publisher>
<dc:date>2021-02-24</dc:date>
<dc:format>text/xml</dc:format>
<dc:language>EN</dc:language>
<dc:rights>Pursuant to Title 17 Section 105 of the United States Code, this file is not subject to copyright protection and is in the public domain.</dc:rights>
</dublinCore>
</metadata>
<form>
<distribution-code display="yes">II</distribution-code>
<congress>117th CONGRESS</congress><session>1st Session</session>
<legis-num>S. 415</legis-num>
<current-chamber>IN THE SENATE OF THE UNITED STATES</current-chamber>
<action>
<action-date date="20210224">February 24, 2021</action-date>
<action-desc><sponsor name-id="S373">Mr. Cassidy</sponsor> (for himself, <cosponsor name-id="S394">Ms. Smith</cosponsor>, and <cosponsor name-id="S411">Mr. Marshall</cosponsor>) introduced the following bill; which was read twice and referred to the <committee-name committee-id="SSHR00">Committee on Health, Education, Labor, and Pensions</committee-name></action-desc>
</action>
<legis-type>A BILL</legis-type>
<official-title>To amend the Federal Food, Drug, and Cosmetic Act with respect to the scope of new chemical exclusivity. </official-title>
</form>
<legis-body style="OLC" display-enacting-clause="yes-display-enacting-clause" id="H4B890575D1524665A7891A2CE77CF5BE">
<section commented="no" display-inline="no-display-inline" section-type="section-one" id="idC2715BAAB1B64BD5B874CD863BB6EB29"><enum>1.</enum><header display-inline="yes-display-inline">Clarifying the meaning of new chemical entity</header>
<subsection commented="no" display-inline="no-display-inline" id="id9458E9587C4C4648AEADD8FCD38E69EB"><enum>(a)</enum><header display-inline="yes-display-inline">In general</header><text display-inline="yes-display-inline">Chapter V of the Federal Food, Drug, and Cosmetic Act is amended—</text> <paragraph commented="no" display-inline="no-display-inline" id="id7585F79C88414A21ACDB9F6D84DAAC61"><enum>(1)</enum><text display-inline="yes-display-inline">in section 505 (<external-xref legal-doc="usc" parsable-cite="usc/21/355">21 U.S.C. 355</external-xref>)—</text>
<subparagraph commented="no" display-inline="no-display-inline" id="id787908CB65B7481683E14837A5D31171"><enum>(A)</enum><text display-inline="yes-display-inline">in subsection (c)(3)(E), by striking <quote>active ingredient (including any ester or salt of the active ingredient)</quote> each place it appears and inserting <quote>active moiety (as defined by the Secretary in section 314.3 of title 21, Code of Federal Regulations (or any successor regulations))</quote>;</text></subparagraph> <subparagraph commented="no" display-inline="no-display-inline" id="idBE2E3D0759114F2CADE40EDAFA05C3A9"><enum>(B)</enum><text display-inline="yes-display-inline">in subsection (j)(5)(F), by striking <quote>active ingredient (including any ester or salt of the active ingredient)</quote> each place it appears and inserting <quote>active moiety (as defined by the Secretary in section 314.3 of title 21, Code of Federal Regulations (or any successor regulations))</quote>;</text></subparagraph>
<subparagraph commented="no" display-inline="no-display-inline" id="idCB19A1BAAE8F449191B63433744B0C29"><enum>(C)</enum><text display-inline="yes-display-inline">in subsection (l)(2)(A)—</text> <clause commented="no" display-inline="no-display-inline" id="idE750883301E644F09AEF6127CB8BEBFD"><enum>(i)</enum><text display-inline="yes-display-inline">by amending clause (i) to read as follows:</text>
<quoted-block style="OLC" display-inline="no-display-inline" id="id06C43BC97D9E450F8877B59EEB4A9EEE">
<clause commented="no" display-inline="no-display-inline" id="idC3DA027D83D44CB69321101B36B7A361" indent="up1"><enum>(i)</enum><text display-inline="yes-display-inline">not later than 30 days after the date of approval of such applications—</text> <subclause commented="no" display-inline="no-display-inline" id="idFE5D08EFB2BC4606BE21A27E9D382072"><enum>(I)</enum><text display-inline="yes-display-inline">for a drug, no active moiety (as defined by the Secretary in section 314.3 of title 21, Code of Federal Regulations (or any successor regulations)) of which has been approved in any other application under this section; or</text></subclause>
<subclause commented="no" display-inline="no-display-inline" id="id7D633E2C7D4D4F1FA70D3B5811747587"><enum>(II)</enum><text display-inline="yes-display-inline">for a biological product, no active ingredient of which has been approved in any other application under section 351 of the Public Health Service Act; and</text></subclause></clause><after-quoted-block>; and</after-quoted-block></quoted-block></clause> <clause commented="no" display-inline="no-display-inline" id="id679a75330d0149f6a296910e6b700bed"><enum>(ii)</enum><text display-inline="yes-display-inline">in clause (ii), by inserting <quote>or biological product</quote> before the period;</text></clause></subparagraph>
<subparagraph commented="no" display-inline="no-display-inline" id="id9ECB729CE65C4796B91DF05514FF78DF"><enum>(D)</enum><text display-inline="yes-display-inline">by amending subsection (s) to read as follows:</text> <quoted-block style="OLC" display-inline="no-display-inline" id="id65DC04D691294FD9956FEC4D3A88118F"> <subsection commented="no" display-inline="no-display-inline" id="id3E3EE15367F04C959878AE30AA569C22"><enum>(s)</enum><header display-inline="yes-display-inline">Referral to advisory committee</header><text display-inline="yes-display-inline">The Secretary shall—</text>
<paragraph commented="no" display-inline="no-display-inline" id="id8d28b559a0924c58afe4a76fb3285b18"><enum>(1)</enum><text display-inline="yes-display-inline">refer a drug or biological product to a Food and Drug Administration advisory committee for review at a meeting of such advisory committee prior to the approval of such drug or biological if it is—</text> <subparagraph commented="no" display-inline="no-display-inline" id="id809A90333F4B4639BAFC9BC478C51A87"><enum>(A)</enum><text display-inline="yes-display-inline">a drug, no active moiety (as defined by the Secretary in section 314.3 of title 21, Code of Federal Regulations (or any successor regulations)) of which has been approved in any other application under this section; or</text></subparagraph>
<subparagraph commented="no" display-inline="no-display-inline" id="id745DC467AC1948F0842460DDB0614842"><enum>(B)</enum><text display-inline="yes-display-inline">a biological product, no active ingredient of which has been approved in any other application under section 351 of the Public Health Service Act; or</text></subparagraph></paragraph> <paragraph commented="no" display-inline="no-display-inline" id="id44E4DDF010FF42BDB9DFFD268A03D8B7"><enum>(2)</enum><text display-inline="yes-display-inline">if the Secretary does not refer a drug or biological product described in paragraph (1) to a Food and Drug Administration advisory committee prior to such approval, provide in the action letter on the application for the drug or biological product a summary of the reasons why the Secretary did not refer the drug or biological product to an advisory committee prior to approval.</text></paragraph></subsection><after-quoted-block>; and</after-quoted-block></quoted-block></subparagraph>
<subparagraph commented="no" display-inline="no-display-inline" id="id4F508551F17C495A8C6780264BE41077"><enum>(E)</enum><text display-inline="yes-display-inline">in subsection (u)(1), in the matter preceding subparagraph (A)—</text> <clause commented="no" display-inline="no-display-inline" id="id20779B2CDCD54E71804B1E2C81DECD10"><enum>(i)</enum><text display-inline="yes-display-inline">by striking <quote>active ingredient (including any ester or salt of the active ingredient)</quote> and inserting <quote>active moiety (as defined by the Secretary in section 314.3 of title 21, Code of Federal Regulations (or any successor regulations))</quote>; and</text></clause>
<clause commented="no" display-inline="no-display-inline" id="idECD971F04743476EB68347D9201870AA"><enum>(ii)</enum><text display-inline="yes-display-inline">by striking <quote>same active ingredient</quote> and inserting <quote>same active moiety</quote>;</text></clause></subparagraph></paragraph> <paragraph commented="no" display-inline="no-display-inline" id="id945738B4834442FF8338C0DFF459D20C"><enum>(2)</enum><text display-inline="yes-display-inline">in section 512(c)(2)(F) (<external-xref legal-doc="usc" parsable-cite="usc/21/360b">21 U.S.C. 360b(c)(2)(F)</external-xref>), by striking <quote>active ingredient (including any ester or salt of the active ingredient)</quote> each place it appears and inserting <quote>active moiety (as defined by the Secretary in section 314.3 of title 21, Code of Federal Regulations (or any successor regulations))</quote>;</text></paragraph>
<paragraph commented="no" display-inline="no-display-inline" id="id690F570C0BAD4C6F9314D102BDC9621F"><enum>(3)</enum><text display-inline="yes-display-inline">in section 524(a)(4) (<external-xref legal-doc="usc" parsable-cite="usc/21/360n">21 U.S.C. 360n(a)(4)</external-xref>), by amending subparagraph (C) to read as follows:</text> <quoted-block style="OLC" display-inline="no-display-inline" id="idA598477551E549A08240F66CA1B5C169"> <subparagraph commented="no" display-inline="no-display-inline" id="id4DDECC66A8634FC0B504EAC26D249146"><enum>(C)</enum><text display-inline="yes-display-inline">is for—</text>
<clause commented="no" display-inline="no-display-inline" id="id0BF182F37263466A847D5C275846CF44"><enum>(i)</enum><text display-inline="yes-display-inline">a human drug, no active moiety (as defined by the Secretary in section 314.3 of title 21, Code of Federal Regulations (or any successor regulations)) of which has been approved in any other application under section 505(b)(1); or</text></clause> <clause commented="no" display-inline="no-display-inline" id="idA21BDFB480F341EFA1670D9B9603ED38"><enum>(ii)</enum><text display-inline="yes-display-inline">a biological product, no active ingredient of which has been approved in any other application under section 351 of the Public Health Service Act.</text></clause></subparagraph><after-quoted-block>;</after-quoted-block></quoted-block></paragraph>
<paragraph commented="no" display-inline="no-display-inline" id="id13155D179D234B70ABF65C67F68B3599"><enum>(4)</enum><text display-inline="yes-display-inline">in section 529(a)(4) (<external-xref legal-doc="usc" parsable-cite="usc/21/360ff">21 U.S.C. 360ff(a)(4)</external-xref>), by striking subparagraphs (A) and (B) and inserting the following:</text> <quoted-block style="OLC" display-inline="no-display-inline" id="idB1DE718681AA4881BDF2C3A76181D8B2"> <subparagraph commented="no" display-inline="no-display-inline" id="id956c4e4b660f42f3b215d5e0da007414"><enum>(A)</enum><text display-inline="yes-display-inline">is for a drug or biological product that is for the prevention or treatment of a rare pediatric disease;</text></subparagraph>
<subparagraph commented="no" display-inline="no-display-inline" id="id012ABE5972B94353935175FCDDA03A7F"><enum>(B)</enum>
<clause commented="no" display-inline="yes-display-inline" id="id6423E18B61C348A880E3952919B61A8C"><enum>(i)</enum><text display-inline="yes-display-inline">is for such a drug—</text> <subclause commented="no" display-inline="no-display-inline" id="idCE3DDC5963A642F4868F7EB07D817AE0" indent="up1"><enum>(I)</enum><text display-inline="yes-display-inline">that contains no active moiety (as defined by the Secretary in section 314.3 of title 21, Code of Federal Regulations (or any successor regulations)) that has been previously approved in any other application under subsection (b)(1), (b)(2), or (j) of section 505; and</text></subclause>
<subclause commented="no" display-inline="no-display-inline" id="id6C62C579A331408FA90FDAB6673E70F9" indent="up1"><enum>(II)</enum><text display-inline="yes-display-inline">that is the subject of an application submitted under section 505(b)(1); or</text></subclause></clause> <clause commented="no" display-inline="no-display-inline" id="id10FAA061D08B4A79A1403CAA722AEA1A" indent="up1"><enum>(ii)</enum><text display-inline="yes-display-inline">is for such a biological product—</text>
<subclause commented="no" display-inline="no-display-inline" id="idC455783D540542FFB19B3B88145FD3CD"><enum>(I)</enum><text display-inline="yes-display-inline">that contains no active ingredient that has been previously approved in any other application under section 351(a) or 351(k) of the Public Health Service Act; and</text></subclause> <subclause commented="no" display-inline="no-display-inline" id="idB75D164BB77942EE96142B78D3FC4757"><enum>(II)</enum><text display-inline="yes-display-inline">that is the subject of an application submitted under section 351(a) of the Public Health Service Act;</text></subclause></clause></subparagraph><after-quoted-block>; and</after-quoted-block></quoted-block></paragraph>
<paragraph commented="no" display-inline="no-display-inline" id="id360568B3BE934C589AC364F0E29DF0CB"><enum>(5)</enum><text display-inline="yes-display-inline">in section 565A(a)(4) (21 U.S.C. 360bbb–4a(a)(4)), by amending subparagraph (D) to read as follows:</text> <quoted-block style="OLC" display-inline="no-display-inline" id="id6B4E38165B0847F7AD76FD9BBA28A1E5"> <subparagraph commented="no" display-inline="no-display-inline" id="idB32A2307671A4636A3B620F73A2CC4F5"><enum>(D)</enum><text display-inline="yes-display-inline">is for—</text>
<clause commented="no" display-inline="no-display-inline" id="id6F42087F00E846E3AF050BC4A8610C63"><enum>(i)</enum><text display-inline="yes-display-inline">a human drug, no active moiety (as defined by the Secretary in section 314.3 of title 21, Code of Federal Regulations (or any successor regulations)) of which has been approved in any other application under section 505(b)(1); or</text></clause> <clause commented="no" display-inline="no-display-inline" id="id5E6A2B28D82F4C27B78070FBEEA9476E"><enum>(ii)</enum><text display-inline="yes-display-inline">a biological product, no active ingredient of which has been approved in any other application under section 351 of the Public Health Service Act.</text></clause></subparagraph><after-quoted-block>.</after-quoted-block></quoted-block></paragraph></subsection>
<subsection commented="no" display-inline="no-display-inline" id="id8aa5f8f67ac04c0da43ac86167aec18b"><enum>(b)</enum><header display-inline="yes-display-inline">Technical corrections</header><text display-inline="yes-display-inline">Chapter V of the Federal Food, Drug, and Cosmetic Act (<external-xref legal-doc="usc" parsable-cite="usc/21/351">21 U.S.C. 351</external-xref> et seq.) is amended—</text> <paragraph commented="no" display-inline="no-display-inline" id="id6638d0fd4f234f6d9c5a4e87696fff26"><enum>(1)</enum><text display-inline="yes-display-inline">in section 505 (<external-xref legal-doc="usc" parsable-cite="usc/21/355">21 U.S.C. 355</external-xref>)—</text>
<subparagraph commented="no" display-inline="no-display-inline" id="idd0c2f4ae613d4b6596f42ca2a2e8d607"><enum>(A)</enum><text display-inline="yes-display-inline">in subsection (c)(3)(E), by repealing clause (i); and</text></subparagraph> <subparagraph commented="no" display-inline="no-display-inline" id="idd6fe3624101e40df8d8e42f60d8b6a95"><enum>(B)</enum><text display-inline="yes-display-inline">in subsection (j)(5)(F), by repealing clause (i); and</text></subparagraph></paragraph>
<paragraph commented="no" display-inline="no-display-inline" id="idc3a81d30af504595ad8edd8bcf4cd5b6"><enum>(2)</enum><text display-inline="yes-display-inline">in section 505A(c)(1)(A)(i)(II) (<external-xref legal-doc="usc" parsable-cite="usc/21/355a">21 U.S.C. 355a(c)(1)(A)(i)(II)</external-xref>), by striking <quote>(c)(3)(D)</quote> and inserting <quote>(c)(3)(E)</quote>. </text></paragraph></subsection></section> </legis-body> </bill> 

