<?xml version="1.0"?>
<?xml-stylesheet type="text/xsl" href="billres.xsl"?>
<!DOCTYPE bill PUBLIC "-//US Congress//DTDs/bill.dtd//EN" "bill.dtd">
<bill bill-type="olc" bill-stage="Introduced-in-Senate" dms-id="A1" public-private="public" slc-id="S1-LYN21047-T16-N8-D9T"><metadata xmlns:dc="http://purl.org/dc/elements/1.1/">
<dublinCore>
<dc:title>117 S91 IS: Special Districts Provide Essential Services Act</dc:title>
<dc:publisher>U.S. Senate</dc:publisher>
<dc:date>2021-01-28</dc:date>
<dc:format>text/xml</dc:format>
<dc:language>EN</dc:language>
<dc:rights>Pursuant to Title 17 Section 105 of the United States Code, this file is not subject to copyright protection and is in the public domain.</dc:rights>
</dublinCore>
</metadata>
<form>
<distribution-code display="yes">II</distribution-code><congress>117th CONGRESS</congress><session>1st Session</session><legis-num>S. 91</legis-num><current-chamber>IN THE SENATE OF THE UNITED STATES</current-chamber><action><action-date date="20210128">January 28, 2021</action-date><action-desc><sponsor name-id="S403">Ms. Sinema</sponsor> (for herself, <cosponsor name-id="S287">Mr. Cornyn</cosponsor>, and <cosponsor name-id="S221">Mrs. Feinstein</cosponsor>) introduced the following bill; which was read twice and referred to the <committee-name committee-id="SSFI00">Committee on Finance</committee-name></action-desc></action><legis-type>A BILL</legis-type><official-title>To amend the Social Security Act to include special districts in the coronavirus relief fund, to direct the Secretary to include special districts as an eligible issuer under the Municipal Liquidity Facility, and for other purposes.</official-title></form><legis-body style="OLC" display-enacting-clause="yes-display-enacting-clause" id="H052B2C0A710043D1B64895BEFD3A3B1C"><section section-type="section-one" id="HE4D564C592D44FC990DC7B621BF74CF9"><enum>1.</enum><header>Short title</header><text display-inline="no-display-inline">This Act may be cited as the <quote><short-title>Special Districts Provide Essential Services Act</short-title></quote>.</text></section><section id="HE50B0D2BC8CC40168DE607E2AD80FBD6"><enum>2.</enum><header>Inclusion of special districts in the coronavirus relief fund</header><subsection id="H024A259D596743648F935764D98B8494"><enum>(a)</enum><header>In general</header><text display-inline="yes-display-inline">Section 601(a) of the Social Security Act (<external-xref legal-doc="usc" parsable-cite="usc/42/801">42 U.S.C. 801(a)</external-xref>) is amended by adding at the end the following new paragraph:</text><quoted-block style="OLC" display-inline="no-display-inline" id="HA1E48D2A54A34F289032C12EBB43A5D6"><paragraph id="HDFFB56BE87004F37925816306FAFFC7F"><enum>(3)</enum><header>Funds for special districts</header><text display-inline="yes-display-inline">If an amount in excess of $150,000,000,000 is appropriated for payments made under this section, special districts shall be eligible for payments from the portion of such excess amount paid to States in accordance with subsection (c)(6).</text></paragraph><after-quoted-block>.</after-quoted-block></quoted-block></subsection><subsection id="HEEF0FA9FBBE841C6858FE78ED2502407"><enum>(b)</enum><header>Amount for special districts</header><text>Section 601(c) of the Social Security Act (<external-xref legal-doc="usc" parsable-cite="usc/42/801">42 U.S.C. 801(c)</external-xref>) is amended—</text><paragraph id="HB261355495454A02837A3590856C407D"><enum>(1)</enum><text>by redesignating paragraphs (6) through (8) as paragraphs (8) through (10), respectively; and</text></paragraph><paragraph id="H82B1F68305804F97A66F7D64DD5619B7"><enum>(2)</enum><text>by inserting after paragraph (5) the following new paragraphs:</text><quoted-block style="OLC" display-inline="no-display-inline" id="idF3AB5D29909445019D48B449A45974DD"><paragraph id="H43CE1DA74D314BFDB534160E37671E63"><enum>(6)</enum><header>Special districts</header><subparagraph id="id0C868B7C801C4BA2A76B341CF8DB24FE"><enum>(A)</enum><header>In general</header><text display-inline="yes-display-inline">If a portion of any excess amount described in subsection (a)(3) is paid to a State, the State shall allocate at least 5 percent of such portion for distributing payments to special districts in the State that submit to the Governor of the State or the entity designated by the Governor to distribute such payments (referred to in this paragraph as the <term>designated payment entity</term>) a request for a payment during the COVID–19 emergency and information described in subparagraph (B) demonstrating the need for the payment, which the Governor of the State or the designated payment entity has determined, on the basis of a good faith effort, is accurate.</text></subparagraph><subparagraph id="id24A50F35E74749FFA015FBC609359011"><enum>(B)</enum><header>Information described</header><text>Information described in this subparagraph is written documentation demonstrating with respect to a comparable period before the COVID–19 emergency that the special district has experienced or is likely to experience during the COVID–19 emergency—</text><clause id="idE23230BAB643405CA82E7ECFD91BE1E6"><enum>(i)</enum><text>reduced revenue or operational funding derived from provided services, taxes, fees, or other sources of revenue; </text></clause><clause id="idC0452A17872C409A95375DF6D2C6A438"><enum>(ii)</enum><text>reduced indirect funding from the Federal Government, the State, or a unit of general government below the State level; or</text></clause><clause id="id4494B992CC0E429E8FD1CEFCC12C724E"><enum>(iii)</enum><text>as a result of the COVID–19 emergency, increased expenditures necessary to continue operations.</text></clause></subparagraph><subparagraph id="idAF371481089343BCAE93ABF4E777D5A2"><enum>(C)</enum><header>Amount of payment</header><clause id="id36C07EC1D1DC407C9171940CC8BE8D10"><enum>(i)</enum><header>In general</header><text>Subject to clauses (ii) and (iii), the amount of the payment for a special district shall be determined by the Governor or the State or the designated payment entity, taking into consideration the extent of a projected budget shortfall for the special district during the COVID–19 emergency and the need of the special district to supplement projected revenue.</text></clause><clause id="idEA13CFADD31E4A618A3687CFF68E6834"><enum>(ii)</enum><header>Limitation</header><text>Except as provided in clause (iii), the amount paid to a special district shall not exceed the amount of expenditures made by the special district for any quarter of calendar year 2019.</text></clause><clause id="idC424BBCA10BF46DCA3323A9CB9F41DDF"><enum>(iii)</enum><header>Exception for providers of essential critical infrastructure sector services</header><text>If a special district provides essential critical infrastructure sector services (as defined by the Cybersecurity and Infrastructure Security Agency of the Department of Homeland Security), the amount paid to the special district may exceed the limit applicable under clause (ii).</text></clause><clause id="id9347CE4F930D4732B46F0317BBE5F1A1"><enum>(iv)</enum><header>Rule of construction</header><text>Nothing in the preceding clauses of this subparagraph shall be construed as requiring payment of an amount sufficient to provide a special district with full operational funding during the COVID–19 emergency. </text></clause></subparagraph><subparagraph id="id493BC6F2C2C94923A25E9E5364FF9937"><enum>(D)</enum><header>Responsible authority for recoupment</header><text>If it is determined that a payment made to a special district did not comply with the requirements of the preceding subparagraphs, or was otherwise fraudulent or improper, the special district shall be liable for the debt owed to the Federal Government under subsection (f), unless all or a part of the basis for such determination is that the determination required under subparagraph (A) regarding the accuracy of the information demonstrating the need for the payment was not made in good faith, in which case the State shall be liable for all or a part of such debt, as the Secretary determines appropriate. </text></subparagraph><subparagraph id="id8459ABCCA93E49669F7BDC6CCCD64D34"><enum>(E)</enum><header>Deadline for distribution of funds</header><text display-inline="yes-display-inline">Payments to special districts in a State shall be distributed not later than 60 days after the State receives a payment from any excess amount described in subsection (a)(3).</text></subparagraph><subparagraph id="idf9554af2394549ac89cf3edaec8e7c85"><enum>(F)</enum><header>COVID–19 emergency</header><text>For purposes of this paragraph, the term <term>COVID–19 emergency</term> means the public health emergency declared by the Secretary of Health and Human Services pursuant to section 319 of the Public Health Service Act on January 31, 2020, entitled <quote>Determination that a Public Health Emergency Exists Nationwide as the Result of the 2019 Novel Coronavirus</quote> and includes any renewal of such declaration pursuant to such section 319. </text></subparagraph></paragraph><paragraph id="id6923679AE2354FC795172E32303A07D9"><enum>(7)</enum><header>Excess funds waiver</header><subparagraph id="idFF30B71C5A2D491AB533A3F31C4681B0"><enum>(A)</enum><header>In general</header><text>If a State has allocated funds from a payment to the State described in paragraph (6) to special districts in that State, but has not met the 5 percent allocation requirement of that paragraph, the Governor of the State may submit to the Secretary, in writing, a request for an excess funds waiver to exempt the State from having to make additional allocations from such funds to make up the remainder of such 5 percent requirement, and to allow the State to use the funds remaining in accordance with this section.</text></subparagraph><subparagraph id="id7B94119AD3DA44388CA32206FE3CD19F"><enum>(B)</enum><header>Requirements</header><text>A waiver request submitted under subparagraph (A) shall provide—</text><clause id="idBFAEF9331CE24F3BA854CD9383B899EB"><enum>(i)</enum><text>information regarding how funds from the payment to the State described in paragraph (6) were allocated to special districts in the State and otherwise used; and </text></clause><clause id="id142AAD5EDB6C4EF487C997B655483811"><enum>(ii)</enum><text>an explanation why the requirement for the State to meet the 5 percent allocation requirement of paragraph (6) should be waived. </text></clause></subparagraph><subparagraph id="id687E06C6515845B1B772ACC085405881"><enum>(C)</enum><header>Deadlines</header><clause id="id43D6CFE54DB0494EA37CEC2F60E19A9F"><enum>(i)</enum><header>Waiver request</header><text>A request for an excess funds waiver shall be submitted to the Secretary not later than 60 days after the State receives a payment described in paragraph (6).</text></clause><clause id="id8D850E05F328419E834F7E400CFCC444"><enum>(ii)</enum><header>Approval or disapproval</header><text>The Secretary shall approve or disapprove a waiver request submitted under subparagraph (A), in writing, not later than 14 days after the Secretary receives the request.</text></clause></subparagraph></paragraph><after-quoted-block>.</after-quoted-block></quoted-block></paragraph></subsection><subsection id="HF25DC5F8F72746F9B3890631FC1ACEA9"><enum>(c)</enum><header>Definition of special district</header><text>Section 601(g) of the Social Security Act (<external-xref legal-doc="usc" parsable-cite="usc/42/801">42 U.S.C. 801(g)</external-xref>) is amended—</text><paragraph id="HEA5565BF0DF64445B3995FAABEE6B2CC"><enum>(1)</enum><text>by redesignating paragraphs (4) through (5) as paragraphs (5) through (6), respectively; and</text></paragraph><paragraph id="H7FA37F79F62C4709B3B266C88472BF50"><enum>(2)</enum><text>by inserting after paragraph (3) the following new paragraph:</text><quoted-block style="OLC" display-inline="no-display-inline" id="H2A6C3ED7423B4E23BA0CD1FC001111A9"><paragraph id="H10EE87BB6F2942CABC7FD34A0E1EEA69"><enum>(4)</enum><header>Special district</header><text display-inline="yes-display-inline">The term <term>special district</term> means a political subdivision of a State, formed pursuant to general law or special act of the State, for the purpose of performing one or more governmental or proprietary functions.</text></paragraph><after-quoted-block>.</after-quoted-block></quoted-block></paragraph></subsection><subsection id="id054F4B9209C04E98B285B0DD98777101"><enum>(d)</enum><header>Treasury IG oversight authority</header><text>Section 601(f)(2) of such Act (<external-xref legal-doc="usc" parsable-cite="usc/42/801">42 U.S.C. 801(f)(2)</external-xref>) is amended—</text><paragraph id="idC16BE5235C034ED19B39C2F77108E15E"><enum>(1)</enum><text>by inserting <quote>or that a special district or State has not complied with the requirements of paragraph (6) or (7) of subsection (c) (as applicable),</quote> after <quote>subsection (d),</quote>; and</text></paragraph><paragraph id="id5FD50E0B5EC84FD9B23AA10D17BA9F77"><enum>(2)</enum><text>by striking <quote>such subsection</quote> and inserting <quote>subsection (d) or paragraph (6) or (7) of subsection (c) (as applicable)</quote>.</text></paragraph></subsection><subsection id="H65E54E2DAD9A406BA5AC0F2F0F2A53FF"><enum>(e)</enum><header>Update to guidance</header><text>The Secretary of the Treasury shall update any guidance issued with respect to the Coronavirus Relief Fund established under section 601 of the Social Security Act (<external-xref legal-doc="usc" parsable-cite="usc/42/801">42 U.S.C. 801</external-xref>) to reflect the inclusion of special districts as eligible for payments from amounts appropriated under such section, to the extent such amounts exceed $150,000,000,000. </text></subsection></section><section id="HCB9A439A44DF4FDE810ADD07A0C82E74"><enum>3.</enum><header>Including special districts in the municipal liquidity facility</header><text display-inline="no-display-inline">The Board of Governors of the Federal Reserve System shall include special districts, as defined in section 601(g)(4) of the Social Security Act (<external-xref legal-doc="usc" parsable-cite="usc/42/801">42 U.S.C. 801(g)(4)</external-xref>) (as added by section 2(c)), as eligible issuers in the Municipal Liquidity Facility program authorized under section 13(3) of the Federal Reserve Act (<external-xref legal-doc="usc" parsable-cite="usc/12/343">12 U.S.C. 343(3)</external-xref>).</text></section></legis-body></bill> 

