<?xml version="1.0"?>
<?xml-stylesheet type="text/xsl" href="billres.xsl"?>
<!DOCTYPE bill PUBLIC "-//US Congress//DTDs/bill.dtd//EN" "bill.dtd">
<bill bill-stage="Introduced-in-Senate" dms-id="A1" public-private="public" slc-id="S1-ROS21266-2KL-RF-YR2"><metadata xmlns:dc="http://purl.org/dc/elements/1.1/">
<dublinCore>
<dc:title>117 S488 IS: Iran Sanctions Relief Review Act of 2021</dc:title>
<dc:publisher>U.S. Senate</dc:publisher>
<dc:date>2021-02-25</dc:date>
<dc:format>text/xml</dc:format>
<dc:language>EN</dc:language>
<dc:rights>Pursuant to Title 17 Section 105 of the United States Code, this file is not subject to copyright protection and is in the public domain.</dc:rights>
</dublinCore>
</metadata>
<form>
<distribution-code display="yes">II</distribution-code><congress>117th CONGRESS</congress><session>1st Session</session><legis-num>S. 488</legis-num><current-chamber>IN THE SENATE OF THE UNITED STATES</current-chamber><action><action-date date="20210225">February 25, 2021</action-date><action-desc><sponsor name-id="S407">Mr. Hagerty</sponsor> (for himself, <cosponsor name-id="S350">Mr. Rubio</cosponsor>, <cosponsor name-id="S374">Mr. Cotton</cosponsor>, <cosponsor name-id="S384">Mr. Tillis</cosponsor>, <cosponsor name-id="S342">Mr. Blunt</cosponsor>, <cosponsor name-id="S398">Mr. Cramer</cosponsor>, <cosponsor name-id="S287">Mr. Cornyn</cosponsor>, <cosponsor name-id="S410">Ms. Lummis</cosponsor>, <cosponsor name-id="S395">Mrs. Hyde-Smith</cosponsor>, <cosponsor name-id="S376">Ms. Ernst</cosponsor>, <cosponsor name-id="S396">Mrs. Blackburn</cosponsor>, <cosponsor name-id="S344">Mr. Hoeven</cosponsor>, <cosponsor name-id="S317">Mr. Barrasso</cosponsor>, <cosponsor name-id="S345">Mr. Johnson</cosponsor>, <cosponsor name-id="S391">Mr. Young</cosponsor>, <cosponsor name-id="S382">Mr. Sasse</cosponsor>, <cosponsor name-id="S378">Mr. Lankford</cosponsor>, <cosponsor name-id="S399">Mr. Hawley</cosponsor>, <cosponsor name-id="S343">Mr. Boozman</cosponsor>, <cosponsor name-id="S411">Mr. Marshall</cosponsor>, <cosponsor name-id="S372">Mrs. Capito</cosponsor>, and <cosponsor name-id="S318">Mr. Wicker</cosponsor>) introduced the following bill; which was read twice and referred to the <committee-name committee-id="SSFR00">Committee on Foreign Relations</committee-name></action-desc></action><legis-type>A BILL</legis-type><official-title>To provide for congressional review of actions to terminate or waive sanctions imposed with respect to Iran.</official-title></form><legis-body><section id="S1" section-type="section-one"><enum>1.</enum><header>Short title</header><text display-inline="no-display-inline">This Act may be cited as the <quote><short-title>Iran Sanctions Relief Review Act of 2021</short-title></quote>.</text></section><section id="id4b0273bca2bd41a586d87118d2311c94"><enum>2.</enum><header>Congressional review of certain actions relating to sanctions imposed with respect to Iran</header><subsection id="id220326dca523496587987aeb4c575123"><enum>(a)</enum><header>Submission to congress of proposed action</header><paragraph id="id8cbfa062344a4556b33a9113e01adb34"><enum>(1)</enum><header>In general</header><text>Notwithstanding any other provision of law, before taking any action described in paragraph (2), the President shall submit to the appropriate congressional committees and leadership a report that describes the proposed action and the reasons for that action.</text></paragraph><paragraph id="idba2eca5d01534521aac9b424834a11ba"><enum>(2)</enum><header>Actions described</header><subparagraph id="id18b68a4f71504b1c8e82a67a2acc9df9"><enum>(A)</enum><header>In general</header><text>An action described in this paragraph is—</text><clause id="ide06e2862b7c94b878be726b41189f360"><enum>(i)</enum><text>an action to terminate the application of any sanctions described in subparagraph (B);</text></clause><clause id="id94ff51c691954c4ca1bd357c1f3f22c6"><enum>(ii)</enum><text>with respect to sanctions described in subparagraph (B) imposed by the President with respect to a person, an action to waive the application of those sanctions with respect to that person; or</text></clause><clause id="ide2fbf6c297c641dcae833864d87fd3f2"><enum>(iii)</enum><text>a licensing action that significantly alters United States foreign policy with respect to Iran.</text></clause></subparagraph><subparagraph id="idc5755e713cdb41b0b6f80b80e44734a1"><enum>(B)</enum><header>Sanctions described</header><text>The sanctions described in this subparagraph are sanctions with respect to Iran provided for under—</text><clause id="id24e88756fd244bf1a07ee89860f1b0d5"><enum>(i)</enum><text>the Iran Sanctions Act of 1996 (<external-xref legal-doc="public-law" parsable-cite="pl/104/172">Public Law 104–172</external-xref>; <external-xref legal-doc="usc" parsable-cite="usc/50/1701">50 U.S.C. 1701</external-xref> note);</text></clause><clause id="id25d91e35b86340acb93a7716e359ad72"><enum>(ii)</enum><text>the Comprehensive Iran Sanctions, Accountability, and Divestment Act of 2010 (<external-xref legal-doc="usc" parsable-cite="usc/22/8501">22 U.S.C. 8501</external-xref> et seq.);</text></clause><clause id="id2c3ca294d5eb4f649ca76cc610164a81"><enum>(iii)</enum><text>section 1245 of the National Defense Authorization Act for Fiscal Year 2012 (<external-xref legal-doc="usc" parsable-cite="usc/22/8513a">22 U.S.C. 8513a</external-xref>);</text></clause><clause id="id9c837d0905a0464e8647c25b54263e92"><enum>(iv)</enum><text>the Iran Threat Reduction and Syria Human Rights Act of 2012 (<external-xref legal-doc="usc" parsable-cite="usc/22/8701">22 U.S.C. 8701</external-xref> et seq.);</text></clause><clause id="id9e8b974c68e44790a20420c18fd93175"><enum>(v)</enum><text>the Iran Freedom and Counter-Proliferation Act of 2012 (<external-xref legal-doc="usc" parsable-cite="usc/22/8801">22 U.S.C. 8801</external-xref> et seq.);</text></clause><clause id="id1b40835ade9a45cf98133a73ca1e1ad2"><enum>(vi)</enum><text>the International Emergency Economic Powers Act (<external-xref legal-doc="usc" parsable-cite="usc/50/1701">50 U.S.C. 1701</external-xref> note); or</text></clause><clause id="id555f54b9ebdc4de997169fa7363209ab"><enum>(vii)</enum><text>any other statute or Executive order that requires or authorizes the imposition of sanctions with respect to Iran.</text></clause></subparagraph></paragraph><paragraph id="idcd7a378a27f14e45ab64bea9291c9593"><enum>(3)</enum><header>Description of type of action</header><text>Each report submitted under paragraph (1) with respect to an action described in paragraph (2) shall include a description of whether the action—</text><subparagraph id="idfb17f5a3ad014ea1bc02906a4664eab5"><enum>(A)</enum><text>is not intended to significantly alter United States foreign policy with respect to Iran; or</text></subparagraph><subparagraph id="id3709507b3d0a4b05ae2ca32d4fc9ab51"><enum>(B)</enum><text>is intended to significantly alter United States foreign policy with respect to Iran.</text></subparagraph></paragraph><paragraph id="idebdc738b89284b1b9bd370155433ca29"><enum>(4)</enum><header>Inclusion of additional matter</header><subparagraph id="id98a8b82a85644a33aee8de0a99242b3f"><enum>(A)</enum><header>In general</header><text>Each report submitted under paragraph (1) that relates to an action that is intended to significantly alter United States foreign policy with respect to Iran shall include a description of—</text><clause id="id09d5166aa5544d12a24b2125db0ea29b"><enum>(i)</enum><text>the significant alteration to United States foreign policy with respect to Iran;</text></clause><clause id="ide0133203abee48b9a27a495243108cae"><enum>(ii)</enum><text>the anticipated effect of the action on the national security interests of the United States; and</text></clause><clause id="ide467e365174a42d09181d98f8f47270f"><enum>(iii)</enum><text>the policy objectives for which the sanctions affected by the action were initially imposed.</text></clause></subparagraph><subparagraph id="id21ec7bb1d38f4619ad334cc8ec0259ac"><enum>(B)</enum><header>Requests from banking and financial services committees</header><text>The Committee on Banking, Housing, and Urban Affairs of the Senate or the Committee on Financial Services of the House of Representatives may request the submission to the Committee of the matter described in clauses (ii) and (iii) of subparagraph (A) with respect to a report submitted under paragraph (1) that relates to an action that is not intended to significantly alter United States foreign policy with respect to Iran.</text></subparagraph></paragraph><paragraph id="id78ba49f6c29c496f9acd4aeab592aac6"><enum>(5)</enum><header>Confidentiality of proprietary information</header><text>Proprietary information that can be associated with a particular person with respect to an action described in paragraph (2) may be included in a report submitted under paragraph (1) only if the appropriate congressional committees and leadership provide assurances of confidentiality, unless that person otherwise consents in writing to such disclosure.</text></paragraph><paragraph id="ida2eca2d253ae4a75b23bedeb2db90ab2"><enum>(6)</enum><header>Rule of construction</header><text>Paragraph (2)(A)(iii) shall not be construed to require the submission of a report under paragraph (1) with respect to the routine issuance of a license that does not significantly alter United States foreign policy with respect to Iran.</text></paragraph></subsection><subsection id="id72440954341d4b6aa9c87d5f5384e306"><enum>(b)</enum><header>Period for review by congress</header><paragraph id="id2b123c47bddf462ba5ea6bd78ecf3d62"><enum>(1)</enum><header>In general</header><text>During the period of 30 calendar days beginning on the date on which the President submits a report under subsection (a)(1)—</text><subparagraph id="id79e8e08d666f4632b133771e3540e77a"><enum>(A)</enum><text>in the case of a report that relates to an action that is not intended to significantly alter United States foreign policy with respect to Iran, the Committee on Banking, Housing, and Urban Affairs of the Senate and the Committee on Financial Services of the House of Representatives should, as appropriate, hold hearings and briefings and otherwise obtain information in order to fully review the report; and</text></subparagraph><subparagraph id="ida77cea13bbdc44e2b655f870b3e374e8"><enum>(B)</enum><text>in the case of a report that relates to an action that is intended to significantly alter United States foreign policy with respect to Iran, the Committee on Foreign Relations of the Senate and the Committee on Foreign Affairs of the House of Representatives should, as appropriate, hold hearings and briefings and otherwise obtain information in order to fully review the report.</text></subparagraph></paragraph><paragraph id="idc9f58196c71f48089a40498f7c1ce7d2"><enum>(2)</enum><header>Exception</header><text>The period for congressional review under paragraph (1) of a report required to be submitted under subsection (a)(1) shall be 60 calendar days if the report is submitted on or after July 10 and on or before September 7 in any calendar year. </text></paragraph><paragraph id="ide952aaaed5894d2887dcf63b582d0026"><enum>(3)</enum><header>Limitation on actions during initial congressional review period</header><text>Notwithstanding any other provision of law, during the period for congressional review provided for under paragraph (1) of a report submitted under subsection (a)(1) proposing an action described in subsection (a)(2), including any additional period for such review as applicable under the exception provided in paragraph (2), the President may not take that action unless a joint resolution of approval with respect to that action is enacted in accordance with subsection (c).</text></paragraph><paragraph id="id4aeb3846f7b248e0abc18d7070304465"><enum>(4)</enum><header>Limitation on actions during presidential consideration of a joint resolution of disapproval</header><text>Notwithstanding any other provision of law, if a joint resolution of disapproval relating to a report submitted under subsection (a)(1) proposing an action described in subsection (a)(2) passes both Houses of Congress in accordance with subsection (c), the President may not take that action for a period of 12 calendar days after the date of passage of the joint resolution of disapproval.</text></paragraph><paragraph id="id3b9877627c5a480aaa2d3ed737d6ee73"><enum>(5)</enum><header>Limitation on actions during congressional reconsideration of a joint resolution of disapproval</header><text>Notwithstanding any other provision of law, if a joint resolution of disapproval relating to a report submitted under subsection (a)(1) proposing an action described in subsection (a)(2) passes both Houses of Congress in accordance with subsection (c), and the President vetoes the joint resolution, the President may not take that action for a period of 10 calendar days after the date of the President’s veto.</text></paragraph><paragraph id="idd070817215c24ea5b599152f619572da"><enum>(6)</enum><header>Effect of enactment of a joint resolution of disapproval</header><text>Notwithstanding any other provision of law, if a joint resolution of disapproval relating to a report submitted under subsection (a)(1) proposing an action described in subsection (a)(2) is enacted in accordance with subsection (c), the President may not take that action.</text></paragraph></subsection><subsection id="idd3329e52151842feb7f2a6ddc291c032"><enum>(c)</enum><header>Joint resolutions of disapproval or approval</header><paragraph id="id093D9DC1016041139D2BF075C8921FAF"><enum>(1)</enum><header>Definitions</header><text>In this subsection:</text><subparagraph id="id601f1c3404324849b2980dd0fabf24c0"><enum>(A)</enum><header>Joint resolution of approval</header><text>The term <term>joint resolution of approval</term> means only a joint resolution of either House of Congress—</text><clause id="id685723817482404db1efd8c01fc28a8f"><enum>(i)</enum><text>the title of which is as follows: <quote>A joint resolution approving the President's proposal to take an action relating to the application of certain sanctions with respect to Iran.</quote>; and</text></clause><clause id="ide23c34c3b78649f0ab1b62c1628a8772"><enum>(ii)</enum><text>the sole matter after the resolving clause of which is the following: <quote>Congress approves of the action relating to the application of sanctions imposed with respect to Iran proposed by the President in the report submitted to Congress under section 2(a)(1) of the <short-title>Iran Sanctions Relief Review Act of 2021</short-title> on _______ relating to ________.</quote>, with the first blank space being filled with the appropriate date and the second blank space being filled with a short description of the proposed action.</text></clause></subparagraph><subparagraph id="idfe9a7f97cf1149029740010603c43120"><enum>(B)</enum><header>Joint resolution of disapproval</header><text>The term <term>joint resolution of disapproval</term> means only a joint resolution of either House of Congress—</text><clause id="idefb22be27de74de1981755439176d61e"><enum>(i)</enum><text>the title of which is as follows: <quote>A joint resolution disapproving the President's proposal to take an action relating to the application of certain sanctions with respect to Iran.</quote>; and</text></clause><clause id="ide666b3b1ffe3471e9a2ee7c716933363"><enum>(ii)</enum><text>the sole matter after the resolving clause of which is the following: <quote>Congress disapproves of the action relating to the application of sanctions imposed with respect to Iran proposed by the President in the report submitted to Congress under section 2(a)(1) of the <short-title>Iran Sanctions Relief Review Act of 2021</short-title> on _______ relating to ________.</quote>, with the first blank space being filled with the appropriate date and the second blank space being filled with a short description of the proposed action.</text></clause></subparagraph></paragraph><paragraph id="ide762fad4a46149f8bbcfc5d5439d972f"><enum>(2)</enum><header>Introduction</header><text>During the period of 30 calendar days provided for under subsection (b)(1), including any additional period as applicable under the exception provided in subsection (b)(2), a joint resolution of approval or joint resolution of disapproval may be introduced—</text><subparagraph id="id7de52fb5782346c7972bf634ae553cf2"><enum>(A)</enum><text>in the House of Representatives, by the majority leader or the minority leader; and</text></subparagraph><subparagraph id="id5c0b3bd9cfc04b9aaea20bdd70d3531b"><enum>(B)</enum><text>in the Senate, by the majority leader (or the majority leader's designee) or the minority leader (or the minority leader's designee).</text></subparagraph></paragraph><paragraph id="id0124d63170514867ab61cad33059f09d"><enum>(3)</enum><header>Floor consideration in house of representatives</header><text>If a committee of the House of Representatives to which a joint resolution of approval or joint resolution of disapproval has been referred has not reported the joint resolution within 10 calendar days after the date of referral, that committee shall be discharged from further consideration of the joint resolution.</text></paragraph><paragraph id="idd2e7413f1c8d4581bf5c35721b843d3b"><enum>(4)</enum><header>Consideration in the senate</header><subparagraph id="idb08660869ed5461bbfb7a31592006d51"><enum>(A)</enum><header>Committee referral</header><text>A joint resolution of approval or joint resolution of disapproval introduced in the Senate shall be—</text><clause id="id55579db0c23f4561ac580ac358d6c97c"><enum>(i)</enum><text>referred to the Committee on Banking, Housing, and Urban Affairs if the joint resolution relates to a report under subsection (a)(3)(A) that relates to an action that is not intended to significantly alter United States foreign policy with respect to Iran; and</text></clause><clause id="idebc4b3262084415498e1012685be3953"><enum>(ii)</enum><text>referred to the Committee on Foreign Relations if the joint resolution relates to a report under subsection (a)(3)(B) that relates to an action that is intended to significantly alter United States foreign policy with respect to Iran.</text></clause></subparagraph><subparagraph id="idf3251c92106c4e0d83f2ac6486bac6cb"><enum>(B)</enum><header>Reporting and discharge</header><text>If the committee to which a joint resolution of approval or joint resolution of disapproval was referred has not reported the joint resolution within 10 calendar days after the date of referral of the joint resolution, that committee shall be discharged from further consideration of the joint resolution and the joint resolution shall be placed on the appropriate calendar.</text></subparagraph><subparagraph id="ide5aaf81ee9604e16808087cd9a3b0e83"><enum>(C)</enum><header>Proceeding to consideration</header><text>Notwithstanding Rule XXII of the Standing Rules of the Senate, it is in order at any time after the Committee on Banking, Housing, and Urban Affairs or the Committee on Foreign Relations, as the case may be, reports a joint resolution of approval or joint resolution of disapproval to the Senate or has been discharged from consideration of such a joint resolution (even though a previous motion to the same effect has been disagreed to) to move to proceed to the consideration of the joint resolution, and all points of order against the joint resolution (and against consideration of the joint resolution) are waived. The motion to proceed is not debatable. The motion is not subject to a motion to postpone. A motion to reconsider the vote by which the motion is agreed to or disagreed to shall not be in order.</text></subparagraph><subparagraph id="id71517ec56cbe4170938b4ada17655a37"><enum>(D)</enum><header>Rulings of the chair on procedure</header><text>Appeals from the decisions of the Chair relating to the application of the rules of the Senate, as the case may be, to the procedure relating to a joint resolution of approval or joint resolution of disapproval shall be decided without debate.</text></subparagraph><subparagraph id="id383ec6269ead46358cffc998d0c52059"><enum>(E)</enum><header>Consideration of veto messages</header><text>Debate in the Senate of any veto message with respect to a joint resolution of approval or joint resolution of disapproval, including all debatable motions and appeals in connection with the joint resolution, shall be limited to 10 hours, to be equally divided between, and controlled by, the majority leader and the minority leader or their designees.</text></subparagraph></paragraph><paragraph id="id7efe54a413c04f3594d2f9cb937be8f2"><enum>(5)</enum><header>Rules relating to senate and house of representatives</header><subparagraph id="idb8caccca9edf45d4813d2678d41de12f"><enum>(A)</enum><header>Treatment of senate joint resolution in house</header><text>In the House of Representatives, the following procedures shall apply to a joint resolution of approval or a joint resolution of disapproval received from the Senate (unless the House has already passed a joint resolution relating to the same proposed action):</text><clause id="id1bc52f9c63934a5ebf7c50bdb7e4d4fd"><enum>(i)</enum><text>The joint resolution shall be referred to the appropriate committees.</text></clause><clause id="idd3e05359eb424c5a885eef5e8c82fcde"><enum>(ii)</enum><text>If a committee to which a joint resolution has been referred has not reported the joint resolution within 2 calendar days after the date of referral, that committee shall be discharged from further consideration of the joint resolution.</text></clause><clause id="id11ce3d5c9a714ad48d0085ee612290b6"><enum>(iii)</enum><text>Beginning on the third legislative day after each committee to which a joint resolution has been referred reports the joint resolution to the House or has been discharged from further consideration thereof, it shall be in order to move to proceed to consider the joint resolution in the House. All points of order against the motion are waived. Such a motion shall not be in order after the House has disposed of a motion to proceed on the joint resolution. The previous question shall be considered as ordered on the motion to its adoption without intervening motion. The motion shall not be debatable. A motion to reconsider the vote by which the motion is disposed of shall not be in order.</text></clause><clause id="id90a0e9dd40dd4953900033b2f0e0edda"><enum>(iv)</enum><text>The joint resolution shall be considered as read. All points of order against the joint resolution and against its consideration are waived. The previous question shall be considered as ordered on the joint resolution to final passage without intervening motion except 2 hours of debate equally divided and controlled by the sponsor of the joint resolution (or a designee) and an opponent. A motion to reconsider the vote on passage of the joint resolution shall not be in order.</text></clause></subparagraph><subparagraph id="ida9fc15034cd4494281f97e7a174d3e56"><enum>(B)</enum><header>Treatment of house joint resolution in senate</header><clause id="id903c0015f580474ca5e651c146a57f18"><enum>(i)</enum><header>Receipt before passage</header><text>If, before the passage by the Senate of a joint resolution of approval or joint resolution of disapproval, the Senate receives an identical joint resolution from the House of Representatives, the following procedures shall apply:</text><subclause id="id3633530835d64c508871abaa0f564284"><enum>(I)</enum><text>That joint resolution shall not be referred to a committee.</text></subclause><subclause id="id16dbd04bb6024a6fb210858d36336757"><enum>(II)</enum><text>With respect to that joint resolution—</text><item id="idd58e72120f4640d6a9668a142ec13fd6"><enum>(aa)</enum><text>the procedure in the Senate shall be the same as if no joint resolution had been received from the House of Representatives; but</text></item><item id="id63185a4815c9435c871e05209117ab2a"><enum>(bb)</enum><text>the vote on passage shall be on the joint resolution from the House of Representatives.</text></item></subclause></clause><clause id="idc6e7e3f1ff3f4c9dbe3ec85770373c4b"><enum>(ii)</enum><header>Receipt after passage</header><text>If, following passage of a joint resolution of approval or joint resolution of disapproval in the Senate, the Senate receives an identical joint resolution from the House of Representatives, that joint resolution shall be placed on the appropriate Senate calendar.</text></clause><clause id="idbb79c3fe8e2f4f7fbfea82908b28df95"><enum>(iii)</enum><header>No companion measure</header><text>If a joint resolution of approval or a joint resolution of disapproval is received from the House, and no companion joint resolution has been introduced in the Senate, the Senate procedures under this subsection shall apply to the House joint resolution.</text></clause></subparagraph><subparagraph id="id78b67a548b9d42a99a76e004c84dc3d5"><enum>(C)</enum><header>Application to revenue measures</header><text>The provisions of this paragraph shall not apply in the House of Representatives to a joint resolution of approval or joint resolution of disapproval that is a revenue measure.</text></subparagraph></paragraph><paragraph id="id166f576088ce49f39fbca0e63ee85163"><enum>(6)</enum><header>Rules of house of representatives and senate</header><text>This subsection is enacted by Congress—</text><subparagraph id="id770a730e528c4af5b1b07a5ca09c37d6"><enum>(A)</enum><text>as an exercise of the rulemaking power of the Senate and the House of Representatives, respectively, and as such is deemed a part of the rules of each House, respectively, and supersedes other rules only to the extent that it is inconsistent with such rules; and</text></subparagraph><subparagraph id="id703548dcd2f347cb863351074b028dbb"><enum>(B)</enum><text>with full recognition of the constitutional right of either House to change the rules (so far as relating to the procedure of that House) at any time, in the same manner, and to the same extent as in the case of any other rule of that House.</text></subparagraph></paragraph></subsection><subsection id="id9ce0b1e64b4a46e79513dcfb5b1ce007"><enum>(d)</enum><header>Appropriate congressional committees and leadership defined</header><text>In this section, the term <term>appropriate congressional committees and leadership</term> means—</text><paragraph id="id814fb3f44f104cc9a3b1475ed44b9f5f"><enum>(1)</enum><text>the Committee on Banking, Housing, and Urban Affairs, the Committee on Foreign Relations, and the majority and minority leaders of the Senate; and</text></paragraph><paragraph id="idc63b918883c44c749ade48de827914f5"><enum>(2)</enum><text>the Committee on Financial Services, the Committee on Foreign Affairs, and the Speaker, the majority leader, and the minority leader of the House of Representatives. </text></paragraph></subsection></section></legis-body></bill> 

