<?xml version="1.0"?>
<?xml-stylesheet type="text/xsl" href="billres.xsl"?>
<!DOCTYPE bill PUBLIC "-//US Congress//DTDs/bill.dtd//EN" "bill.dtd">
<bill bill-stage="Introduced-in-Senate" dms-id="A1" public-private="public" slc-id="S1-ARM21060-1HM-WG-S84"><metadata xmlns:dc="http://purl.org/dc/elements/1.1/">
<dublinCore>
<dc:title>117 S221 IS: United States-Israel PTSD Collaborative Research Act</dc:title>
<dc:publisher>U.S. Senate</dc:publisher>
<dc:date>2021-02-04</dc:date>
<dc:format>text/xml</dc:format>
<dc:language>EN</dc:language>
<dc:rights>Pursuant to Title 17 Section 105 of the United States Code, this file is not subject to copyright protection and is in the public domain.</dc:rights>
</dublinCore>
</metadata>
<form>
<distribution-code display="yes">II</distribution-code><congress>117th CONGRESS</congress><session>1st Session</session><legis-num>S. 221</legis-num><current-chamber>IN THE SENATE OF THE UNITED STATES</current-chamber><action><action-date date="20210204">February 4, 2021</action-date><action-desc><sponsor name-id="S347">Mr. Moran</sponsor> (for himself, <cosponsor name-id="S306">Mr. Menendez</cosponsor>, <cosponsor name-id="S376">Ms. Ernst</cosponsor>, and <cosponsor name-id="S308">Mr. Cardin</cosponsor>) introduced the following bill; which was read twice and referred to the <committee-name committee-id="SSFR00">Committee on Foreign Relations</committee-name></action-desc></action><legis-type>A BILL</legis-type><official-title>To direct the Secretary of Defense to carry out a grant program to increase cooperation on post-traumatic stress disorder research between the United States and Israel.</official-title></form><legis-body><section id="S1" section-type="section-one"><enum>1.</enum><header>Short title</header><text display-inline="no-display-inline">This Act may be cited as the <quote><short-title>United States-Israel PTSD Collaborative Research Act</short-title></quote>.</text></section><section id="H08B465F4D0974A31AD27A09955A1AB8A"><enum>2.</enum><header>Findings</header><text display-inline="no-display-inline">Congress makes the following findings:</text><paragraph id="H8EF46085C7944AD398D4514F4711B901"><enum>(1)</enum><text>The Department of Veterans Affairs reports that between 11 and 20 percent of veterans who served in Operation Iraqi Freedom and Operation Enduring Freedom have post-traumatic stress disorder (PTSD) in a given year. In addition, that figure amounts to about 12 percent of Gulf War veterans and up to 30 percent of Vietnam veterans.</text></paragraph><paragraph id="HD39906FA1B1B441887890937DE006E20"><enum>(2)</enum><text>The Department of Veterans Affairs reports that among women veterans of the conflicts in Iraq and Afghanistan, almost 20 percent have been diagnosed with PTSD.</text></paragraph><paragraph id="H3DE73CB4D44143279419B626D7108464"><enum>(3)</enum><text>In the United States, it is thought that 70 percent of Americans have experienced at least one traumatic event in their lifetime, and approximately 20 percent of those persons have struggled or continue to struggle with symptoms of PTSD.</text></paragraph><paragraph id="HFC13F476FD2346B198D15F202B0ED8FD"><enum>(4)</enum><text>Studies show that PTSD has links to homelessness and substance abuse in the United States. The Department of Veterans Affairs estimates that approximately 11 percent of the homeless population are veterans and the Substance Abuse and Mental Health Services Administration estimates that about 7 percent of veterans have a substance abuse disorder.</text></paragraph><paragraph id="H4C376DB12B5C46F9B378135F9E98F8B2"><enum>(5)</enum><text>Our ally Israel, under constant attack from terrorist groups, experiences similar issues with Israeli veterans facing PTSD symptoms. Tel Aviv University’s National Center for Traumatic Stress and Resilience found that 5 to 8 percent of combat soldiers experience some form of PTSD, and during wartime, that figure rises to 15 to 20 percent.</text></paragraph><paragraph id="H5EA6CBD6DB5849A982D2F59EC74DCF84"><enum>(6)</enum><text>Current treatment options in the United States focus on cognitive therapy, exposure therapy, or eye movement desensitization and reprocessing, but the United States must continue to look for more effective treatments. Several leading Israeli hospitals, academic institutions, and nonprofits dedicate research and services to treating PTSD.</text></paragraph></section><section id="H7110034ECB4046D19B23B3DD486E18E2" section-type="subsequent-section"><enum>3.</enum><header>Grant program for increased cooperation on post-traumatic stress disorder research between United
 States and Israel</header><subsection id="HDD852C4ECDAE4FBD8139CD2920FB63E8"><enum>(a)</enum><header>Sense of Congress</header><text display-inline="yes-display-inline">It is the sense of Congress that the Secretary of Defense, acting through the Psychological Health and Traumatic Brain Injury Research Program, should seek to explore scientific collaboration between American academic institutions and nonprofit research entities, and Israeli institutions with expertise in researching, diagnosing, and treating post-traumatic stress disorder.</text></subsection><subsection id="HDD5965EEE72E4A86A316109EDBD5D978"><enum>(b)</enum><header>Grant program</header><text display-inline="yes-display-inline">The Secretary of Defense, in coordination with the Secretary of Veterans Affairs and the Secretary of State, shall award grants to eligible entities to carry out collaborative research between the United States and Israel with respect to post-traumatic stress disorders. The Secretary of Defense shall carry out the grant program under this section in accordance with the agreement titled <quote>Agreement Between the Government of the United States of America and the Government of Israel on the United States-Israel Binational Science Foundation</quote>, dated September 27, 1972.</text></subsection><subsection id="H2BCA66C1A0F44873A4626E01A700DA59"><enum>(c)</enum><header>Eligible entities</header><text display-inline="yes-display-inline">To be eligible to receive a grant under this section, an entity shall be an academic institution or a nonprofit entity located in the United States.</text></subsection><subsection id="H81A5709E39094BF8BCE320FA0137DC0A"><enum>(d)</enum><header>Award</header><text>The Secretary shall award grants under this section to eligible entities that—</text><paragraph id="HA3EC15692080448D8273893BA864AEB4"><enum>(1)</enum><text>carry out a research project that—</text><subparagraph id="HE8471D6EFF4B4158B7AB5C27A0959B62"><enum>(A)</enum><text display-inline="yes-display-inline">addresses a requirement in the area of post-traumatic stress disorders that the Secretary determines appropriate to research using such grant; and</text></subparagraph><subparagraph id="H160C40DAB06F4F858F5AF34C7B3B6A56"><enum>(B)</enum><text>is conducted by the eligible entity and an entity in Israel under a joint research agreement; and</text></subparagraph></paragraph><paragraph id="H65FF24A398C546C3B076AB185319C8F6"><enum>(2)</enum><text display-inline="yes-display-inline">meet such other criteria that the Secretary may establish.</text></paragraph></subsection><subsection id="HFC52042D97AB4314A86FB8C2F5A00181"><enum>(e)</enum><header>Application</header><text display-inline="yes-display-inline">To be eligible to receive a grant under this section, an eligible entity shall submit an application to the Secretary at such time, in such manner, and containing such commitments and information as the Secretary may require.</text></subsection><subsection commented="no" id="H1D56F5768F2D411CB234AF46E1711427"><enum>(f)</enum><header>Gift authority</header><text display-inline="yes-display-inline">The Secretary may accept, hold, and administer, any gift of money made on the condition that the gift be used for the purpose of the grant program under this section. Such gifts of money accepted under this subsection shall be deposited in the Treasury in the Department of Defense General Gift Fund and shall be available, subject to appropriation, without fiscal year limitation.</text></subsection><subsection id="HBA1E86DE39314FD18F159F7933608CD6"><enum>(g)</enum><header>Reports</header><text>Not later than 180 days after the date on which an eligible entity completes a research project using a grant under this section, the Secretary shall submit to Congress a report that contains—</text><paragraph id="HCA904099EBE84F87B2843CCC0E81707D"><enum>(1)</enum><text>a description of how the eligible entity used the grant; and</text></paragraph><paragraph id="H116227D613514C8981E912AC6EB85563"><enum>(2)</enum><text>an evaluation of the level of success of the research project.</text></paragraph></subsection><subsection id="HD955653A58DC40A4A9BE526650E5DA19" commented="no" display-inline="no-display-inline"><enum>(h)</enum><header>Termination</header><text>The authority to award grants under this section shall terminate on the date that is 7 years after the date on which the first such grant is awarded. </text></subsection></section></legis-body></bill>


