<?xml version="1.0"?>
<?xml-stylesheet type="text/xsl" href="billres.xsl"?>
<!DOCTYPE bill PUBLIC "-//US Congress//DTDs/bill.dtd//EN" "bill.dtd">
<bill bill-type="olc" bill-stage="Introduced-in-Senate" dms-id="A1" public-private="public" slc-id="S1-OTT21037-P6L-PG-L0X"><metadata xmlns:dc="http://purl.org/dc/elements/1.1/">
<dublinCore>
<dc:title>117 S94 IS: Hire Student Veterans Act</dc:title>
<dc:publisher>U.S. Senate</dc:publisher>
<dc:date>2021-01-28</dc:date>
<dc:format>text/xml</dc:format>
<dc:language>EN</dc:language>
<dc:rights>Pursuant to Title 17 Section 105 of the United States Code, this file is not subject to copyright protection and is in the public domain.</dc:rights>
</dublinCore>
</metadata>
<form>
<distribution-code display="yes">II</distribution-code><congress>117th CONGRESS</congress><session>1st Session</session><legis-num>S. 94</legis-num><current-chamber>IN THE SENATE OF THE UNITED STATES</current-chamber><action><action-date date="20210128">January 28, 2021</action-date><action-desc><sponsor name-id="S402">Ms. Rosen</sponsor> (for herself, <cosponsor name-id="S347">Mr. Moran</cosponsor>, <cosponsor name-id="S398">Mr. Cramer</cosponsor>, <cosponsor name-id="S284">Ms. Stabenow</cosponsor>, <cosponsor name-id="S375">Mr. Daines</cosponsor>, and <cosponsor name-id="S354">Ms. Baldwin</cosponsor>) introduced the following bill; which was read twice and referred to the <committee-name committee-id="SSFI00">Committee on Finance</committee-name></action-desc></action><legis-type>A BILL</legis-type><official-title>To amend the Internal Revenue Code of 1986 to provide the work opportunity tax credit with respect to hiring veterans who are receiving educational assistance under laws administered by the Secretary of Veterans Affairs or Defense.</official-title></form><legis-body style="OLC" display-enacting-clause="yes-display-enacting-clause" id="H1EB0D8E884B041BBB0DA680C8F3086B0"><section section-type="section-one" id="H1DD1501A38CB4D06A3B95BF5B7659918"><enum>1.</enum><header>Short title</header><text display-inline="no-display-inline">This Act may be cited as the <quote><short-title>Hire Student Veterans Act</short-title></quote>.</text></section><section id="H17EA66D0B17D44498529603753E51E3E"><enum>2.</enum><header>Work opportunity tax credit for hiring veterans receiving educational assistance under laws administered by the Secretary of Veterans Affairs or Defense</header><subsection id="H532AE33127124C77B357A829ECE43FC2"><enum>(a)</enum><header>In general</header><text display-inline="yes-display-inline"><external-xref legal-doc="usc" parsable-cite="usc/26/51">Section 51(d)(3)(A)</external-xref> of the Internal Revenue Code of 1986 is amended by striking <quote>or</quote> at the end of clause (iii), by striking the period at the end of clause (iv) and inserting <quote>, or</quote>, and by adding at the end the following new clause:</text><quoted-block style="OLC" display-inline="no-display-inline" id="HBFDA9C0F9205464BAE282A4756CF07D9"><clause id="H6E277359A66F4AED8CF060E76D94B540"><enum>(v)</enum><text display-inline="yes-display-inline">attending an educational institution by means of educational assistance provided under chapter 30, 31, 32, 33, or 34 of title 38, United States Code, or chapter 1606 or 1607 of title 10, United States Code.</text></clause><after-quoted-block>.</after-quoted-block></quoted-block></subsection><subsection id="HB467D90F71A346B28495D8A3EE984A37"><enum>(b)</enum><header>Modification of minimum employment period</header><text><external-xref legal-doc="usc" parsable-cite="usc/26/51">Section 51(i)(3)(A)</external-xref> of the Internal Revenue Code of 1986 is amended by inserting <quote>(other than a qualified veteran described in subsection (d)(3)(A)(v))</quote> after <quote>In the case of an individual</quote>.</text></subsection><subsection id="HB9E3B63F94804FB7B51B4E4D6ABAC0C1"><enum>(c)</enum><header>Effective date</header><text>The amendments made by this section shall apply to individuals who begin work for the employer after the date of the enactment of this Act.</text></subsection></section></legis-body></bill>


