<?xml version="1.0"?>
<?xml-stylesheet type="text/xsl" href="billres.xsl"?>
<!DOCTYPE bill PUBLIC "-//US Congress//DTDs/bill.dtd//EN" "bill.dtd">
<bill bill-stage="Introduced-in-Senate" dms-id="A1" public-private="public" slc-id="S1-MCG21070-FNH-K8-T23"><metadata xmlns:dc="http://purl.org/dc/elements/1.1/">
<dublinCore>
<dc:title>117 S126 IS: Tax Cuts and Jobs Act</dc:title>
<dc:publisher>U.S. Senate</dc:publisher>
<dc:date>2021-01-28</dc:date>
<dc:format>text/xml</dc:format>
<dc:language>EN</dc:language>
<dc:rights>Pursuant to Title 17 Section 105 of the United States Code, this file is not subject to copyright protection and is in the public domain.</dc:rights>
</dublinCore>
</metadata>
<form>
<distribution-code display="yes">II</distribution-code><congress>117th CONGRESS</congress><session>1st Session</session><legis-num>S. 126</legis-num><current-chamber>IN THE SENATE OF THE UNITED STATES</current-chamber><action><action-date date="20210128">January 28, 2021</action-date><action-desc><sponsor name-id="S355">Mr. Cruz</sponsor> (for himself, <cosponsor name-id="S376">Ms. Ernst</cosponsor>, <cosponsor name-id="S397">Mr. Braun</cosponsor>, and <cosponsor name-id="S236">Mr. Inhofe</cosponsor>) introduced the following bill; which was read twice and referred to the <committee-name committee-id="SSFI00">Committee on Finance</committee-name></action-desc></action><legis-type>A BILL</legis-type><official-title>To amend the Internal Revenue Code of 1986 to make permanent the individual tax provisions of the tax reform law, and for other purposes.</official-title></form><legis-body display-enacting-clause="yes-display-enacting-clause"><section section-type="section-one" id="idBE2450C9EFB84A9086B31ACE2B911E53"><enum>1.</enum><header>Permanent modification of individual rate brackets</header><subsection commented="no" display-inline="no-display-inline" id="id668189593F054B2EA923F30341D90CA8"><enum>(a)</enum><header display-inline="yes-display-inline">Married individuals filing joint returns and surviving spouses</header><text display-inline="yes-display-inline">The table contained in subsection (a) of <external-xref legal-doc="usc" parsable-cite="usc/26/1">section 1</external-xref> of the Internal Revenue Code of 1986 is amended to read as follows:</text><quoted-block style="OLC" display-inline="no-display-inline" id="idA54339F660084A189E7E2B522DA19522"><table blank-lines-before="1" align-to-level="section" colsep="0" frame="none" line-rules="hor" rowsep="1" rule-weights="0.0.0.0.0.4" table-template-name="Tax Rate" table-type=""><tgroup cols="2" no-carding="1" rowsep="1"><colspec coldef="txt" colname="column1" colwidth="175pts" min-data-value="140"></colspec><colspec coldef="txt" colname="column2" colwidth="150pts" min-data-value="120"></colspec><thead><row><entry align="left" colname="column1" morerows="0" namest="column1" rowsep="0"><bold>If taxable income is:</bold></entry><entry align="right" colname="column2" morerows="0" namest="column2" rowsep="0"><bold>The tax is:</bold></entry></row></thead><tbody><row><entry align="left" colname="column1" leader-modify="force-ldr-bottom" rowsep="0" stub-definition="txt-ldr">Not over $19,050</entry><entry align="right" colname="column2" rowsep="0">10% of taxable income.</entry></row><row><entry align="left" colname="column1" leader-modify="force-ldr-bottom" rowsep="0" stub-definition="txt-ldr-start">Over $19,050 but not over $77,400</entry><entry align="right" colname="column2" rowsep="0">$1,905, plus 12% of the excess over $19,050.</entry></row><row><entry align="left" colname="column1" leader-modify="force-ldr-bottom" rowsep="0" stub-definition="txt-ldr">Over $77,400 but not over $165,000</entry><entry align="right" colname="column2" rowsep="0">$8,907, plus 22% of the excess over $77,400.</entry></row><row><entry align="left" colname="column1" leader-modify="force-ldr-bottom" rowsep="0" stub-definition="txt-ldr">Over $165,000 but not over $315,000</entry><entry align="right" colname="column2" rowsep="0">$28,179, plus 24% of the excess over $165,000.</entry></row><row><entry align="left" colname="column1" leader-modify="force-ldr-bottom" rowsep="0" stub-definition="txt-ldr">Over $315,000 but not over $400,000</entry><entry align="right" colname="column2" rowsep="0">$64,179, plus 32% of the excess over $315,000.</entry></row><row><entry align="left" colname="column1" leader-modify="force-ldr-bottom" rowsep="0" stub-definition="txt-ldr">Over $400,000 but not over $600,000</entry><entry align="right" colname="column2" rowsep="0">$91,379, plus 35% of the excess over $400,000.</entry></row><row><entry align="left" colname="column1" leader-modify="force-ldr-bottom" rowsep="0" stub-definition="txt-ldr">Over $600,000</entry><entry align="right" colname="column2" rowsep="0">$161,379, plus 37% of the excess over $600,000.</entry></row></tbody></tgroup></table><after-quoted-block>.</after-quoted-block></quoted-block></subsection><subsection id="H0B8B28DEC6FF4D629C172AE454C80210"><enum>(b)</enum><header>Heads of households</header><text>The table contained in subsection (b) of <external-xref legal-doc="usc" parsable-cite="usc/26/1">section 1</external-xref> of the Internal Revenue Code of 1986 is amended to read as follows:</text><quoted-block style="OLC" display-inline="no-display-inline" id="id2B766B875D0E49A981E78BA61C04E86B"><table blank-lines-before="1" align-to-level="section" colsep="0" frame="none" line-rules="hor" rowsep="1" rule-weights="0.0.0.0.0.4" table-template-name="Tax Rate" table-type=""><tgroup cols="2" no-carding="1" rowsep="1"><colspec coldef="txt" colname="column1" colwidth="175pts" min-data-value="140"></colspec><colspec coldef="txt" colname="column2" colwidth="150pts" min-data-value="120"></colspec><thead><row><entry align="left" colname="column1" morerows="0" namest="column1" rowsep="0"><bold>If taxable income is:</bold></entry><entry align="right" colname="column2" morerows="0" namest="column2" rowsep="0"><bold>The tax is:</bold></entry></row></thead><tbody><row><entry align="left" colname="column1" leader-modify="force-ldr-bottom" rowsep="0" stub-definition="txt-ldr">Not over $13,600</entry><entry align="right" colname="column2" rowsep="0">10% of taxable income.</entry></row><row><entry align="left" colname="column1" leader-modify="force-ldr-bottom" rowsep="0" stub-definition="txt-ldr">Over $13,600 but not over $51,800</entry><entry align="right" colname="column2" rowsep="0">$1,360, plus 12% of the excess over $13,600.</entry></row><row><entry align="left" colname="column1" leader-modify="force-ldr-bottom" rowsep="0" stub-definition="txt-ldr">Over $51,800 but not over $82,500</entry><entry align="right" colname="column2" rowsep="0">$5,944, plus 22% of the excess over $51,800.</entry></row><row><entry align="left" colname="column1" leader-modify="force-ldr-bottom" rowsep="0" stub-definition="txt-ldr">Over $82,500 but not over $157,500</entry><entry align="right" colname="column2" rowsep="0">$12,698, plus 24% of the excess over $82,500.</entry></row><row><entry align="left" colname="column1" leader-modify="force-ldr-bottom" rowsep="0" stub-definition="txt-ldr">Over $157,500 but not over $200,000</entry><entry align="right" colname="column2" rowsep="0">$30,698, plus 32% of the excess over $157,500.</entry></row><row><entry align="left" colname="column1" leader-modify="force-ldr-bottom" rowsep="0" stub-definition="txt-ldr">Over $200,000 but not over $500,000</entry><entry align="right" colname="column2" rowsep="0">$44,298, plus 35% of the excess over $200,000.</entry></row><row><entry align="left" colname="column1" leader-modify="force-ldr-bottom" rowsep="0" stub-definition="txt-ldr">Over $500,000</entry><entry align="right" colname="column2" rowsep="0">$149,298, plus 37% of the excess over $500,000.</entry></row></tbody></tgroup></table><after-quoted-block>.</after-quoted-block></quoted-block></subsection><subsection id="H8CB6F2602C464E2CBF78CC7A347D4528"><enum>(c)</enum><header>Unmarried individuals other than surviving spouses and heads of households</header><text>The table contained in subsection (c) of <external-xref legal-doc="usc" parsable-cite="usc/26/1">section 1</external-xref> of the Internal Revenue Code of 1986 is amended to read as follows:</text><quoted-block style="OLC" display-inline="no-display-inline" id="id64750A31A9BF4687B7B4E7C71E792815"><table blank-lines-before="1" align-to-level="section" colsep="0" frame="none" line-rules="hor" rowsep="1" rule-weights="0.0.0.0.0.4" table-template-name="Tax Rate" table-type=""><tgroup cols="2" no-carding="1" rowsep="1"><colspec coldef="txt" colname="column1" colwidth="175pts" min-data-value="140"></colspec><colspec coldef="txt" colname="column2" colwidth="150pts" min-data-value="120"></colspec><thead><row><entry align="left" colname="column1" morerows="0" namest="column1" rowsep="0"><bold>If taxable income is:</bold></entry><entry align="right" colname="column2" morerows="0" namest="column2" rowsep="0"><bold>The tax is:</bold></entry></row></thead><tbody><row><entry align="left" colname="column1" leader-modify="force-ldr-bottom" rowsep="0" stub-definition="txt-ldr">Not over $9,525</entry><entry align="right" colname="column2" rowsep="0">10% of taxable income.</entry></row><row><entry align="left" colname="column1" leader-modify="force-ldr-bottom" rowsep="0" stub-definition="txt-ldr">Over $9,525 but not over $38,700</entry><entry align="right" colname="column2" rowsep="0">$952.50, plus 12% of the excess over $9,525.</entry></row><row><entry align="left" colname="column1" leader-modify="force-ldr-bottom" rowsep="0" stub-definition="txt-ldr">Over $38,700 but not over $82,500</entry><entry align="right" colname="column2" rowsep="0">$4,453.50, plus 22% of the excess over $38,700.</entry></row><row><entry align="left" colname="column1" leader-modify="force-ldr-bottom" rowsep="0" stub-definition="txt-ldr">Over $82,500 but not over $157,500</entry><entry align="right" colname="column2" rowsep="0">$14,089.50, plus 24% of the excess over $82,500.</entry></row><row><entry align="left" colname="column1" leader-modify="force-ldr-bottom" rowsep="0" stub-definition="txt-ldr">Over $157,500 but not over $200,000</entry><entry align="right" colname="column2" rowsep="0">$32,089.50, plus 32% of the excess over $157,500.</entry></row><row><entry align="left" colname="column1" leader-modify="force-ldr-bottom" rowsep="0" stub-definition="txt-ldr">Over $200,000 but not over $500,000</entry><entry align="right" colname="column2" rowsep="0">$45,689.50, plus 35% of the excess over $200,000.</entry></row><row><entry align="left" colname="column1" leader-modify="force-ldr-bottom" rowsep="0" stub-definition="txt-ldr">Over $500,000</entry><entry align="right" colname="column2" rowsep="0">$150,689.50, plus 37% of the excess over $500,000.</entry></row></tbody></tgroup></table><after-quoted-block>.</after-quoted-block></quoted-block></subsection><subsection id="HC70091BA68CE4D46A5AE5C5E87638962"><enum>(d)</enum><header>Married individuals filing separate returns</header><text>The table contained in subsection (d) of <external-xref legal-doc="usc" parsable-cite="usc/26/1">section 1</external-xref> of the Internal Revenue Code of 1986 is amended to read as follows:</text><quoted-block style="OLC" display-inline="no-display-inline" id="id1F5EDFDD4D374933AEE2AD9BEA6A56CF"><table blank-lines-before="1" align-to-level="section" colsep="0" frame="none" line-rules="hor" rowsep="1" rule-weights="0.0.0.0.0.4" table-template-name="Tax Rate" table-type=""><tgroup cols="2" no-carding="1" rowsep="1"><colspec coldef="txt" colname="column1" colwidth="175pts" min-data-value="140"></colspec><colspec coldef="txt" colname="column2" colwidth="150pts" min-data-value="120"></colspec><thead><row><entry align="left" colname="column1" morerows="0" namest="column1" rowsep="0"><bold>If taxable income is:</bold></entry><entry align="right" colname="column2" morerows="0" namest="column2" rowsep="0"><bold>The tax is:</bold></entry></row></thead><tbody><row><entry align="left" colname="column1" leader-modify="force-ldr-bottom" rowsep="0" stub-definition="txt-ldr">Not over $9,525</entry><entry align="right" colname="column2" rowsep="0">10% of taxable income.</entry></row><row><entry align="left" colname="column1" leader-modify="force-ldr-bottom" rowsep="0" stub-definition="txt-ldr">Over $9,525 but not over $38,700</entry><entry align="right" colname="column2" rowsep="0">$952.50, plus 12% of the excess over $9,525.</entry></row><row><entry align="left" colname="column1" leader-modify="force-ldr-bottom" rowsep="0" stub-definition="txt-ldr">Over $38,700 but not over $82,500</entry><entry align="right" colname="column2" rowsep="0">$4,453.50, plus 22% of the excess over $38,700.</entry></row><row><entry align="left" colname="column1" leader-modify="force-ldr-bottom" rowsep="0" stub-definition="txt-ldr">Over $82,500 but not over $157,500</entry><entry align="right" colname="column2" rowsep="0">$14,089.50, plus 24% of the excess over $82,500.</entry></row><row><entry align="left" colname="column1" leader-modify="force-ldr-bottom" rowsep="0" stub-definition="txt-ldr">Over $157,500 but not over $200,000</entry><entry align="right" colname="column2" rowsep="0">$32,089.50, plus 32% of the excess over $157,500.</entry></row><row><entry align="left" colname="column1" leader-modify="force-ldr-bottom" rowsep="0" stub-definition="txt-ldr">Over $200,000 but not over $300,000</entry><entry align="right" colname="column2" rowsep="0">$45,689.50, plus 35% of the excess over $200,000.</entry></row><row><entry align="left" colname="column1" leader-modify="force-ldr-bottom" rowsep="0" stub-definition="txt-ldr">Over $300,000</entry><entry align="right" colname="column2" rowsep="0">$80,689.50, plus 37% of the excess over $300,000.</entry></row></tbody></tgroup></table><after-quoted-block>.</after-quoted-block></quoted-block></subsection><subsection commented="no" id="H24829BC332FE424CA6F97B07DFD2697B"><enum>(e)</enum><header>Estates and trusts</header><text>The table contained in subsection (e) of <external-xref legal-doc="usc" parsable-cite="usc/26/1">section 1</external-xref> of the Internal Revenue Code of 1986 is amended to read as follows:</text><quoted-block style="OLC" display-inline="no-display-inline" id="id62A209CCBD4143CC8F4F27FD8BD602F6"><table blank-lines-before="1" align-to-level="section" colsep="0" frame="none" line-rules="hor" rowsep="1" rule-weights="0.0.0.0.0.4" table-template-name="Tax Rate" table-type=""><tgroup cols="2" no-carding="1" rowsep="1"><colspec coldef="txt" colname="column1" colwidth="175pts" min-data-value="140"></colspec><colspec coldef="txt" colname="column2" colwidth="150pts" min-data-value="120"></colspec><thead><row><entry align="left" colname="column1" morerows="0" namest="column1" rowsep="0"><bold>If taxable income is:</bold></entry><entry align="right" colname="column2" morerows="0" namest="column2" rowsep="0"><bold>The tax is:</bold></entry></row></thead><tbody><row><entry align="left" colname="column1" leader-modify="force-ldr-bottom" rowsep="0" stub-definition="txt-ldr">Not over $2,550</entry><entry align="right" colname="column2" rowsep="0">10% of taxable income.</entry></row><row><entry align="left" colname="column1" leader-modify="force-ldr-bottom" rowsep="0" stub-definition="txt-ldr">Over $2,550 but not over $9,150</entry><entry align="right" colname="column2" rowsep="0">$255, plus 24% of the excess over $2,550.</entry></row><row><entry align="left" colname="column1" leader-modify="force-ldr-bottom" rowsep="0" stub-definition="txt-ldr">Over $9,150 but not over $12,500</entry><entry align="right" colname="column2" rowsep="0">$1,839, plus 35% of the excess over $9,150.</entry></row><row><entry align="left" colname="column1" leader-modify="force-ldr-bottom" rowsep="0" stub-definition="txt-ldr">Over $12,500</entry><entry align="right" colname="column2" rowsep="0">$3,011.50, plus 37% of the excess over $12,500.</entry></row></tbody></tgroup></table><after-quoted-block>.</after-quoted-block></quoted-block></subsection><subsection commented="no" id="idC816D0164DB7433A9C0F01BD8017F56D"><enum>(f)</enum><header>Adjustment for inflation</header><text>Subsection (f) of <external-xref legal-doc="usc" parsable-cite="usc/26/1">section 1</external-xref> of the Internal Revenue Code of 1986 is amended—</text><paragraph commented="no" id="id183C4A330D0E4165A8C1F8F31ABAB959"><enum>(1)</enum><text>by striking <quote>1993</quote> in paragraph (1) and inserting <quote>2018</quote>,</text></paragraph><paragraph commented="no" id="id03CFF254D4B54E93A8C70F39240C71D7"><enum>(2)</enum><text>by striking <quote>determined—</quote> and all that follows in paragraph (2)(A) and inserting <quote>determined by substituting <quote>2017</quote> for <quote>2016</quote> in paragraph (3)(A)(ii),</quote>,</text></paragraph><paragraph commented="no" id="id4D547432E09B4E83A9B8E6A545170ECC"><enum>(3)</enum><text>by striking <quote>a married individual filing a separate return</quote> in paragraph (7)(B) and inserting <quote>any unmarried individual other than a surviving spouse or head of household</quote>,</text></paragraph><paragraph commented="no" id="id86C28C2394C04D55A78FF9F69BE88452"><enum>(4)</enum><text>by striking <quote><header-in-text level="subparagraph" style="OLC">married individuals filing separately</header-in-text></quote> in the heading of subparagraph (B) of paragraph (7) and inserting <quote><header-in-text level="subparagraph" style="OLC">certain unmarried individuals</header-in-text></quote>, and</text></paragraph><paragraph commented="no" id="id2F118EF8219542148C88B5C7D6B7E380"><enum>(5)</enum><text>by striking paragraph (8).</text></paragraph></subsection><subsection commented="no" id="id305DEE5A6C3845D8B576AFA230990231"><enum>(g)</enum><header>Capital gains brackets</header><text>Subsection (h) of <external-xref legal-doc="usc" parsable-cite="usc/26/1">section 1</external-xref> of the Internal Revenue Code of 1986 is amended—</text><paragraph commented="no" id="id152446B19A3842FD98FC13CD6140CEA7"><enum>(1)</enum><text>by striking <quote>which would (without regard to this paragraph) be taxed at a rate below 25 percent</quote> in paragraph (1)(B)(i) and inserting <quote>below the maximum zero rate amount</quote>,</text></paragraph><paragraph commented="no" id="id85A5B4FA62FF4A6E97E7F5562A30329B"><enum>(2)</enum><text>by striking <quote>which would (without regard to this paragraph) be taxed at a rate below 39.6 percent</quote> in paragraph (1)(C)(ii)(I) and inserting <quote>below the maximum 15-percent rate amount</quote>, and</text></paragraph><paragraph commented="no" id="idF34DD9825D50484EB1BF09DB9A7A8FEF"><enum>(3)</enum><text>by adding at the end the following new paragraph:</text><quoted-block style="OLC" display-inline="no-display-inline" id="id1F77B6CE6E7B4B9098AB542A1DEB78FF"><paragraph commented="no" id="HA34EC4F474FB4528ABBB7F4E9F2911EB"><enum>(12)</enum><header>Maximum amounts defined</header><text>For purposes of this subsection—</text><subparagraph commented="no" id="H5924810C64DA4B6BAD915BD5A7BB64ED"><enum>(A)</enum><header>Maximum zero rate amount</header><text>The maximum zero rate amount shall be—</text><clause commented="no" id="H6DD8934216694E81A3D4F3B2180830F9"><enum>(i)</enum><text display-inline="yes-display-inline">in the case of a joint return or surviving spouse, $77,200,</text></clause><clause commented="no" id="HC89805D129B54405B1FA475A237245A0"><enum>(ii)</enum><text>in the case of an individual who is a head of household (as defined in section 2(b)), $51,700,</text></clause><clause commented="no" id="HFB76F151E0364688A231FE4C4BEF76E5"><enum>(iii)</enum><text>in the case of any other individual (other than an estate or trust), an amount equal to <fraction>½</fraction> of the amount in effect for the taxable year under clause (i), and</text></clause><clause commented="no" id="HA5EE7EA39DE942D3987667BF0E280F08"><enum>(iv)</enum><text>in the case of an estate or trust, $2,600.</text></clause></subparagraph><subparagraph commented="no" id="H5F351C6D20044C07B878DC357C10E3E8"><enum>(B)</enum><header>Maximum 15-percent rate amount</header><text>The maximum 15-percent rate amount shall be—</text><clause commented="no" id="H285AFCBD9E164D958918F08EAC8B0D26"><enum>(i)</enum><text display-inline="yes-display-inline">in the case of a joint return or surviving spouse, $479,000 (<fraction>½</fraction> such amount in the case of a married individual filing a separate return),</text></clause><clause commented="no" id="HDB94A7E17C0145C5A2E10F43F86C273D"><enum>(ii)</enum><text>in the case of an individual who is the head of a household (as defined in section 2(b)), $452,400,</text></clause><clause commented="no" id="H74EE5D1CC6B8432FB0EEDBAA52408158"><enum>(iii)</enum><text>in the case of any other individual (other than an estate or trust), $425,800, and</text></clause><clause commented="no" id="HDC0256F4627E4F1DA9064A557DC0F591"><enum>(iv)</enum><text>in the case of an estate or trust, $12,700.</text></clause></subparagraph><subparagraph commented="no" id="H0730009025A7448F94E23B7AA26CE5C0"><enum>(C)</enum><header>Inflation adjustment</header><text>In the case of any taxable year beginning after 2018, each of the dollar amounts in subparagraphs (A) and (B) shall be increased by an amount equal to—</text><clause commented="no" id="H4784AC6826714EDBB696F5A58316D048"><enum>(i)</enum><text>such dollar amount, multiplied by</text></clause><clause commented="no" id="HE85044A140B04BA695435FD1DD904FEA"><enum>(ii)</enum><text>the cost-of-living adjustment determined under subsection (f)(3) for the calendar year in which the taxable year begins, determined by substituting <quote>calendar year 2017</quote> for <quote>calendar year 2016</quote> in subparagraph (A)(ii) thereof.</text></clause><continuation-text continuation-text-level="subparagraph">If any increase under this subparagraph is not a multiple of $50, such increase shall be rounded to
 the next lowest multiple of $50.</continuation-text></subparagraph></paragraph><after-quoted-block>.</after-quoted-block></quoted-block></paragraph></subsection><subsection id="id6CF967942984450092650E171E2C05C0"><enum>(h)</enum><header>Conforming amendments</header><paragraph id="id74C472BAAB3849E5B2C7068F790905F8"><enum>(1)</enum><text><external-xref legal-doc="usc" parsable-cite="usc/26/1">Section 1</external-xref> of the Internal Revenue Code of 1986 is amended by striking subsections (i) and (j).</text></paragraph><paragraph id="id16941379973D476EB9434AF2F71E232D"><enum>(2)</enum><text>Section 3402(q)(1) of such Code is amended by striking <quote>third lowest</quote> and inserting <quote>fourth lowest</quote>.</text></paragraph></subsection><subsection commented="no" display-inline="no-display-inline" id="H9B9B32098E12481CB0C7F3B51D5FD26C"><enum>(i)</enum><header display-inline="yes-display-inline">Section 15 not To apply</header><text display-inline="yes-display-inline"><external-xref legal-doc="usc" parsable-cite="usc/26/15">Section 15</external-xref> of the Internal Revenue Code of 1986 shall not apply to any change in a rate of tax by reason of this section.</text></subsection><subsection commented="no" display-inline="no-display-inline" id="id7D0B4199B0594E3C88ECA321859809A8"><enum>(j)</enum><header>Effective date</header><text>The amendments made by this section shall apply to taxable years beginning after December 31, 2020.</text></subsection></section><section id="idEA7D9AEDEF6849EFA7F96B30BA595D8A"><enum>2.</enum><header>Permanent extension of deduction for qualified business income of pass-thru entities</header><subsection id="id1E910DD629BC482D948F7FAFB35228C9"><enum>(a)</enum><header>In general</header><text><external-xref legal-doc="usc" parsable-cite="usc/26/199A">Section 199A</external-xref> of the Internal Revenue Code of 1986 is amended by striking subsection (i).</text></subsection><subsection id="idCF4DCE52905D4ACFB7DD2F34DC008093"><enum>(b)</enum><header>Effective date</header><text>The amendment made by this section shall apply to taxable years beginning after December 31, 2020.</text></subsection></section><section id="idBAAFBAE9F6E04F1BAD403784F4EF6719" commented="no"><enum>3.</enum><header>Permanent extension of limitation on losses for taxpayers other than corporations</header><subsection id="id41DC65E8A3E343388328D81FD63BEDF2" commented="no"><enum>(a)</enum><header>In general</header><text>Paragraph (1) of <external-xref legal-doc="usc" parsable-cite="usc/26/461">section 461(l)</external-xref> of the Internal Revenue Code of 1986 is amended to read as follows:</text><quoted-block style="OLC" display-inline="no-display-inline" id="id6D5BB04A10B14253903CD7C590928B25"><paragraph commented="no" id="H6FA3E5F29FCB4D97A86C34DF69A19E7E"><enum>(1)</enum><header>Limitation</header><text>In the case of taxable year of a taxpayer other than a corporation, any excess business loss of the taxpayer for the taxable year shall not be allowed.</text></paragraph><after-quoted-block>.</after-quoted-block></quoted-block></subsection><subsection id="id219F6B6BC78C4D978C8824D6506DD7C0" commented="no"><enum>(b)</enum><header>Conforming amendment</header><text><external-xref legal-doc="usc" parsable-cite="usc/26/461">Section 461</external-xref> of the Internal Revenue Code of 1986 is amended by striking subsection (j) (relating to limitation on excess farm losses of certain taxpayers).</text></subsection><subsection commented="no" display-inline="no-display-inline" id="H373A7A07ABD44925A4BC68BDC37510B5"><enum>(c)</enum><header display-inline="yes-display-inline">Effective date</header><text display-inline="yes-display-inline">The amendments made by this section shall apply to taxable years beginning after December 31, 2020.</text></subsection></section><section id="id9D25E63E5DFE42C09BD76C3F2682A3FB"><enum>4.</enum><header>Permanent extension of increase in standard deduction</header><subsection id="id68EBD34D6DFE41EABF3CE356FF9D0DE3"><enum>(a)</enum><header>In general</header><text><external-xref legal-doc="usc" parsable-cite="usc/26/63">Section 63(c)(2)</external-xref> of the Internal Revenue Code of 1986 is amended—</text><paragraph id="id986A046305CA4724BB1A8658434453E1"><enum>(1)</enum><text>by striking <quote>$4,400</quote> in subparagraph (B) and inserting <quote>$18,800</quote>, and</text></paragraph><paragraph id="id851051DA357F4B9C88A45EFF1CDD4A50"><enum>(2)</enum><text>by striking <quote>$3,000</quote> in subparagraph (C) and inserting <quote>$12,000</quote>.</text></paragraph></subsection><subsection id="id60AB8BD2AD5D4B0E8800682C425B59DF"><enum>(b)</enum><header>Inflation adjustment</header><text>Paragraph (4) of <external-xref legal-doc="usc" parsable-cite="usc/26/63">section 63(c)</external-xref> of the Internal Revenue Code of 1986 is amended to read as follows:</text><quoted-block style="OLC" display-inline="no-display-inline" id="ide84090455ac04857a436d91436126821"><paragraph id="id74abf7f0b7114f59ad82ea4142a52b07"><enum>(4)</enum><header>Adjustments for inflation</header><subparagraph id="id3DDF042BEDBE404A8FF3C30BD8543D4E"><enum>(A)</enum><header>In general</header><text>In the case of any taxable year beginning in a calendar year after 2018, the $18,000 and $12,000 amounts in subparagraph (A) shall each be increased by an amount equal to—</text><clause id="id4B66B4093DF342E4A929D8D9AA3DBD75"><enum>(i)</enum><text>such dollar amount, multiplied by</text></clause><clause id="id5786DBF640754C62993FF8E70F0E5D00"><enum>(ii)</enum><text>the cost-of-living adjustment determined under section 1(f)(3) for the calendar year in which the taxable year begins, by substituting <quote>2017</quote> for <quote>2016</quote> in subparagraph (A)(ii) thereof.</text></clause></subparagraph><subparagraph id="id8A2FD9F84C5C46FDB060809440D6E084"><enum>(B)</enum><header>Certain amounts</header><text>In the case of any taxable year beginning in a calendar year after 1988, each dollar amount contained in paragraph (5) or subsection (f) shall be increased by an amount equal to—</text><clause id="id92c14b24fb794618a9d2745d2bc541c5"><enum>(i)</enum><text>such dollar amount, multiplied by</text></clause><clause id="idBB726E6899FD4764AF4163BC23442092"><enum>(ii)</enum><text>the cost-of-living adjustment determined under section 1(f)(3) for the calendar year in which the taxable year begins, by substituting for <quote>calendar year 2016</quote> in subparagraph (A)(ii) thereof—</text><subclause id="id6E7717DF77024B6BBAC4A34D6606801A"><enum>(I)</enum><text><quote>calendar year 1987</quote> in the case of the dollar amounts contained in paragraph (5)(A) or subsection (f), and</text></subclause><subclause id="idB2FD5E88804C45A7BDFAB7FA6FF8A44E"><enum>(II)</enum><text><quote>calendar year 1997</quote> in the case of the dollar amount contained in paragraph (5)(B).</text></subclause></clause></subparagraph></paragraph><after-quoted-block>.</after-quoted-block></quoted-block></subsection><subsection id="id20FE39F7AF954C698206ECD91C185E03"><enum>(c)</enum><header>Conforming amendment</header><text><external-xref legal-doc="usc" parsable-cite="usc/26/63">Section 63(c)</external-xref> of the Internal Revenue Code of 1986 is amended by striking paragraph (7).</text></subsection><subsection commented="no" display-inline="no-display-inline" id="id25315B9392FF4AF698436546433D2173"><enum>(d)</enum><header>Effective date</header><text>The amendments made by this section shall apply to taxable years beginning after December 31, 2020.</text></subsection></section><section id="id07F6AEE05F5A41FB8445B1FE288E328D"><enum>5.</enum><header>Permanent increase and modification of child tax credit</header><subsection id="id2EC6FFF3AD704FB78EEAC09DB30D80B9"><enum>(a)</enum><header>Increase in credit amount</header><text><external-xref legal-doc="usc" parsable-cite="usc/26/24">Section 24(a)</external-xref> of the Internal Revenue Code of 1986 is amended by striking <quote>$1,000</quote> and inserting <quote>$2,000</quote>.</text></subsection><subsection id="idB97E93E7D2BF4A129C44BA79CF8BBDCC"><enum>(b)</enum><header>Limitation</header><text>Paragraph (2) of <external-xref legal-doc="usc" parsable-cite="usc/26/24">section 24(b)</external-xref> of the Internal Revenue Code of 1986 is amended to read as follows:</text><quoted-block style="OLC" display-inline="no-display-inline" id="id52974B2DA8F540B4903D2393142D0046"><paragraph id="id62A3AC40A1C74BD58044D910CB6F8744"><enum>(2)</enum><header>Threshold amount</header><text>For purposes of paragraph (1), the term <term>threshold amount</term> means—</text><subparagraph id="idC4A81894FEE14EE1BDB83D529F491B54"><enum>(A)</enum><text>$400,000 in the case of a joint return, and</text></subparagraph><subparagraph id="id54F7EC3C61C34CA698F6544937AF9057"><enum>(B)</enum><text>$200,000 in any other case.</text></subparagraph></paragraph><after-quoted-block>.</after-quoted-block></quoted-block></subsection><subsection id="idDC31853DFBFE48BA9ADA47494F9753BB"><enum>(c)</enum><header>Partial credit allowed for certain other dependents</header><text>Subsection (h) of <external-xref legal-doc="usc" parsable-cite="usc/26/24">section 24</external-xref> of the Internal Revenue Code of 1986 is amended to read as follows:</text><quoted-block style="OLC" display-inline="no-display-inline" id="idD45F39F2B46D45E5902CCDF914D4A4A0"><subsection commented="no" id="H242F2C40F1034B18951F16E8543AC715"><enum>(h)</enum><header>Partial credit allowed for certain other dependents</header><paragraph commented="no" id="H4F7A8502E76A43DBBF8F11F95F08919A"><enum>(1)</enum><header>In general</header><text>The credit determined under subsection (a) shall be increased by $500 for each dependent of the taxpayer (as defined in section 7706) other than a qualifying child described in subsection (c).</text></paragraph><paragraph commented="no" display-inline="no-display-inline" id="HAD9DC4D3886645348183A2B34492A814"><enum>(2)</enum><header display-inline="yes-display-inline">Exception for certain noncitizens</header><text display-inline="yes-display-inline">Paragraph (1) shall not apply with respect to any individual who would not be a dependent if subparagraph (A) of section 7706(b)(3) were applied without regard to all that follows <quote>resident of the United States</quote>.</text></paragraph><paragraph commented="no" id="HA6620E8FF22A4484BDD9AA45DB307BFE"><enum>(3)</enum><header>Certain qualifying children</header><text>In the case of any qualifying child with respect to whom a credit is not allowed under this section by reason of subsection (e)(1), such child shall be treated as a dependent to whom subparagraph (A) applies.</text></paragraph></subsection><after-quoted-block>.</after-quoted-block></quoted-block></subsection><subsection id="idB6062A9DF3DD478EAF5D9A255E8237C5"><enum>(d)</enum><header>Maximum amount of refundable credit</header><text>Subsection (d) of <external-xref legal-doc="usc" parsable-cite="usc/26/24">section 24</external-xref> of the Internal Revenue Code of 1986 is amended by inserting after paragraph (2) the following new paragraph:</text><quoted-block style="OLC" display-inline="no-display-inline" id="id7A9154F81E964081B119AABAB576DAD4"><paragraph id="idF1B6A3FA80F04E0AB0E415ED5177D23B"><enum>(3)</enum><header>Limitation</header><subparagraph commented="no" display-inline="no-display-inline" id="H17CD5793F3774CA3BC26CDFFC0F79865"><enum>(A)</enum><header>In general</header><text display-inline="yes-display-inline">The amount determined under paragraph (1)(A) with respect to any qualifying child shall not exceed $1,400, and such paragraph shall be applied without regard to subsection (h).</text></subparagraph><subparagraph id="H5279E540C21D45BFB6E95E58EF17C9FB"><enum>(B)</enum><header>Adjustment for inflation</header><text>In the case of a taxable year beginning after 2018, the $1,400 amount in subparagraph (A) shall be increased by an amount equal to—</text><clause id="H644A1C74A6034592A7E029139F822F9E"><enum>(i)</enum><text>such dollar amount, multiplied by</text></clause><clause id="H09810D31EEE2455FBBA44066CA17E71D"><enum>(ii)</enum><text>the cost-of-living adjustment determined under section 1(f)(3) for the calendar year in which the taxable year begins, determined by substituting <quote>2017</quote> for <quote>2016</quote> in subparagraph (A)(ii) thereof.</text></clause><continuation-text continuation-text-level="subparagraph">If any increase under this clause is not a multiple of $100, such increase shall be rounded to the
 next lowest multiple of $100.</continuation-text></subparagraph></paragraph><after-quoted-block>.</after-quoted-block></quoted-block></subsection><subsection id="id01A1F18879AF448C9BC7DBC09370250E"><enum>(e)</enum><header>Earned income threshold for refundable credit</header><text><external-xref legal-doc="usc" parsable-cite="usc/26/24">Section 24(d)(1)(B)</external-xref> of the Internal Revenue Code of 1986 is amended by striking <quote>$3,000</quote> and inserting <quote>$2,500</quote>.</text></subsection><subsection id="id09064DCF286542F2829A5C9DCBDDDE6F"><enum>(f)</enum><header>Social Security number required</header><text>Paragraph (1) of <external-xref legal-doc="usc" parsable-cite="usc/26/24">section 24(e)</external-xref> of the Internal Revenue Code of 1986 is amended to read as follows:</text><quoted-block style="OLC" display-inline="no-display-inline" id="id6328B90A1C394FA78F4193DF4D5BF971"><paragraph id="HD56D01A794D04C28A95DC72673BB6D4B"><enum>(1)</enum><header>Qualifying child Social security number requirement</header><text>No credit shall be allowed under this section to a taxpayer with respect to any qualifying child unless the taxpayer includes the name and social security number of such child on the return of tax for the taxable year. For purposes of the preceding sentence, the term <term>social security number</term> means a social security number issued to an individual by the Social Security Administration, but only if the social security number is issued—</text><subparagraph id="HC8D0651067BD44F5862000DDC99F147E"><enum>(A)</enum><text>to a citizen of the United States or pursuant to subclause (I) (or that portion of subclause (III) that relates to subclause (I)) of section 205(c)(2)(B)(i) of the Social Security Act, and</text></subparagraph><subparagraph id="H9F96937551A748B2949D18AC1CAD8864"><enum>(B)</enum><text>before the due date for such return.</text></subparagraph></paragraph><after-quoted-block>.</after-quoted-block></quoted-block></subsection><subsection commented="no" display-inline="no-display-inline" id="id19F6FEF837614984B1DB527D9758D612"><enum>(g)</enum><header>Effective date</header><text>The amendments made by this section shall apply to taxable years beginning after December 31, 2020.</text></subsection></section><section commented="no" display-inline="no-display-inline" id="id838B26689A6447058765E808971866AD"><enum>6.</enum><header>Permanent extension of increased limitation for certain charitable contributions</header><subsection id="id7d627321f07d41f199a398be80a9524d"><enum>(a)</enum><header>In general</header><text><external-xref legal-doc="usc" parsable-cite="usc/26/170">Section 170(b)(1)(G)</external-xref> of the Internal Revenue Code of 1986 is amended—</text><paragraph id="id821C479B47924D368CDB9C8029C9A2AB"><enum>(1)</enum><text>by striking <quote>for any taxable year beginning after December 31, 2017, and before January 1, 2026,</quote> in clause (i),</text></paragraph><paragraph id="id3BEABC6B71844A0290443081CC42FDFC"><enum>(2)</enum><text>by striking <quote>for any taxable year described in such clause</quote> in clause (ii), and</text></paragraph><paragraph id="id9EDEA4FE708D4858AD6FCFE1D1D1CB6A"><enum>(3)</enum><text>by striking <quote>For each taxable year described in clause (i), and each taxable year to which any contribution under this subparagraph is carried over under clause (ii), subparagraph (A)</quote> in clause (iii) and inserting <quote>Subparagraph (A)</quote>.</text></paragraph></subsection><subsection id="id03a5340d109a49aeb5f21d0dcb1bf111"><enum>(b)</enum><header>Effective date</header><text>The amendments made by this section shall apply to contributions in taxable years beginning after December 31, 2025.</text></subsection></section><section commented="no" display-inline="no-display-inline" id="id242C7CE3454242D8B578CF0DF5D89944"><enum>7.</enum><header>Permanent extension of increased contributions to ABLE accounts</header><subsection commented="no" display-inline="no-display-inline" id="id404481DDD6FE46708D14A1EDF8CD23A4"><enum>(a)</enum><header>In general</header><text><external-xref legal-doc="usc" parsable-cite="usc/26/529A">Section 529A(b)(2)(B)(ii)</external-xref> of the Internal Revenue Code of 1986 is amended by striking <quote>before January 1, 2026</quote>.</text></subsection><subsection commented="no" display-inline="no-display-inline" id="idA2D7CC73E65F40DCA2EC2488E5F47781"><enum>(b)</enum><header>Allowance of savers credit</header><text><external-xref legal-doc="usc" parsable-cite="usc/26/25B">Section 25B(d)(1)(D)</external-xref> of the Internal Revenue Code of 1986 is amended by striking <quote>before January 1, 2026,</quote>.</text></subsection><subsection commented="no" display-inline="no-display-inline" id="id5BC375651FAD416F92FB3F934D1FF021"><enum>(c)</enum><header>Effective date</header><text>The amendments made by this section shall apply to taxable years beginning after the date of the enactment of this Act.</text></subsection></section><section commented="no" display-inline="no-display-inline" id="idCA7E3C040B5D4FC28F706E81B7ABD758"><enum>8.</enum><header>Permanent extension of rollovers to ABLE programs from 529 programs</header><subsection commented="no" display-inline="no-display-inline" id="id39BB198AED7C447389DA64C930BF3C4D"><enum>(a)</enum><header>In general</header><text>Section 529(c)(3)(C)(i)(III) is amended by striking <quote>before January 1, 2026,</quote>.</text></subsection><subsection commented="no" display-inline="no-display-inline" id="idF339474FF3EB4AD3911464B8B66B033F"><enum>(b)</enum><header>Effective date</header><text>The amendments made by this section shall apply to distributions made after the date of the enactment of this Act.</text></subsection></section><section id="id22b6cd04599f47b2b03d5b8490fd0cc6"><enum>9.</enum><header>Permanent extension of treatment of certain individuals performing services in the Sinai Peninsula
 of Egypt</header><subsection id="idf717209a9ca548ab8af37aa71de3dc69"><enum>(a)</enum><header>In general</header><text>Subsection (c) of section 11026 of <external-xref legal-doc="public-law" parsable-cite="pl/115/97">Public Law 115–97</external-xref> is amended—</text><paragraph id="id398467384deb47019364fd1d7093dc9e"><enum>(1)</enum><text>by striking <quote>beginning before January 1, 2026</quote> in paragraph (1)(B), and</text></paragraph><paragraph id="id64f980df21af4b0fb49ba88a82d9ccbd"><enum>(2)</enum><text>by striking <quote>beginning before January 1, 2026</quote> in paragraph (2)(B).</text></paragraph></subsection><subsection id="id84e878d9455f4573a29c8f830dc579ad"><enum>(b)</enum><header>Effective date</header><text>The amendments made by this section shall take effect on the date of the enactment of this Act.</text></subsection></section><section id="id595630a7223b49a5ad4d099e4c353020"><enum>10.</enum><header>Permanent extension of treatment of student loans discharged on account of death or disability</header><subsection id="id1b864e84677443da800ee07ad2d62d5a"><enum>(a)</enum><header>In general</header><text>Subparagraph (A) of <external-xref legal-doc="usc" parsable-cite="usc/26/108">section 108(f)(5)</external-xref> of the Internal Revenue Code of 1986 is amended by striking <quote>and before January 1, 2026,</quote>.</text></subsection><subsection id="idd5bd6e30e8aa4f1d9cd7e9609c36c4b7"><enum>(b)</enum><header>Effective date</header><text>The amendment made by this section shall apply to discharges of indebtedness after December 31, 2020.</text></subsection></section><section id="H107D17D4BE4445C893BA5A6D009BF266"><enum>11.</enum><header>Repeal of deduction for personal exemptions</header><subsection id="H3E7A97AEBD5C4B5FBAC5D8A71A0A1194"><enum>(a)</enum><header>In general</header><text display-inline="yes-display-inline">Part V of subchapter B of <external-xref legal-doc="usc-chapter" parsable-cite="usc-chapter/26/1">chapter 1</external-xref> of the Internal Revenue Code of 1986 is hereby repealed.</text></subsection><subsection id="H609BA58C47874B3B96B9A15C090D8E30"><enum>(b)</enum><header>Definition of dependent retained</header><text display-inline="yes-display-inline"><external-xref legal-doc="usc" parsable-cite="usc/26/152">Section 152</external-xref> of the Internal Revenue Code of 1986, prior to repeal by subsection (a), is hereby redesignated as section 7706 of such Code and moved to the end of chapter 79 of such Code.</text></subsection><subsection commented="no" id="H25387EEC17F34E9EA556B857B9B62C47"><enum>(c)</enum><header>Application to estates and trusts</header><text>Subparagraph (C) of <external-xref legal-doc="usc" parsable-cite="usc/26/642">section 642(b)(2)</external-xref> of the Internal Revenue Code of 1986 is amended—</text><paragraph commented="no" id="HA0944B8E813B466C860AF4ED4B57710D"><enum>(1)</enum><text>by striking <quote>the exemption amount under section 151(d)</quote> in clause (i) and inserting <quote>$4,150</quote>, and</text></paragraph><paragraph commented="no" id="idE02CC556BC5449C8A04296CD86F7D737"><enum>(2)</enum><text>by striking clause (iii) and inserting the following:</text><quoted-block style="OLC" display-inline="no-display-inline" id="idBEB3A2AB5A934B2799E822C8E12CE763"><clause commented="no" id="id993D0276FD454991B4772F9F24405CEC"><enum>(iii)</enum><header>Inflation adjustment</header><text>In the case of any taxable year beginning in a calendar year after 2018, the $4,150 amount in clause (i) shall be increased by an amount equal to—</text><subclause commented="no" id="id432781D1DB6E4EC783A362774F491CF4"><enum>(I)</enum><text>such dollar amount, multiplied by</text></subclause><subclause commented="no" id="id4BFAD9F9C0C94CE59837EA3164EACEA3"><enum>(II)</enum><text>the cost-of-living adjustment determined under section 1(f)(3) for the calendar year in which the taxable begins, determined by substituting <quote>2017</quote> for <quote>2016</quote> in subparagraph (A)(ii) thereof.</text></subclause><continuation-text continuation-text-level="clause">If any increase determined under the preceding sentence is not a multiple of $100, such increase
 shall be rounded to the next lowest multiple of $100.</continuation-text></clause><after-quoted-block>.</after-quoted-block></quoted-block></paragraph></subsection><subsection id="H239C82C7EDA1493BA7736A2F40B54F8C"><enum>(d)</enum><header>Application to nonresident aliens</header><text><external-xref legal-doc="usc" parsable-cite="usc/26/873">Section 873(b)</external-xref> of the Internal Revenue Code of 1986 is amended by striking paragraph (3).</text></subsection><subsection id="id8AB39F90645546DC9777A5AF62C895DA"><enum>(e)</enum><header>Modification of return requirement</header><paragraph id="HEF9997878DF94C7CBEEDED97ACDC7C9E"><enum>(1)</enum><header>In general</header><text><external-xref legal-doc="usc" parsable-cite="usc/26/6012">Section 6012</external-xref> of the Internal Revenue Code of 1986 is amended—</text><subparagraph id="idA39460B74A1C48B1B2138EB384D049C6"><enum>(A)</enum><text>by striking paragraph (1) of subsection (a) and inserting the following:</text><quoted-block style="OLC" display-inline="no-display-inline" id="H37F8344D61184B97B4A2E5434BD67910"><paragraph id="HA343454F2F384F048B640091F2D592F2"><enum>(1)</enum><text>Every individual who has gross income for the taxable year, except that a return shall not be required of—</text><subparagraph id="H954FFD7703544A58AFFE3967E18A1214"><enum>(A)</enum><text>an individual who is not married (determined by applying section 7703) and who has gross income for the taxable year which does not exceed the standard deduction applicable to such individual for such taxable year under section 63, or</text></subparagraph><subparagraph id="H4E51E2D795244EEDB49127F3BE0AF934"><enum>(B)</enum><text>an individual entitled to make a joint return if—</text><clause id="HB3360BFDEF0140EEA2937484F94A2D6A"><enum>(i)</enum><text>the gross income of such individual, when combined with the gross income of such individual’s spouse, for the taxable year does not exceed the standard deduction which would be applicable to the taxpayer for such taxable year under section 63 if such individual and such individual’s spouse made a joint return,</text></clause><clause id="HCDD558BE9F414E318FA2E23B5B42A5FA"><enum>(ii)</enum><text>such individual and such individual’s spouse have the same household as their home at the close of the taxable year,</text></clause><clause id="H0CD021F419B44F5BABDC67C1502E158B"><enum>(iii)</enum><text>such individual’s spouse does not make a separate return, and</text></clause><clause id="H616A297BCD9644B1A0E8404EABFE797B"><enum>(iv)</enum><text>neither such individual nor such individual’s spouse is an individual described in section 63(c)(2) who has income (other than earned income) in excess of the amount in effect under section 63(c)(2)(A).</text></clause></subparagraph></paragraph><after-quoted-block>, and</after-quoted-block></quoted-block></subparagraph><subparagraph id="idAE40B9BC6F3F4AA18DCF61C5CD13F9A7"><enum>(B)</enum><text>by striking subsection (f).</text></subparagraph></paragraph><paragraph commented="no" id="H0519E93AB2EF4F839DA649754117FAAC"><enum>(2)</enum><header>Bankruptcy estates</header><text>Paragraph (8) of section 6012(a) of such Code is amended by striking <quote>the sum of the exemption amount plus the basic standard deduction under section 63(c)(2)(D)</quote> and inserting <quote>the standard deduction in effect under section 63(c)(1)(B)</quote>.</text></paragraph></subsection><subsection id="H07E786C9933A47B0A19AAD709BC363AA"><enum>(f)</enum><header>Conforming amendments</header><paragraph id="HF48FEB3522D14FD89403E8CBBEA63F47"><enum>(1)</enum><text><external-xref legal-doc="usc" parsable-cite="usc/26/2">Section 2(a)(1)(B)</external-xref> of the Internal Revenue Code of 1986 is amended by striking <quote>a dependent</quote> and all that follows through <quote>section 151</quote> and inserting <quote>a dependent who (within the meaning of section 7706, determined without regard to subsections (b)(1), (b)(2), and (d)(1)(B) thereof) is a son, stepson, daughter, or stepdaughter of the taxpayer</quote>.</text></paragraph><paragraph id="H5E29ABDBB54343E29E2196AAFADFB4DA"><enum>(2)</enum><text>Section 36B(b)(2)(A) of such Code is amended by striking <quote>section 152</quote> and inserting <quote>section 7706</quote>.</text></paragraph><paragraph id="H4EFCD263839E4F819EF0D6D8FA820762"><enum>(3)</enum><text>Section 36B(b)(3)(B) of such Code is amended by striking <quote>unless a deduction is allowed under section 151 for the taxable year with respect to a dependent</quote> in the flush matter at the end and inserting <quote>unless the taxpayer has a dependent for the taxable year</quote>.</text></paragraph><paragraph id="H6C037E8F8E514CF083FE792011C9BF37"><enum>(4)</enum><text>Section 36B(c)(1)(D) of such Code is amended by striking <quote>with respect to whom a deduction under section 151 is allowable to another taxpayer</quote> and inserting <quote>who is a dependent of another taxpayer</quote>.</text></paragraph><paragraph id="H6F9C380AE68D458395C645BEDBEB1768"><enum>(5)</enum><text>Section 36B(d)(1) of such Code is amended by striking <quote>equal to the number of individuals for whom the taxpayer is allowed a deduction under section 151 (relating to allowance of deduction for personal exemptions) for the taxable year</quote> and inserting <quote>the sum of 1 (2 in the case of a joint return) plus the number of the taxpayer’s dependents for the taxable year</quote>.</text></paragraph><paragraph id="HFE8718557418455FA25895340158712C"><enum>(6)</enum><text>Section 36B(e)(1) of such Code is amended by striking <quote>1 or more individuals for whom a taxpayer is allowed a deduction under section 151 (relating to allowance of deduction for personal exemptions) for the taxable year (including the taxpayer or his spouse)</quote> and inserting <quote>1 or more of the taxpayer, the taxpayer’s spouse, or any dependent of the taxpayer</quote>.</text></paragraph><paragraph id="H661E5400F2E540CFA48FE974125FB20B"><enum>(7)</enum><text>Section 42(i)(3)(D)(ii)(I) of such Code is amended—</text><subparagraph id="HC54EEB5521944FF68A96F1D067AE02B2"><enum>(A)</enum><text>by striking <quote>section 152</quote> and inserting <quote>section 7706</quote>, and</text></subparagraph><subparagraph id="H88E09821016741278FA9E333BB4C5232"><enum>(B)</enum><text>by striking the period at the end and inserting a comma.</text></subparagraph></paragraph><paragraph commented="no" id="id30b79cee94164dc984a8ab0ab5de64fc"><enum>(8)</enum><text>Section 63(b) of such Code is amended by striking <quote>minus—</quote> and all that follows and inserting <quote>minus the standard deduction.</quote>.</text></paragraph><paragraph commented="no" id="id0ba2a6c1f2da47f9b93fb09e534606c7"><enum>(9)</enum><text>Section 63(d) of such Code is amended by striking <quote>other than—</quote> and all that follows and inserting <quote>other than the deductions allowable in arriving at adjusted gross income.</quote>.</text></paragraph><paragraph id="H01BC0C4373AF4FDFBAD798945FA6FC73"><enum>(10)</enum><text>Section 72(t)(2)(D)(i)(III) of such Code is amended by striking <quote>section 152</quote> and inserting <quote>section 7706</quote>.</text></paragraph><paragraph id="H6F85694956244152A1FE439D6CDF7E78"><enum>(11)</enum><text>Section 72(t)(7)(A)(iii) of such Code is amended by striking <quote>section 152(f)(1)</quote> and inserting <quote>section 7706(f)(1)</quote>.</text></paragraph><paragraph id="H8A712A8417F945E2B8ACB5C993CAE69B"><enum>(12)</enum><text>Section 105(b) of such Code is amended—</text><subparagraph id="H309EEBA1D81F41719C7D9ADD2C437662"><enum>(A)</enum><text>by striking <quote>as defined in section 152</quote> and inserting <quote>as defined in section 7706</quote>,</text></subparagraph><subparagraph id="H6A9E5ACDA52E4D3BAA04DF51501FDFB9"><enum>(B)</enum><text>by striking <quote>section 152(f)(1)</quote> and inserting <quote>section 7706(f)(1)</quote>, and</text></subparagraph><subparagraph id="H8DD0E75482944A85BBA8942C728A1066"><enum>(C)</enum><text>by striking <quote>section 152(e)</quote> and inserting <quote>section 7706(e)</quote>.</text></subparagraph></paragraph><paragraph id="H900399E562BE47E186DE8971857B8F56"><enum>(13)</enum><text>Section 105(c)(1) of such Code is amended by striking <quote>section 152</quote> and inserting <quote>section 7706</quote>.</text></paragraph><paragraph id="H83DDA760D76B407FA726C4A014F6563A"><enum>(14)</enum><text>Section 125(e)(1)(D) of such Code is amended by striking <quote>section 152</quote> and inserting <quote>section 7706</quote>.</text></paragraph><paragraph commented="no" id="id4cc70c7994e7415696a33093c1c542b0"><enum>(15)</enum><text>Section 129(c) of such Code is amended—</text><subparagraph commented="no" id="id586e708f87cc472ba7052154a1df282b"><enum>(A)</enum><text>by striking <quote>with respect to whom, for such taxable year, a deduction is allowable under section 151(c) (relating to personal exemptions for dependents) to</quote> in paragraph (1) and inserting <quote>who is a dependent of</quote>, and</text></subparagraph><subparagraph commented="no" id="id3fee5a12d24d409c9e3720961141d32c"><enum>(B)</enum><text>by striking <quote>section 152(f)(1)</quote> in paragraph (2) and inserting <quote>section 7706(f)(1)</quote>.</text></subparagraph></paragraph><paragraph id="H96B872CC9134436AAFCBF7451381AA76"><enum>(16)</enum><text>Section 132(h)(2)(B) of such Code is amended—</text><subparagraph id="H31E0912BE0D343A28B90743D505B4983"><enum>(A)</enum><text>by striking <quote>section 152(f)(1)</quote> and inserting <quote>section 7706(f)(1)</quote>, and</text></subparagraph><subparagraph id="HCC417BD12C644F2FBD059F67C10720A5"><enum>(B)</enum><text>by striking <quote>section 152(e)</quote> and inserting <quote>section 7706(e)</quote>.</text></subparagraph></paragraph><paragraph id="H8F3E5BD4E07843908CD2D95C5A3E9D64"><enum>(17)</enum><text display-inline="yes-display-inline">Section 139D(c)(5) of such Code is amended by striking <quote>section 152</quote> and inserting <quote>section 7706</quote>.</text></paragraph><paragraph id="HFDAF9D8A49D24F62BBD5923819DB366B"><enum>(18)</enum><text display-inline="yes-display-inline">Section 162(l)(1)(D) of such Code is amended by striking <quote>section 152(f)(1)</quote> and inserting <quote>section 7706(f)(1)</quote>.</text></paragraph><paragraph id="H23CF2CADC82E4C3AAB012F100DD2C1F0"><enum>(19)</enum><text>Section 170(g)(1) of such Code is amended by striking <quote>section 152</quote> and inserting <quote>section 7706</quote>.</text></paragraph><paragraph id="HDBB04CC0CF934133878E5DC2802B9EC3"><enum>(20)</enum><text>Section 170(g)(3) of such Code is amended by striking <quote>section 152(d)(2)</quote> and inserting <quote>section 7706(d)(2)</quote>.</text></paragraph><paragraph id="H7B6CD25FCE494B64A9715E8B40B4E116"><enum>(21)</enum><text>Section 172(d) of such Code is amended by striking paragraph (3).</text></paragraph><paragraph id="HAA024AE766A142DC98D39A23B61EA45A"><enum>(22)</enum><text>Section 220(b)(6) of such Code is amended by striking <quote>with respect to whom a deduction under section 151 is allowable to</quote> and inserting <quote>who is a dependent of</quote>.</text></paragraph><paragraph commented="no" id="H9438ECF1BDE64F8E9D5A2D3AE34430BA"><enum>(23)</enum><text display-inline="yes-display-inline">Section 220(d)(2)(A) of such Code is amended by striking <quote>section 152</quote> and inserting <quote>section 7706</quote>.</text></paragraph><paragraph id="HCD6FADC76BA84A83BCB6113A31916E47"><enum>(24)</enum><text>Section 223(b)(6) of such Code is amended by striking <quote>with respect to whom a deduction under section 151 is allowable to</quote> and inserting <quote>who is a dependent of</quote>.</text></paragraph><paragraph id="H0AA0D1A5A49A4D7192999BFC1811A13F"><enum>(25)</enum><text display-inline="yes-display-inline">Section 223(d)(2)(A) of such Code is amended by striking <quote>section 152</quote> and inserting <quote>section 7706</quote>.</text></paragraph><paragraph id="H52AF9EBEAD4549D4BAE320AC2B61F72F"><enum>(26)</enum><text display-inline="yes-display-inline">Section 401(h) of such Code is amended by striking <quote>section 152(f)(1)</quote> in the last sentence and inserting <quote>section 7706(f)(1)</quote>.</text></paragraph><paragraph id="H358B227F3ECF4B3CB5BBA58F0C4530C7"><enum>(27)</enum><text>Section 402(l)(4)(D) of such Code is amended by striking <quote>section 152</quote> and inserting <quote>section 7706</quote>.</text></paragraph><paragraph id="H417ECA89A2334D1CB57449F6BD87FAB2"><enum>(28)</enum><text>Section 409A(a)(2)(B)(ii)(I) of such Code is amended by striking <quote>section 152(a)</quote> and inserting <quote>section 7706(a)</quote>.</text></paragraph><paragraph id="HABCDE8AD2BB44741B1AD9B7181ECBCF4"><enum>(29)</enum><text display-inline="yes-display-inline">Section 501(c)(9) of such Code is amended by striking <quote>section 152(f)(1)</quote> and inserting <quote>section 7706(f)(1)</quote>.</text></paragraph><paragraph id="HD3993BFA8AC24F178E74309528FEB8C8"><enum>(30)</enum><text>Section 529(e)(2)(B) of such Code is amended by striking <quote>section 152(d)(2)</quote> and inserting <quote>section 7706(d)(2)</quote>.</text></paragraph><paragraph id="HDAFED1C19AB9491090466D590020858A"><enum>(31)</enum><text>Section 703(a)(2) of such Code is amended by striking subparagraph (A) and by redesignating subparagraphs (B) through (F) as subparagraphs (A) through (E), respectively.</text></paragraph><paragraph id="H29D912ED2E77495E83566F58CF9AFFB3"><enum>(32)</enum><text>Section 874 of such Code is amended by striking subsection (b) and by redesignating subsection (c) as subsection (b).</text></paragraph><paragraph id="H236CDA833F8B4A3C9B2FA2ADD3D7D935"><enum>(33)</enum><text>Section 891 of such Code is amended by striking <quote>under section 151 and</quote>.</text></paragraph><paragraph id="HF23EA926B74444438D1F9F3B9B3C7583"><enum>(34)</enum><text>Section 904(b) of such Code is amended by striking paragraph (1).</text></paragraph><paragraph id="H3E506E7703D846A3855FBE372B6D7AEA"><enum>(35)</enum><text>Section 931(b)(1) of such Code is amended by striking <quote>(other than the deduction under section 151, relating to personal exemptions)</quote>.</text></paragraph><paragraph id="H7CBC0BBD24304C7692BA34287C0306C5"><enum>(36)</enum><text display-inline="yes-display-inline">Section 933 of such Code is amended—</text><subparagraph id="H261049A2F7C246FC90A9DE3F1302D862"><enum>(A)</enum><text>by striking <quote>(other than the deduction under section 151, relating to personal exemptions)</quote> in paragraph (1), and</text></subparagraph><subparagraph id="HC9B1D847D6EA4F118D69AE13DFFFDC2F"><enum>(B)</enum><text>by striking <quote>(other than the deduction for personal exemptions under section 151)</quote> in paragraph (2).</text></subparagraph></paragraph><paragraph id="H8C417CABAEB0407ABD313EFAE2F42F24"><enum>(37)</enum><text>Section 1212(b)(2)(B)(ii) of such Code is amended to read as follows:</text><quoted-block style="OLC" display-inline="no-display-inline" id="HA6E053520DD64FBAB1E8DF3C1E175FF8"><clause id="H548E3E3EE7A840ABBEF062E925608CF9"><enum>(ii)</enum><text display-inline="yes-display-inline">in the case of an estate or trust, the deduction allowed for such year under section 642(b).</text></clause><after-quoted-block>.</after-quoted-block></quoted-block></paragraph><paragraph id="H85E2A19AEAE540AFB7AAF555314E8E9B"><enum>(38)</enum><text display-inline="yes-display-inline">Section 1361(c)(1)(C) of such Code is amended by striking <quote>section 152(f)(1)(C)</quote> and inserting <quote>section 7706(f)(1)(C)</quote>.</text></paragraph><paragraph id="H2AB8310AD60E42EFA5CBD331D22A560B"><enum>(39)</enum><text display-inline="yes-display-inline">Section 1402(a) of such Code is amended by striking paragraph (7).</text></paragraph><paragraph id="HE44A074DB3E24D39B97BA5875E2AAE4F"><enum>(40)</enum><text display-inline="yes-display-inline">Section 2032A(c)(7)(D) of such Code is amended by striking <quote>section 152(f)(2)</quote> and inserting <quote>section 7706(f)(2)</quote>.</text></paragraph><paragraph id="H849469AE980D441398AF877CFEA974CE"><enum>(41)</enum><text>Section 3402(m)(1) of such Code is amended by striking <quote>other than the deductions referred to in section 151 and</quote>.</text></paragraph><paragraph id="H1BA128FE89474A25A046B477D7226377"><enum>(42)</enum><text>Section 3402(r)(2) of such Code is amended by striking <quote>the sum of—</quote> and all that follows and inserting <quote>the standard deduction in effect under section 63(c)(1)(B).</quote>.</text></paragraph><paragraph id="H75AC110BB5A54F3AAB35F78B1CFFDF99"><enum>(43)</enum><text display-inline="yes-display-inline">Section 5000A(b)(3)(A) of such Code is amended by striking <quote>section 152</quote> and inserting <quote>section 7706</quote>.</text></paragraph><paragraph id="H17A5EB909A1C49B08E05B5F3C8AC6F37"><enum>(44)</enum><text display-inline="yes-display-inline">Section 5000A(c)(4)(A) of such Code is amended by striking <quote>the number of individuals for whom the taxpayer is allowed a deduction under section 151 (relating to allowance of deduction for personal exemptions) for the taxable year</quote> and inserting <quote>the sum of 1 (2 in the case of a joint return) plus the number of the taxpayer’s dependents for the taxable year</quote>.</text></paragraph><paragraph id="H675FEFD816ED46BBBC3C6F47AE107176"><enum>(45)</enum><text>Section 6013(b)(3)(A) of such Code is amended—</text><subparagraph id="H4F92772C141B41DB9753FB6DA9DC239B"><enum>(A)</enum><text>by striking <quote>had less than the exemption amount of gross income</quote> in clause (ii) and inserting <quote>had no gross income</quote>,</text></subparagraph><subparagraph id="HE71AE523D4024689854292D4D9C1B5F0"><enum>(B)</enum><text>by striking <quote>had gross income of the exemption amount or more</quote> in clause (iii) and inserting <quote>had any gross income</quote>, and</text></subparagraph><subparagraph id="HC72B7A2A299C428EBC216E2B2911038F"><enum>(C)</enum><text>by striking the flush language following clause (iii).</text></subparagraph></paragraph><paragraph id="H3EDF0B2845824490BDA451B899E4DD31"><enum>(46)</enum><text>Section 6103(l)(21)(A)(iii) of such Code is amended to read as follows:</text><quoted-block style="OLC" display-inline="no-display-inline" id="HDA685509664E431B9E4EACBA0FFF7ECF"><clause id="H55ADA68D06844A518B99501326083EF2"><enum>(iii)</enum><text display-inline="yes-display-inline">the number of the taxpayer’s dependents,</text></clause><after-quoted-block>.</after-quoted-block></quoted-block></paragraph><paragraph id="HC0052D95D3BC405E902EDF059AF85E49"><enum>(47)</enum><text>Section 6213(g)(2) of such Code is amended by striking subparagraph (H).</text></paragraph><paragraph id="id0fa32afaf61f4df49e2a60242f682e4f"><enum>(48)</enum><text>Section 6334(d)(2) of such Code is amended to read as follows:</text><quoted-block style="OLC" display-inline="no-display-inline" id="idb0c021138c394583bf57f2827ae56eb5"><paragraph id="idceaef3aa277848e7a0c0bd732d479692"><enum>(2)</enum><header>Exempt amount</header><subparagraph id="id0d31e1f90f5041658e659ecea2e3626b"><enum>(A)</enum><header>In general</header><text>For purposes of paragraph (1), the term <term>exempt amount</term> means an amount equal to—</text><clause id="idcfee3f8de642400eb96660ab1a5f22a9"><enum>(i)</enum><text>the sum of the amount determined under subparagraph (B) and the standard deduction, divided by</text></clause><clause id="id0dbbe522c0614d2a9cf134f77acf6c01"><enum>(ii)</enum><text>52.</text></clause></subparagraph><subparagraph id="id292c085e159846f29c70078d8510e6fc"><enum>(B)</enum><header>Amount determined</header><text>For purposes of subparagraph (A), the amount determined under this subparagraph is $4,150 multiplied by the number of the taxpayer’s dependents for the taxable year in which the levy occurs.</text></subparagraph><subparagraph id="id11a02f5f59774501b151892d61f56937"><enum>(C)</enum><header>Inflation adjustment</header><text>In the case of any taxable year beginning after 2018, the $4,150 amount in subparagraph (B) shall be increased by an amount equal to—</text><clause id="id3c4126b2b1b449c5883d5ae3276d621e"><enum>(i)</enum><text>such dollar amount, multiplied by</text></clause><clause id="id6dba4f64df9d4a2199da95d464928f7a"><enum>(ii)</enum><text>the cost-of-living adjustment determined under section 1(f)(3) for the calendar year in which the taxable year begins, by substituting <quote>calendar year 2017</quote> for <quote>calendar year 2016</quote> in subparagraph (A) thereof.</text></clause><continuation-text continuation-text-level="subparagraph">If any increase determined under the preceding sentence is not a multiple of $100, such increase
 shall be rounded to the next lowest multiple of $100.</continuation-text></subparagraph><subparagraph id="id438fe9150e914ee4b437495a8ff78705"><enum>(D)</enum><header>Verified statement</header><text>Unless the taxpayer submits to the Secretary a written and properly verified statement specifying the facts necessary to determine the proper amount under subparagraph (A), subparagraph (A) shall be applied as if the taxpayer were a married individual filing a separate return with no dependents.</text></subparagraph></paragraph><after-quoted-block>.</after-quoted-block></quoted-block></paragraph><paragraph id="H8211DC89010D47D3A68BA744A2E400A7"><enum>(49)</enum><text display-inline="yes-display-inline">Section 7702B(f)(2)(C)(iii) of such Code is amended by striking <quote>section 152(d)(2)</quote> and inserting <quote>section 7706(d)(2)</quote>.</text></paragraph><paragraph id="HA947827C1DAE477485C8DB853E68F964"><enum>(50)</enum><text>Section 7703(a) of such Code is amended by striking <quote>part V of subchapter B of chapter 1 and</quote>.</text></paragraph><paragraph id="HD2058A4D8A314FFE97EDCB63A5586B37"><enum>(51)</enum><text>Section 7703(b)(1) of such Code is amended by striking <quote>section 152(f)(1)</quote> and all that follows and inserting <quote>section 7706(f)(1),</quote>.</text></paragraph><paragraph id="HB948CACABA0E4BAAA1CE47085D91E5BC"><enum>(52)</enum><text>Section 7706(a) of such Code, as redesignated by this section, is amended by striking <quote>this subtitle</quote> and inserting <quote>subtitle A</quote>.</text></paragraph><paragraph id="HD6A17352E55E457CB0F16974A6921D03"><enum>(53)</enum><subparagraph commented="no" display-inline="yes-display-inline" id="H9A0C01814A104FCD9758AB3DEE28DBA5"><enum>(A)</enum><text>Section 7706(d)(1)(B) of such Code, as redesignated by this section, is amended by striking <quote>the exemption amount (as defined in section 151(d))</quote> and inserting <quote>$4,150</quote>.</text></subparagraph><subparagraph id="H7EED98BBA16B492AA96E881C067FEF2B" indent="up1"><enum>(B)</enum><text>Section 7706(d) of such Code, as redesignated by this section, is amended by adding at the end the following new paragraph:</text><quoted-block style="OLC" display-inline="no-display-inline" id="H4CB717196FF241B0A424A81A1B9A8BDE"><paragraph id="HECCB4D495CAF4EE4B3A48B50235FBE24"><enum>(6)</enum><header>Inflation adjustment</header><text>In the case of any calendar year beginning after 2018, the $4,150 amount in paragraph (1)(B) shall be increased by an amount equal to—</text><subparagraph id="H5428E4022C1F464896244F8FD07CAEED"><enum>(A)</enum><text>such dollar amount, multiplied by</text></subparagraph><subparagraph id="H355D5E4361414DE19BE397D76C512692"><enum>(B)</enum><text>the cost-of-living adjustment determined under section 1(f)(3) for such calendar year, determined by substituting <quote>calendar year 2017</quote> for <quote>calendar year 2016</quote> in subparagraph (A)(ii) thereof.</text></subparagraph><continuation-text continuation-text-level="paragraph">If any increase determined under the preceding sentence is not a multiple of $100, such increase
 shall be rounded to the next lowest multiple of $100.</continuation-text></paragraph><after-quoted-block>.</after-quoted-block></quoted-block></subparagraph></paragraph><paragraph id="HC311EA5CA3B940C882B747D2179CF5C2"><enum>(54)</enum><text>The table of sections for chapter 79 of such Code is amended by adding at the end the following new item:</text><quoted-block style="OLC" display-inline="no-display-inline" id="HC948F3472C9846CC9C209A6F92BC98AB"><toc regeneration="no-regeneration"><toc-entry level="section">Sec. 7706. Dependent defined.</toc-entry></toc><after-quoted-block>.</after-quoted-block></quoted-block></paragraph></subsection><subsection commented="no" display-inline="no-display-inline" id="HF198D0FD8AC34F17BD2075733B1D3914"><enum>(g)</enum><header>Effective date</header><text>The amendments made by this section shall apply to taxable years beginning after December 31, 2020.</text></subsection></section><section id="id00e4493742c0433ea7ebfcfe9268b76b"><enum>12.</enum><header>Permanent extension of limitation on deduction for State and local, etc., taxes</header><subsection id="idbe50cd3b5c714db9a6fb63ff7eb667f5"><enum>(a)</enum><header>In general</header><text>Paragraph (6) of <external-xref legal-doc="usc" parsable-cite="usc/26/164">section 164(b)</external-xref> of the Internal Revenue Code of 1986 is amended—</text><paragraph id="id1930580bc4344d51b9b8b20eb335d388"><enum>(1)</enum><text>by striking <quote>, and before January 1, 2026</quote>, and</text></paragraph><paragraph id="idc982024881064acea9f4afa8f8822979"><enum>(2)</enum><text>by striking <quote><header-in-text level="paragraph" style="OLC">2018 through 2025</header-in-text></quote> in the heading and inserting <quote><header-in-text level="paragraph" style="OLC">after 2017</header-in-text></quote>.</text></paragraph></subsection><subsection id="idb858838af6394a9bb03812bd19570ca8"><enum>(b)</enum><header>Effective date</header><text>The amendments made by this section shall apply to taxable years beginning after December 31, 2020.</text></subsection></section><section id="id6EC036F9788F4511BEFFAF21D75F6546"><enum>13.</enum><header>Permanent extension of limitation on deduction for qualified residence interest</header><subsection id="id519831BED28E46DFBD91E8B45588A6D6"><enum>(a)</enum><header>Repeal of home equity indebtedness</header><paragraph id="id837A35CFDA784AB8A8CAFC8A595CD1AE"><enum>(1)</enum><header>In general</header><text display-inline="yes-display-inline"><external-xref legal-doc="usc" parsable-cite="usc/26/163">Section 163(h)(3)(A)</external-xref> of the Internal Revenue Code of 1986 is amended by striking <quote>during the taxable year on</quote> and all that follows through <quote>For purposes of</quote> and inserting <quote>during the taxable year on acquisition indebtedness with respect to any qualified principal residence of the taxpayer. For purposes of</quote>.</text></paragraph><paragraph id="id7AFAA2B55C294F4ABC3CB9792071CA05"><enum>(2)</enum><header>Conforming amendment</header><text>Section 163(h)(3) of such Code is amended by striking subparagraph (C).</text></paragraph></subsection><subsection id="idC116A37062C7424AA28FD85AF2E72E4A"><enum>(b)</enum><header>Limitation on acquisition indebtedness</header><paragraph id="idC6E9359C68DD4AE8B5CE496A9CDB8E8A"><enum>(1)</enum><header>In general</header><text><external-xref legal-doc="usc" parsable-cite="usc/26/163">Section 163(h)(3)(B)(ii)</external-xref> of the Internal Revenue Code of 1986 is amended by striking <quote>$1,000,000 ($500,000</quote> and inserting <quote>$750,000 ($375,000</quote>.</text></paragraph><paragraph id="id0B62792F3C0E469680F21C6CD75DE05E"><enum>(2)</enum><header>Treatment of indebtedness incurred on or before December 31, 2017; refinancings</header><text><external-xref legal-doc="usc" parsable-cite="usc/26/163">Section 163(h)(3)</external-xref> of the Internal Revenue Code of 1986, as amended by subsection (a)(2), is amended by inserting after subparagraph (B) the following new subparagraph:</text><quoted-block style="OLC" display-inline="no-display-inline" id="id45067C07B71E4F21BD792CE8D7A9E520"><subparagraph commented="no" id="H4D284DF683F34F24B897B77CB70E5BE8"><enum>(C)</enum><header>Treatment of indebtedness incurred on or before December 15, 2017; refinancings</header><clause commented="no" id="idE16321561DAA42839355508F54D09975"><enum>(i)</enum><header>In general</header><text>In the case of any indebtedness incurred on or before December 15, 2017, subparagraph (B)(ii) shall apply as in effect immediately before the enactment of the <external-xref legal-doc="public-law" parsable-cite="pl/115/97">Public Law 115–97</external-xref>, and, in applying such subparagraph to any indebtedness incurred after such date, the limitation under such subparagraph shall be reduced (but not below zero) by the amount of any indebtedness incurred on or before December 15, 2017, which is treated as acquisition indebtedness for purposes of this subsection for the taxable year.</text></clause><clause id="HE158AA22F855443F841ACADC8742C9C0"><enum>(ii)</enum><header>Binding contract exception</header><text display-inline="yes-display-inline">In the case of a taxpayer who enters into a written binding contract before December 15, 2017, to close on the purchase of a principal residence before January 1, 2018, and who purchases such residence before April 1, 2018, subclause (III) shall be applied by substituting <quote>April 1, 2018</quote> for <quote>December 15, 2017</quote>.</text></clause><clause commented="no" display-inline="no-display-inline" id="HB5458BC371FB406E8FE86ADA58C7F065"><enum>(iii)</enum><header display-inline="yes-display-inline">Treatment of refinancings of indebtedness</header><subclause commented="no" display-inline="no-display-inline" id="HF12077F180284B299CAD16B76BF6D897"><enum>(I)</enum><header>In general</header><text display-inline="yes-display-inline">In the case of any indebtedness which is incurred to refinance indebtedness, such refinanced indebtedness shall be treated for purposes of clause (i) as incurred on the date that the original indebtedness was incurred to the extent the amount of the indebtedness resulting from such refinancing does not exceed the amount of the refinanced indebtedness.</text></subclause><subclause commented="no" id="H35B946903CD44EA787A9975E82EC7149"><enum>(II)</enum><header>Limitation on period of refinancing</header><text>Subclause (I) shall not apply to any indebtedness after the expiration of the term of the original indebtedness or, if the principal of such original indebtedness is not amortized over its term, the expiration of the term of the 1st refinancing of such indebtedness (or if earlier, the date which is 30 years after the date of such 1st refinancing).</text></subclause></clause></subparagraph><after-quoted-block>.</after-quoted-block></quoted-block></paragraph></subsection><subsection id="idC464B9E1942D4B1C9E448F6EE26856BF" commented="no"><enum>(c)</enum><header>Coordination with exclusion of income from discharge of indebtedness</header><text><external-xref legal-doc="usc" parsable-cite="usc/26/108">Section 108(h)(2)</external-xref> of the Internal Revenue Code of 1986 is amended by striking <quote>, applied by substituting</quote> and all that follows through <quote>section 163(h)(3)(F)(i)(II)</quote>.</text></subsection><subsection id="id513221BA8026493999B2F0ABC15575BD"><enum>(d)</enum><header>Conforming amendments</header><text><external-xref legal-doc="usc" parsable-cite="usc/26/163">Section 163(h)(3)</external-xref> of the Internal Revenue Code of 1986 is amended—</text><paragraph id="id61B41980475D44AA8B462AF36B8B42C9"><enum>(1)</enum><text>in the heading of subparagraph (D)(ii), by striking <quote>$1,000,000</quote>, and</text></paragraph><paragraph id="id1A4B98BA1FD3471D9124EA2A8CC442BF"><enum>(2)</enum><text>by striking subparagraph (F).</text></paragraph></subsection><subsection id="idB60DCD2DE88F46569F18CE313078441B"><enum>(e)</enum><header>Effective date</header><text>The amendments made by this section shall apply to taxable years beginning after December 31, 2020.</text></subsection></section><section id="id5acbcd3439fa4fb395d0284620377c12"><enum>14.</enum><header>Permanent extension of modifications to deduction for personal casualty losses</header><subsection id="id4286ea6334d646a6a5404a75965b9fab"><enum>(a)</enum><header>In general</header><text>Paragraph (5) of <external-xref legal-doc="usc" parsable-cite="usc/26/165">section 165(h)</external-xref> of the Internal Revenue Code of 1986 is amended—</text><paragraph id="id60b0b8b4f3094907b5c45ead382bc73e"><enum>(1)</enum><text>by striking <quote>, and before January 1, 2026</quote> in subparagraph (A), and</text></paragraph><paragraph id="id7c417a045e234536960e43984c6e15f2"><enum>(2)</enum><text>by striking <quote><header-in-text level="paragraph" style="OLC">2018 through 2025</header-in-text></quote> in the heading and inserting <quote><header-in-text level="paragraph" style="OLC">after 2017</header-in-text></quote>.</text></paragraph></subsection><subsection id="idb413c6ae22cd49f38d2916a3ddcda0a0"><enum>(b)</enum><header>Effective date</header><text>The amendments made by this section shall apply to losses incurred in taxable years beginning after December 31, 2020.</text></subsection></section><section id="id67F79A0E4DF44923847D8552BACDAACF"><enum>15.</enum><header>Repeal of miscellaneous itemized deductions</header><subsection id="idE811B012E5AB42D4B8B2C34BD731204D"><enum>(a)</enum><header>In general</header><text><external-xref legal-doc="usc" parsable-cite="usc/26/67">Section 67</external-xref> of the Internal Revenue Code of 1986 is amended—</text><paragraph id="idA7ACCA951FED4A17947B711229974BA3"><enum>(1)</enum><text>by striking subsection (a) and inserting the following:</text><quoted-block style="OLC" display-inline="no-display-inline" id="idCFFEF25A90B642678A269456C4FF7DEB"><subsection id="id9C2EBAFE10CD4C6DBF658875326A5D3A"><enum>(a)</enum><header>General rule</header><text>No miscellaneous itemized deduction shall be allowed for any taxable year beginning after December 31, 2017.</text></subsection><after-quoted-block>,</after-quoted-block></quoted-block></paragraph><paragraph id="id50DCD0C793CF48B0B557DAC6C5E41FE0"><enum>(2)</enum><text>by striking subsection (g), and</text></paragraph><paragraph id="idDEE5F423E2C942F3A387D296026047D5"><enum>(3)</enum><text>by striking <quote><header-in-text level="section" style="OLC">2-percent floor on</header-in-text></quote> in the heading and inserting <quote><header-in-text level="section" style="OLC">Treatment of</header-in-text></quote>.</text></paragraph></subsection><subsection id="id8D67DAFCAF8F4A5FBE8E86778AC4CDED"><enum>(b)</enum><header>Conforming amendment</header><text>The table of sections for part I of subchapter B of <external-xref legal-doc="usc-chapter" parsable-cite="usc-chapter/26/1">chapter 1</external-xref> of the Internal Revenue Code of 1986 is amended by striking <quote>2-percent floor on</quote> in the item relating to section 67 and inserting <quote>Treatment of</quote>.</text></subsection><subsection id="idBE3193DF8B904116980E1BAE8A20D3D5"><enum>(c)</enum><header>Effective date</header><text>The amendments made by this section shall apply to taxable years beginning after December 31, 2020.</text></subsection></section><section id="HDEE1FEF792D34504A3FAD11CCE5364E0"><enum>16.</enum><header>Repeal of overall limitation on itemized deductions</header><subsection id="HB64679BA96424197AF3454E3401D4C26"><enum>(a)</enum><header>In general</header><text display-inline="yes-display-inline">Part 1 of subchapter B of <external-xref legal-doc="usc-chapter" parsable-cite="usc-chapter/26/1">chapter 1</external-xref> of the Internal Revenue Code of 1986 is amended by striking section 68 (and the item relating to such section in the table of sections for such part).</text></subsection><subsection id="id9EA5E6D0E4D14DA2B044E81E7CC5BA17"><enum>(b)</enum><header>Conforming amendments</header><paragraph id="id3358FF9D7D5745ACBBBB5B465B9A9AD0"><enum>(1)</enum><text><external-xref legal-doc="usc" parsable-cite="usc/26/1">Section 1(f)(7)</external-xref> of the Internal Revenue Code of 1986 is amended by striking <quote>section 68(b)(2),</quote>.</text></paragraph><paragraph id="idA5E8AA3A061040C0B0A3E6D73FE6BFE0"><enum>(2)</enum><text>Section 56(b)(1) of such Code is amended by striking subparagraph (F).</text></paragraph><paragraph id="id37D45C03A608462B92F6E2003C6ED810"><enum>(3)</enum><text>Section 164(b)(5)(H)(ii)(III) of such Code is amended by inserting <quote>(as in effect before the date of the enactment of the Tax Cuts and Jobs Act)</quote> after <quote>68(b)</quote>.</text></paragraph><paragraph id="id051253361A0E41068EB8B3C155541602"><enum>(4)</enum><text>Section 642(b)(2)(C)(i)(I) of such Code is amended by striking <quote>as an individual described in section 68(b)(1)(C)</quote> and inserting <quote>as an individual who is not married and who is not a surviving spouse or head of household</quote>.</text></paragraph><paragraph id="idCA5B031EDE2544F093C08449C607E32B"><enum>(5)</enum><text>Section 773(a)(3)(B) of such Code is amended by striking clause (i) and redesignating clauses (ii) through (iv) as clauses (i) through (iii), respectively.</text></paragraph></subsection><subsection commented="no" display-inline="no-display-inline" id="HD90BD2F730064B48BEC71C943AA5EF1A"><enum>(c)</enum><header>Effective date</header><text>The amendments made by this section shall apply to taxable years beginning after December 31, 2020.</text></subsection></section><section commented="no" display-inline="no-display-inline" id="id672DD4404FB24684A182FC92BFB9FBD0"><enum>17.</enum><header>Repeal of exclusion for qualified bicycle commuting reimbursement</header><subsection commented="no" display-inline="no-display-inline" id="idACCEED7B7B2345F38213FAF70BA1E801"><enum>(a)</enum><header>In general</header><text><external-xref legal-doc="usc" parsable-cite="usc/26/132">Section 132(f)(1)</external-xref> of the Internal Revenue Code of 1986 is amended by striking subparagraph (D).</text></subsection><subsection commented="no" display-inline="no-display-inline" id="id7F7F44EFBDD9417094915945450B2FC2"><enum>(b)</enum><header>Conforming amendments</header><paragraph commented="no" display-inline="no-display-inline" id="idCB9C453BFF7C457E97CE2AA23A5B8DB3"><enum>(1)</enum><text><external-xref legal-doc="usc" parsable-cite="usc/26/132">Section 132(f)(2)</external-xref> of the Internal Revenue Code of 1986 is amended by inserting <quote>and</quote> at the end of subparagraph (A), by striking <quote>, and</quote> at the end of subparagraph (B) and inserting a period, and by striking subparagraph (C).</text></paragraph><paragraph commented="no" display-inline="no-display-inline" id="idAF034893C9EE4C609EC6AC220B0129B5"><enum>(2)</enum><text>Section 132(f)(4) of such Code is amended by striking <quote>(other than a qualified bicycle commuting reimbursement)</quote>.</text></paragraph><paragraph commented="no" display-inline="no-display-inline" id="idAB781846AF0A47418613E6CD2A0782E1"><enum>(3)</enum><text>Section 132(f)(5) of such Code is amended by striking subparagraph (F).</text></paragraph><paragraph display-inline="no-display-inline" commented="no" id="id408EA8B5BB3C427F97AD6D184D9B4BAA"><enum>(4)</enum><text>Section 132(f) of such Code is amended by striking paragraph (8).</text></paragraph></subsection><subsection commented="no" display-inline="no-display-inline" id="id21F49C6318B54C2D817AB5F0C4C13BF4"><enum>(c)</enum><header>Effective date</header><text>The amendments made by this section shall apply to taxable years beginning after December 31, 2020.</text></subsection></section><section commented="no" display-inline="no-display-inline" id="id24FD439A447148D9AC7D9845E33168D3"><enum>18.</enum><header>Permanent extension of modification of exclusion for qualified moving expense reimbursement</header><subsection commented="no" display-inline="no-display-inline" id="id50678ED1F1384D75929B514BC6603D25"><enum>(a)</enum><header>In general</header><text><external-xref legal-doc="usc" parsable-cite="usc/26/132">Section 132(g)</external-xref> of the Internal Revenue Code of 1986 is amended—</text><paragraph commented="no" display-inline="no-display-inline" id="id87161FB69FC54F98BF4AC19D9EE31E3E"><enum>(1)</enum><text>in paragraph (1), by striking <quote>individual</quote> and inserting <quote>qualified military member</quote>, and</text></paragraph><paragraph commented="no" display-inline="no-display-inline" id="id63E5FC7D902145FA9F9A4DB638A5DBF9"><enum>(2)</enum><text>by striking paragraph (2) and inserting the following:</text><quoted-block style="OLC" display-inline="no-display-inline" id="id45767CC588D44D2C9F02F7965A241F34"><paragraph commented="no" display-inline="no-display-inline" id="id7E8DCB7C1D72470C819B4C95A6DA8FF0"><enum>(2)</enum><header>Qualified military member</header><text>For purposes of paragraph (1), the term <term>qualified military member</term> means a member of the Armed Forces of the United States on active duty who moves pursuant to a military order and incident to a permanent change of station.</text></paragraph><after-quoted-block>.</after-quoted-block></quoted-block></paragraph></subsection><subsection commented="no" display-inline="no-display-inline" id="idAB8A0B6DA8D04983807AC8B9227193CA"><enum>(b)</enum><header>Effective date</header><text>The amendments made by this section shall apply to taxable years beginning after December 31, 2020.</text></subsection></section><section id="H461A9DA422B64573B7C4D0D4FFF66579"><enum>19.</enum><header>Repeal of deduction for moving expenses</header><subsection id="id22365E88B9674F0AA480152B46EC8152"><enum>(a)</enum><header>In general</header><text>Subsection (a) of <external-xref legal-doc="usc" parsable-cite="usc/26/217">section 217</external-xref> of the Internal Revenue Code of 1986 is amended to read as follows:</text><quoted-block style="OLC" display-inline="no-display-inline" id="idF73196EE18CC43818BF520446CF80FF8"><subsection id="idCD667FDA10F7402FABBFDAEBF74F7ABF"><enum>(a)</enum><header>Deduction allowed</header><text>There shall be allowed as a deduction moving expenses paid or incurred during the taxable year in connection with the commencement of work by a member of the Armed Forces of the United States on active duty who moves pursuant to a military order and incident to a permanent change of station.</text></subsection><after-quoted-block>.</after-quoted-block></quoted-block></subsection><subsection id="id401C9CB173A34EA685423764DBA53D20"><enum>(b)</enum><header>Conforming amendments</header><paragraph id="id06EE14DAD32746EDB0B0588AF6375B84"><enum>(1)</enum><text><external-xref legal-doc="usc" parsable-cite="usc/26/217">Section 217</external-xref> of the Internal Revenue Code of 1986 is amended—</text><subparagraph id="idB4F0050CA2F64CDC8F4F7FCE8C42E1C0"><enum>(A)</enum><text>by striking subsections (c), (d), (f), and (i),</text></subparagraph><subparagraph id="idADA4305FF9C44B1E9D6A06CB3F54F096"><enum>(B)</enum><text>by redesignating subsections (g), (h), and (j) as subsections (c), (d), and (e), respectively, and</text></subparagraph><subparagraph id="id2CE54791C149488F8DCE0484F035461D"><enum>(C)</enum><text>in subsection (c), as so redesignated—</text><clause id="id897C3861BE5444BAB9A0C78F17B65699"><enum>(i)</enum><text>by striking paragraph (1) and redesignating paragraphs (2) and (3) as paragraphs (1) and (2), respectively, and</text></clause><clause id="id5DA702D446C54F46A8BA616DF64459B3"><enum>(ii)</enum><text>in paragraph (2) (as so redesignated), by striking <quote>moving expenses of his spouse and dependents</quote> and all that follows and inserting <quote>moving expenses of his spouse and dependents as if his spouse commenced work as an employee at a new principal place of work at such location.</quote>.</text></clause></subparagraph></paragraph><paragraph id="id6D29DA29B0F34DDE97936ECF19E58D29"><enum>(2)</enum><text>Section 23 of such Code is amended by striking <quote>217(h)(3)</quote> each place it appears in subsections (d)(3) and (e) and inserting <quote>217(d)(3)</quote>.</text></paragraph></subsection><subsection commented="no" display-inline="no-display-inline" id="H39D74E39F36D41DC895B1C603B06632F"><enum>(c)</enum><header>Effective date</header><text>The amendments made by this section shall apply to taxable years beginning after December 31, 2020.</text></subsection></section><section commented="no" display-inline="no-display-inline" id="id339F2147F2E84FE5A204DC0E3CE0BE5A"><enum>20.</enum><header>Permanent extension of limitation on wagering losses</header><subsection commented="no" display-inline="no-display-inline" id="id7708786D36844E71A9F47862EDD076FA"><enum>(a)</enum><header>In general</header><text>The second sentence of <external-xref legal-doc="usc" parsable-cite="usc/26/165">section 165(d)</external-xref> of the Internal Revenue Code of 1986 is amended by striking <quote>in the case of taxable years beginning after December 31, 2017, and before January 1, 2026,</quote>.</text></subsection><subsection commented="no" display-inline="no-display-inline" id="idCFB3BDBAA8DC41A5AA03DD3E16840EF0"><enum>(b)</enum><header>Effective date</header><text>The amendments made by this section shall not apply to taxable years beginning after December 31, 2020.</text></subsection></section><section id="idABEA73B9F9BC4A6195C346AA1BBA7C33"><enum>21.</enum><header>Increase in estate and gift tax exemption made permanent</header><subsection id="id25FC5750C3004BCA8534C4547ADE39F4"><enum>(a)</enum><header>In general</header><text><external-xref legal-doc="usc" parsable-cite="usc/26/2010">Section 2010(c)(3)(A)</external-xref> of the Internal Revenue Code of 1986 is amended by striking <quote>$5,000,000</quote> and inserting <quote>$10,000,000</quote>.</text></subsection><subsection id="H3A8E170158064AEABF194A350894ED52"><enum>(b)</enum><header>Conforming amendments</header><paragraph id="id1A0E6D24A83A4CEFA0C509FE34896879"><enum>(1)</enum><text><external-xref legal-doc="usc" parsable-cite="usc/26/2010">Section 2010(c)(3)</external-xref> of the Internal Revenue Code of 1986 is amended by striking subparagraph (C).</text></paragraph><paragraph id="id7E340CFF0BAE408588E9B18C24E67FD5"><enum>(2)</enum><text>Subsection (g) of section 2001 of such Code is amended to read as follows:</text><quoted-block style="OLC" display-inline="no-display-inline" id="id78D6F337AA2748498BCDA9C1D4575C9D"><subsection id="H83808D27C7B1484BAE71D7B820DD6D9B"><enum>(g)</enum><header>Modifications to gift tax payable To reflect different tax rates</header><text>For purposes of applying subsection (b)(2) with respect to 1 or more gifts, the rates of tax under subsection (c) in effect at the decedent's death shall, in lieu of the rates of tax in effect at the time of such gifts, be used both to compute—</text><paragraph id="HA47A5B96088D42D694A5CEAFE302C6E9"><enum>(1)</enum><text>the tax imposed by chapter 12 with respect to such gifts, and</text></paragraph><paragraph id="HCB19C6A5021B47678EBC27EC40641268"><enum>(2)</enum><text>the credit allowed against such tax under section 2505, including in computing—</text><subparagraph id="H1CE3CF99759843A5950210ADCD170CC0"><enum>(A)</enum><text>the applicable credit amount under section 2505(a)(1), and</text></subparagraph><subparagraph id="H1789BDC995D642FBBF6231E058A97EE6"><enum>(B)</enum><text>the sum of the amounts allowed as a credit for all preceding periods under section 2505(a)(2).</text></subparagraph></paragraph></subsection><after-quoted-block>.</after-quoted-block></quoted-block></paragraph></subsection><subsection commented="no" display-inline="no-display-inline" id="H368125A74FC847A88BBB646AACAEE639"><enum>(c)</enum><header>Effective date</header><text>The amendments made by this section shall apply to estates of decedents dying and gifts made after December 31, 2020.</text></subsection></section><section id="S1"><enum>22.</enum><header>Increase in alternative minimum tax exemption made permanent</header><subsection id="HD05F9CEC2C294C6A828CF400222C99BF"><enum>(a)</enum><header>In general</header><text><external-xref legal-doc="usc" parsable-cite="usc/26/55">Section 55(d)</external-xref> of the Internal Revenue Code of 1986 is amended—</text><paragraph id="id0936071F754F49C0A78665572397FCD6"><enum>(1)</enum><text>in paragraph (1)—</text><subparagraph id="id8A41393AC9284CA588275EB1DFE8356D"><enum>(A)</enum><text>by striking <quote>$78,750</quote> in subparagraph (A) and inserting <quote>$109,400</quote>, and</text></subparagraph><subparagraph id="idF1BA13B807254116976B4D13DC3EFEA4"><enum>(B)</enum><text>by striking <quote>$50,600</quote> in subparagraph (B) and inserting <quote>$70,300</quote>, and</text></subparagraph></paragraph><paragraph id="idDCE6D34647EC44D4BA59A10177B2AEE1"><enum>(2)</enum><text>in paragraph (2)—</text><subparagraph id="idA41883A80FF0420DB1BA05947F790D00"><enum>(A)</enum><text>by striking <quote>$150,000</quote> in subparagraph (A) and inserting <quote>$1,000,000</quote>, and</text></subparagraph><subparagraph id="id0E666001D0B5454AAA02E42D6C90C3B9"><enum>(B)</enum><text>by striking subparagraphs (B) and (C) and inserting the following:</text><quoted-block style="OLC" display-inline="no-display-inline" id="id71B61CC1CF5E4BADBFFBE04283175554"><subparagraph id="id024AA202CFA2437F867E48346FBFF7C2"><enum>(B)</enum><text>50 percent of the dollar amount applicable under subparagraph (A) in the case of a taxpayer described in subparagraph (B) or (C) of paragraph (1), and</text></subparagraph><subparagraph id="id866C838AEB9F48BB98F3C9BD71226F2C"><enum>(C)</enum><text>50 percent of $150,000 in the case of a taxpayer described in paragraph (1)(D).</text></subparagraph><after-quoted-block>.</after-quoted-block></quoted-block></subparagraph></paragraph></subsection><subsection id="id8EF07DF004F144E08B2EC673E23BF6D9"><enum>(b)</enum><header>Inflation adjustment</header><paragraph id="id8E735213992A4AAAB88FD1F7E5D38DE4"><enum>(1)</enum><header>In general</header><text><external-xref legal-doc="usc" parsable-cite="usc/26/55">Section 55(d)(3)(A)(ii)</external-xref> of the Internal Revenue Code of 1986 is amended to read as follows:</text><quoted-block style="OLC" display-inline="no-display-inline" id="id2BB22D954E9643C5842791613067611C"><clause id="id422b9e5168d9418fb0018c1066c658f4"><enum>(ii)</enum><text>the cost-of-living adjustment determined under section 1(f)(3) for the calendar year in which the taxable year begins, by substituting for <quote>calendar year 2016</quote> in subparagraph (A)(ii) thereof—</text><subclause id="id7fd042b905b54895844a018001d9c378"><enum>(I)</enum><text><quote>calendar year 2011</quote> in the case of the dollar amounts described in clauses (i), (iv), and (v) of subparagraph (B), and</text></subclause><subclause id="idcdef7f602bed41c5982a23af22889005"><enum>(II)</enum><text><quote>calendar year 2017</quote> in the case of the dollar amounts described in clauses (ii) and (iii) of subparagraph (B).</text></subclause></clause><after-quoted-block>.</after-quoted-block></quoted-block></paragraph><paragraph id="id2DFD1FCC8B5B40D7A5EBF7E51EB889E8"><enum>(2)</enum><header>Conforming amendments</header><text>Section 55(d)(3)(B) of such Code is amended—</text><subparagraph id="id1FB4FDC63FEF46B39F2A4FFCA7F7B99C"><enum>(A)</enum><text>by striking <quote>subparagraphs (A), (B), and (D) of paragraph (1), and</quote> in clause (ii) and inserting <quote>subparagraphs (A) and (B) of paragraph (1),</quote>,</text></subparagraph><subparagraph id="id0B2383A69CC74BFCB09A9C9F21DEF1A1"><enum>(B)</enum><text>by striking <quote>subparagraphs (A) and (B) of paragraph (2).</quote> in clause (iii) and inserting <quote>paragraph (2)(A),</quote>, and</text></subparagraph><subparagraph id="id7C1A8B416F064077AA76EF07BA8392AF"><enum>(C)</enum><text>by adding at the end the following:</text><quoted-block style="OLC" display-inline="no-display-inline" id="id969807822D714A46AFA31BC43EDCCAB7"><clause id="idE4C7B6370517413E830371DEB0F390A7"><enum>(iv)</enum><text>the dollar amount contained in paragraph (1)(D), and</text></clause><clause id="idF581597CFC0D446895D78763180154E4"><enum>(v)</enum><text>the dollar amount contained in paragraph (2)(C).</text></clause><after-quoted-block>.</after-quoted-block></quoted-block></subparagraph></paragraph></subsection><subsection id="idC235FCEB0AED4BFE8B8864EC8DFD7AA0" commented="no"><enum>(c)</enum><header>Treatment of unearned income of minor children</header><text><external-xref legal-doc="usc" parsable-cite="usc/26/59">Section 59</external-xref> of the Internal Revenue Code of 1986 is amended by striking subsection (j).</text></subsection><subsection commented="no" display-inline="no-display-inline" id="HE24328B1EF3842C89E06BC7566018A01"><enum>(d)</enum><header>Effective date</header><text>The amendments made by this section shall apply to taxable years beginning after December 31, 2020.</text></subsection></section><section commented="no" display-inline="no-display-inline" id="id17046E527FD64D698293DEA4093052CB"><enum>23.</enum><header>Technical amendment</header><text display-inline="no-display-inline">Section 11000 of <external-xref legal-doc="public-law" parsable-cite="pl/115/97">Public Law 115–97</external-xref> is amended by redesignating subsection (a) as subsection (b) and by inserting before subsection (b) (as so redesignated) the following new subsection:</text><quoted-block style="OLC" display-inline="no-display-inline" id="idE55F97F21F1247F697626BC43DEFF1FE"><subsection commented="no" display-inline="no-display-inline" id="HB2385717698542149ED6D6546E21EBCA"><enum>(a)</enum><header display-inline="yes-display-inline">Short title</header><text display-inline="yes-display-inline">This title may be cited as the <quote><short-title>Tax Cuts and Jobs Act</short-title></quote>.</text></subsection><after-quoted-block>.</after-quoted-block></quoted-block></section></legis-body></bill> 

