<?xml version="1.0"?>
<?xml-stylesheet type="text/xsl" href="billres.xsl"?>
<!DOCTYPE bill PUBLIC "-//US Congress//DTDs/bill.dtd//EN" "bill.dtd">
<bill bill-type="olc" bill-stage="Introduced-in-Senate" dms-id="A1" public-private="public" slc-id="S1-EDW21120-133-0H-CJ8"><metadata xmlns:dc="http://purl.org/dc/elements/1.1/">
<dublinCore>
<dc:title>117 S307 IS: To amend the Public Works and Economic Development Act of 1965 to authorize the Secretary of Commerce to make grants for travel promotion, and for other purposes. </dc:title>
<dc:publisher>U.S. Senate</dc:publisher>
<dc:date>2021-02-08</dc:date>
<dc:format>text/xml</dc:format>
<dc:language>EN</dc:language>
<dc:rights>Pursuant to Title 17 Section 105 of the United States Code, this file is not subject to copyright protection and is in the public domain.</dc:rights>
</dublinCore>
</metadata>
<form>
<distribution-code display="yes">II</distribution-code><congress>117th CONGRESS</congress><session>1st Session</session><legis-num>S. 307</legis-num><current-chamber>IN THE SENATE OF THE UNITED STATES</current-chamber><action><action-date date="20210208">February 8, 2021</action-date><action-desc><sponsor name-id="S385">Ms. Cortez Masto</sponsor> (for herself, <cosponsor name-id="S342">Mr. Blunt</cosponsor>, <cosponsor name-id="S311">Ms. Klobuchar</cosponsor>, and <cosponsor name-id="S398">Mr. Cramer</cosponsor>) introduced the following bill; which was read twice and referred to the <committee-name committee-id="SSEV00">Committee on Environment and Public Works</committee-name></action-desc></action><legis-type>A BILL</legis-type><official-title>To amend the Public Works and Economic Development Act of 1965 to authorize the Secretary of Commerce to make grants for travel promotion, and for other purposes. </official-title></form><legis-body style="OLC" display-enacting-clause="yes-display-enacting-clause" id="HCD4F5B44A7484463BF1CFB1E7B047962"><section section-type="section-one" id="H82367C0971B74C8C81339BC2002201AA"><enum>1.</enum><header>Grants for economic adjustment</header><subsection id="HCC7CBE72754D4DEF89C033A41F4A6063"><enum>(a)</enum><header>In general</header><text display-inline="yes-display-inline">Section 209 of the Public Works and Economic Development Act of 1965 (<external-xref legal-doc="usc" parsable-cite="usc/42/3149">42 U.S.C. 3149</external-xref>) is amended—</text><paragraph id="H350D0E5480D748C2BC0BCBA9F36A875C"><enum>(1)</enum><text>in subsection (a), by inserting <quote>travel promotion (including funding for tourism marketing, marketing research, purchasing advertisements, and attracting business meetings or convention travel),</quote> after <quote>technical assistance, training,</quote>; and</text></paragraph><paragraph id="HC15BDE58231441789D4383B40BD0A373"><enum>(2)</enum><text>in subsection (b)(2), by inserting <quote>and travel promotion</quote> after <quote>planning projects</quote>. </text></paragraph></subsection><subsection id="H154B6056B7224B1EB8794B6ED13808DF"><enum>(b)</enum><header>Cost sharing</header><text>Section 204(c) of the Public Works and Economic Development Act of 1965 (<external-xref legal-doc="usc" parsable-cite="usc/42/3144">42 U.S.C. 3144(c)</external-xref>) is amended by adding at the end the following: </text><quoted-block style="OLC" display-inline="no-display-inline" id="H1CE2EB3D629F4F1BACC1FD4CE8BCE7AC"><paragraph id="H6340686D439446098AD3884BDDB801CF"><enum>(4)</enum><header>Special rule for travel promotion</header><text display-inline="yes-display-inline">In the case of a grant for travel promotion under section 209(a), the Secretary may increase the Federal share above the percentage specified in subsection (a) up to 100 percent of the cost of the project.</text></paragraph><after-quoted-block>.</after-quoted-block></quoted-block></subsection><subsection id="idD0D4965513BB4D259B91A11605865C1B"><enum>(c)</enum><header>Grant amount</header><text>Notwithstanding any other provision of law, a grant made with amounts made available under subsection (e) may be in an amount that is not more than 75 percent of the difference in revenue of the eligible entity from 2019 to 2020. </text></subsection><subsection id="idD10800E06CC647DEB4A038493DFCF66B"><enum>(d)</enum><header>Waiver</header><text>Section 209(b)(2) and section 302 of the Public Works and Economic Development Act of 1965 (<external-xref legal-doc="usc" parsable-cite="usc/42/3149">42 U.S.C. 3149(b)(2)</external-xref>, 3162) shall not apply to a grant made with amounts made available under subsection (e). </text></subsection><subsection id="HB16020110F464C78B752BBD0C0534838"><enum>(e)</enum><header>Authorization of appropriations</header><text display-inline="yes-display-inline">There is authorized to be appropriated $2,250,000,000 to make grants under section 209(a) of the Public Works and Economic Development Act of 1965 (<external-xref legal-doc="usc" parsable-cite="usc/42/3149">42 U.S.C. 3149(a)</external-xref>) to eligible entities for costs associated with tourism marketing and promotion activities necessary to promote safe and healthy travel practices and economic recovery in communities impacted by a decline in travel and tourism as a result of the Coronavirus Disease 2019 (COVID–19), including— </text><paragraph id="idfcf9a9154be34d95aee085b2692db934"><enum>(1)</enum><text>to pay costs associated with tourism marketing and promotion activities, including marketing research, necessary to assist with declines in visitation and the economic recovery from lost revenue as a result of COVID–19, including to purchase media advertisements on print, broadcast, or digital media for the purpose of marketing, public awareness, or information campaigns relating to local tourism;</text></paragraph><paragraph id="id0bee425446e74e81bce0e25dafc8f59f"><enum>(2)</enum><text>to pay costs associated with providing information to visitors about the health and safety protections, guidance, or requirements of Federal, State, or local governments and businesses to reduce the spread of COVID–19;</text></paragraph><paragraph id="id41ddda8ecea94cae89f12143169a9f59"><enum>(3)</enum><text>to pay the increased costs of cleaning and sanitation, including physical modifications to a convention center, large event space, or community attraction associated with precautions to provide for safe worker, traveler, or event environments; or</text></paragraph><paragraph id="id6e5d15ff9fd74353a5c6354e4035dec5"><enum>(4)</enum><text>to pay the costs of salaries and expenses associated with the operations of the eligible entity, other than salaries and expenses of the executives of the eligible entity. </text></paragraph></subsection></section></legis-body></bill> 

