<?xml version="1.0"?>
<?xml-stylesheet type="text/xsl" href="billres.xsl"?>
<!DOCTYPE bill PUBLIC "-//US Congress//DTDs/bill.dtd//EN" "bill.dtd">
<bill bill-stage="Introduced-in-Senate" dms-id="A1" public-private="public" slc-id="S1-SIL21082-W7S-45-VRM"><metadata xmlns:dc="http://purl.org/dc/elements/1.1/">
<dublinCore>
<dc:title>117 S75 IS: Protecting Individuals with Down Syndrome Act</dc:title>
<dc:publisher>U.S. Senate</dc:publisher>
<dc:date>2021-01-28</dc:date>
<dc:format>text/xml</dc:format>
<dc:language>EN</dc:language>
<dc:rights>Pursuant to Title 17 Section 105 of the United States Code, this file is not subject to copyright protection and is in the public domain.</dc:rights>
</dublinCore>
</metadata>
<form>
<distribution-code display="yes">II</distribution-code><congress>117th CONGRESS</congress><session>1st Session</session><legis-num>S. 75</legis-num><current-chamber>IN THE SENATE OF THE UNITED STATES</current-chamber><action><action-date date="20210128">January 28, 2021</action-date><action-desc><sponsor name-id="S236">Mr. Inhofe</sponsor> (for himself, <cosponsor name-id="S375">Mr. Daines</cosponsor>, <cosponsor name-id="S378">Mr. Lankford</cosponsor>, <cosponsor name-id="S303">Mr. Thune</cosponsor>, <cosponsor name-id="S396">Mrs. Blackburn</cosponsor>, <cosponsor name-id="S317">Mr. Barrasso</cosponsor>, <cosponsor name-id="S374">Mr. Cotton</cosponsor>, <cosponsor name-id="S323">Mr. Risch</cosponsor>, <cosponsor name-id="S411">Mr. Marshall</cosponsor>, <cosponsor name-id="S398">Mr. Cramer</cosponsor>, <cosponsor name-id="S395">Mrs. Hyde-Smith</cosponsor>, <cosponsor name-id="S343">Mr. Boozman</cosponsor>, <cosponsor name-id="S410">Ms. Lummis</cosponsor>, <cosponsor name-id="S399">Mr. Hawley</cosponsor>, <cosponsor name-id="S381">Mr. Rounds</cosponsor>, <cosponsor name-id="S376">Ms. Ernst</cosponsor>, <cosponsor name-id="S382">Mr. Sasse</cosponsor>, <cosponsor name-id="S344">Mr. Hoeven</cosponsor>, <cosponsor name-id="S355">Mr. Cruz</cosponsor>, <cosponsor name-id="S404">Mr. Scott of Florida</cosponsor>, <cosponsor name-id="S397">Mr. Braun</cosponsor>, <cosponsor name-id="S350">Mr. Rubio</cosponsor>, and <cosponsor name-id="S365">Mr. Scott of South Carolina</cosponsor>) introduced the following bill; which was read twice and referred to the <committee-name committee-id="SSJU00">Committee on the Judiciary</committee-name></action-desc></action><legis-type>A BILL</legis-type><official-title>To amend title 18, United States Code, to prohibit discrimination by abortion against an unborn child on the basis of Down syndrome.</official-title></form><legis-body display-enacting-clause="yes-display-enacting-clause"><section section-type="section-one" id="S1"><enum>1.</enum><header>Short title</header><text display-inline="no-display-inline">This Act may be cited as the <quote><short-title>Protecting Individuals with Down Syndrome Act</short-title></quote>.</text></section><section id="id3f12cc8c76024a3182c616aa57584315"><enum>2.</enum><header>Discrimination by abortion against an unborn child on the basis of Down syndrome prohibited</header><subsection id="ida882906817d84e86850d17b81f3a9273"><enum>(a)</enum><header>In general</header><text><external-xref legal-doc="usc-chapter" parsable-cite="usc-chapter/18/13">Chapter 13</external-xref> of title 18, United States Code, is amended by adding at the end the following:</text><quoted-block style="USC" display-inline="no-display-inline" id="id78a3e7f41416409f8d06136f9a416eb8"><section id="id0b9c495849cb47088d7e8276c5207e42"><enum>250.</enum><header>Discrimination by abortion against an unborn child on the basis of Down syndrome prohibited</header><subsection id="id1284cf10c20d41668a6c10ec03de05ee"><enum>(a)</enum><header>Definitions</header><text>In this section:</text><paragraph id="id2c8128299a8c4670bb1a5d692e1f927e"><enum>(1)</enum><header>Abortion</header><text>The term <term>abortion</term> means the act of using or prescribing any instrument, medicine, drug, or any other substance, device, or means with the intent to—</text><subparagraph id="idd19af260b3224c1fb35b494b253ee8cb"><enum>(A)</enum><text>kill the unborn child of a woman known to be pregnant; or</text></subparagraph><subparagraph id="id7a60e3b04d0f44ebb05feb8b91cfbef9"><enum>(B)</enum><text>terminate the pregnancy of a woman known to be pregnant, with an intention other than—</text><clause id="id23766d6b9af441edaa12179c24597e1c"><enum>(i)</enum><text>to produce a live birth and preserve the life and health of the child born alive;</text></clause><clause id="id80913D5323DC43C48DC295FCEDC04B3F"><enum>(ii)</enum><text>to save the life of the pregnant woman; or</text></clause><clause id="id1997abb68f5b4ecdaffa6f7aaacfe6d0"><enum>(iii)</enum><text>to remove a dead unborn child.</text></clause></subparagraph></paragraph><paragraph id="idCCEE52B280244FA486D211E04975E464"><enum>(2)</enum><header>Down syndrome</header><text>The term <term>Down syndrome</term> means a chromosomal disorder associated with—</text><subparagraph id="id37075c74083148bf82a924365d0cf443"><enum>(A)</enum><text>an extra copy of the chromosome 21, in whole or in part; or</text></subparagraph><subparagraph id="id4d8520b260584c1cb51fecff83375cd7"><enum>(B)</enum><text>an effective trisomy for chromosome 21.</text></subparagraph></paragraph><paragraph id="id3F88BE904D914F74BFBCC1F1F7D8D02D"><enum>(3)</enum><header>Qualified plaintiff</header><text>The term <term>qualified plaintiff</term> means—</text><subparagraph id="id8bc1acaa8fc04b5db6cc04417f8d9f15"><enum>(A)</enum><text>a woman upon whom an abortion is performed or attempted in violation of this section;</text></subparagraph><subparagraph id="id30484861440441f7b063bcd23f1cffd3"><enum>(B)</enum><text>a maternal grandparent of the unborn child if the woman upon whom an abortion is performed or attempted in violation of this section is an unemancipated minor;</text></subparagraph><subparagraph id="id27f34acbd03341a08b8b479334a3e833"><enum>(C)</enum><text>the father of an unborn child who is the subject of an abortion performed or attempted in violation of this section unless the pregnancy or abortion resulted from the criminal conduct of the father; or</text></subparagraph><subparagraph id="idb762582f7dec4eafa9c060f379c6ec5f"><enum>(D)</enum><text>the Attorney General.</text></subparagraph></paragraph><paragraph id="id397cff51e720486b83ba7771a0997a44"><enum>(4)</enum><header>Unborn child</header><text>The term <term>unborn child</term> means an individual of the species homo sapiens from the beginning of the biological development of that individual, including fertilization, until the point of being born alive, as defined in section 8(b) of title 1.</text></paragraph></subsection><subsection id="id91cdea672f9946a492b5ca9f8ade2065"><enum>(b)</enum><header>Offense</header><text>It shall be unlawful to—</text><paragraph id="id0bde924274e94a9c9f07e1e05e2d793f"><enum>(1)</enum><text>perform an abortion—</text><subparagraph id="idbbe5f5c796f94b9e8db4b48c62b26008"><enum>(A)</enum><text>with the knowledge that a pregnant woman is seeking an abortion, in whole or in part, on the basis of—</text><clause id="id3f2f1bc7d3614e2e9d9cb27485b4c4bd"><enum>(i)</enum><text>a test result indicating that the unborn child has Down syndrome;</text></clause><clause id="id984ec4c7c9dd496697d8788a97e6a3f8"><enum>(ii)</enum><text>a prenatal diagnosis that the unborn child has Down syndrome; or</text></clause><clause id="idf598d71858844a97b5a739008622857b"><enum>(iii)</enum><text>any other reason to believe that the unborn child has or may have Down syndrome; or</text></clause></subparagraph><subparagraph id="id106ee5b738564804b4cbd1e512a3df1b"><enum>(B)</enum><text>without first—</text><clause id="id920eacd7e12b41d79cbbc765ef788806"><enum>(i)</enum><text>asking the pregnant woman if she is aware of any test results, prenatal diagnosis, or any other evidence that the unborn child has or may have Down syndrome; and</text></clause><clause id="id3f0fd61b59264a20a97aa374072360e7"><enum>(ii)</enum><text>if the woman is aware that the unborn child has or may have Down syndrome, informing the pregnant woman of the prohibitions on abortion under this section;</text></clause></subparagraph></paragraph><paragraph id="idf138ce64b3a7477bab85e1ef0f26ab6d"><enum>(2)</enum><text>use force or the threat of force to intentionally injure or intimidate any person for the purpose of coercing an abortion described in paragraph (1)(A);</text></paragraph><paragraph id="idbab2ed63695246ac8bbfdeed5895d3bc"><enum>(3)</enum><text>solicit or accept funds for the performance of an abortion described in paragraph (1)(A); or</text></paragraph><paragraph id="iddb8dc596ca1b4800b275048e2865a595"><enum>(4)</enum><text>knowingly transport a woman into the United States or across a State line for the purpose of obtaining an abortion described in paragraph (1)(A).</text></paragraph></subsection><subsection id="id0BE163E0AE494EB7BEF75F59BAE5C656"><enum>(c)</enum><header>Criminal penalty</header><text>Any person that violates, or attempts to violate, subsection (b) shall be fined under this title, imprisoned not more than 5 years, or both.</text></subsection><subsection id="idce3e5cf116814b9d98a922e40a66fbca"><enum>(d)</enum><header>Civil remedies</header><paragraph id="id59aac4fbed2e4354bb01b54a73c48aa7"><enum>(1)</enum><header>Civil action by woman on whom abortion is performed</header><text>A woman upon whom an abortion has been performed or attempted in violation of subsection (b)(2) may bring a civil action in an appropriate court against any person who engaged in a violation of subsection (b)(2) to obtain appropriate relief.</text></paragraph><paragraph id="id5bf1dc178b934624ba5ad3a753097b12"><enum>(2)</enum><header>Civil action by relatives</header><subparagraph id="idACC50EBEFC1143039275FE8AA2D70BEC"><enum>(A)</enum><header>In general</header><text>Except as provided in subparagraph (B), the father of an unborn child who is the subject of an abortion performed or attempted in violation of subsection (b), or a maternal grandparent of the unborn child if the pregnant woman is an unemancipated minor, may bring a civil action in an appropriate court against any person who engaged in the violation to obtain appropriate relief.</text></subparagraph><subparagraph id="idA7411CBBC8F84960AFB64B5566E261A2"><enum>(B)</enum><header>Exceptions</header><text>Subparagraph (A) shall not apply if—</text><clause id="id1D9550B91CF94B3EB12EEBC639BF48AF"><enum>(i)</enum><text>the pregnancy or abortion resulted from the criminal conduct of the plaintiff described in subparagraph (A); or</text></clause><clause id="id77678523B85D487498F237B4D8821DBF"><enum>(ii)</enum><text>the plaintiff described in subparagraph (A) consented to the abortion.</text></clause></subparagraph></paragraph><paragraph id="idb59e62c7654c4589ac19c4307e085ef4"><enum>(3)</enum><header>Appropriate relief</header><text>Appropriate relief in a civil action under this subsection includes—</text><subparagraph id="id93e2df7d1b394a5db675793fa37f1ee6"><enum>(A)</enum><text>objectively verifiable money damages for all injuries, psychological and physical, including loss of companionship and support, occasioned by the violation of this section; and</text></subparagraph><subparagraph id="idace9a885a5364ce490ae851c6aacacce"><enum>(B)</enum><text>punitive damages.</text></subparagraph></paragraph><paragraph id="idd79c7a6064614f2da7c6855f6eb5d02e"><enum>(4)</enum><header>Injunctive relief</header><text>A qualified plaintiff may bring a civil action in an appropriate court to obtain injunctive relief to prevent an abortion provider from performing or attempting further abortions in violation of this section.</text></paragraph><paragraph id="id450ac2f53e454efaa52046456fb12bbc"><enum>(5)</enum><header>Attorney’s fees for plaintiff</header><text>The court shall award a reasonable attorney’s fee as part of the costs to a prevailing plaintiff in a civil action under this subsection.</text></paragraph></subsection><subsection id="idf3184028f98f4a2e808960d6e9b03c5c"><enum>(e)</enum><header>Bar to prosecution</header><text>A woman upon whom an abortion is performed may not be prosecuted or held civilly liable for any violation of this section or for a conspiracy to violate this section.</text></subsection><subsection id="ida33af709042646b99c11235c76a80d39"><enum>(f)</enum><header>Loss of Federal funding</header><text>A violation of subsection (b) shall be deemed discrimination for the purposes of section 504 of the Rehabilitation Act of 1973 (<external-xref legal-doc="usc" parsable-cite="usc/29/794">29 U.S.C. 794</external-xref>).</text></subsection><subsection id="id52bd065141bd4d4a9647a238e7b5baaa"><enum>(g)</enum><header>Reporting requirement</header><paragraph id="id0651DC4655454221973FCF6C17790058"><enum>(1)</enum><header>In general</header><text>A physician, physician’s assistant, nurse, counselor, or other medical or mental health professional shall report known or suspected violations of any of this section to appropriate law enforcement authorities.</text></paragraph><paragraph id="id070398D0ABB6476BB22556DBD76D21EA"><enum>(2)</enum><header>Criminal penalty</header><text>Any person who violates paragraph (1) shall be fined under this title, imprisoned not more than 1 year, or both.</text></paragraph></subsection><subsection id="id3051e1106d25432886796c3b77f75886"><enum>(h)</enum><header>Expedited consideration</header><text>It shall be the duty of the district courts of the United States, the courts of appeals of the United States, and the Supreme Court of the United States to advance on the docket and to expedite to the greatest possible extent the disposition of any matter brought under this section.</text></subsection><subsection id="idb1f706e62e8c49f9bb7c2dd9d34999b4"><enum>(i)</enum><header>Protection of privacy in court proceedings</header><paragraph id="id76f518ed73b24caeb616e595a2a016b2"><enum>(1)</enum><header>In general</header><text>Except to the extent the Constitution of the United States or other similarly compelling reason requires, in every civil or criminal action under this section, the court shall make such orders as are necessary to protect the anonymity of any woman upon whom an abortion has been performed or attempted if she does not give her written consent to such disclosure. Such orders may be made upon motion, but shall be made sua sponte if not otherwise sought by a party.</text></paragraph><paragraph id="id0b2f7904f6c243a7b9f60d8c854d8ac5"><enum>(2)</enum><header>Orders to parties, witnesses, and counsel</header><text>The court shall issue appropriate orders to the parties, witnesses, and counsel and shall direct the sealing of the record and exclusion of individuals from courtrooms or hearing rooms to the extent necessary to safeguard the identity of a woman described in paragraph (1) from public disclosure.</text></paragraph><paragraph id="id32b4a33bd2174be097d62e3e9cdef14e"><enum>(3)</enum><header>Pseudonym required</header><text>In the absence of written consent of the woman upon whom an abortion has been performed or attempted, any party, other than a public official, who brings an action under this section shall do so under a pseudonym.</text></paragraph><paragraph id="idd7ee84eb4e244c58a21c937700a06c34"><enum>(4)</enum><header>Limitation</header><text>This subsection may not be construed to conceal the identity of the plaintiff or of witnesses from the defendant or from attorneys for the defendant.</text></paragraph></subsection></section><after-quoted-block>.</after-quoted-block></quoted-block></subsection><subsection id="id1e8e8b999bfb4097ac748352fb8a0444"><enum>(b)</enum><header>Clerical amendment</header><text>The table of sections of <external-xref legal-doc="usc-chapter" parsable-cite="usc-chapter/18/13">chapter 13</external-xref> of title 18, United States Code, is amended by adding at the end the following:</text><quoted-block style="OLC" display-inline="no-display-inline" id="id51A72235E19040B6A6AD72A6708D57B0"><toc><toc-entry bold="off" level="section">250. Discrimination by abortion against an unborn child on the basis of Down syndrome prohibited.</toc-entry></toc><after-quoted-block>.</after-quoted-block></quoted-block></subsection></section><section id="id95ebe560511e4915a7e887067bbc214a"><enum>3.</enum><header>Severability</header><text display-inline="no-display-inline">If any portion of this Act, or the amendments made by this Act, or the application thereof to any person or circumstance is held invalid, such invalidity shall not affect the portions or applications of this Act which can be given effect without the invalid portion or application.</text></section></legis-body></bill>


